{
    "x_ij_mccormick": [
        0.0,
        0.0,
        0.0,
        0.0,
        0.47738537462894026,
        0.0,
        1.7068911918274898,
        0.0,
        0.0,
        0.0,
        0.0,
        0.0,
        0.0,
        0.0,
        0.0,
        0.0,
        0.0,
        0.0,
        0.0,
        0.0,
        0.0,
        0.0,
        0.0,
        0.0,
        0.0,
        0.0,
        0.0,
        2.0,
        0.0,
        0.0,
        0.0,
        0.0,
        0.0,
        0.0,
        0.0,
        0.0,
        0.0,
        0.0,
        0.0,
        0.0,
        0.0,
        0.0,
        0.0,
        0.7757599623134575,
        0.0,
        0.0,
        0.0,
        0.0,
        0.0,
        0.0,
        0.0,
        0.0,
        0.0,
        0.0,
        0.0,
        0.49127134401107764,
        0.0,
        1.2250703116436017,
        0.0,
        1.8817846771884403,
        0.0,
        0.0,
        0.0,
        0.0,
        6.0,
        0.0,
        0.0,
        0.0,
        0.0,
        0.7357365494020405,
        0.0,
        0.0,
        0.0,
        0.0,
        0.0,
        0.0,
        0.0,
        0.9323185266380491,
        0.0,
        0.0,
        0.0,
        0.0,
        0.0,
        0.0,
        0.0,
        0.0,
        0.0,
        0.0,
        0.0,
        1.5387827583112483,
        0.0,
        0.0,
        0.0,
        0.0,
        0.0,
        0.0,
        0.0,
        0.5884750431520769,
        0.0,
        0.12807466584075933,
        0.0,
        0.0,
        0.0,
        0.0,
        0.0,
        0.0,
        0.0,
        0.0,
        0.0,
        0.0,
        0.0,
        0.0,
        0.0,
        5.390914897759335,
        0.0,
        0.0
    ],
    "x_il_mccormick": [
        0.0,
        0.8051629761529885,
        0.0,
        2.0155882754085006,
        4.685457279375294,
        0.4879458320195217,
        0.0,
        0.0,
        1.0885696945409506,
        0.8852704436809835,
        0.0,
        3.0,
        0.0,
        0.0,
        3.0,
        0.0,
        0.0,
        0.0,
        5.0,
        0.0,
        0.5561139015717347,
        0.0,
        3.0,
        1.0433954981956826,
        1.9566045018043174,
        0.0,
        3.0,
        0.0,
        2.5087286559889224,
        0.2642634505979596,
        1.5106662377584388,
        0.0,
        0.0,
        0.0,
        0.0,
        0.0,
        0.0,
        0.0,
        0.6090851022406651,
        0.25614933168151893,
        0.0,
        0.0,
        3.0,
        0.0,
        0.0,
        1.8548735464751804,
        0.0,
        2.986350576830337,
        0.0,
        0.0,
        0.0,
        0.0,
        0.0,
        0.0,
        2.8088753393051995,
        0.0,
        0.0,
        0.0,
        0.0,
        0.0,
        0.0,
        0.0,
        0.0,
        0.0,
        0.11821532281155975,
        0.0,
        0.0,
        1.9548258036547308,
        0.6542592985859343,
        0.0,
        6.975402673273925
    ],
    "x_lj_mccormick": [
        1.5226146253710597,
        4.837012045425143,
        0.0,
        0.8719253341592407,
        0.2931088081725101,
        1.0,
        0.0,
        0.0,
        2.0,
        0.41152495684792306,
        0.4893337622415612,
        1.4912713440110776,
        1.0,
        0.5087286559889224,
        2.0,
        0.0,
        0.0,
        0.0,
        0.5087286559889224,
        0.0,
        0.0,
        2.0,
        0.8982690446708628,
        0.11821532281155975,
        0.2642634505979596,
        0.0,
        4.774929688356398,
        3.2114208884739393,
        0.0,
        0.01364942316966295,
        2.0,
        0.986350576830337,
        0.0,
        2.0,
        6.0,
        0.0,
        2.0,
        1.0,
        0.0,
        0.0,
        1.0676814733619509,
        2.297307767514983,
        0.0,
        1.2242400376865425,
        3.4612172416887517,
        0.6542592985859343,
        2.0,
        0.0,
        0.0,
        1.0,
        1.5106662377584388,
        0.6090851022406651,
        0.0
    ],
    "q_mccormick": [
        0.0,
        0.8051629761529885,
        0.0,
        0.6718627584695003,
        0.890956783569011,
        0.19483702384701151,
        0.0,
        0.0,
        0.13607121181761883,
        0.3281372415304997,
        0.0,
        1.0,
        0.0,
        0.0,
        0.375,
        0.0,
        0.0,
        0.0,
        0.625,
        0.0,
        0.4661592633190246,
        0.0,
        1.0,
        0.3817088178416066,
        0.2445755627255397,
        0.0,
        0.375,
        0.0,
        1.0,
        0.9408923385942202,
        0.8984858162932224,
        0.0,
        0.0,
        0.0,
        0.0,
        0.0,
        0.0,
        0.0,
        0.10151418370677752,
        0.12807466584075947,
        0.0,
        0.0,
        1.0,
        0.0,
        0.0,
        0.6182911821583934,
        0.0,
        1.0,
        0.0,
        0.0,
        0.0,
        0.0,
        0.0,
        0.0,
        0.5338407366809754,
        0.0,
        0.0,
        0.0,
        0.0,
        0.0,
        0.0,
        0.0,
        0.0,
        0.0,
        0.05910766140577983,
        0.0,
        0.0,
        0.24435322545684146,
        0.10904321643098906,
        0.0,
        0.8719253341592407
    ],