{
    "x_ij_mccormick": [
        0.0,
        0.0,
        0.4714655607489187,
        0.0,
        0.7079168055470588,
        0.0,
        1.9158879671575246,
        0.0,
        0.0,
        0.0,
        0.0,
        0.0,
        0.0,
        0.0,
        0.0,
        0.0,
        0.0,
        0.0,
        0.0,
        0.0,
        0.0,
        0.0,
        0.0,
        0.0,
        0.02440208189566251,
        0.0,
        0.0,
        2.0,
        0.0,
        0.0,
        0.0,
        0.0,
        0.0,
        0.0,
        0.0,
        0.0,
        0.0,
        0.0,
        0.0,
        0.0,
        0.0,
        0.0,
        0.0,
        0.7198508095888488,
        0.0,
        0.0,
        0.0,
        0.0,
        0.0,
        0.0,
        0.0,
        0.0,
        0.0,
        0.0,
        0.0,
        0.4460257782065846,
        0.0,
        0.5018450684983273,
        0.05029022862047612,
        0.4305394814777719,
        0.0,
        0.0,
        0.0,
        0.0,
        6.0,
        0.0,
        0.0,
        0.0,
        0.0,
        0.7898995925035941,
        0.0,
        0.0,
        0.0,
        0.0,
        0.0,
        0.0,
        0.0,
        0.5705778462434954,
        0.0,
        0.0,
        0.0,
        0.0,
        0.0,
        0.0,
        0.0,
        0.0,
        0.0,
        0.0,
        0.0,
        0.0,
        0.0,
        0.0,
        0.0,
        0.0,
        0.0,
        0.0,
        0.0,
        0.7929108109306948,
        0.0,
        0.1975774117844733,
        0.0,
        0.0,
        0.0,
        0.0,
        0.0,
        0.0,
        0.0,
        0.0,
        0.0,
        0.0,
        0.0,
        0.0,
        0.0,
        5.142213736949756,
        0.0,
        0.0
    ],
    "x_il_mccormick": [
        0.0,
        0.33604890233027773,
        0.0,
        2.1218580749207248,
        2.2347345186489296,
        0.12616804926371294,
        0.0,
        0.0,
        0.0,
        0.7925171391221552,
        0.0,
        3.0,
        0.0,
        0.0,
        2.896685213992635,
        0.0,
        0.0,
        0.0,
        5.403593104120889,
        0.0,
        0.0,
        0.6218950812484846,
        3.0,
        0.7544714770428781,
        2.245528522957122,
        0.0,
        2.596406895879111,
        0.0,
        2.5539742217934154,
        1.1795528097504342,
        1.2683118931307624,
        0.0,
        0.0,
        0.0,
        0.0,
        0.0,
        0.0,
        0.0,
        0.8577862630502442,
        0.3951548235689467,
        0.0,
        0.0,
        3.0,
        0.0,
        0.0,
        2.1871454345435164,
        0.0,
        2.9497097713795237,
        0.0,
        0.0,
        0.0,
        0.0,
        0.0,
        0.0,
        4.481551307051593,
        0.0,
        0.0,
        4.299945142595195,
        0.0,
        0.0,
        0.0,
        0.0,
        0.0,
        0.0,
        0.6000081162681997,
        0.0,
        0.0,
        2.8577862630502437,
        0.0,
        0.0,
        6.419380705724214
    ],
    "x_lj_mccormick": [
        1.2920831944529412,
        4.720029746624692,
        0.0,
        0.8024225882155267,
        0.0841120328424753,
        1.0,
        0.0,
        0.0,
        1.9755979181043375,
        0.20708918906930518,
        0.7316881068692376,
        1.4460257782065846,
        1.0,
        0.5539742217934154,
        2.0,
        0.0,
        0.0,
        0.0,
        0.5539742217934154,
        0.0,
        0.0,
        2.0,
        0.9416169115863944,
        1.5694605185222281,
        0.2101004074964059,
        0.0,
        5.498154931501673,
        2.5018450684983273,
        0.0,
        0.0,
        2.0,
        0.9497097713795238,
        0.0,
        2.0,
        6.0,
        0.0,
        2.0,
        1.0,
        0.0,
        0.0,
        1.4294221537565046,
        3.052129153295088,
        0.0,
        0.8086836296622324,
        5.0,
        0.7259960315818925,
        2.0,
        0.0,
        0.0,
        1.0,
        1.2683118931307624,
        0.8577862630502442,
        0.0
    ],
    "q_mccormick": [
        0.0,
        0.33604890233027773,
        0.0,
        0.7072860249735751,
        0.4043418148311162,
        0.04205601642123765,
        0.0,
        0.0,
        0.0,
        0.292713975026425,
        0.0,
        1.0,
        0.0,
        0.0,
        0.36208565174907936,
        0.0,
        0.0,
        0.0,
        0.6754491380151111,
        0.0,
        0.2852889231217477,
        0.6218950812484846,
        1.0,
        0.2709515218188279,
        0.2806910653696402,
        0.0,
        0.32455086198488886,
        0.0,
        1.0,
        0.6999959418659001,
        0.8570356228249593,
        0.0,
        0.0,
        0.0,
        0.0,
        0.0,
        0.0,
        0.0,
        0.1429643771750407,
        0.19757741178447336,
        0.0,
        0.0,
        1.0,
        0.0,
        0.0,
        0.7290484781811721,
        0.0,
        1.0,
        0.0,
        0.0,
        0.0,
        0.0,
        0.0,
        0.0,
        0.7147110768782523,
        0.0,
        0.0,
        0.5956581851688838,
        0.0,
        0.0,
        0.0,
        0.0,
        0.0,
        0.0,
        0.30000405813409986,
        0.0,
        0.0,
        0.35722328288128047,
        0.0,
        0.0,
        0.8024225882155267
    ],