{
    "x_ij_mccormick": [
        0.0,
        0.0,
        0.40623199061715987,
        0.0,
        0.0,
        0.0,
        1.322159985594146,
        0.0,
        0.0,
        0.0,
        0.0,
        0.0,
        0.0,
        0.0,
        0.0,
        0.0,
        0.0,
        0.0,
        0.0,
        0.0,
        0.0,
        0.0,
        0.0,
        0.0,
        0.06330141734731409,
        0.0,
        0.0,
        2.0,
        0.0,
        0.0,
        0.0,
        0.0,
        0.0,
        0.0,
        0.0,
        0.0,
        0.0,
        0.0,
        0.0,
        0.0,
        0.0,
        0.0,
        0.0,
        0.821565389817884,
        0.0,
        0.0,
        0.0,
        0.0,
        0.0,
        0.0,
        0.0,
        0.0,
        0.0,
        0.0,
        0.0,
        0.482437797798247,
        0.0,
        0.11413739117762756,
        0.1065194277571301,
        0.0,
        0.0,
        0.0,
        0.0,
        0.0,
        6.0,
        0.0,
        0.0,
        0.0,
        0.0,
        0.798592738824754,
        0.0,
        0.0,
        0.0,
        0.0,
        0.0,
        0.0,
        0.0,
        0.7298723164987968,
        0.0,
        0.0,
        0.0,
        0.0,
        0.0,
        0.0,
        0.0,
        0.0,
        0.0,
        0.07095875661216478,
        0.0,
        0.0,
        0.0,
        0.0,
        0.0,
        0.0,
        0.0,
        0.0,
        0.0,
        0.8436897740399227,
        0.0,
        0.0,
        0.0,
        0.0,
        0.0,
        0.0,
        0.0,
        0.0,
        0.0,
        0.0,
        0.0,
        0.0,
        0.0,
        0.0,
        0.0,
        4.798618050805888,
        0.0,
        0.0
    ],
    "x_il_mccormick": [
        0.0,
        0.0,
        0.0,
        2.299642233293203,
        2.3829828741076478,
        1.184969531433583,
        0.0,
        0.0,
        0.0,
        0.4062084269003557,
        0.0,
        3.0,
        0.0,
        0.0,
        2.945890148709121,
        0.0,
        0.0,
        0.0,
        7.178434610182116,
        0.0,
        0.7555390793088335,
        0.492870482972271,
        3.0,
        0.9467822311155726,
        2.0532177688844273,
        0.0,
        0.8215653898178843,
        0.0,
        2.517562202201753,
        1.3825021982263546,
        1.1798340059746346,
        0.21700697686425308,
        0.0,
        0.0,
        0.0,
        0.0,
        0.0,
        0.0,
        1.085179687017299,
        0.30003495002746483,
        0.0,
        0.0,
        2.929041243387835,
        0.0,
        0.0,
        1.9531161844198912,
        0.0,
        2.985475748370475,
        0.0,
        0.0,
        0.0,
        0.0,
        0.0,
        0.0,
        3.9743483611700654,
        0.0,
        0.0,
        4.514937580596717,
        0.0,
        0.0,
        0.0,
        0.0,
        0.0,
        0.014524251629524976,
        0.8189050629488914,
        0.0,
        0.0,
        3.0008920824064513,
        0.20048986678766087,
        0.0,
        6.7998601998901425
    ],
    "x_lj_mccormick": [
        2.0,
        4.24991262493134,
        0.0,
        0.8499825249862675,
        0.677840014405854,
        1.0,
        0.0,
        0.0,
        1.936698582652686,
        0.15631022596007724,
        0.8298488284450487,
        1.4824377977982468,
        1.0,
        0.5175622022017532,
        2.0,
        0.0,
        0.0,
        0.0,
        0.5175622022017532,
        0.0,
        0.0,
        2.0,
        0.8998984155354637,
        2.0,
        0.20140726117524602,
        0.0,
        5.885862608822372,
        2.1141373911776276,
        0.0,
        0.0,
        1.9903171655803167,
        0.8934805722428699,
        0.11620226217681351,
        2.0,
        6.0,
        0.0,
        1.9290412433878352,
        1.0,
        0.0,
        0.0,
        1.2701276835012032,
        3.4034248110241254,
        0.05633494595357047,
        0.7722026195649563,
        5.093682529060162,
        1.2325251728669073,
        1.9436650540464295,
        0.15001747501373253,
        0.0,
        0.9063174709398379,
        1.1701511715549513,
        1.085179687017299,
        0.009682834419683317
    ],
    "q_mccormick": [
        0.0,
        0.0,
        0.0,
        0.7665474110977343,
        0.38610130978247814,
        0.507129517027729,
        0.0,
        0.0,
        0.0,
        0.1354028089667852,
        0.0,
        1.0,
        0.0,
        0.0,
        0.3682362685886401,
        0.0,
        0.0,
        0.0,
        0.8973043262727645,
        0.0,
        0.3649361582493984,
        0.492870482972271,
        1.0,
        0.3489612718600363,
        0.2566522211105534,
        0.0,
        0.10269567372723554,
        0.0,
        1.0,
        0.5905474685255543,
        0.8191367188304501,
        0.09804977993548047,
        0.0,
        0.0,
        0.0,
        0.0,
        0.0,
        0.0,
        0.18086328116954983,
        0.15001747501373242,
        0.0,
        0.0,
        1.0,
        0.0,
        0.0,
        0.6510387281399637,
        0.0,
        0.9951585827901583,
        0.0,
        0.0,
        0.0,
        0.0,
        0.0,
        0.0,
        0.6350638417506016,
        0.0,
        0.0,
        0.5804837124195784,
        0.0,
        0.0,
        0.0,
        0.0,
        0.0,
        0.004841417209841659,
        0.4094525314744457,
        0.0,
        0.0,
        0.37511151030080647,
        0.03341497779794348,
        0.0,
        0.8499825249862676
    ],