{
    "x_ij_mccormick": [
        0.0,
        0.0,
        0.0,
        0.0,
        0.6144356670625812,
        0.0,
        1.7428935298232258,
        0.0,
        0.0,
        0.0,
        0.0,
        0.0,
        0.0,
        0.0,
        0.0,
        0.0,
        0.0,
        0.0,
        0.0,
        0.0,
        0.0,
        0.0,
        0.0,
        0.0,
        0.05816905689353513,
        0.0,
        0.0,
        2.0,
        0.0,
        0.0,
        0.0,
        0.0,
        0.0,
        0.0,
        0.0,
        0.0,
        0.0,
        0.0,
        0.0,
        0.0,
        0.0,
        0.0,
        0.0,
        0.0,
        0.7695245739568133,
        0.0,
        0.0,
        0.0,
        0.0,
        0.0,
        0.0,
        0.0,
        0.0,
        0.0,
        0.0,
        0.32850795594758964,
        0.0,
        0.9245895653697258,
        0.11737058673675868,
        1.4410646875255237,
        0.0,
        0.0,
        0.0,
        0.0,
        6.0,
        0.0,
        0.0,
        0.0,
        0.0,
        0.7972235100938723,
        0.0,
        0.0,
        0.0,
        0.0,
        0.0,
        0.0,
        0.0,
        0.7893118132475936,
        0.0,
        0.0,
        0.0,
        0.0,
        0.0,
        0.0,
        0.0,
        0.0,
        0.0,
        0.0,
        0.0,
        0.0,
        0.0,
        0.0,
        0.0,
        0.0,
        0.0,
        0.0,
        0.0,
        0.8420541279794468,
        0.0,
        0.13859562352538768,
        0.0,
        0.0,
        0.0,
        0.0,
        0.0,
        0.0,
        0.0,
        0.0,
        0.0,
        0.0,
        0.0,
        0.0,
        0.045102689846439836,
        3.929811496428421,
        0.0,
        0.0
    ],
    "x_il_mccormick": [
        0.0,
        0.0,
        0.0,
        2.34793962325749,
        4.377033682669882,
        0.5911265620546148,
        0.0,
        0.0,
        0.9549554886501981,
        0.592652789848893,
        0.0,
        3.0,
        0.0,
        0.0,
        3.0,
        0.0,
        0.0,
        0.0,
        8.0,
        0.0,
        0.7347581412078648,
        0.6659799081221596,
        3.0,
        0.8123951537564336,
        2.187604846243566,
        0.0,
        0.0,
        0.0,
        2.6714920440524104,
        0.7617118023806039,
        1.196328045512912,
        0.0,
        0.0,
        0.0,
        0.0,
        0.0,
        0.0,
        0.0,
        1.9156742733425438,
        0.2871022165635841,
        0.0,
        0.0,
        3.0,
        0.0,
        0.0,
        2.115497844892884,
        0.0,
        2.950592235592139,
        0.0,
        0.0,
        0.0,
        0.0,
        0.0,
        0.0,
        3.3003087441855614,
        0.0,
        0.0,
        0.0,
        0.0,
        0.0,
        0.0,
        0.0,
        0.0,
        0.04940776440786099,
        0.0,
        0.0,
        0.0,
        1.8574396651062361,
        2.1676461486189034,
        0.0,
        6.851591133745663
    ],
    "x_lj_mccormick": [
        1.3855643329374188,
        4.896680125653621,
        0.0,
        0.8564488917182079,
        0.25710647017677435,
        1.0,
        0.0,
        0.0,
        1.9418309431064649,
        0.15794587202055319,
        0.8408155979793647,
        1.3285079559475896,
        0.9548973101535602,
        0.7165947338988501,
        2.0,
        0.0,
        0.0,
        0.0,
        0.6714920440524103,
        0.0,
        0.0,
        1.9999999999999971,
        0.9278929986493177,
        0.5589353124744763,
        0.20277648990612773,
        0.0,
        5.075410434630275,
        2.9245895653697254,
        0.0,
        0.0,
        1.9670614903947594,
        0.8826294132632412,
        0.15030909634199952,
        2.0,
        5.230475426043187,
        0.7695245739568133,
        2.0,
        1.0,
        0.0,
        0.0,
        1.2106881867524064,
        2.746902478682685,
        0.07747621995833498,
        1.2304754260431867,
        4.92747926479807,
        0.38672514044752937,
        1.922523780041665,
        0.0049554847564043936,
        0.0,
        1.0725207352019306,
        1.1591844020206352,
        1.9198794072295795,
        0.032938509605240585
    ],
    "q_mccormick": [
        0.0,
        0.0,
        0.0,
        0.7826465410858301,
        0.7031798319714376,
        0.33402009187784043,
        0.0,
        0.0,
        0.11936943608127476,
        0.21735345891416993,
        0.0,
        1.0,
        0.0,
        0.0,
        0.375,
        0.0,
        0.0,
        0.0,
        1.0,
        0.0,
        0.1224596902013108,
        0.6659799081221596,
        1.0,
        0.2948340517023722,
        0.2734506057804457,
        0.0,
        0.0,
        0.0,
        1.0,
        1.0,
        0.6819272251815172,
        0.0,
        0.0,
        0.0,
        0.0,
        0.0,
        0.0,
        0.0,
        0.3180727748184828,
        0.14355110828179204,
        0.0,
        0.0,
        1.0,
        0.0,
        0.0,
        0.7051659482976278,
        0.0,
        0.9835307451973797,
        0.0,
        0.0,
        0.0,
        0.0,
        0.0,
        0.0,
        0.8775403097986892,
        0.0,
        0.0,
        0.0,
        0.0,
        0.0,
        0.0,
        0.0,
        0.0,
        0.016469254802620292,
        0.0,
        0.0,
        0.0,
        0.23217995813827952,
        0.29682016802856237,
        0.0,
        0.8564488917182079
    ],