{
    "x_ij_mccormick": [
        0.0,
        0.542143012980361,
        0.0,
        0.0,
        0.6319211234011506,
        0.0,
        1.818800695095081,
        0.0,
        0.0,
        0.0,
        0.0,
        0.0,
        0.0,
        0.0,
        0.0,
        0.0,
        0.0,
        0.0,
        0.0,
        0.0,
        0.0,
        0.0,
        0.0,
        0.0,
        0.04270440156359778,
        0.0,
        0.0,
        2.0,
        0.0,
        0.0,
        0.0,
        0.0,
        0.0,
        0.0,
        0.0,
        0.0,
        0.0,
        0.0,
        0.0,
        0.0,
        0.0,
        0.0,
        0.0,
        0.8030896161633669,
        0.0,
        0.0,
        0.0,
        0.0,
        0.0,
        0.0,
        0.0,
        0.0,
        0.0,
        0.0,
        0.0,
        0.0,
        0.0,
        0.28832819607847204,
        0.07664677469072989,
        0.0,
        0.0,
        0.0,
        0.0,
        0.0,
        6.0,
        0.0,
        0.0,
        0.0,
        0.0,
        0.786195693380265,
        0.0,
        0.0,
        0.0,
        0.0,
        0.0,
        0.0,
        0.0,
        0.7946966175291887,
        0.0,
        0.0,
        0.0,
        0.0,
        0.0,
        0.0,
        0.0,
        0.0,
        0.0,
        0.16278126154621853,
        0.0,
        0.0,
        0.0,
        0.0,
        0.0,
        0.0,
        0.0,
        0.0,
        0.0,
        0.8587131704077434,
        0.0,
        0.009857565234700383,
        0.0,
        0.0,
        0.0,
        0.0,
        0.0,
        0.0,
        0.0,
        0.0,
        0.0,
        0.0,
        0.0,
        0.0,
        0.0,
        4.326456356942805,
        0.0,
        0.0
    ],
    "x_il_mccormick": [
        0.0,
        0.0,
        0.0,
        2.27873407056682,
        3.3717611939907877,
        0.445097475401245,
        0.0,
        0.0,
        0.0,
        0.6221307825477103,
        0.0,
        3.0,
        0.0,
        0.0,
        2.8288521570134777,
        0.0,
        0.0,
        0.0,
        5.619920516613052,
        0.0,
        1.103130334708886,
        0.7361018295036739,
        3.0,
        0.9736799205032787,
        2.0263200794967213,
        0.0,
        2.3800794833869476,
        0.0,
        3.0,
        1.4373074543166693,
        1.1977175749141287,
        0.0,
        0.0,
        0.0,
        0.0,
        0.0,
        0.0,
        0.0,
        1.6735436430571946,
        0.2072605184937935,
        0.0,
        0.0,
        2.8372187384537817,
        0.0,
        0.0,
        1.9449253901995485,
        0.0,
        2.92335322530927,
        0.0,
        0.0,
        0.0,
        0.0,
        0.0,
        0.0,
        3.87389516331124,
        0.0,
        0.0,
        1.6742428525158333,
        0.0,
        0.0,
        0.0,
        0.0,
        0.0,
        0.0,
        0.7764968523030655,
        0.0,
        0.0,
        3.144827763489801,
        0.5287158795673936,
        0.0,
        7.170957926024826
    ],
    "x_lj_mccormick": [
        1.3680788765988494,
        5.113769827166667,
        0.0,
        0.8963697407531033,
        0.18119930490491887,
        1.0,
        0.0,
        0.0,
        1.9572955984364022,
        0.14128682959225658,
        0.8022824250858713,
        1.6424857067340604,
        1.0,
        0.35751429326593975,
        1.457856987019639,
        0.0,
        0.0,
        0.0,
        0.35751429326593964,
        1.1846287197144214,
        0.0,
        2.0,
        0.9186053107028271,
        2.0,
        0.21380430661973499,
        0.0,
        5.7116718039215275,
        2.2883281960784725,
        0.0,
        0.0,
        2.0,
        0.9233532253092701,
        0.0,
        2.0,
        6.0,
        0.0,
        1.8372187384537815,
        1.0,
        0.0,
        0.0,
        1.2053033824708113,
        3.7116718039215275,
        0.06005031162778729,
        1.196910383836633,
        3.849093662669988,
        0.5287158795673935,
        1.9399496883722127,
        0.09377269401219634,
        0.0,
        0.966277617615591,
        1.1977175749141287,
        1.6735436430571946,
        0.0
    ],
    "q_mccormick": [
        0.0,
        0.0,
        0.0,
        0.7595780235222733,
        0.6328402113194622,
        0.26389817049632613,
        0.0,
        0.0,
        0.0,
        0.24042197647772684,
        0.0,
        1.0,
        0.0,
        0.0,
        0.3536065196266847,
        0.0,
        0.0,
        0.2710715064901805,
        0.7024900645766315,
        0.0,
        0.18385505578481434,
        0.7361018295036739,
        1.0,
        0.3516915366001505,
        0.25329000993709017,
        0.0,
        0.29750993542336845,
        0.0,
        0.7289284935098195,
        0.6117515738484672,
        0.7210760594904675,
        0.0,
        0.0,
        0.0,
        0.0,
        0.0,
        0.0,
        0.0,
        0.27892394050953245,
        0.10363025924689676,
        0.0,
        0.0,
        1.0,
        0.0,
        0.0,
        0.6483084633998495,
        0.0,
        1.0,
        0.0,
        0.0,
        0.0,
        0.0,
        0.0,
        0.0,
        0.8161449442151857,
        0.0,
        0.0,
        0.27904047541930554,
        0.0,
        0.0,
        0.0,
        0.0,
        0.0,
        0.0,
        0.38824842615153277,
        0.0,
        0.0,
        0.39310347043622507,
        0.08811931326123228,
        0.0,
        0.8963697407531033
    ],