{
    "x_ij_mccormick": [
        0.0,
        0.3719209529048346,
        0.0,
        0.0,
        0.6018467173805722,
        0.0,
        1.2607879789467962,
        0.0,
        0.0,
        0.0,
        0.0,
        0.0,
        0.0,
        0.0,
        0.0,
        0.0,
        0.0,
        0.0,
        0.0,
        0.0,
        0.0,
        0.0,
        0.0,
        0.0,
        0.0559382019821264,
        0.0,
        0.0,
        2.0,
        0.0,
        0.0,
        0.0,
        0.0,
        0.0,
        0.0,
        0.0,
        0.0,
        0.0,
        0.0,
        0.0,
        0.0,
        0.0,
        0.0,
        0.0,
        0.11977942357229242,
        0.5667735623197316,
        0.0,
        0.0,
        0.0,
        0.0,
        0.0,
        0.0,
        0.0,
        0.0,
        0.0,
        0.0,
        0.5049963858586382,
        0.0,
        0.8591880229960278,
        0.009301139709761763,
        0.7317591838671884,
        0.0,
        0.0,
        0.0,
        0.0,
        6.0,
        0.0,
        0.0,
        0.0,
        0.0,
        0.8196528839535531,
        0.0,
        0.0,
        0.0,
        0.0,
        0.0,
        0.0,
        0.002669884935873945,
        0.9303275491748775,
        0.023749818600700134,
        0.0,
        0.0,
        0.0,
        0.0,
        0.0,
        0.0,
        0.0,
        0.0,
        0.0,
        0.0,
        0.0,
        0.0,
        0.0,
        0.0,
        0.0,
        0.0,
        0.0,
        0.0,
        0.8697859315807838,
        0.0,
        0.17344554305781135,
        0.0,
        0.0,
        0.0,
        0.0,
        0.0,
        0.0,
        0.0,
        0.0,
        0.0,
        0.0,
        0.0,
        0.0,
        0.06091288097613423,
        4.292273934456238,
        0.0,
        0.0
    ],
    "x_il_mccormick": [
        0.0,
        0.0,
        0.0,
        2.271163159309456,
        3.8485906018965466,
        1.7365421361173299,
        0.0,
        0.0,
        0.7363627110836752,
        0.6161052955462464,
        0.0,
        3.0,
        0.0,
        0.0,
        3.0,
        0.0,
        0.0,
        0.0,
        7.880220576427708,
        0.0,
        1.0442491832051268,
        0.0,
        3.0,
        0.6379064763182707,
        2.3620935236817293,
        0.0,
        0.11977942357229221,
        0.0,
        2.495003614141362,
        0.9445034257128228,
        1.1870074115813876,
        0.0,
        0.0,
        0.0,
        0.0,
        0.0,
        0.0,
        0.0,
        1.7077260655437616,
        0.2764162943871389,
        0.0,
        0.0,
        3.0,
        0.0,
        0.0,
        2.307484709443226,
        0.0,
        2.9906988602902382,
        0.0,
        0.0,
        0.0,
        0.0,
        0.0,
        0.0,
        2.66123885876533,
        0.0,
        0.0,
        0.8219563489784001,
        0.0,
        0.0,
        0.0,
        0.0,
        0.0,
        0.0,
        0.5040845064664355,
        0.0,
        0.0,
        1.9015437652345955,
        1.7452694193330318,
        0.0,
        6.8943348224514445
    ],
    "x_lj_mccormick": [
        1.3981532826194278,
        4.9460433772769665,
        0.0,
        0.8265544569421887,
        0.7392120210532039,
        0.997330115064126,
        0.0,
        0.0,
        1.9440617980178736,
        0.1302140684192162,
        0.8129925884186124,
        1.4432736130863584,
        0.9390871190238658,
        0.6176392678897759,
        1.6280790470951654,
        0.0,
        0.0,
        0.0,
        0.5567263869136416,
        0.31019818013255485,
        0.0,
        2.0,
        0.9453911857614966,
        1.2682408161328116,
        0.18034711604644688,
        0.0,
        5.140811977003972,
        2.859188022996028,
        0.0,
        0.0,
        2.0,
        0.9906988602902382,
        0.0,
        1.9762501813992999,
        5.433226437680268,
        0.5905233809204323,
        2.0,
        1.0,
        0.0,
        0.0,
        1.0696724508251225,
        2.635815591145334,
        0.0,
        1.2896971955072754,
        4.689801819867445,
        0.4363173548332577,
        2.0,
        0.0,
        0.0,
        1.0,
        1.1870074115813876,
        1.7077260655437616,
        0.0
    ],
    "q_mccormick": [
        0.0,
        0.002669884935873945,
        0.0,
        0.7570543864364853,
        0.6448485977536377,
        0.997330115064126,
        0.0,
        0.0,
        0.0920453388854594,
        0.24294561356351507,
        0.0,
        1.0,
        0.0,
        0.0,
        0.375,
        0.0,
        0.0,
        0.1859604764524173,
        0.9850275720534635,
        0.0,
        0.46516377458743874,
        0.0,
        1.0,
        0.23083843018559133,
        0.29526169046021616,
        0.0,
        0.014972427946536526,
        0.0,
        0.8140395235475827,
        0.7479577467667822,
        0.7153789890760398,
        0.0,
        0.0,
        0.0,
        0.0,
        0.0,
        0.0,
        0.0,
        0.28462101092396025,
        0.13820814719356944,
        0.0,
        0.0,
        1.0,
        0.0,
        0.0,
        0.7691615698144086,
        0.0,
        1.0,
        0.0,
        0.0,
        0.0,
        0.0,
        0.0,
        0.0,
        0.5348362254125613,
        0.0,
        0.0,
        0.13699272482973335,
        0.0,
        0.0,
        0.0,
        0.0,
        0.0,
        0.0,
        0.2520422532332178,
        0.0,
        0.0,
        0.23769297065432446,
        0.21815867741662898,
        0.0,
        0.8617918528064304
    ],