{
    "x_ij_mccormick": [
        0.0,
        0.10153448364906503,
        0.0,
        0.0,
        0.6129765524527708,
        0.0,
        1.2843759124556937,
        0.0,
        0.0,
        0.0,
        0.0,
        0.0,
        0.0,
        0.0,
        0.0,
        0.0,
        0.0,
        0.0,
        0.2467273031337336,
        0.0,
        0.0,
        0.0,
        0.0,
        0.0,
        0.0,
        0.0,
        0.0,
        2.0,
        0.0,
        0.0,
        0.0,
        0.0,
        0.0,
        0.0,
        0.0,
        0.0,
        0.0,
        0.0,
        0.0,
        0.0,
        0.0,
        0.0,
        0.0,
        1.019895189329432,
        0.0,
        0.0,
        0.0,
        0.0,
        0.0,
        0.0,
        0.0,
        0.0,
        0.0,
        0.0,
        0.0,
        0.694195484550292,
        0.0,
        0.5099475946647152,
        0.2172653210923582,
        1.7996358029998727,
        0.0,
        0.0,
        0.0,
        0.0,
        6.0,
        0.0,
        0.0,
        0.0,
        0.0,
        0.7532726968662664,
        0.0,
        0.0,
        0.0,
        0.0,
        0.0,
        0.0,
        0.02020124244375776,
        0.6456561336376772,
        0.0,
        0.0,
        0.0,
        0.0,
        0.0,
        0.0,
        0.0,
        0.0,
        0.0,
        0.0,
        0.0,
        0.0,
        0.0,
        0.0,
        0.0,
        0.0,
        0.0,
        0.0,
        0.0,
        0.5678026626982482,
        0.0,
        0.1293091059575553,
        0.0,
        0.0,
        0.0,
        0.0,
        0.0,
        0.0,
        0.0,
        0.0,
        0.0,
        0.0,
        0.1158896013850872,
        0.0,
        0.0,
        3.388006229279624,
        0.0,
        0.0
    ],
    "x_il_mccormick": [
        0.0,
        0.6421879562278469,
        0.0,
        2.194839880289628,
        3.487075091277057,
        1.0532348888727017,
        0.0,
        0.0,
        0.0,
        0.7388703980121252,
        0.0,
        3.0,
        0.0,
        0.0,
        3.0,
        0.0,
        0.0,
        0.0,
        6.980104810670568,
        0.0,
        0.06353275654823598,
        0.0,
        3.0,
        1.0062106394001946,
        1.9937893605998054,
        0.0,
        1.0198951893294321,
        0.0,
        2.305804515449708,
        0.0,
        2.2727870842429265,
        0.0,
        0.0,
        0.0,
        0.0,
        0.0,
        0.0,
        0.0,
        1.5045388230000032,
        0.16633946189235416,
        0.0,
        0.0,
        3.0,
        0.0,
        0.0,
        1.9025775328687065,
        0.0,
        2.8261655979223694,
        0.0,
        0.0,
        0.0,
        0.0,
        0.0,
        0.0,
        4.08666803059908,
        0.0,
        0.0,
        1.3525299176263788,
        0.0,
        0.0,
        0.0,
        0.0,
        0.0,
        0.17383440207763057,
        0.2003641970001272,
        0.0,
        0.0,
        3.0062106394001944,
        1.4898935299350953,
        0.0,
        7.334642152430584
    ],
    "x_lj_mccormick": [
        1.3870234475472292,
        5.243267272733264,
        0.0,
        0.8706908940424447,
        0.7156240875443063,
        0.9797987575562422,
        0.0,
        0.0,
        2.0,
        0.43219733730175175,
        0.5015129410000012,
        1.5926610009012268,
        1.0,
        0.40733899909877325,
        1.898465516350935,
        0.0,
        0.0,
        0.0,
        0.40733899909877325,
        0.0,
        0.0,
        2.0,
        0.9087881722689012,
        0.2003641970001272,
        0.0,
        0.0,
        5.490052405335285,
        2.509947594664715,
        0.0,
        0.0,
        1.8841103986149128,
        0.7827346789076418,
        0.3331549224774454,
        2.0,
        6.0,
        0.0,
        2.0,
        1.0,
        0.0,
        0.0,
        1.3543438663623228,
        2.795856920784993,
        0.0,
        0.9801048106705681,
        5.0,
        0.3493937281679634,
        2.0,
        0.0,
        0.0,
        1.0,
        1.4984870589999988,
        2.2788388482429305,
        0.0
    ],
    "q_mccormick": [
        0.0,
        0.6421879562278469,
        0.0,
        0.731613293429876,
        0.5844950467677482,
        0.35781204377215314,
        0.0,
        0.0,
        0.0,
        0.26838670657012403,
        0.0,
        1.0,
        0.0,
        0.0,
        0.375,
        0.0,
        0.0,
        0.050767241824532516,
        0.872513101333821,
        0.0,
        0.3228280668188386,
        0.0,
        1.0,
        0.3658074890437645,
        0.2492236700749757,
        0.0,
        0.12748689866617902,
        0.0,
        0.9492327581754675,
        0.0,
        0.7492435294999994,
        0.0,
        0.0,
        0.0,
        0.0,
        0.0,
        0.0,
        0.0,
        0.2507564705000006,
        0.08316973094617708,
        0.0,
        0.0,
        1.0,
        0.0,
        0.0,
        0.6341925109562355,
        0.0,
        0.9420551993074565,
        0.0,
        0.0,
        0.0,
        0.0,
        0.0,
        0.0,
        0.6771719331811614,
        0.0,
        0.0,
        0.22542165293772978,
        0.0,
        0.0,
        0.0,
        0.0,
        0.0,
        0.0579448006925436,
        1.0,
        0.0,
        0.0,
        0.3757763299250243,
        0.190083300294522,
        0.0,
        0.9168302690538229
    ],