{
    "x_ij_mccormick": [
        0.0,
        0.3761455464775818,
        0.0,
        0.0,
        0.4150038603687396,
        0.0,
        1.6011369450765573,
        0.0,
        0.0,
        0.0,
        0.0,
        0.0,
        0.0,
        0.0,
        0.0,
        0.0,
        0.0,
        0.0,
        0.0,
        0.0,
        0.0,
        0.0,
        0.0,
        0.0,
        0.025788049095555987,
        0.0,
        0.0,
        2.0,
        0.0,
        0.0,
        0.0,
        0.0,
        0.0,
        0.0,
        0.0,
        0.0,
        0.0,
        0.0,
        0.0,
        0.0,
        0.0,
        0.0,
        0.0,
        0.8449309661070883,
        0.0,
        0.0,
        0.0,
        0.0,
        0.0,
        0.0,
        0.0,
        0.0,
        0.0,
        0.0,
        0.0,
        0.0,
        0.0,
        0.3671293052369622,
        0.006133798786626835,
        0.33009415571475564,
        0.0,
        0.0,
        0.0,
        0.0,
        6.0,
        0.0,
        0.0,
        0.0,
        0.0,
        0.7982368887684116,
        0.0,
        0.0,
        0.0,
        0.0,
        0.0,
        0.0,
        0.04938881696761366,
        0.4421158774838707,
        0.0,
        0.0,
        0.0,
        0.0,
        0.0,
        0.0,
        0.0,
        0.0,
        0.0,
        0.0,
        0.0,
        0.0,
        0.0,
        0.0,
        0.0,
        0.0,
        0.0,
        0.0,
        0.0,
        0.7952594317664038,
        0.0,
        0.11506144120384376,
        0.0,
        0.0,
        0.0,
        0.0,
        0.0,
        0.0,
        0.0,
        0.0,
        0.0,
        0.0,
        0.0,
        0.0,
        0.0,
        5.794449702333963,
        0.0,
        0.0
    ],
    "x_il_mccormick": [
        0.0,
        0.8005684725382787,
        0.0,
        2.1984051052112767,
        3.9866335315994963,
        0.5489057654175504,
        0.0,
        0.0,
        1.5241454830220982,
        0.6142217047007883,
        0.0,
        3.0,
        0.0,
        0.0,
        3.0,
        0.0,
        0.0,
        1.1284366394327459,
        5.869222640778608,
        0.0,
        0.0,
        0.0,
        3.0,
        0.9055391186545713,
        2.094460881345429,
        0.0,
        2.1307773592213923,
        0.0,
        3.0,
        1.2604111867504357,
        1.2414102491673518,
        0.1249154600586232,
        0.0,
        0.0,
        0.0,
        0.0,
        0.0,
        0.0,
        0.20555029766603752,
        0.23012288240768752,
        0.0,
        0.0,
        3.0,
        0.0,
        0.0,
        2.0143720694127283,
        0.0,
        2.993866201213373,
        0.0,
        0.0,
        0.0,
        0.0,
        0.0,
        0.0,
        5.190754817279167,
        0.0,
        0.0,
        0.0,
        0.0,
        0.0,
        0.0,
        0.0,
        0.0,
        0.0,
        0.611257768766397,
        0.0,
        0.0,
        1.381393635632473,
        0.8241566620335643,
        0.0,
        7.07950847036925
    ],
    "x_lj_mccormick": [
        1.5849961396312604,
        4.839696654349521,
        0.0,
        0.8849385587961562,
        0.3988630549234427,
        0.9506111830323863,
        0.0,
        0.0,
        1.974211950904444,
        0.20474056823359624,
        0.7585897508326482,
        1.6638533163830855,
        1.0,
        0.3361466836169147,
        1.6238544535224182,
        0.0,
        0.0,
        0.0,
        0.33614668361691447,
        2.1684355022934154,
        0.0,
        2.0,
        0.9199111880672997,
        1.6699058442852444,
        0.20176311123158838,
        0.0,
        5.632870694763038,
        2.367129305236962,
        0.0,
        0.0,
        2.0,
        0.9938662012133732,
        0.0,
        2.0,
        6.0,
        0.0,
        2.0,
        1.0,
        0.0,
        0.0,
        1.5578841225161293,
        3.632870694763038,
        0.0,
        1.1550690338929117,
        2.8315644977065846,
        0.8241566620335643,
        2.0,
        0.0,
        0.0,
        1.0,
        1.2414102491673518,
        0.20555029766603752,
        0.0
    ],
    "q_mccormick": [
        0.0,
        0.8005684725382787,
        0.0,
        0.7328017017370922,
        0.8626405563277393,
        0.19943152746172135,
        0.0,
        0.0,
        0.19051818537776227,
        0.20474056823359624,
        0.0,
        1.0,
        0.0,
        0.0,
        0.375,
        0.0,
        0.0,
        0.1880727732387909,
        0.733652830097326,
        0.0,
        0.22105793874193536,
        0.0,
        1.0,
        0.3285426435290905,
        0.2618076101681786,
        0.0,
        0.26634716990267404,
        0.0,
        0.8119272267612091,
        0.6943711156168015,
        0.9657416170556604,
        0.0624577300293116,
        0.0,
        0.0,
        0.0,
        0.0,
        0.0,
        0.0,
        0.03425838294433959,
        0.11506144120384376,
        0.0,
        0.0,
        1.0,
        0.0,
        0.0,
        0.6714573564709094,
        0.0,
        1.0,
        0.0,
        0.0,
        0.0,
        0.0,
        0.0,
        0.0,
        0.7789420612580646,
        0.0,
        0.0,
        0.0,
        0.0,
        0.0,
        0.0,
        0.0,
        0.0,
        0.0,
        0.3056288843831985,
        0.0,
        0.0,
        0.17267420445405912,
        0.13735944367226072,
        0.0,
        0.8849385587961562
    ],