{
    "x_ij_mccormick": [
        0.0,
        0.553782114556461,
        0.0,
        0.0,
        0.17759170738048868,
        0.0,
        1.6173103471796548,
        0.0,
        0.0,
        0.0,
        0.0,
        0.0,
        0.0,
        0.0,
        0.0,
        0.0,
        0.0,
        0.0,
        0.26520731005559417,
        0.0,
        0.0,
        0.0,
        0.0,
        0.0,
        0.0,
        0.0,
        0.0,
        2.0,
        0.0,
        0.0,
        0.0,
        0.0,
        0.0,
        0.0,
        0.0,
        0.0,
        0.0,
        0.0,
        0.0,
        0.0,
        0.0,
        0.0,
        0.0,
        0.8660851822405782,
        0.0,
        0.0,
        0.0,
        0.0,
        0.0,
        0.0,
        0.0,
        0.0,
        0.0,
        0.0,
        0.0,
        0.0,
        0.0,
        0.6269565877992013,
        0.10696729937338711,
        1.8354784333189984,
        0.0,
        0.0,
        0.0,
        0.0,
        6.0,
        0.0,
        0.4579037272060589,
        0.0,
        0.0,
        0.7347926899444058,
        0.0,
        0.0,
        0.0,
        0.0,
        0.0,
        0.0,
        0.0,
        0.9836632977397519,
        0.0,
        0.0,
        0.0,
        0.0,
        0.0,
        0.0,
        0.0,
        0.0,
        0.0,
        0.0,
        0.0,
        0.0,
        0.0,
        0.0,
        0.0,
        0.0,
        0.0,
        0.0,
        0.0,
        0.6597387108086435,
        0.0,
        0.0861916107548315,
        0.0,
        0.0,
        0.0,
        0.0,
        0.0,
        0.0,
        0.0,
        0.0,
        0.0,
        0.0,
        0.0,
        0.0,
        0.051915299053557185,
        3.328604588833553,
        0.0,
        0.0
    ],
    "x_il_mccormick": [
        0.0,
        0.28810170718770545,
        0.0,
        2.1534623136735167,
        4.05601822386844,
        0.5740344792305179,
        0.0,
        0.0,
        0.0,
        0.7613869752592517,
        0.0,
        3.0,
        0.0,
        0.0,
        3.0,
        0.0,
        0.0,
        0.0,
        5.83027936998948,
        0.0,
        0.6801630627930759,
        0.520553466402122,
        3.0,
        0.893914585438257,
        2.106085414561743,
        0.0,
        2.16972063001052,
        0.0,
        3.0,
        0.0,
        2.2660761128274114,
        0.0,
        0.0,
        0.0,
        0.0,
        0.0,
        0.0,
        0.0,
        1.723763999224236,
        0.1723832215096631,
        0.0,
        0.0,
        3.0,
        0.0,
        0.0,
        2.0219467184953985,
        0.0,
        3.0,
        0.0,
        0.0,
        0.0,
        0.0,
        0.0,
        0.0,
        3.251313324461912,
        0.0,
        0.0,
        0.0,
        0.0,
        0.0,
        0.0,
        0.0,
        0.0,
        0.0,
        0.16452156668100168,
        0.0,
        0.0,
        2.8939145854382566,
        1.7255655266746333,
        0.0,
        7.310467113961346
    ],
    "x_lj_mccormick": [
        1.8224082926195113,
        4.74663365360633,
        0.0,
        0.9138083892451685,
        0.3826896528203452,
        1.0,
        0.0,
        0.0,
        2.0,
        0.34026128919135645,
        0.5745879997414118,
        1.5360107716656066,
        0.9480847009464428,
        0.5159045273879503,
        1.446217885443539,
        0.0,
        0.0,
        0.0,
        0.4639892283343934,
        1.0897928862220678,
        0.0,
        2.0,
        0.9158613039336554,
        0.16452156668100168,
        0.0,
        0.0,
        4.91513968499474,
        3.08486031500526,
        0.0,
        0.0,
        2.0,
        0.8930327006266129,
        0.10696729937338711,
        2.0,
        6.0,
        0.0,
        2.0,
        1.0,
        0.0,
        0.0,
        1.016336702260248,
        2.91513968499474,
        0.0,
        1.1339148177594218,
        3.910207113777932,
        0.7374618190057198,
        2.0,
        0.0,
        0.0,
        1.0,
        1.4254120002585882,
        2.5644281117930596,
        0.0
    ],
    "q_mccormick": [
        0.0,
        0.28810170718770545,
        0.0,
        0.7178207712245056,
        0.7843043091656708,
        0.1913448264101726,
        0.0,
        0.0,
        0.0,
        0.28217922877549445,
        0.0,
        1.0,
        0.0,
        0.0,
        0.375,
        0.0,
        0.0,
        0.2768910572782305,
        0.728784921248685,
        0.0,
        0.49183164886987596,
        0.520553466402122,
        1.0,
        0.32601776050153386,
        0.2632606768202179,
        0.0,
        0.271215078751315,
        0.0,
        0.7231089427217695,
        0.0,
        0.7127060001292941,
        0.0,
        0.9177392166594992,
        0.0,
        0.0,
        0.0,
        0.0,
        0.0,
        0.2872939998707059,
        0.08619161075483155,
        0.0,
        0.0,
        1.0,
        0.0,
        0.0,
        0.6739822394984661,
        0.0,
        1.0,
        0.0,
        0.0,
        0.0,
        0.0,
        0.0,
        0.0,
        0.508168351130124,
        0.0,
        0.0,
        0.0,
        0.0,
        0.0,
        0.0,
        0.0,
        0.0,
        0.0,
        0.08226078334050084,
        0.0,
        0.0,
        0.3617393231797821,
        0.21569569083432916,
        0.0,
        0.9138083892451685
    ],