{
    "x_ij_mccormick": [
        0.0,
        0.35858018298729455,
        0.0,
        0.0,
        0.0,
        0.0,
        1.3444371893459603,
        0.0,
        0.0,
        0.0,
        0.0,
        0.0,
        0.0,
        0.0,
        0.0,
        0.0,
        0.0,
        0.0,
        0.0,
        0.0,
        0.0,
        0.0,
        0.0,
        0.0,
        0.0,
        0.0,
        0.0,
        2.0,
        0.0,
        0.0,
        0.0,
        0.0,
        0.0,
        0.0,
        0.0,
        0.0,
        0.0,
        0.0,
        0.0,
        0.0,
        0.0,
        0.0,
        0.0,
        0.8312548525457987,
        0.0,
        0.0,
        0.0,
        0.0,
        0.0,
        0.0,
        0.0,
        0.0,
        0.0,
        0.0,
        0.0,
        0.0,
        0.0,
        0.0,
        0.14580018009225382,
        0.5047538510413041,
        0.0,
        0.0,
        0.0,
        0.0,
        6.0,
        0.0,
        0.0,
        0.0,
        0.0,
        0.7956792018631518,
        0.0,
        0.0,
        0.0,
        0.0,
        0.0,
        0.0,
        0.0,
        0.8195032103896465,
        0.0,
        0.0,
        0.0,
        0.0,
        0.0,
        0.0,
        0.0,
        0.0,
        0.0,
        0.0,
        0.0,
        0.2598885636538333,
        0.0,
        0.0,
        0.0,
        0.0,
        0.0,
        0.0,
        0.0,
        0.8764183938282739,
        0.0,
        0.0,
        0.0,
        0.0,
        0.0,
        0.0,
        0.0,
        0.0,
        0.0,
        0.0,
        0.0,
        0.0,
        0.0,
        0.0,
        0.0452177489191079,
        5.4027599988676815,
        0.0,
        0.0
    ],
    "x_il_mccormick": [
        0.0,
        0.0,
        0.0,
        2.3583362038939066,
        3.9525922844259362,
        1.2057059620846209,
        0.0,
        0.0,
        1.4722260017066437,
        0.0,
        0.0,
        3.0,
        0.0,
        0.0,
        3.0,
        0.0,
        0.0,
        1.0757405489618836,
        6.093004598492318,
        0.0,
        1.4581419569461191,
        0.44985684856941854,
        3.0,
        0.807632407728786,
        2.1923675922712142,
        0.0,
        1.9069954015076827,
        0.0,
        3.0,
        1.0387150991819016,
        1.2641272504833896,
        0.5513574702424547,
        0.0,
        0.0,
        0.0,
        0.0,
        0.0,
        0.0,
        0.40120050259203976,
        0.0,
        0.0,
        0.0,
        3.0,
        0.0,
        0.0,
        2.1243215127480024,
        0.0,
        2.8535787556972556,
        0.0,
        0.0,
        0.0,
        0.0,
        0.0,
        0.0,
        3.786055789626859,
        0.0,
        0.0,
        0.0,
        0.0,
        0.0,
        0.0,
        0.0,
        0.0,
        0.1464212443027444,
        0.6608518479136424,
        0.0,
        0.0,
        1.335406406022142,
        1.2166158461910683,
        0.0,
        7.196409015352452
    ],
    "x_lj_mccormick": [
        2.0,
        4.196409015352452,
        0.0,
        1.0,
        0.6555628106540395,
        1.0,
        0.0,
        0.0,
        2.0,
        0.12358160617172605,
        0.7861120679646354,
        1.458242610462628,
        0.9547822510808921,
        0.5869751384564801,
        1.6414198170127055,
        0.0,
        0.0,
        0.0,
        0.541757389537372,
        1.8925633424118065,
        0.0,
        2.0,
        0.9319539204767882,
        1.495246148958696,
        0.20432079813684817,
        0.0,
        6.0,
        2.0,
        0.0,
        0.0,
        1.9023858371315037,
        0.8541998199077462,
        0.24341434296075026,
        2.0,
        6.0,
        0.0,
        2.0,
        1.0,
        0.0,
        0.0,
        1.1804967896103535,
        4.0,
        0.06370095696262479,
        1.1687451474542012,
        2.783847136971735,
        1.2166158461910683,
        1.9362990430373752,
        0.0,
        0.0,
        1.063700956962625,
        1.2138879320353646,
        0.3538256581715684,
        0.09761416286849633
    ],
    "q_mccormick": [
        0.0,
        0.0,
        0.0,
        0.7861120679646356,
        0.7972306923014886,
        0.5501431514305815,
        0.0,
        0.0,
        0.18402825021333047,
        0.0,
        0.0,
        1.0,
        0.0,
        0.0,
        0.375,
        0.0,
        0.0,
        0.17929009149364727,
        0.7616255748115397,
        0.0,
        0.40975160519482323,
        0.44985684856941854,
        1.0,
        0.2918928290839993,
        0.2740459490339018,
        0.0,
        0.23837442518846033,
        0.0,
        0.8207099085063527,
        0.4171971505225267,
        0.9410290569714053,
        0.21388793203536435,
        0.0,
        0.0,
        0.0,
        0.0,
        0.0,
        0.0,
        0.058970943028594736,
        0.0,
        0.0,
        0.0,
        1.0,
        0.0,
        0.0,
        0.7081071709160007,
        0.0,
        0.9511929185657518,
        0.0,
        0.0,
        0.0,
        0.0,
        0.0,
        0.0,
        0.5902483948051768,
        0.0,
        0.0,
        0.0,
        0.0,
        0.0,
        0.0,
        0.0,
        0.0,
        0.04880708143424817,
        0.5828028494774733,
        0.0,
        0.0,
        0.16692580075276775,
        0.2027693076985114,
        0.0,
        1.0
    ],