{
    "x_ij_mccormick": [
        0.0,
        0.2778448848978683,
        0.2891031330807847,
        0.0,
        0.0,
        0.0,
        1.6922133568618607,
        0.0,
        0.0,
        0.0,
        0.0,
        0.0,
        0.0,
        0.0,
        0.0,
        0.0,
        0.0,
        0.0,
        0.29941413682439055,
        0.0,
        0.0,
        0.0,
        0.0,
        0.0,
        0.0,
        0.0,
        0.0,
        2.0,
        0.0,
        0.0,
        0.0,
        0.0,
        0.0,
        0.0,
        0.0,
        0.0,
        0.0,
        0.0,
        0.0,
        0.0,
        0.0,
        0.0,
        0.0,
        0.9415187389891291,
        0.0,
        0.0,
        0.0,
        0.0,
        0.0,
        0.0,
        0.0,
        0.0,
        0.0,
        0.0,
        0.0,
        0.9560773412465373,
        0.0,
        0.470759369494564,
        0.018136920094630526,
        1.042817371719841,
        0.0,
        0.0,
        0.0,
        0.0,
        6.0,
        0.0,
        0.0,
        0.0,
        0.0,
        0.7005858631756094,
        0.0,
        0.0,
        0.0,
        0.0,
        0.0,
        0.0,
        0.0,
        0.7121691209100931,
        0.0,
        0.0,
        0.0,
        0.0,
        0.0,
        0.0,
        0.0,
        0.0,
        0.0,
        0.23321146403098214,
        0.0,
        0.0,
        0.0,
        0.0,
        0.0,
        0.0,
        0.0,
        0.0,
        0.0,
        0.5325662337604677,
        0.0,
        0.0,
        0.0,
        0.0,
        0.0,
        0.0,
        0.0,
        0.0,
        0.0,
        0.0,
        0.0,
        0.0,
        0.0,
        0.0,
        0.0,
        4.880315173157027,
        0.0,
        0.0
    ],
    "x_il_mccormick": [
        0.0,
        0.0,
        0.0,
        2.0533571177883734,
        2.455220692084922,
        0.7083064707362856,
        0.0,
        0.0,
        0.0,
        0.8601555663205123,
        0.0,
        3.0,
        0.0,
        0.0,
        3.0,
        0.0,
        0.0,
        0.0,
        7.058481261010871,
        0.0,
        0.02456025959997099,
        0.5994801724018538,
        3.0,
        0.8385529624355981,
        2.161447037564402,
        0.0,
        0.9415187389891289,
        0.0,
        2.0439226587534627,
        0.957182628280159,
        1.5539210821306466,
        0.0,
        0.0,
        0.0,
        0.0,
        0.0,
        0.0,
        0.0,
        1.119684826842973,
        0.0,
        0.0,
        0.0,
        2.7667885359690176,
        0.0,
        0.0,
        2.080843753261807,
        0.0,
        2.9818630799053696,
        0.0,
        0.0,
        0.0,
        0.0,
        0.0,
        0.0,
        3.8606122202670394,
        0.0,
        0.0,
        4.547645002403155,
        0.0,
        0.0,
        0.0,
        0.0,
        0.0,
        0.0,
        0.0,
        0.0,
        0.0,
        2.838552962435598,
        0.28113186440737525,
        0.0,
        7.139434713865097
    ],
    "x_lj_mccormick": [
        2.0,
        4.139434713865097,
        0.0,
        1.0,
        0.30778664313813936,
        1.0,
        0.0,
        0.0,
        2.0,
        0.46743376623953226,
        0.4460789178693534,
        1.678232456348669,
        1.0,
        0.3217675436513312,
        1.7221551151021317,
        0.0,
        0.0,
        0.0,
        0.321767543651331,
        0.0,
        0.0,
        2.0,
        0.9193967156974053,
        0.957182628280159,
        0.0,
        0.0,
        5.529240630505436,
        2.470759369494564,
        0.0,
        0.0,
        2.0,
        0.9818630799053695,
        0.0,
        2.0,
        6.0,
        0.0,
        1.7667885359690179,
        1.0,
        0.0,
        0.0,
        1.287830879089907,
        2.5731632892588987,
        0.02417831151820482,
        0.7693781279300862,
        4.975821688481795,
        1.5387977424835713,
        1.9758216884817952,
        0.0,
        0.0,
        1.0241783115182048,
        1.5539210821306466,
        1.119684826842973,
        0.0
    ],
    "q_mccormick": [
        0.0,
        0.0,
        0.0,
        0.6844523725961245,
        0.3846890639650431,
        0.4005198275981462,
        0.0,
        0.0,
        0.0,
        0.31554762740387554,
        0.0,
        1.0,
        0.0,
        0.0,
        0.375,
        0.0,
        0.0,
        0.0,
        0.8823101576263589,
        0.0,
        0.004093376599995165,
        0.5994801724018538,
        1.0,
        0.3063854155793976,
        0.27018087969555027,
        0.0,
        0.11768984237364111,
        0.0,
        1.0,
        1.0,
        0.8133858621928378,
        0.0,
        0.0,
        0.0,
        0.0,
        0.0,
        0.0,
        0.0,
        0.18661413780716218,
        0.0,
        0.0,
        0.0,
        1.0,
        0.0,
        0.0,
        0.6936145844206024,
        0.0,
        1.0,
        0.0,
        0.0,
        0.0,
        0.0,
        0.0,
        0.0,
        0.9959066234000048,
        0.0,
        0.0,
        0.5684556253003944,
        0.0,
        0.0,
        0.0,
        0.0,
        0.0,
        0.0,
        0.0,
        0.0,
        0.0,
        0.35481912030444973,
        0.04685531073456254,
        0.0,
        1.0
    ],