{
    "x_ij_mccormick": [
        0.0,
        0.3345816534311925,
        0.0,
        0.0,
        0.5733793105636611,
        0.0,
        1.5182514276219339,
        0.0,
        0.0,
        0.0,
        0.0,
        0.0,
        0.0,
        0.0,
        0.0,
        0.0,
        0.0,
        0.0,
        0.2045669685059841,
        0.0,
        0.0,
        0.0,
        0.0,
        0.0,
        0.0,
        0.0,
        0.0,
        2.0,
        0.0,
        0.0,
        0.0,
        0.0,
        0.0,
        0.0,
        0.0,
        0.0,
        0.0,
        0.0,
        0.0,
        0.0,
        0.0,
        0.0,
        0.0,
        0.8974683052082575,
        0.0,
        0.0,
        0.0,
        0.0,
        0.0,
        0.0,
        0.0,
        0.0,
        0.0,
        0.0,
        0.0,
        0.8085756302953893,
        0.0,
        0.7574937351369933,
        0.017411757778940773,
        0.8322268180544323,
        0.0,
        0.0,
        0.0,
        0.0,
        6.0,
        0.0,
        0.0,
        0.0,
        0.0,
        0.7954330314940159,
        0.0,
        0.0,
        0.0,
        0.0,
        0.0,
        0.0,
        0.0,
        0.7531428268061737,
        0.0,
        0.0,
        0.0,
        0.0,
        0.0,
        0.0,
        0.0,
        0.0,
        0.0,
        0.07837882827903031,
        0.0,
        0.0,
        0.0,
        0.0,
        0.0,
        0.0,
        0.0,
        0.0,
        0.0,
        0.820390312948442,
        0.0,
        0.13651086493381304,
        0.0,
        0.0,
        0.0,
        0.0,
        0.0,
        0.0,
        0.0,
        0.0,
        0.0,
        0.0,
        0.0,
        0.0,
        0.037567666522038135,
        3.9394310685108453,
        0.0,
        0.0
    ],
    "x_il_mccormick": [
        0.0,
        0.0,
        0.0,
        2.3284488068535687,
        3.4096660809420856,
        0.7932526827457362,
        0.0,
        0.0,
        0.19794372033102903,
        0.5806120909617325,
        0.0,
        3.0,
        0.0,
        0.0,
        3.0,
        0.0,
        0.0,
        0.0,
        5.815281688117542,
        0.0,
        0.0,
        0.6884958896323299,
        3.0,
        0.7436529979802328,
        2.2563470020197673,
        0.0,
        2.184718311882457,
        0.0,
        2.1914243697046105,
        0.814200574684752,
        1.4108939323993142,
        0.0,
        0.0,
        0.0,
        0.0,
        0.0,
        0.0,
        0.0,
        1.9028120305471565,
        0.23011406328418949,
        0.0,
        0.0,
        2.92162117172097,
        0.0,
        0.0,
        2.196595966320341,
        0.0,
        3.0,
        0.0,
        0.0,
        0.0,
        0.0,
        0.0,
        0.0,
        3.728803833854103,
        0.0,
        0.0,
        1.5844359251363382,
        0.0,
        0.0,
        0.0,
        0.0,
        0.0,
        0.0,
        0.35357260726081563,
        0.0,
        0.0,
        2.545709277649204,
        1.4772919873179127,
        0.0,
        7.07954374686324
    ],
    "x_lj_mccormick": [
        1.426620689436339,
        5.019547985644904,
        0.0,
        0.863489135066187,
        0.48174857237806606,
        1.0,
        0.0,
        0.0,
        2.0,
        0.17960968705155803,
        0.7294512107637429,
        1.4739939768641968,
        0.9624323334779619,
        0.5635736896578432,
        1.6654183465688075,
        0.0,
        0.0,
        0.0,
        0.5260060231358032,
        0.0,
        0.0,
        2.0,
        0.9402489643005736,
        1.1677731819455677,
        0.0,
        0.0,
        5.242506264863007,
        2.757493735136993,
        0.0,
        0.0,
        2.0,
        0.9825882422210592,
        0.017411757778940773,
        2.0,
        6.0,
        0.0,
        1.9216211717209697,
        1.0,
        0.0,
        0.0,
        1.2468571731938263,
        2.4339306345676177,
        0.0480160260926592,
        1.1025316947917425,
        4.951983973907341,
        0.41687832469725317,
        1.9519839739073408,
        0.0,
        0.0,
        1.0480160260926592,
        1.270548789236257,
        2.043157173710214,
        0.0
    ],
    "q_mccormick": [
        0.0,
        0.0,
        0.0,
        0.7761496022845229,
        0.5512658473958713,
        0.3115041103676701,
        0.0,
        0.0,
        0.02474296504137863,
        0.2238503977154772,
        0.0,
        1.0,
        0.0,
        0.0,
        0.375,
        0.0,
        0.0,
        0.16729082671559625,
        0.7269102110146927,
        0.0,
        0.37657141340308686,
        0.6884958896323299,
        1.0,
        0.2678013445598864,
        0.2820433752524709,
        0.0,
        0.2730897889853071,
        0.0,
        0.8327091732844037,
        0.8232136963695922,
        0.6828646615754739,
        0.0,
        0.0,
        0.0,
        0.0,
        0.0,
        0.0,
        0.0,
        0.31713533842452607,
        0.11505703164209474,
        0.0,
        0.0,
        1.0,
        0.0,
        0.0,
        0.7321986554401136,
        0.0,
        1.0,
        0.0,
        0.0,
        0.0,
        0.0,
        0.0,
        0.0,
        0.6234285865969131,
        0.0,
        0.0,
        0.2640726541893897,
        0.0,
        0.0,
        0.0,
        0.0,
        0.0,
        0.0,
        0.17678630363040782,
        0.0,
        0.0,
        0.3182136597061505,
        0.18466149841473906,
        0.0,
        0.8849429683579053
    ],