{
    "x_ij_mccormick": [
        0.0,
        0.43058755560750206,
        0.0,
        0.0,
        0.7285254925442419,
        0.0,
        1.5490429545548066,
        0.0,
        0.0,
        0.0,
        0.0,
        0.0,
        0.0,
        0.0,
        0.0,
        0.0,
        0.0,
        0.0,
        0.0,
        0.0,
        2.3670438737119905,
        0.0,
        0.0,
        0.0,
        0.0,
        0.0,
        0.0,
        2.0,
        0.0,
        0.0,
        0.0,
        0.0,
        0.0,
        0.0,
        0.0,
        0.0,
        0.0,
        0.0,
        0.0,
        0.0,
        0.0,
        0.0,
        0.0,
        0.7430256473425711,
        0.0,
        0.0,
        0.0,
        0.0,
        0.0,
        0.0,
        0.0,
        0.0,
        0.0,
        0.0,
        0.0,
        1.1452217214289295,
        0.0,
        0.3107876627416122,
        0.10212254086609496,
        0.961081605948962,
        0.0,
        0.0,
        0.0,
        0.0,
        6.0,
        0.0,
        0.0,
        0.0,
        0.0,
        0.8103740325371559,
        0.0,
        0.0,
        0.0,
        0.0,
        0.0,
        0.0,
        0.0,
        1.0005878344505623,
        0.0,
        0.0,
        0.0,
        0.0,
        0.0,
        0.0,
        0.0,
        0.0,
        0.0,
        0.0766391445129404,
        0.0,
        0.0,
        0.0,
        0.0,
        0.0,
        0.0,
        0.0,
        0.0,
        0.0,
        0.8956049393793764,
        0.0,
        0.1301937922230505,
        0.0,
        0.0,
        0.0,
        0.0,
        0.0,
        0.0,
        0.0,
        0.0,
        0.0,
        0.0,
        0.0,
        0.0,
        0.0,
        2.218495338808667,
        0.0,
        0.0
    ],
    "x_il_mccormick": [
        0.0,
        0.0,
        0.0,
        2.4150136431720024,
        4.34635078003982,
        1.0042699460642817,
        0.0,
        0.0,
        0.0,
        0.0,
        0.0,
        3.0,
        0.0,
        0.0,
        2.4375746015637976,
        0.0,
        0.0,
        0.0,
        5.0,
        0.0,
        0.9407909636694005,
        0.44668709938091183,
        3.0,
        1.0201187318128428,
        1.9798812681871572,
        0.0,
        3.0,
        0.0,
        1.8547782785710705,
        0.9359792308699136,
        1.156724600349791,
        0.49438596517258815,
        0.0,
        0.0,
        0.0,
        0.0,
        0.0,
        0.0,
        1.3506090985394903,
        0.17698184795821192,
        0.0,
        0.0,
        2.9233608554870596,
        0.0,
        0.0,
        1.876543925774501,
        0.0,
        3.0,
        0.0,
        0.0,
        0.0,
        0.0,
        0.0,
        0.0,
        2.7011352843135907,
        0.0,
        0.0,
        0.0,
        0.0,
        0.0,
        0.0,
        0.0,
        0.0,
        0.0,
        0.2925651306439685,
        0.0,
        0.0,
        3.582544130249046,
        2.198960530942287,
        0.0,
        7.292072608167151
    ],
    "x_lj_mccormick": [
        1.271474507455758,
        5.327773740892655,
        0.0,
        0.8698062077769495,
        0.4509570454451934,
        1.0,
        0.0,
        0.0,
        2.0,
        0.10439506062062368,
        0.805004547723967,
        1.7146341658214275,
        1.0,
        0.28536583417857253,
        1.569412444392498,
        0.0,
        0.0,
        0.0,
        0.28536583417857253,
        0.0,
        0.0,
        2.0,
        0.896662657587344,
        1.038918394051038,
        0.18962596746284408,
        0.0,
        5.689212337258388,
        2.310787662741612,
        0.0,
        0.0,
        2.0,
        0.897877459133905,
        0.10212254086609507,
        2.0,
        6.0,
        0.0,
        1.9233608554870596,
        1.0,
        0.0,
        0.0,
        0.9994121655494376,
        2.5439906158294585,
        0.09852346660409528,
        1.2569743526574289,
        4.901476533395905,
        0.38686042492877254,
        1.9014765333959047,
        0.0,
        0.0,
        1.0985234666040953,
        1.194995452276033,
        1.3123382466132483,
        0.0
    ],
    "q_mccormick": [
        0.0,
        0.0,
        0.0,
        0.8050045477240177,
        0.6979833156644142,
        0.5533129006190882,
        0.0,
        0.0,
        0.0,
        0.0,
        0.0,
        1.0,
        0.0,
        0.0,
        0.3046968251954747,
        0.0,
        0.0,
        0.21529377780375103,
        0.625,
        0.0,
        0.5002939172252812,
        0.44668709938091183,
        1.0,
        0.3744853580751663,
        0.2474851585233946,
        0.0,
        0.375,
        0.0,
        0.784706222196249,
        0.8537174346780158,
        0.7812769588977919,
        0.19499545227598222,
        0.0,
        0.0,
        0.0,
        0.0,
        0.0,
        0.0,
        0.21872304110220805,
        0.08849092397910596,
        0.0,
        0.0,
        1.0,
        0.0,
        0.0,
        0.6255146419248336,
        0.0,
        1.0,
        0.0,
        0.0,
        0.0,
        0.0,
        0.0,
        0.0,
        0.4997060827747188,
        0.0,
        0.0,
        0.0,
        0.0,
        0.0,
        0.0,
        0.0,
        0.0,
        0.0,
        0.14628256532198425,
        0.0,
        0.0,
        0.4478180162811307,
        0.30201668433558576,
        0.0,
        0.9115090760208937
    ],