{
    "x_ij_mccormick": [
        0.0,
        0.0,
        0.3632056572104292,
        0.0,
        0.7319070640601506,
        0.0,
        1.901724840322353,
        0.0,
        0.0,
        0.0,
        0.0,
        0.0,
        0.0,
        0.0,
        0.0,
        0.0,
        0.0,
        0.0,
        0.22554176862321829,
        0.0,
        0.0,
        0.0,
        0.0,
        0.0,
        0.0,
        0.0,
        0.0,
        2.0,
        0.0,
        0.4002451241508297,
        0.0,
        0.0,
        0.0,
        0.0,
        0.0,
        0.0,
        0.0,
        0.0,
        0.0,
        0.0,
        0.0,
        0.0,
        0.0,
        0.7483864971567382,
        0.0,
        0.0,
        0.0,
        0.0,
        0.0,
        0.0,
        0.0,
        0.0,
        0.0,
        0.0,
        0.0,
        0.6292972213018866,
        0.0,
        0.3401938491890153,
        0.0,
        1.3893962280015715,
        0.0,
        0.0,
        0.0,
        0.0,
        6.0,
        0.0,
        0.0,
        0.0,
        0.0,
        0.7744582313767817,
        0.0,
        0.0,
        0.0,
        0.0,
        0.0,
        0.0,
        0.0,
        0.505347907499966,
        0.0,
        0.0,
        0.0,
        0.0,
        0.0,
        0.0,
        0.0,
        0.0,
        0.0,
        0.2332411475856675,
        0.0,
        0.0,
        0.0,
        0.0,
        0.0,
        0.0,
        0.0,
        0.0,
        0.0,
        0.3022215834885701,
        0.0,
        0.2680929359398494,
        0.0,
        0.0,
        0.0,
        0.0,
        0.0,
        0.0,
        0.0,
        0.0,
        0.0,
        0.0,
        0.0,
        0.0,
        0.0,
        5.7608887938852344,
        0.0,
        0.0
    ],
    "x_il_mccormick": [
        0.0,
        0.5778082806348703,
        0.0,
        2.2850930355859647,
        2.5536313825313304,
        0.5204668790427767,
        0.0,
        0.0,
        0.924658620492691,
        0.6684159988766413,
        0.0,
        3.0,
        0.0,
        0.0,
        2.5997548758491704,
        0.0,
        0.0,
        0.0,
        5.430111108225777,
        0.0,
        0.0,
        0.0,
        3.0,
        0.7635247024566274,
        2.2364752975433726,
        0.0,
        2.569888891774224,
        0.0,
        2.3707027786981136,
        0.5502286832849599,
        2.109577467526025,
        0.0,
        0.0,
        0.0,
        0.0,
        0.0,
        0.0,
        0.0,
        0.0,
        0.3938873614607886,
        0.0,
        0.0,
        2.7667588524143323,
        0.0,
        0.0,
        2.1783380962839267,
        0.0,
        2.704423941085917,
        0.0,
        0.0,
        0.0,
        0.0,
        0.0,
        0.0,
        4.69454020156078,
        0.0,
        0.0,
        3.745490644634925,
        0.0,
        0.0,
        0.0,
        0.0,
        0.0,
        0.0,
        0.06037508871346864,
        0.0,
        0.0,
        2.2391112061147656,
        0.0,
        0.0,
        6.424450554156845
    ],
    "x_lj_mccormick": [
        1.2680929359398494,
        4.818337915617634,
        0.0,
        0.7319070640601506,
        0.09827515967764698,
        1.0,
        0.0,
        0.0,
        2.0,
        0.6977784165114299,
        0.255730617951176,
        1.6292972213018866,
        1.0,
        0.3707027786981134,
        2.0,
        0.0,
        0.0,
        0.0,
        0.3707027786981134,
        0.0,
        0.0,
        2.0,
        0.9418627987405542,
        0.6106037719984285,
        0.0,
        0.0,
        5.659806150810985,
        2.170814669637368,
        0.0,
        0.16937917955164794,
        1.8738031206375647,
        0.8306208204483521,
        0.0,
        2.0,
        6.0,
        0.0,
        1.7667588524143325,
        1.0,
        0.0,
        0.0,
        1.494652092500034,
        3.199888109060746,
        0.0,
        0.8884078456328326,
        5.0,
        0.4107141815334229,
        2.0,
        0.0,
        0.0,
        1.0,
        1.744269382048824,
        0.23911120611476555,
        0.1261968793624353
    ],
    "q_mccormick": [
        0.0,
        0.5778082806348703,
        0.0,
        0.7616976785286549,
        0.4442039228164163,
        0.42219171936512967,
        0.0,
        0.0,
        0.11558232756158637,
        0.23830232147134514,
        0.0,
        1.0,
        0.0,
        0.0,
        0.32496935948114636,
        0.0,
        0.0,
        0.0,
        0.6787638885282221,
        0.0,
        0.252673953749983,
        0.0,
        1.0,
        0.27388730123869104,
        0.2795594121929216,
        0.0,
        0.32123611147177783,
        0.0,
        1.0,
        0.9698124556432657,
        1.0,
        0.0,
        0.0,
        0.0,
        0.0,
        0.0,
        0.0,
        0.0,
        0.0,
        0.1969436807303943,
        0.0,
        0.0,
        1.0,
        0.0,
        0.0,
        0.7261126987613089,
        0.0,
        1.0,
        0.0,
        0.0,
        0.0,
        0.0,
        0.0,
        0.0,
        0.747326046250017,
        0.0,
        0.0,
        0.5557960771835837,
        0.0,
        0.0,
        0.0,
        0.0,
        0.0,
        0.0,
        0.03018754435673432,
        0.0,
        0.0,
        0.2798889007643457,
        0.0,
        0.0,
        0.8030563192696056
    ],