{
    "x_ij_mccormick": [
        0.0,
        0.0,
        0.0,
        0.0,
        0.0,
        0.0,
        1.3559216553722773,
        0.0,
        0.0,
        0.0,
        0.0,
        0.0,
        0.0,
        0.0,
        0.0,
        0.0,
        0.0,
        0.0,
        0.21130176557766922,
        0.0,
        0.0,
        0.0,
        0.0,
        0.0,
        0.0,
        0.0,
        0.0,
        2.0,
        0.0,
        0.0,
        0.0,
        0.0,
        0.0,
        0.0,
        0.0,
        0.0,
        0.0,
        0.0,
        0.0,
        0.0,
        0.0,
        0.0,
        0.0,
        0.35997957719429535,
        0.4400246444582674,
        0.0,
        0.0,
        0.0,
        0.0,
        0.0,
        0.0,
        0.0,
        0.0,
        0.0,
        0.0,
        0.24400322494256743,
        0.0,
        0.6823024370895139,
        0.015684598149635926,
        0.23841788722096258,
        0.0,
        0.0,
        0.0,
        0.0,
        6.0,
        0.0,
        0.0,
        0.0,
        0.0,
        0.7886982344223308,
        0.0,
        0.0,
        0.0,
        0.0,
        0.0,
        0.0,
        0.0,
        0.8463182598548102,
        0.0,
        0.0,
        0.0,
        0.0,
        0.0,
        0.0,
        0.0,
        0.0,
        0.0,
        0.0,
        0.0,
        0.0,
        0.0,
        0.0,
        0.0,
        0.0,
        0.0,
        0.0,
        0.0,
        0.8187915613026465,
        0.0,
        0.0,
        0.0,
        0.0,
        0.0,
        0.0,
        0.0,
        0.0,
        0.0,
        0.0,
        0.0,
        0.0,
        0.0,
        0.0,
        0.09092449915546397,
        4.57559908651215,
        0.0,
        0.0
    ],
    "x_il_mccormick": [
        0.0,
        0.0889142405701624,
        0.0,
        2.2362753915415183,
        4.0607062131049725,
        1.5551641040575603,
        0.0,
        0.0,
        2.4669525279573996,
        0.6903581776696746,
        0.0,
        3.0,
        0.0,
        0.0,
        3.0,
        0.0,
        0.0,
        0.0,
        7.640020422805704,
        0.0,
        0.9456831413464295,
        0.0,
        3.0,
        0.6004120556795355,
        2.3995879443204644,
        0.0,
        0.3599795771942951,
        0.0,
        2.7559967750574326,
        1.080766379372806,
        1.221246585388044,
        0.0,
        0.0,
        0.0,
        0.0,
        0.0,
        0.0,
        0.0,
        1.4577291975859665,
        0.0,
        0.0,
        0.0,
        3.0,
        0.0,
        0.0,
        2.344237414970105,
        0.0,
        2.984315401850364,
        0.0,
        0.0,
        0.0,
        0.0,
        0.0,
        0.0,
        3.281692936766679,
        0.0,
        0.0,
        0.0,
        0.0,
        0.0,
        0.0,
        0.0,
        0.0,
        0.0,
        0.6808157334062314,
        0.0,
        0.0,
        0.13345952772213554,
        3.2000168866102507,
        0.0,
        7.092351404419317
    ],
    "x_lj_mccormick": [
        2.0,
        4.092351404419317,
        0.0,
        1.0,
        0.6440783446277227,
        1.0,
        0.0,
        0.0,
        2.0,
        0.18120843869735345,
        0.7454251305138393,
        1.2440032249425674,
        0.909075500844536,
        0.8469212742128964,
        2.0,
        0.0,
        0.0,
        0.0,
        0.7559967750574327,
        0.0,
        0.0,
        2.0,
        0.9446494706496404,
        1.7615821127790374,
        0.0,
        0.0,
        5.317697562910486,
        2.682302437089514,
        0.0,
        0.0,
        2.0,
        0.984315401850364,
        0.0,
        2.0,
        5.559975355541733,
        0.4400246444582674,
        2.0,
        1.0,
        0.0,
        0.0,
        1.1536817401451898,
        3.0736943379679187,
        0.0,
        1.1999957783474373,
        5.0,
        1.0607273213677864,
        2.0,
        0.0,
        0.0,
        1.0,
        1.2545748694861607,
        1.42440091348785,
        0.0
    ],
    "q_mccormick": [
        0.0,
        0.0889142405701624,
        0.0,
        0.7454251305138395,
        0.5999978891737187,
        0.9110857594298376,
        0.0,
        0.0,
        0.30836906599467506,
        0.25457486948616054,
        0.0,
        1.0,
        0.0,
        0.0,
        0.375,
        0.0,
        0.0,
        0.0,
        0.9550025528507131,
        0.0,
        0.4231591299274051,
        0.0,
        1.0,
        0.21858752834329834,
        0.299948493040058,
        0.0,
        0.04499744714928674,
        0.0,
        1.0,
        0.6595921332968842,
        0.762599847752025,
        0.0,
        0.0,
        0.0,
        0.0,
        0.0,
        0.0,
        0.0,
        0.23740015224797498,
        0.0,
        0.0,
        0.0,
        1.0,
        0.0,
        0.0,
        0.7814124716567017,
        0.0,
        1.0,
        0.0,
        0.0,
        0.0,
        0.0,
        0.0,
        0.0,
        0.5768408700725949,
        0.0,
        0.0,
        0.0,
        0.0,
        0.0,
        0.0,
        0.0,
        0.0,
        0.0,
        0.34040786670311585,
        0.0,
        0.0,
        0.016682440965266943,
        0.40000211082628134,
        0.0,
        1.0
    ],