{
    "x_ij_mccormick": [
        0.0,
        0.020211677242363724,
        0.13853672851054522,
        0.0,
        0.15419770161475221,
        0.0,
        1.5177897715260213,
        0.0,
        0.0,
        0.0,
        0.0,
        0.0,
        0.0,
        0.0,
        0.0,
        0.0,
        0.0,
        0.0,
        0.20275583676594544,
        0.0,
        0.0,
        0.0,
        0.0,
        0.0,
        0.0,
        0.0,
        0.0,
        2.0,
        0.0,
        0.0,
        0.0,
        0.0,
        0.0,
        0.0,
        0.0,
        0.0,
        0.0,
        0.0,
        0.0,
        0.0,
        0.0,
        0.0,
        0.0,
        1.0728559526738,
        0.0,
        0.0,
        0.0,
        0.0,
        0.0,
        0.0,
        0.0,
        0.0,
        0.0,
        0.0,
        0.0,
        0.6873157914913968,
        0.0,
        1.284325575933095,
        0.07238391368390887,
        1.0937575939810062,
        0.0,
        0.0,
        0.0,
        0.0,
        6.0,
        0.0,
        0.0,
        0.0,
        0.0,
        0.7972441632340546,
        0.0,
        0.0,
        0.0,
        0.0,
        0.0,
        0.0,
        0.0,
        0.8665042484219574,
        0.0,
        0.0,
        0.0,
        0.0,
        0.0,
        0.0,
        0.0,
        0.0,
        0.0,
        0.0,
        0.0,
        0.0,
        0.0,
        0.0,
        0.0,
        0.0,
        0.0,
        0.0,
        0.0,
        0.8745830695085878,
        0.0,
        0.17087249308256502,
        0.0,
        0.0,
        0.0,
        0.0,
        0.0,
        0.0,
        0.0,
        0.0,
        0.0,
        0.0,
        0.0,
        0.0,
        0.0,
        5.443242591996154,
        0.0,
        0.0
    ],
    "x_il_mccormick": [
        0.0,
        0.7235023964955651,
        0.0,
        2.2722223264063133,
        2.31030547212538,
        0.7587078319784136,
        0.0,
        0.0,
        0.46062882868260835,
        0.6106020462205365,
        0.0,
        3.0,
        0.0,
        0.0,
        3.0,
        0.0,
        0.0,
        0.0,
        6.9271440473262,
        0.0,
        0.19263855807893315,
        0.0,
        3.0,
        1.0173862366864548,
        1.9826137633135452,
        0.0,
        1.0728559526738,
        0.0,
        2.3126842085086032,
        0.47562726578963155,
        1.1676632445933646,
        0.0,
        0.0,
        0.0,
        0.0,
        0.0,
        0.0,
        0.0,
        0.631686721275044,
        0.34174498616513005,
        0.0,
        0.0,
        3.0,
        0.0,
        0.0,
        1.8937579820541672,
        0.0,
        2.927616086316091,
        0.0,
        0.0,
        0.0,
        0.0,
        0.0,
        0.0,
        2.9692158260746178,
        0.0,
        0.0,
        4.845570724737381,
        0.0,
        0.0,
        0.0,
        0.0,
        0.0,
        0.0,
        0.4306151402293623,
        0.0,
        0.0,
        2.556757408003846,
        0.0,
        0.0,
        6.633020055339479
    ],
    "x_lj_mccormick": [
        1.8458022983852478,
        4.299835236201926,
        0.0,
        0.829127506917435,
        0.48221022847397876,
        1.0,
        0.0,
        0.0,
        2.0,
        0.12541693049141225,
        0.7574074421354378,
        1.6671041142490328,
        1.0,
        0.3328958857509672,
        1.9797883227576363,
        0.0,
        0.0,
        0.0,
        0.3328958857509672,
        0.0,
        0.0,
        2.0,
        0.9111442187406222,
        0.9062424060189939,
        0.0,
        0.0,
        4.715674424066905,
        3.284325575933095,
        0.0,
        0.0,
        2.0,
        0.9276160863160912,
        0.0,
        2.0,
        6.0,
        0.0,
        2.0,
        1.0,
        0.0,
        0.0,
        1.1334957515780426,
        2.0283586325755083,
        0.0,
        0.7886073188156548,
        5.0,
        1.3672688780471063,
        2.0,
        0.0,
        0.0,
        1.0,
        1.2425925578645622,
        0.5567574080038463,
        0.0
    ],
    "q_mccormick": [
        0.0,
        0.7235023964955651,
        0.0,
        0.7574074421354378,
        0.3943036594078274,
        0.27649760350443486,
        0.0,
        0.0,
        0.05757860358532607,
        0.2425925578645621,
        0.0,
        1.0,
        0.0,
        0.0,
        0.375,
        0.0,
        0.0,
        0.010105838621181862,
        0.865893005915775,
        0.0,
        0.4332521242109787,
        0.0,
        1.0,
        0.36874733931527753,
        0.24782672041419318,
        0.0,
        0.134106994084225,
        0.0,
        0.9898941613788181,
        0.7846924298853188,
        0.9072070986660257,
        0.0,
        0.0,
        0.0,
        0.0,
        0.0,
        0.0,
        0.0,
        0.09279290133397439,
        0.17087249308256502,
        0.0,
        0.0,
        1.0,
        0.0,
        0.0,
        0.6312526606847224,
        0.0,
        1.0,
        0.0,
        0.0,
        0.0,
        0.0,
        0.0,
        0.0,
        0.5667478757890213,
        0.0,
        0.0,
        0.6056963405921726,
        0.0,
        0.0,
        0.0,
        0.0,
        0.0,
        0.0,
        0.21530757011468116,
        0.0,
        0.0,
        0.31959467600048075,
        0.0,
        0.0,
        0.829127506917435
    ],