{
    "x_ij_mccormick": [
        0.0,
        0.6052275068721527,
        0.0,
        0.0,
        0.3356018475974518,
        0.0,
        1.4532099492468102,
        0.0,
        0.0,
        0.0,
        0.0,
        0.0,
        0.0,
        0.0,
        0.0,
        0.0,
        0.0,
        0.0,
        0.0,
        0.0,
        0.0,
        0.0,
        0.0,
        0.0,
        0.03010883951097787,
        0.0,
        0.0,
        2.0,
        0.0,
        0.0,
        0.0,
        0.0,
        0.0,
        0.0,
        0.0,
        0.0,
        0.0,
        0.0,
        0.0,
        0.0,
        0.0,
        0.0,
        0.0,
        0.7746599966308858,
        0.0,
        0.0,
        0.0,
        0.0,
        0.0,
        0.0,
        0.0,
        0.0,
        0.0,
        0.0,
        0.0,
        0.0,
        0.0,
        0.5215667318724488,
        0.060835617127870306,
        1.207807667753235,
        0.0,
        0.0,
        0.0,
        0.0,
        6.0,
        0.0,
        0.0,
        0.0,
        0.0,
        0.8185823222924201,
        0.0,
        0.0,
        0.0,
        0.0,
        0.0,
        0.0,
        0.0,
        0.9230405777918518,
        0.0,
        0.0,
        0.0,
        0.0,
        0.0,
        0.0,
        0.0,
        0.0,
        0.0,
        0.0,
        0.0,
        0.0,
        0.0,
        0.0,
        0.0,
        0.0,
        0.0,
        0.0,
        0.0,
        0.8908037851390963,
        0.0,
        0.0,
        0.0,
        0.0,
        0.0,
        0.0,
        0.0,
        0.0,
        0.0,
        0.0,
        0.0,
        0.0,
        0.0,
        0.0,
        0.0210673772647042,
        4.868905377654732,
        0.0,
        0.0
    ],
    "x_il_mccormick": [
        0.0,
        0.0,
        0.0,
        2.4062870931012714,
        3.339335648939521,
        0.9675708466215883,
        0.0,
        0.0,
        0.6150653724418754,
        0.0,
        0.0,
        3.0,
        0.0,
        0.0,
        3.0,
        0.0,
        0.0,
        0.11192876362352666,
        5.0,
        0.0,
        0.9288910850557213,
        0.5792192041316013,
        3.0,
        0.9760516447237193,
        2.0239483552762807,
        0.0,
        3.0,
        0.0,
        3.0,
        0.7447973687510264,
        1.1677954627885987,
        0.5050048194600558,
        0.0,
        0.0,
        0.0,
        0.0,
        0.0,
        0.0,
        1.0702590052173968,
        0.20118676512200584,
        0.0,
        0.0,
        3.0,
        0.0,
        0.0,
        1.9204737563836773,
        0.0,
        3.0,
        0.0,
        0.0,
        0.0,
        0.0,
        0.0,
        0.0,
        3.718260769825097,
        0.0,
        0.0,
        1.5749390170939375,
        0.0,
        0.0,
        0.0,
        0.0,
        0.0,
        0.0,
        0.22881264120331846,
        0.0,
        0.0,
        2.3609862722818438,
        0.7490409727987198,
        0.0,
        7.195252939511976
    ],
    "x_lj_mccormick": [
        1.6643981524025482,
        4.832634934792437,
        0.0,
        0.8994066174389971,
        0.5467900507531896,
        1.0,
        0.0,
        0.0,
        1.9698911604890221,
        0.1091962148609037,
        0.8322045372114013,
        1.6027432848558605,
        0.9789326227352958,
        0.41832409240884383,
        1.3947724931278473,
        0.0,
        0.0,
        0.0,
        0.3972567151441395,
        1.3198995553515398,
        0.0,
        2.0,
        0.8965254011073964,
        0.792192332246765,
        0.1814176777075799,
        0.0,
        5.478433268127551,
        2.521566731872449,
        0.0,
        0.0,
        2.0,
        0.9391643828721297,
        0.060835617127870334,
        2.0,
        6.0,
        0.0,
        2.0,
        1.0,
        0.0,
        0.0,
        1.0769594222081482,
        3.478433268127551,
        0.09175916454511857,
        1.2253400033691142,
        3.6889346626643444,
        0.7490409727987198,
        1.9082408354548814,
        0.10059338256100292,
        0.0,
        0.9911657819841156,
        1.1677954627885987,
        1.0702590052173968,
        0.0
    ],
    "q_mccormick": [
        0.0,
        0.0,
        0.0,
        0.8020956977004239,
        0.6126700016845571,
        0.42078079586839867,
        0.0,
        0.0,
        0.07688317155523444,
        0.0,
        0.0,
        1.0,
        0.0,
        0.0,
        0.375,
        0.0,
        0.0,
        0.3026137534360763,
        0.625,
        0.0,
        0.4615202888959259,
        0.5792192041316013,
        1.0,
        0.3598420812054409,
        0.2529935444095351,
        0.0,
        0.375,
        0.0,
        0.6973862465639237,
        0.8855936793983409,
        0.8216234991304339,
        0.1979043022995761,
        0.0,
        0.0,
        0.0,
        0.0,
        0.0,
        0.0,
        0.17837650086956613,
        0.10059338256100292,
        0.0,
        0.0,
        1.0,
        0.0,
        0.0,
        0.6401579187945591,
        0.0,
        1.0,
        0.0,
        0.0,
        0.0,
        0.0,
        0.0,
        0.0,
        0.5384797111040741,
        0.0,
        0.0,
        0.2624898361823229,
        0.0,
        0.0,
        0.0,
        0.0,
        0.0,
        0.0,
        0.11440632060165912,
        0.0,
        0.0,
        0.29512328403523047,
        0.12484016213311998,
        0.0,
        0.8994066174389971
    ],