{
    "x_ij_mccormick": [
        0.0,
        0.0,
        0.11857374228025905,
        0.0,
        0.1706088498611158,
        0.0,
        1.5859233797889465,
        0.0,
        0.0,
        0.0,
        0.0,
        0.0,
        0.0,
        0.0,
        0.0,
        0.0,
        0.0,
        0.0,
        0.20710147930611844,
        0.0,
        0.0,
        0.0,
        0.0,
        0.0,
        0.0,
        0.0,
        0.0,
        2.0,
        0.0,
        0.0,
        0.0,
        0.0,
        0.0,
        0.0,
        0.0,
        0.0,
        0.0,
        0.0,
        0.0,
        0.0,
        0.0,
        0.0,
        0.0,
        0.9662802524963143,
        0.0,
        0.0,
        0.0,
        0.0,
        0.0,
        0.0,
        0.0,
        0.0,
        0.0,
        0.0,
        0.0,
        0.15192364870495023,
        0.0,
        0.4831401262481565,
        0.12102699955316949,
        0.1588836862318932,
        0.0,
        0.0,
        0.0,
        0.0,
        6.0,
        0.0,
        0.0,
        0.0,
        0.0,
        0.7928985206938816,
        0.0,
        0.0,
        0.0,
        0.0,
        0.0,
        0.0,
        0.0,
        0.6359584904582112,
        0.0,
        0.0,
        0.0,
        0.0,
        0.0,
        0.0,
        0.0,
        0.0,
        0.0,
        0.0,
        0.0,
        0.0,
        0.0,
        0.0,
        0.0,
        0.0,
        0.0,
        0.0,
        0.0,
        0.8296704822921588,
        0.0,
        0.2338398766331442,
        0.0,
        0.0,
        0.0,
        0.0,
        0.0,
        0.0,
        0.0,
        0.0,
        0.0,
        0.0,
        0.0,
        0.0,
        0.04561419614401774,
        5.034249666013265,
        0.0,
        0.0
    ],
    "x_il_mccormick": [
        0.0,
        0.664986073986676,
        0.0,
        2.327072365965667,
        2.690653007527154,
        0.7490905462243775,
        0.0,
        0.0,
        0.0,
        0.6077014303720613,
        0.0,
        3.0,
        0.0,
        0.0,
        2.97110564618137,
        0.0,
        0.0,
        0.0,
        7.033719747503685,
        0.0,
        0.3228556519585353,
        0.0,
        3.0,
        0.8611727973906391,
        2.138827202609361,
        0.0,
        0.9662802524963152,
        0.0,
        2.8480763512950498,
        1.1381444810809174,
        1.2576883931177565,
        0.0,
        0.0,
        0.0,
        0.0,
        0.0,
        0.0,
        0.0,
        0.8225906626859225,
        0.4676797532662883,
        0.0,
        0.0,
        3.0,
        0.0,
        0.0,
        2.0675457608414964,
        0.0,
        2.966800992378535,
        0.0,
        0.0,
        0.0,
        0.0,
        0.0,
        0.0,
        4.406122082630147,
        0.0,
        0.0,
        4.299323996928363,
        0.0,
        0.0,
        0.0,
        0.0,
        0.0,
        0.03319900762146499,
        0.7029718326871894,
        0.0,
        0.0,
        2.8900671512092693,
        0.030068986633447592,
        0.0,
        6.1292809869348455
    ],
    "x_lj_mccormick": [
        1.8293911501388842,
        4.001409466695394,
        0.0,
        0.7661601233668558,
        0.4140766202110535,
        1.0,
        0.0,
        0.0,
        2.0,
        0.17032951770784124,
        0.7644442786298868,
        1.15192364870495,
        0.9543858038559823,
        0.893690547439068,
        2.0,
        0.0,
        0.0,
        0.0,
        0.84807635129505,
        0.0,
        0.0,
        2.0,
        0.9287185582321353,
        1.8411163137681068,
        0.0,
        0.0,
        5.5168598737518435,
        2.4831401262481565,
        0.0,
        0.0,
        1.9778673282523567,
        0.8789730004468305,
        0.14315967130081297,
        2.0,
        6.0,
        0.0,
        2.0,
        1.0,
        0.0,
        0.0,
        1.3640415095417888,
        3.3649362250468933,
        0.0,
        0.9151460052234266,
        5.0,
        1.1048999858655382,
        2.0,
        0.0,
        0.0,
        1.0,
        1.2355557213701132,
        0.8225906626859225,
        0.02213267174764333
    ],
    "q_mccormick": [
        0.0,
        0.664986073986676,
        0.0,
        0.7756907886552223,
        0.4575730026117133,
        0.335013926013324,
        0.0,
        0.0,
        0.0,
        0.2243092113447777,
        0.0,
        1.0,
        0.0,
        0.0,
        0.3713882057726712,
        0.0,
        0.0,
        0.0,
        0.8792149684379607,
        0.0,
        0.3179792452291056,
        0.0,
        1.0,
        0.31081807971950126,
        0.26735340032617017,
        0.0,
        0.12078503156203935,
        0.0,
        1.0,
        0.6485140836564053,
        0.8629015562190129,
        0.0,
        0.0,
        0.0,
        0.0,
        0.0,
        0.0,
        0.0,
        0.1370984437809871,
        0.23383987663314415,
        0.0,
        0.0,
        1.0,
        0.0,
        0.0,
        0.6891819202804987,
        0.0,
        0.9889336641261783,
        0.0,
        0.0,
        0.0,
        0.0,
        0.0,
        0.0,
        0.6820207547708944,
        0.0,
        0.0,
        0.5374154996160454,
        0.0,
        0.0,
        0.0,
        0.0,
        0.0,
        0.011066335873821664,
        0.3514859163435947,
        0.0,
        0.0,
        0.36125839390115866,
        0.005011497772241265,
        0.0,
        0.7661601233668558
    ],