{
    "x_ij_mccormick": [
        0.0,
        0.31808783964939513,
        0.0,
        0.0,
        0.6358085379958074,
        0.0,
        1.5332269840472033,
        0.0,
        0.0,
        0.0,
        0.0,
        0.0,
        0.0,
        0.0,
        0.0,
        0.0,
        0.0,
        0.0,
        0.0,
        0.0,
        0.0,
        0.0,
        0.0,
        0.0,
        0.0,
        0.0,
        0.0,
        2.0,
        0.0,
        0.0,
        0.0,
        0.0,
        0.0,
        0.0,
        0.0,
        0.0,
        0.0,
        0.0,
        0.0,
        0.0,
        0.0,
        0.0,
        0.0,
        0.7985120072018579,
        0.0,
        0.0,
        0.0,
        0.0,
        0.0,
        0.0,
        0.0,
        0.0,
        0.0,
        0.0,
        0.0,
        1.3180878396493951,
        0.0,
        0.5206541218183354,
        0.09449030182305507,
        1.0903308511338474,
        0.0,
        0.0,
        0.0,
        0.0,
        6.0,
        0.0,
        0.0,
        0.0,
        0.0,
        0.8131350614432339,
        0.0,
        0.0,
        0.0,
        0.0,
        0.0,
        0.0,
        0.007303066994398311,
        0.8345183314345115,
        0.0,
        0.0,
        0.0,
        0.0,
        0.0,
        0.0,
        0.0,
        0.0,
        0.0,
        0.13781384442051858,
        0.0,
        0.0,
        0.0,
        0.0,
        0.0,
        0.0,
        0.0,
        0.0,
        0.0,
        0.8602893661288417,
        0.0,
        0.1234119174246796,
        0.0,
        0.0,
        0.0,
        0.0,
        0.0,
        0.0,
        0.0,
        0.0,
        0.0,
        0.0,
        0.0,
        0.0,
        0.046339482557014255,
        4.834887607695084,
        0.0,
        0.0
    ],
    "x_il_mccormick": [
        0.0,
        0.0,
        0.0,
        2.378288173177765,
        3.465402586511844,
        0.6928564569347967,
        0.0,
        0.0,
        0.17070129393394107,
        0.0,
        0.0,
        3.0,
        0.0,
        0.0,
        3.0,
        0.0,
        0.0,
        1.1461160613611279,
        5.040744439215749,
        0.0,
        0.0,
        0.7666134920236016,
        3.0,
        0.8019953666508344,
        2.1980046333491656,
        0.0,
        2.959255560784251,
        0.0,
        1.6819121603506049,
        0.6842693584002003,
        1.1464010328724277,
        0.5541851850859817,
        0.0,
        0.0,
        0.0,
        0.0,
        0.0,
        0.0,
        1.1314583332168453,
        0.2037088715526346,
        0.0,
        0.0,
        2.862186155579481,
        0.0,
        0.0,
        2.1311098996340254,
        0.0,
        3.0,
        0.0,
        0.0,
        0.0,
        0.0,
        0.0,
        0.0,
        3.3267397070977576,
        0.0,
        0.0,
        1.9080571845745653,
        0.0,
        0.0,
        0.0,
        0.0,
        0.0,
        0.0,
        0.41226472902271843,
        0.0,
        0.0,
        2.6312940727168934,
        0.48747883703100847,
        0.0,
        7.185164513789461
    ],
    "x_lj_mccormick": [
        1.3641914620041926,
        5.1480938407625825,
        0.0,
        0.8765880825753204,
        0.46677301595279663,
        0.9926969330056017,
        0.0,
        0.0,
        2.0,
        0.1397106338711583,
        0.7927627243925883,
        1.6819121603506049,
        0.9536605174429857,
        0.36442732220640917,
        1.6819121603506049,
        0.0,
        0.0,
        0.0,
        0.318087839649395,
        0.8280282217117327,
        0.0,
        2.0,
        0.93310526628486,
        0.9096691488661526,
        0.18686493855676614,
        0.0,
        5.479345878181665,
        2.5206541218183354,
        0.0,
        0.0,
        2.0,
        0.9055096981769449,
        0.09449030182305507,
        2.0,
        6.0,
        0.0,
        1.8621861555794814,
        1.0,
        0.0,
        0.0,
        1.1654816685654885,
        2.161258038532269,
        0.0,
        1.2014879927981421,
        4.171971778288267,
        0.48747883703100847,
        2.0,
        0.0,
        0.0,
        1.0,
        1.2072372756074117,
        1.0706220904818613,
        0.0
    ],
    "q_mccormick": [
        0.0,
        0.0,
        0.0,
        0.7927627243925883,
        0.6007439963990711,
        0.23338650797639832,
        0.0,
        0.0,
        0.02133766174174262,
        0.0,
        0.0,
        1.0,
        0.0,
        0.0,
        0.375,
        0.0,
        0.0,
        0.15904391982469757,
        0.6300930549019687,
        0.0,
        0.41725916571725574,
        0.7666134920236016,
        1.0,
        0.2896300334553248,
        0.2747505791686457,
        0.0,
        0.36990694509803135,
        0.0,
        0.8409560801753024,
        0.7938676354886408,
        0.8215629849196898,
        0.20723727560741168,
        0.0,
        0.0,
        0.0,
        0.0,
        0.0,
        0.0,
        0.1784370150803102,
        0.1018544357763173,
        0.0,
        0.0,
        1.0,
        0.0,
        0.0,
        0.7103699665446752,
        0.0,
        1.0,
        0.0,
        0.0,
        0.0,
        0.0,
        0.0,
        0.0,
        0.5827408342827443,
        0.0,
        0.0,
        0.31800953076242755,
        0.0,
        0.0,
        0.0,
        0.0,
        0.0,
        0.0,
        0.20613236451135922,
        0.0,
        0.0,
        0.3289117590896117,
        0.08124647283850141,
        0.0,
        0.8981455642236827
    ],