{
    "x_ij_mccormick": [
        0.0,
        0.27230126081069383,
        0.0,
        0.0,
        0.5885755470072336,
        0.0,
        1.6935717877249803,
        0.0,
        0.0,
        0.0,
        0.0,
        0.0,
        0.0,
        0.0,
        0.0,
        0.0,
        0.0,
        0.0,
        0.20202994834601784,
        0.0,
        0.0,
        0.0,
        0.0,
        0.0,
        0.0,
        0.0,
        0.0,
        2.0,
        0.0,
        0.0,
        0.0,
        0.0,
        0.0,
        0.0,
        0.0,
        0.0,
        0.0,
        0.0,
        0.0,
        0.0,
        0.0,
        0.0,
        0.0,
        0.7633729584204827,
        0.0,
        0.0,
        0.0,
        0.0,
        0.0,
        0.0,
        0.0,
        0.0,
        0.0,
        0.0,
        0.0,
        0.0,
        0.0,
        0.3877505783616586,
        0.0,
        0.13649407213101905,
        0.0,
        0.0,
        0.0,
        0.0,
        6.0,
        0.0,
        0.0,
        0.0,
        0.0,
        0.7979700516539822,
        0.0,
        0.0,
        0.0,
        0.0,
        0.0,
        0.0,
        0.0,
        0.5124640135300571,
        0.0,
        0.0,
        0.0,
        0.0,
        0.0,
        0.0,
        0.0,
        0.0,
        0.0,
        0.0,
        0.0,
        0.0,
        0.0,
        0.0,
        0.0,
        0.0,
        0.0,
        0.0,
        0.0,
        0.7832417254420813,
        0.0,
        0.13321192080790334,
        0.0,
        0.0,
        0.0,
        0.0,
        0.0,
        0.0,
        0.0,
        0.0,
        0.0,
        0.0,
        0.0,
        0.0,
        0.0,
        4.908524681836172,
        0.0,
        0.0
    ],
    "x_il_mccormick": [
        0.0,
        0.0,
        0.0,
        2.2971547508387697,
        3.1746377920158353,
        0.6694667261945092,
        0.0,
        0.0,
        0.0,
        0.6047242485235642,
        0.0,
        3.0,
        0.0,
        0.0,
        2.9720174962592525,
        0.0,
        0.0,
        0.10536956108953022,
        5.202249327682072,
        0.0,
        0.0,
        0.6369614860805105,
        3.0,
        0.6877574668787629,
        2.3122425331212373,
        0.0,
        2.797750672317928,
        0.0,
        3.0,
        1.2387466376189908,
        1.3735027840193506,
        0.0,
        0.0,
        0.0,
        0.0,
        0.0,
        0.0,
        0.0,
        0.8860070855310429,
        0.2664238416158067,
        0.0,
        0.0,
        3.0,
        0.0,
        0.0,
        2.3122425331212373,
        0.0,
        2.9120647367643517,
        0.0,
        0.0,
        0.0,
        0.0,
        0.0,
        0.0,
        5.246630131917303,
        0.0,
        0.0,
        2.3860671371514237,
        0.0,
        0.0,
        0.0,
        0.0,
        0.0,
        0.08793526323564826,
        0.6247592902499901,
        0.0,
        0.0,
        2.7157399706195102,
        0.3757353475443175,
        0.0,
        6.934304633536773
    ],
    "x_lj_mccormick": [
        1.4114244529927664,
        4.922515942967717,
        0.0,
        0.8667880791920967,
        0.3064282122750197,
        1.0,
        0.0,
        0.0,
        2.0,
        0.21675827455791874,
        0.6851207248044151,
        1.769934899946328,
        1.0,
        0.2300651000536719,
        1.7276987391893062,
        0.0,
        0.0,
        0.0,
        0.23006510005367198,
        1.147605721846552,
        0.0,
        2.0,
        1.0,
        1.863505927868981,
        0.0,
        0.0,
        5.612249421638341,
        2.240905854552639,
        0.0,
        0.14684472380901917,
        1.9413764911762343,
        0.8531552761909809,
        0.2054682326327848,
        2.0,
        6.0,
        0.0,
        2.0,
        1.0,
        0.0,
        0.0,
        1.487535986469943,
        3.759094145447361,
        0.0,
        1.2366270415795173,
        3.852394278153448,
        0.8474189569786112,
        2.0,
        0.0,
        0.0,
        1.0,
        1.314879275195585,
        0.8860070855310429,
        0.05862350882376566
    ],
    "q_mccormick": [
        0.0,
        0.0,
        0.0,
        0.7657182502795898,
        0.6183135207897587,
        0.3630385139194895,
        0.0,
        0.0,
        0.0,
        0.2342817497204102,
        0.0,
        1.0,
        0.0,
        0.0,
        0.37150218703240656,
        0.0,
        0.0,
        0.13615063040534692,
        0.650281165960259,
        0.0,
        0.0,
        0.6369614860805105,
        1.0,
        0.22925248895958764,
        0.2890303166401546,
        0.0,
        0.349718834039741,
        0.0,
        0.8638493695946531,
        0.687620354875005,
        0.8523321524114928,
        0.0,
        0.0,
        0.0,
        0.0,
        0.0,
        0.0,
        0.0,
        0.14766784758850715,
        0.13321192080790334,
        0.0,
        0.0,
        1.0,
        0.0,
        0.25623200676502855,
        0.7707475110404124,
        0.0,
        0.9706882455881172,
        0.0,
        0.0,
        0.0,
        0.0,
        0.0,
        0.0,
        0.7437679932349714,
        0.0,
        0.0,
        0.3190639212861883,
        0.0,
        0.0,
        0.0,
        0.0,
        0.0,
        0.029311754411882756,
        0.31237964512499505,
        0.0,
        0.0,
        0.3394674963274388,
        0.06262255792405291,
        0.0,
        0.8667880791920967
    ],