{
    "x_ij_mccormick": [
        0.0,
        0.0,
        0.0,
        0.0,
        0.0,
        0.0,
        1.4147674913719648,
        0.0,
        0.0,
        0.0,
        0.0,
        0.0,
        0.0,
        0.0,
        0.0,
        0.0,
        0.0,
        0.0,
        0.25481294757575923,
        0.0,
        0.0,
        0.0,
        0.0,
        0.0,
        0.0,
        0.0,
        0.0,
        2.0,
        0.0,
        0.0,
        0.0,
        0.0,
        0.0,
        0.0,
        0.0,
        0.0,
        0.0,
        0.0,
        0.0,
        0.0,
        0.0,
        0.0,
        0.0,
        0.8251999200164066,
        0.0,
        0.0,
        0.0,
        0.0,
        0.0,
        0.0,
        0.0,
        0.0,
        0.0,
        0.0,
        0.0,
        0.5820466500707671,
        0.0,
        0.0,
        0.0,
        0.0,
        0.0,
        0.0,
        0.0,
        0.0,
        6.0,
        0.0,
        0.0,
        0.0,
        0.0,
        0.7451870524242408,
        0.0,
        0.0,
        0.0,
        0.0,
        0.0,
        0.0,
        0.0,
        0.4386322486768348,
        0.0,
        0.0,
        0.0,
        0.0,
        0.0,
        0.0,
        0.0,
        0.0,
        0.0,
        0.1672870109247031,
        0.0,
        0.0,
        0.0,
        0.0,
        0.0,
        0.0,
        0.0,
        0.0,
        0.0,
        0.8114374156779199,
        0.0,
        0.0,
        0.0,
        0.0,
        0.0,
        0.0,
        0.0,
        0.0,
        0.0,
        0.0,
        0.0,
        0.0,
        0.0,
        0.0,
        0.0,
        3.8082627854615616,
        0.0,
        0.0
    ],
    "x_il_mccormick": [
        0.0,
        0.0,
        0.0,
        2.1630241159857544,
        4.076367077307177,
        0.944421698266376,
        0.0,
        0.0,
        1.4383432637328277,
        0.7181799548207568,
        0.0,
        3.0,
        0.0,
        0.0,
        3.0,
        0.0,
        0.0,
        0.0,
        5.891999009454496,
        0.0,
        0.24118468838174367,
        0.6408108103616591,
        3.0,
        0.7789791198394034,
        2.2210208801605966,
        0.0,
        2.1080009905455044,
        0.0,
        2.417953349929233,
        1.3097161685477214,
        1.6902838314522786,
        0.0,
        0.0,
        0.0,
        0.0,
        0.0,
        0.0,
        0.0,
        1.7251889214457923,
        0.061112043219730655,
        0.0,
        0.0,
        2.832712989075297,
        0.0,
        0.0,
        2.159469789510949,
        0.0,
        3.0,
        0.0,
        0.0,
        0.0,
        0.0,
        0.0,
        0.0,
        4.922533620992413,
        0.0,
        0.0,
        0.0,
        0.0,
        0.0,
        0.0,
        0.0,
        0.0,
        0.0,
        0.6902838314522786,
        0.0,
        0.0,
        1.3406358561065757,
        2.8511013584318623,
        0.0,
        7.66749201812977
    ],
    "x_lj_mccormick": [
        2.0,
        4.759160082959366,
        0.0,
        0.9694439783901346,
        0.5852325086280351,
        1.0,
        0.0,
        0.0,
        2.0,
        0.1885625843220801,
        0.692641486484431,
        1.5820466500707668,
        1.0,
        0.41795334992923316,
        2.0,
        0.0,
        0.0,
        0.0,
        0.41795334992923316,
        0.0,
        0.0,
        2.0,
        0.9384489093503525,
        2.0,
        0.0,
        0.0,
        6.0,
        1.916377024844064,
        0.0,
        0.08362297515593609,
        2.0,
        0.9163770248440639,
        0.08362297515593609,
        2.0,
        6.0,
        0.0,
        1.832712989075297,
        1.0,
        0.0,
        0.0,
        1.5613677513231652,
        3.5015763250851695,
        0.10077423296582144,
        1.1748000799835934,
        4.9297817886440445,
        0.8228865671114011,
        1.8992257670341786,
        0.03055602160986537,
        0.0,
        1.070218211355956,
        1.307358513515569,
        2.108114239382502,
        0.0
    ],
    "q_mccormick": [
        0.0,
        0.0,
        0.0,
        0.7210080386619182,
        0.6436123301960173,
        0.3591891896383409,
        0.0,
        0.0,
        0.1797929079666035,
        0.27899196133808185,
        0.0,
        1.0,
        0.0,
        0.0,
        0.375,
        0.0,
        0.0,
        0.0,
        0.7364998761818119,
        0.0,
        0.2193161243384174,
        0.6408108103616591,
        1.0,
        0.2801767368296836,
        0.2776276100200745,
        0.0,
        0.26350012381818805,
        0.0,
        1.0,
        0.6548580842738607,
        0.712468513092368,
        0.0,
        0.0,
        0.0,
        0.0,
        0.0,
        0.0,
        0.0,
        0.28753148690763203,
        0.030556021609865324,
        0.0,
        0.0,
        1.0,
        0.0,
        0.0,
        0.7198232631703164,
        0.0,
        1.0,
        0.0,
        0.0,
        0.0,
        0.0,
        0.0,
        0.0,
        0.7806838756615826,
        0.0,
        0.0,
        0.0,
        0.0,
        0.0,
        0.0,
        0.0,
        0.0,
        0.0,
        0.3451419157261393,
        0.0,
        0.0,
        0.16757948201332207,
        0.3563876698039828,
        0.0,
        0.9694439783901346
    ],