{
    "x_ij_mccormick": [
        0.0,
        0.0,
        0.0,
        0.0,
        0.0,
        0.0,
        1.7858745528756281,
        0.0,
        0.0,
        0.0,
        0.0,
        0.0,
        0.0,
        0.0,
        0.0,
        0.0,
        0.0,
        0.0,
        0.26483653261992934,
        0.0,
        0.0,
        0.0,
        0.0,
        0.0,
        0.0,
        0.0,
        0.0,
        2.0,
        0.0,
        0.0,
        0.0,
        0.0,
        0.0,
        0.0,
        0.0,
        0.0,
        0.0,
        0.0,
        0.0,
        0.0,
        0.0,
        0.0,
        0.0,
        0.9200647027595048,
        0.0,
        0.0,
        0.0,
        0.0,
        0.0,
        0.0,
        0.0,
        0.0,
        0.0,
        0.0,
        0.0,
        0.25075903145285583,
        0.0,
        0.9185655573019484,
        0.19874898333423618,
        2.0,
        0.0,
        0.0,
        0.0,
        0.0,
        6.0,
        0.0,
        0.0,
        0.0,
        0.0,
        0.7351634673800707,
        0.0,
        0.0,
        0.0,
        0.0,
        0.0,
        0.0,
        0.0,
        0.9514932881509508,
        0.0,
        0.0,
        0.0,
        0.0,
        0.0,
        0.0,
        0.0,
        0.0,
        0.0,
        0.0,
        0.0,
        1.6051821476219839,
        0.0,
        0.0,
        0.0,
        0.0,
        0.0,
        0.0,
        0.0,
        0.47246729318231084,
        0.0,
        0.0,
        0.0,
        0.0,
        0.0,
        0.0,
        0.0,
        0.0,
        0.0,
        0.0,
        0.0,
        0.0,
        0.0,
        0.0,
        0.13207090535099275,
        5.813780976758843,
        0.0,
        0.0
    ],
    "x_il_mccormick": [
        0.0,
        0.0,
        0.0,
        2.064636103340197,
        4.474753149618511,
        0.3682576182668059,
        0.0,
        0.0,
        2.2007752230841766,
        0.8702549265761681,
        0.0,
        3.0,
        0.0,
        0.0,
        3.0,
        0.0,
        0.0,
        0.0,
        5.911405103923573,
        0.0,
        0.6193696664098671,
        0.8458678288575661,
        3.0,
        0.7375988305278014,
        2.2624011694721986,
        0.0,
        2.0885948960764273,
        0.0,
        2.749240968547144,
        0.0,
        1.8826854593638152,
        0.0,
        0.0,
        0.0,
        0.0,
        0.0,
        0.0,
        0.0,
        0.0,
        0.0,
        0.0,
        0.0,
        3.0,
        0.0,
        0.0,
        2.204901208304043,
        0.0,
        2.6974262574444294,
        0.0,
        0.0,
        0.0,
        0.0,
        0.0,
        0.0,
        3.2598124566843776,
        0.0,
        0.0,
        0.0,
        0.0,
        0.0,
        0.0,
        0.0,
        0.0,
        0.0,
        0.0,
        0.0,
        0.0,
        0.5368236074436241,
        1.5173245104465398,
        0.0,
        6.601363615655323
    ],
    "x_lj_mccormick": [
        2.0,
        3.6013636156553233,
        0.0,
        1.0,
        0.21412544712437195,
        1.0,
        0.0,
        0.0,
        2.0,
        0.5275327068176892,
        0.4073583230986759,
        1.250759031452856,
        0.8679290946490072,
        0.8813118738981369,
        2.0,
        0.0,
        0.0,
        0.0,
        0.749240968547144,
        0.0,
        0.0,
        2.0,
        0.9425000388318445,
        0.0,
        0.0,
        0.0,
        5.081434442698051,
        2.9185655573019487,
        0.0,
        0.0,
        1.8961752407786658,
        0.8012510166657638,
        0.0,
        2.0,
        6.0,
        0.0,
        2.0,
        1.0,
        0.0,
        0.0,
        1.0485067118490492,
        2.8306754112451955,
        0.0,
        1.0799352972404952,
        3.394817852378016,
        1.5173245104465398,
        2.0,
        0.0,
        0.0,
        1.0,
        1.592641676901324,
        0.1862190232411569,
        0.10382475922133416
    ],
    "q_mccormick": [
        0.0,
        0.0,
        0.0,
        0.6882120344467323,
        0.7471125815922434,
        0.15413217114243394,
        0.0,
        0.0,
        0.2750969028855221,
        0.3117879655532677,
        0.0,
        1.0,
        0.0,
        0.0,
        0.375,
        0.0,
        0.0,
        0.0,
        0.7389256379904466,
        0.0,
        0.4757466440754754,
        0.8458678288575661,
        1.0,
        0.2650329305653189,
        0.2828001461840248,
        0.0,
        0.2610743620095534,
        0.0,
        1.0,
        0.0,
        1.0,
        0.0,
        1.0,
        0.0,
        0.0,
        0.0,
        0.0,
        0.0,
        0.0,
        0.0,
        0.0,
        0.0,
        1.0,
        0.0,
        0.0,
        0.734967069434681,
        0.0,
        1.0,
        0.0,
        0.0,
        0.0,
        0.0,
        0.0,
        0.0,
        0.5242533559245246,
        0.0,
        0.0,
        0.0,
        0.0,
        0.0,
        0.0,
        0.0,
        0.0,
        0.0,
        0.0,
        0.0,
        0.0,
        0.06710295093045304,
        0.25288741840775664,
        0.0,
        1.0
    ],