{
    "x_ij_mccormick": [
        0.0,
        0.0,
        0.0,
        0.0,
        0.47970545574321344,
        0.0,
        1.4982045759787832,
        0.0,
        0.0,
        0.0,
        0.0,
        0.0,
        0.0,
        0.0,
        0.0,
        0.0,
        0.0,
        0.0,
        0.28029988149144336,
        0.0,
        0.0,
        0.0,
        0.0,
        0.0,
        0.0,
        0.0,
        0.0,
        2.0,
        0.0,
        0.0,
        0.0,
        0.0,
        0.0,
        0.0,
        0.0,
        0.0,
        0.0,
        0.0,
        0.0,
        0.0,
        0.0,
        0.0,
        0.0,
        1.0446597418041277,
        0.0,
        0.0,
        0.0,
        0.0,
        0.0,
        0.0,
        0.0,
        0.0,
        0.0,
        0.0,
        0.0,
        0.5645773416181621,
        0.0,
        1.4848536070349514,
        0.09476386510885348,
        2.0,
        0.0,
        0.0,
        0.0,
        0.0,
        6.0,
        0.0,
        0.0,
        0.0,
        0.0,
        0.7197001185085566,
        0.0,
        0.0,
        0.0,
        0.0,
        0.0,
        0.0,
        0.0,
        0.9084718168476282,
        0.0,
        0.0,
        0.0,
        0.0,
        0.0,
        0.0,
        0.0,
        0.0,
        0.0,
        0.0,
        0.0,
        1.6449221094596806,
        0.0,
        0.0,
        0.0,
        0.0,
        0.0,
        0.0,
        0.0,
        0.6889952936122291,
        0.0,
        0.0,
        0.0,
        0.0,
        0.0,
        0.0,
        0.0,
        0.0,
        0.0,
        0.0,
        0.0,
        0.0,
        0.0,
        0.0,
        0.0,
        4.492031649624065,
        0.0,
        0.0
    ],
    "x_il_mccormick": [
        0.0,
        0.0,
        0.0,
        2.1477519469906965,
        4.353180440965788,
        1.2841533290759322,
        0.0,
        0.0,
        0.05666424186721031,
        0.7428702315408787,
        0.0,
        3.0,
        0.0,
        0.0,
        3.0,
        0.0,
        0.0,
        0.0,
        6.955340258195872,
        0.0,
        0.2129397879581092,
        0.2176420949452846,
        3.0,
        0.9780229756109204,
        2.02197702438908,
        0.0,
        1.0446597418041268,
        0.0,
        2.435422658381838,
        0.0,
        1.4203825278561957,
        0.0,
        0.0,
        0.0,
        0.0,
        0.0,
        0.0,
        0.0,
        1.413204485267082,
        0.20069509230291094,
        0.0,
        0.0,
        3.0,
        0.0,
        0.0,
        1.9413309822162335,
        0.0,
        3.0,
        0.0,
        0.0,
        0.0,
        0.0,
        0.0,
        0.0,
        2.8867427004630093,
        0.0,
        0.0,
        0.0,
        0.0,
        0.0,
        0.0,
        0.0,
        0.0,
        0.0,
        0.0,
        0.0,
        0.0,
        2.92135873374371,
        0.5866096166322252,
        0.0,
        7.197219630788356
    ],
    "x_lj_mccormick": [
        1.5202945442567866,
        4.977967724985937,
        0.0,
        0.8996524538485445,
        0.5017954240212167,
        1.0,
        0.0,
        0.0,
        2.0,
        0.3110047063877709,
        0.5796174721438043,
        1.5645773416181623,
        1.0,
        0.4354226583818377,
        2.0,
        0.0,
        0.0,
        0.0,
        0.4354226583818377,
        0.0,
        0.0,
        2.0,
        0.9193539578271541,
        0.0,
        0.0,
        0.0,
        4.515146392965049,
        3.484853607034951,
        0.0,
        0.0,
        2.0,
        0.9052361348911465,
        0.09476386510885348,
        2.0,
        6.0,
        0.0,
        2.0,
        1.0,
        0.0,
        0.0,
        1.0915281831523718,
        1.950569051346887,
        0.057585253921859494,
        0.9553402581958723,
        3.397840182769916,
        0.5866096166322252,
        1.9424147460781405,
        0.10034754615145547,
        0.0,
        0.9572377077704041,
        1.4203825278561957,
        1.413204485267082,
        0.0
    ],
    "q_mccormick": [
        0.0,
        0.0,
        0.0,
        0.7159173156635655,
        0.9022317305612958,
        0.7823579050547154,
        0.0,
        0.0,
        0.0070830302334012885,
        0.28408268433643447,
        0.0,
        1.0,
        0.0,
        0.0,
        0.375,
        0.0,
        0.0,
        0.0,
        0.869417532274484,
        0.0,
        0.4542359084238141,
        0.2176420949452846,
        1.0,
        0.3528896725945888,
        0.25274712804863503,
        0.0,
        0.13058246772551593,
        0.0,
        1.0,
        0.0,
        0.764465919122153,
        0.0,
        1.0,
        0.0,
        0.0,
        0.0,
        0.0,
        0.0,
        0.235534080877847,
        0.10034754615145547,
        0.0,
        0.0,
        1.0,
        0.0,
        0.0,
        0.6471103274054112,
        0.0,
        1.0,
        0.0,
        0.0,
        0.0,
        0.0,
        0.0,
        0.0,
        0.5457640915761859,
        0.0,
        0.0,
        0.0,
        0.0,
        0.0,
        0.0,
        0.0,
        0.0,
        0.0,
        0.0,
        0.0,
        0.0,
        0.3651698417179638,
        0.0977682694387042,
        0.0,
        0.8996524538485445
    ],