{
    "x_ij_mccormick": [
        0.0,
        0.0,
        0.0,
        0.0,
        0.7914048678654384,
        0.0,
        1.8176498809946586,
        0.0,
        0.0,
        0.0,
        0.0,
        0.0,
        0.0,
        0.0,
        0.0,
        0.0,
        0.0,
        0.0,
        0.23274575063486913,
        0.0,
        0.0,
        0.0,
        0.0,
        0.0,
        0.0,
        0.0,
        0.0,
        2.0,
        0.0,
        0.38712798528558134,
        0.0,
        0.0,
        0.0,
        0.0,
        0.0,
        0.0,
        0.0,
        0.0,
        0.0,
        0.0,
        0.0,
        0.0,
        0.0,
        0.22632833432327393,
        0.5605656830390728,
        0.0,
        0.0,
        0.0,
        0.0,
        0.0,
        0.0,
        0.0,
        0.0,
        0.0,
        0.0,
        0.7035415930672828,
        0.0,
        0.1131641671616368,
        0.15124469929941087,
        1.1107016693335166,
        0.0,
        0.0,
        0.0,
        0.0,
        6.0,
        0.0,
        0.0,
        0.0,
        0.0,
        0.7672542493651309,
        0.0,
        0.0,
        0.0,
        0.0,
        0.0,
        0.0,
        0.0,
        0.5008492934387998,
        0.0,
        0.0,
        0.0,
        0.0,
        0.0,
        0.0,
        0.0,
        0.0,
        0.0,
        0.0,
        0.0,
        0.0,
        0.0,
        0.0,
        0.0,
        0.0,
        0.0,
        0.0,
        0.0,
        0.6316516175901842,
        0.0,
        0.20859513213456138,
        0.0,
        0.0,
        0.0,
        0.0,
        0.0,
        0.0,
        0.0,
        0.0,
        0.0,
        0.0,
        0.025588343210808384,
        0.0,
        0.0,
        3.448036714034034,
        0.0,
        0.0
    ],
    "x_il_mccormick": [
        0.0,
        0.0,
        0.0,
        2.2470769682381295,
        4.164470864608293,
        0.4967955222472589,
        0.0,
        0.0,
        0.8293798855922554,
        0.6798891103780347,
        0.0,
        3.0,
        0.0,
        0.0,
        2.6128720147144184,
        0.0,
        0.0,
        0.0,
        7.773671665676726,
        0.0,
        0.16689370446124885,
        0.6855545967580825,
        3.0,
        0.7577372678437071,
        2.242262732156293,
        0.0,
        0.2263283343232736,
        0.0,
        2.296458406932717,
        0.5949316749085996,
        2.1406594586303527,
        0.0,
        0.0,
        0.0,
        0.0,
        0.0,
        0.0,
        0.0,
        1.6758530886190453,
        0.3037687569252614,
        0.0,
        0.0,
        3.0,
        0.0,
        0.0,
        2.181748712412407,
        0.0,
        2.9616174851837873,
        0.0,
        0.0,
        0.0,
        0.0,
        0.0,
        0.0,
        4.581016663239751,
        0.0,
        0.0,
        0.0,
        0.0,
        0.0,
        0.0,
        0.0,
        0.0,
        0.03838251481621269,
        0.29436665575788395,
        0.0,
        0.0,
        2.3154853675370335,
        2.2108895752181246,
        0.0,
        6.784924972298954
    ],
    "x_lj_mccormick": [
        1.2085951321345616,
        5.088693729224216,
        0.0,
        0.7914048678654386,
        0.18235011900534143,
        1.0,
        0.0,
        0.0,
        2.0,
        0.3683483824098158,
        0.5586176962063485,
        1.7035415930672828,
        1.0,
        0.2964584069327174,
        2.0,
        0.0,
        0.0,
        0.0,
        0.2964584069327172,
        0.0,
        0.0,
        2.0,
        0.9394859802561144,
        0.8892983306664834,
        0.0,
        0.0,
        5.886835832838363,
        2.113164167161637,
        0.0,
        0.0,
        1.9744116567891916,
        0.8487553007005891,
        0.17683304251021936,
        2.0,
        5.439434316960927,
        0.5605656830390733,
        2.0,
        1.0,
        0.0,
        0.0,
        1.4991507065612002,
        3.1832942397710804,
        0.0654654213687198,
        1.2131059826376527,
        4.93453457863128,
        0.2277198785574852,
        1.9345345786312802,
        0.0,
        0.0,
        1.0654654213687198,
        1.4413823037936515,
        2.3751302434557466,
        0.0
    ],
    "q_mccormick": [
        0.0,
        0.0,
        0.0,
        0.7490256560793764,
        0.6694717172232267,
        0.3144454032419175,
        0.0,
        0.0,
        0.10367248569903188,
        0.2509743439206235,
        0.0,
        1.0,
        0.0,
        0.0,
        0.3266090018393023,
        0.0,
        0.0,
        0.0,
        0.9717089582095908,
        0.0,
        0.2504246467193999,
        0.6855545967580825,
        1.0,
        0.27275042919586423,
        0.28028284151953664,
        0.0,
        0.0282910417904092,
        0.0,
        1.0,
        0.29746583745429966,
        0.7206911518968258,
        0.0,
        0.0,
        0.0,
        0.0,
        0.0,
        0.0,
        0.0,
        0.27930884810317425,
        0.1518843784626307,
        0.0,
        0.0,
        1.0,
        0.0,
        0.0,
        0.7272495708041358,
        0.0,
        0.9872058283945958,
        0.0,
        0.0,
        0.0,
        0.0,
        0.0,
        0.0,
        0.7495753532806001,
        0.0,
        0.0,
        0.0,
        0.0,
        0.0,
        0.0,
        0.0,
        0.0,
        0.012794171605404229,
        0.7025341625457003,
        0.0,
        0.0,
        0.2894356709421292,
        0.33052828277677326,
        0.0,
        0.8481156215373693
    ],