{
    "x_ij_mccormick": [
        0.0,
        0.5365794686788419,
        0.0,
        0.0,
        0.6366671482649973,
        0.0,
        1.498046248102864,
        0.0,
        0.0,
        0.0,
        0.0,
        0.0,
        0.0,
        0.0,
        0.0,
        0.0,
        0.0,
        0.0,
        0.0,
        0.0,
        0.17974899188199212,
        0.0,
        0.0,
        0.0,
        0.0,
        0.0,
        0.0,
        2.0,
        0.0,
        0.0,
        0.0,
        0.0,
        0.0,
        0.0,
        0.0,
        0.0,
        0.0,
        0.0,
        0.0,
        0.0,
        0.0,
        0.0,
        0.0,
        1.0032172201686496,
        0.0,
        0.0,
        0.0,
        0.0,
        0.0,
        0.0,
        0.0,
        0.0,
        0.0,
        0.0,
        0.0,
        0.0,
        0.0,
        0.7600936188774412,
        0.11184925610166296,
        1.7574342684390416,
        0.0,
        0.0,
        0.0,
        0.0,
        6.0,
        0.0,
        0.0,
        0.0,
        0.0,
        0.8051388335764882,
        0.0,
        0.0,
        0.0,
        0.0,
        0.0,
        0.0,
        0.0,
        0.7232280151904646,
        0.0,
        0.0,
        0.0,
        0.0,
        0.0,
        0.0,
        0.0,
        0.0,
        0.0,
        0.0,
        0.0,
        0.0,
        0.0,
        0.0,
        0.0,
        0.0,
        0.0,
        0.0,
        0.0,
        0.8678265214440957,
        0.0,
        0.04432650987678699,
        0.0,
        0.0,
        0.0,
        0.0,
        0.0,
        0.0,
        0.0,
        0.0,
        0.0,
        0.0,
        0.0,
        0.0,
        0.0,
        3.8321830903515357,
        0.0,
        0.0
    ],
    "x_il_mccormick": [
        0.0,
        0.0,
        0.0,
        2.4207266223941986,
        3.9135357278894167,
        0.8810982937855774,
        0.0,
        0.0,
        0.0,
        0.0,
        0.0,
        3.0,
        0.0,
        0.0,
        3.0,
        0.0,
        0.0,
        0.0,
        6.99678277983135,
        0.0,
        0.3838605130521908,
        0.6208554581115587,
        3.0,
        0.947637827106241,
        2.052362172893759,
        0.0,
        1.00321722016865,
        0.0,
        3.0,
        0.4374268979844703,
        1.1722744967433207,
        0.5183557302931051,
        0.0,
        0.0,
        0.0,
        0.0,
        0.0,
        0.0,
        1.8970352907900891,
        0.1349696569108707,
        0.0,
        0.0,
        3.0,
        0.0,
        0.0,
        1.9505285741728187,
        0.0,
        2.9703257257022564,
        0.0,
        0.0,
        0.0,
        0.0,
        0.0,
        0.0,
        4.183221666191602,
        0.0,
        0.0,
        0.0,
        0.0,
        0.0,
        0.0,
        0.0,
        0.0,
        0.029674274297743608,
        0.0,
        0.0,
        0.0,
        2.9476378271062416,
        1.2201790825422218,
        0.0,
        7.460121372356517
    ],
    "x_lj_mccormick": [
        1.3633328517350027,
        5.299243005987821,
        0.0,
        0.9325151715445646,
        0.5019537518971361,
        1.0,
        0.0,
        0.0,
        2.0,
        0.1321734785559043,
        0.8069088741313994,
        1.7484102097917142,
        1.0,
        0.25158979020828576,
        1.4634205313211581,
        0.0,
        0.0,
        0.0,
        0.25158979020828576,
        1.2849896784705561,
        0.0,
        2.0,
        0.8981664012790598,
        0.24256573156095845,
        0.19486116642351187,
        0.0,
        5.239906381122559,
        2.760093618877441,
        0.0,
        0.0,
        1.980217150468171,
        0.888150743898337,
        0.13163210563349192,
        2.0,
        6.0,
        0.0,
        2.0,
        1.0,
        0.0,
        0.0,
        1.2767719848095354,
        3.239906381122559,
        0.05040381331169841,
        0.9967827798313504,
        3.687764826796394,
        0.44916720380389386,
        1.9495961866883016,
        0.023158318578648363,
        0.0,
        1.02724549473305,
        1.1930911258686006,
        1.8564358121329803,
        0.01978284953182913
    ],
    "q_mccormick": [
        0.0,
        0.0,
        0.0,
        0.8069088741313996,
        0.8474776146822223,
        0.37914454188844127,
        0.0,
        0.0,
        0.0,
        0.0,
        0.0,
        1.0,
        0.0,
        0.0,
        0.375,
        0.0,
        0.0,
        0.26828973433942094,
        0.8745978474789188,
        0.0,
        0.06397675217536514,
        0.6208554581115587,
        1.0,
        0.3498238086090604,
        0.2565452716117198,
        0.0,
        0.12540215252108122,
        0.0,
        0.7317102656605791,
        1.0,
        0.69059403131117,
        0.19309112586860042,
        0.0,
        0.0,
        0.0,
        0.0,
        0.0,
        0.0,
        0.30940596868883,
        0.06748482845543535,
        0.0,
        0.0,
        1.0,
        0.0,
        0.0,
        0.6501761913909396,
        0.0,
        0.9901085752340855,
        0.0,
        0.0,
        0.0,
        0.0,
        0.0,
        0.0,
        0.9360232478246349,
        0.0,
        0.0,
        0.0,
        0.0,
        0.0,
        0.0,
        0.0,
        0.0,
        0.009891424765914536,
        0.0,
        0.0,
        0.0,
        0.3684547283882802,
        0.15252238531777773,
        0.0,
        0.9325151715445646
    ],