{
    "x_ij_mccormick": [
        0.0,
        0.0,
        0.0,
        0.0,
        0.8277040587573568,
        0.0,
        1.5101407428957416,
        0.0,
        0.0,
        0.0,
        0.0,
        0.0,
        0.0,
        0.0,
        0.0,
        0.0,
        0.0,
        0.0,
        0.2583912183141863,
        0.0,
        0.0,
        0.0,
        0.0,
        0.0,
        0.0,
        0.0,
        0.0,
        2.0,
        0.0,
        0.0,
        0.0,
        0.0,
        0.0,
        0.0,
        0.0,
        0.0,
        0.0,
        0.0,
        0.0,
        0.0,
        0.0,
        0.0,
        0.0,
        0.8268968555204994,
        0.0,
        0.0,
        0.0,
        0.0,
        0.0,
        0.0,
        0.0,
        0.0,
        0.0,
        0.0,
        0.0,
        0.6951586325267822,
        0.0,
        1.4332419973588748,
        0.03298584803565274,
        1.8461879817359765,
        0.0,
        0.0,
        0.0,
        0.0,
        6.0,
        0.0,
        0.0,
        0.0,
        0.0,
        0.7416087816858137,
        0.0,
        0.0,
        0.0,
        0.0,
        0.0,
        0.0,
        0.0,
        1.0179164370526075,
        0.0,
        0.0,
        0.0,
        0.0,
        0.0,
        0.0,
        0.0,
        0.0,
        0.0,
        0.0,
        0.0,
        0.4786853706506508,
        0.0,
        0.0,
        0.0,
        0.0,
        0.0,
        0.0,
        0.0,
        0.5227210325406157,
        0.0,
        0.25607043088758874,
        0.0,
        0.0,
        0.0,
        0.0,
        0.0,
        0.0,
        0.0,
        0.0,
        0.0,
        0.0,
        0.0,
        0.0,
        0.0,
        5.474517774944422,
        0.0,
        0.0
    ],
    "x_il_mccormick": [
        0.0,
        0.0,
        0.0,
        2.2453002733459773,
        3.139519156890069,
        1.0050872513843412,
        0.0,
        0.0,
        0.23794473353818768,
        0.6982065395079348,
        0.0,
        3.0,
        0.0,
        0.0,
        3.0,
        0.0,
        0.0,
        0.0,
        6.475558727473593,
        0.0,
        1.144410233087537,
        0.48477200571991724,
        3.0,
        0.7634269585937656,
        2.2365730414062344,
        0.0,
        1.5244412725264072,
        0.0,
        2.3048413674732178,
        0.0,
        1.5337721546054723,
        0.0,
        0.0,
        0.0,
        0.0,
        0.0,
        0.0,
        0.0,
        0.525482225055578,
        0.22343557405827022,
        0.0,
        0.0,
        3.0,
        0.0,
        0.0,
        2.1675620414529755,
        0.0,
        2.967014151964347,
        0.0,
        0.0,
        0.0,
        0.0,
        0.0,
        0.0,
        1.78348075035148,
        0.0,
        0.0,
        2.846155921263091,
        0.0,
        0.0,
        0.0,
        0.0,
        0.0,
        0.0,
        0.15381201826402346,
        0.0,
        0.0,
        2.525482225055578,
        0.0,
        0.0,
        7.022483214121974
    ],
    "x_lj_mccormick": [
        1.1722959412426432,
        5.329693277825189,
        0.0,
        0.7439295691124113,
        0.48985925710425837,
        1.0,
        0.0,
        0.0,
        2.0,
        0.47727896745938425,
        0.4662278453945276,
        1.6951586325267824,
        1.0,
        0.30484136747321755,
        2.0,
        0.0,
        0.0,
        0.0,
        0.30484136747321755,
        0.0,
        0.0,
        2.0,
        0.9309890000467411,
        0.15381201826402346,
        0.0,
        0.0,
        4.566758002641125,
        3.4332419973588753,
        0.0,
        0.0,
        2.0,
        0.9670141519643473,
        0.0,
        2.0,
        6.0,
        0.0,
        2.0,
        1.0,
        0.0,
        0.0,
        0.9820835629473925,
        1.8715993701143425,
        0.07420805037728195,
        1.1731031444795006,
        4.4471065789720665,
        0.3654653547015929,
        1.925791949622718,
        0.0,
        0.0,
        1.074208050377282,
        1.5337721546054723,
        0.525482225055578,
        0.0
    ],
    "q_mccormick": [
        0.0,
        0.0,
        0.0,
        0.7484334244486591,
        0.5865515722397503,
        0.5152279942800828,
        0.0,
        0.0,
        0.02974309169227346,
        0.25156657555134093,
        0.0,
        1.0,
        0.0,
        0.0,
        0.375,
        0.0,
        0.0,
        0.0,
        0.8094448409341991,
        0.0,
        0.19073503884792287,
        0.48477200571991724,
        1.0,
        0.2774793195156749,
        0.27957163017577935,
        0.0,
        0.19055515906580087,
        0.0,
        1.0,
        0.9230939908679883,
        0.9124196291574037,
        0.0,
        0.0,
        0.0,
        0.0,
        0.0,
        0.0,
        0.0,
        0.08758037084259633,
        0.11171778702913511,
        0.0,
        0.0,
        1.0,
        0.0,
        0.0,
        0.7225206804843252,
        0.0,
        1.0,
        0.0,
        0.0,
        0.0,
        0.0,
        0.0,
        0.0,
        0.8092649611520771,
        0.0,
        0.0,
        0.4134484277602497,
        0.0,
        0.0,
        0.0,
        0.0,
        0.0,
        0.0,
        0.07690600913201173,
        0.0,
        0.0,
        0.31568527813194724,
        0.0,
        0.0,
        0.8882822129708648
    ],