{
    "x_ij_mccormick": [
        0.0,
        0.0,
        0.06960776061702645,
        0.0,
        0.0,
        0.0,
        1.3251575191487652,
        0.0,
        0.0,
        0.0,
        0.0,
        0.0,
        0.0,
        0.0,
        0.0,
        0.0,
        0.0,
        0.0,
        0.33245722329780736,
        0.0,
        0.0,
        0.0,
        0.0,
        0.0,
        0.0,
        0.0,
        0.0,
        2.0,
        0.0,
        0.0,
        0.0,
        0.0,
        0.0,
        0.0,
        0.0,
        0.0,
        0.0,
        0.0,
        0.0,
        0.0,
        0.0,
        0.0,
        0.0,
        1.0637897092940658,
        0.0,
        0.0,
        0.0,
        0.0,
        0.0,
        0.0,
        0.0,
        0.0,
        0.0,
        0.0,
        0.0,
        0.4509958561623,
        0.0,
        1.09953553355896,
        0.1755019639682606,
        1.9637769657413386,
        0.0,
        0.0,
        0.0,
        0.0,
        6.0,
        0.0,
        0.0,
        0.0,
        0.0,
        0.6675427767021926,
        0.0,
        0.0,
        0.0,
        0.0,
        0.0,
        0.0,
        0.0,
        0.9214159356400371,
        0.0,
        0.0,
        0.0,
        0.0,
        0.0,
        0.0,
        0.0,
        0.0,
        0.0,
        0.04380259013104548,
        0.0,
        0.0,
        0.0,
        0.0,
        0.0,
        0.0,
        0.0,
        0.0,
        0.0,
        0.3489240362419078,
        0.0,
        0.0,
        0.0,
        0.0,
        0.0,
        0.0,
        0.0,
        0.0,
        0.0,
        0.0,
        0.0,
        0.0,
        0.0,
        0.0,
        0.0,
        5.47198791920125,
        0.0,
        0.0
    ],
    "x_il_mccormick": [
        0.0,
        0.0,
        0.0,
        1.9900708530940934,
        2.6478686494305097,
        1.2362221037791303,
        0.0,
        0.0,
        0.36074355095895805,
        0.9376042972213906,
        0.0,
        3.0,
        0.0,
        0.0,
        3.0,
        0.0,
        0.0,
        0.0,
        6.936210290705934,
        0.0,
        0.27799572178232657,
        0.4386203770721044,
        3.0,
        0.8887556317577081,
        2.111244368242292,
        0.0,
        1.0637897092940642,
        0.0,
        2.5490041438377,
        0.0,
        1.72496250247278,
        0.0,
        0.0,
        0.0,
        0.0,
        0.0,
        0.0,
        0.0,
        0.350948427800318,
        0.29198102692048633,
        0.0,
        0.0,
        2.9561974098689543,
        0.0,
        0.0,
        2.0222983384905455,
        0.0,
        2.9976574664547426,
        0.0,
        0.0,
        0.0,
        0.0,
        0.0,
        0.0,
        3.357615180589457,
        0.0,
        0.0,
        4.533589879644369,
        0.0,
        0.0,
        0.0,
        0.0,
        0.0,
        0.0023425335452573748,
        0.03622303425866132,
        0.0,
        0.0,
        2.5280120807987503,
        0.0,
        0.0,
        6.7366006025227625
    ],
    "x_lj_mccormick": [
        2.0,
        4.174572142903492,
        0.0,
        0.8540094865397568,
        0.6748424808512348,
        1.0,
        0.0,
        0.0,
        2.0,
        0.6510759637580922,
        0.2765991865573918,
        1.4509958561623002,
        1.0,
        0.5490041438376998,
        2.0,
        0.0,
        0.0,
        0.0,
        0.5490041438376998,
        0.0,
        0.0,
        2.0,
        0.9110539702482534,
        0.03622303425866132,
        0.0,
        0.0,
        4.90046446644104,
        3.0995355335589596,
        0.0,
        0.0,
        1.9984383109698283,
        0.8244980360317394,
        0.17706365299843219,
        2.0,
        6.0,
        0.0,
        1.9561974098689545,
        1.0,
        0.0,
        0.0,
        1.078584064359963,
        2.4494686102787404,
        0.10755822773308021,
        0.8666025300889078,
        5.038432285727163,
        1.276423713258808,
        1.8924417722669198,
        0.14599051346024317,
        0.0,
        0.9615677142728372,
        1.7234008134426082,
        0.350948427800318,
        0.0015616890301717312
    ],
    "q_mccormick": [
        0.0,
        0.0,
        0.0,
        0.6633569510313645,
        0.4333012650444539,
        0.5613796229278956,
        0.0,
        0.0,
        0.04509294386986973,
        0.3366430489686355,
        0.0,
        1.0,
        0.0,
        0.0,
        0.375,
        0.0,
        0.0,
        0.0,
        0.867026286338242,
        0.0,
        0.46070796782001855,
        0.4386203770721044,
        1.0,
        0.32590055383648486,
        0.2639055460302865,
        0.0,
        0.13297371366175803,
        0.0,
        1.0,
        0.9818884828706693,
        0.9415085953666137,
        0.0,
        0.0,
        0.0,
        0.0,
        0.0,
        0.0,
        0.0,
        0.05849140463338633,
        0.14599051346024317,
        0.0,
        0.0,
        1.0,
        0.0,
        0.0,
        0.6740994461635151,
        0.0,
        0.9992191554849142,
        0.0,
        0.0,
        0.0,
        0.0,
        0.0,
        0.0,
        0.5392920321799815,
        0.0,
        0.0,
        0.5666987349555461,
        0.0,
        0.0,
        0.0,
        0.0,
        0.0,
        0.0007808445150858656,
        0.01811151712933066,
        0.0,
        0.0,
        0.3160015100998438,
        0.0,
        0.0,
        0.8540094865397568
    ],