{
    "x_ij_mccormick": [
        0.0,
        0.0,
        0.0,
        0.0,
        0.0,
        0.0,
        1.5632431025526898,
        0.0,
        0.0,
        0.0,
        0.0,
        0.0,
        0.0,
        0.0,
        0.0,
        0.0,
        0.0,
        0.0,
        0.0,
        0.0,
        0.0,
        0.0,
        0.0,
        0.0,
        0.0,
        0.0,
        0.0,
        2.0,
        0.0,
        0.0,
        0.0,
        0.0,
        0.0,
        0.0,
        0.0,
        0.0,
        0.0,
        0.0,
        0.0,
        0.0,
        0.0,
        0.0,
        0.0,
        0.9477578166629589,
        0.0,
        0.0,
        0.0,
        0.0,
        0.0,
        0.0,
        0.0,
        0.0,
        0.0,
        0.0,
        0.0,
        0.35410748128538794,
        0.0,
        0.2253648078123538,
        0.02112404818332252,
        0.48055222022024746,
        0.0,
        0.0,
        0.0,
        0.0,
        6.0,
        0.0,
        0.0,
        0.0,
        0.0,
        0.8238811130066334,
        0.0,
        0.0,
        0.0,
        0.0,
        0.0,
        0.0,
        0.0,
        0.950566921799602,
        0.0,
        0.0,
        0.0,
        0.0,
        0.0,
        0.0,
        0.0,
        0.0,
        0.0,
        0.0,
        0.0,
        0.7585326015238864,
        0.0,
        0.0,
        0.0,
        0.0,
        0.0,
        0.0,
        0.0,
        0.8609741824318697,
        0.0,
        0.09680006284832021,
        0.0,
        0.0,
        0.0,
        0.0,
        0.0,
        0.0,
        0.0,
        0.0,
        0.0,
        0.0,
        0.0,
        0.0,
        0.04283800327596339,
        5.837363532277951,
        0.0,
        0.0
    ],
    "x_il_mccormick": [
        0.0,
        0.0,
        0.0,
        2.3834152049383914,
        3.387687261753313,
        0.7076035572843318,
        0.0,
        0.0,
        0.6406418198955635,
        0.0,
        0.0,
        3.0,
        0.0,
        0.0,
        3.0,
        0.0,
        0.0,
        0.0,
        7.052242183337041,
        0.0,
        1.3892886664797492,
        0.7291533401629784,
        3.0,
        0.7604402843416496,
        2.23955971565835,
        0.0,
        0.9477578166629581,
        0.0,
        2.645892518714612,
        1.0733957033258674,
        1.1300330930692535,
        0.5500823476092027,
        0.0,
        0.0,
        0.0,
        0.0,
        0.0,
        0.0,
        0.23813163967333129,
        0.19360012569664042,
        0.0,
        0.0,
        3.0,
        0.0,
        0.0,
        2.1826149661123373,
        0.0,
        2.9788759518166774,
        0.0,
        0.0,
        0.0,
        0.0,
        0.0,
        0.0,
        3.0806721226229072,
        0.0,
        0.0,
        3.791031266651835,
        0.0,
        0.0,
        0.0,
        0.0,
        0.0,
        0.0,
        0.6221709634472518,
        0.0,
        0.0,
        2.1197984644460863,
        0.0,
        0.0,
        6.13586034287247
    ],
    "x_lj_mccormick": [
        2.0,
        3.426260531417431,
        0.0,
        0.9031999371516798,
        0.4367568974473101,
        1.0,
        0.0,
        0.0,
        2.0,
        0.13902581756813023,
        0.7944717349794639,
        1.354107481285388,
        0.9571619967240366,
        0.6887305219905755,
        2.0,
        0.0,
        0.0,
        0.0,
        0.6458925187146121,
        0.0,
        0.0,
        2.0,
        0.9430552504539866,
        1.5194477797797525,
        0.17611888699336664,
        0.0,
        5.774635192187646,
        2.225364807812354,
        0.0,
        0.0,
        2.0,
        0.9788759518166775,
        0.0,
        2.0,
        6.0,
        0.0,
        2.0,
        1.0,
        0.0,
        0.0,
        1.049433078200398,
        3.4205277109022583,
        0.0,
        1.0522421833370412,
        4.2414673984761135,
        1.8850089465919933,
        2.0,
        0.0,
        0.0,
        1.0,
        1.2055282650205361,
        0.16263646772204865,
        0.0
    ],
    "q_mccormick": [
        0.0,
        0.0,
        0.0,
        0.7944717349794638,
        0.5261210916685206,
        0.2708466598370216,
        0.0,
        0.0,
        0.08008022748694543,
        0.0,
        0.0,
        1.0,
        0.0,
        0.0,
        0.375,
        0.0,
        0.0,
        0.0,
        0.8815302729171303,
        0.0,
        0.2315481110799582,
        0.7291533401629784,
        1.0,
        0.27246167796255427,
        0.2799449644572938,
        0.0,
        0.11846972708286976,
        0.0,
        1.0,
        0.4486384081662504,
        0.9622524140243588,
        0.20552826502053625,
        0.0,
        0.0,
        0.0,
        0.0,
        0.0,
        0.0,
        0.03774758597564121,
        0.09680006284832021,
        0.0,
        0.0,
        1.0,
        0.0,
        0.0,
        0.7275383220374457,
        0.0,
        1.0,
        0.0,
        0.0,
        0.0,
        0.0,
        0.0,
        0.0,
        0.7684518889200418,
        0.0,
        0.0,
        0.4738789083314794,
        0.0,
        0.0,
        0.0,
        0.0,
        0.0,
        0.0,
        0.5513615918337496,
        0.0,
        0.0,
        0.2649748080557608,
        0.0,
        0.0,
        0.9031999371516798
    ],