{
    "x_ij_mccormick": [
        0.0,
        0.3820911311355961,
        0.0,
        0.0,
        0.0,
        0.0,
        1.4725322998405594,
        0.0,
        0.0,
        0.0,
        0.0,
        0.0,
        0.0,
        0.0,
        0.0,
        0.0,
        0.0,
        0.0,
        0.22980143688365107,
        0.0,
        0.0,
        0.0,
        0.0,
        0.0,
        0.0,
        0.0,
        0.0,
        2.0,
        0.0,
        0.0,
        0.0,
        0.0,
        0.0,
        0.0,
        0.0,
        0.0,
        0.0,
        0.0,
        0.0,
        0.0,
        0.0,
        0.0,
        0.0,
        0.9497792233994268,
        0.0,
        0.0,
        0.0,
        0.0,
        0.0,
        0.0,
        0.0,
        0.0,
        0.0,
        0.0,
        0.0,
        1.1592601854514824,
        0.0,
        0.44654879207731374,
        0.028584774026182806,
        1.8233197055515884,
        0.0,
        0.0,
        0.0,
        0.0,
        6.0,
        0.0,
        0.0,
        0.0,
        0.0,
        0.7701985631163489,
        0.0,
        0.0,
        0.0,
        0.0,
        0.0,
        0.0,
        0.18017293032397108,
        0.9079579492047489,
        0.0,
        0.0,
        0.0,
        0.0,
        0.0,
        0.0,
        0.0,
        0.0,
        0.0,
        0.0,
        0.0,
        0.0,
        0.0,
        0.0,
        0.0,
        0.0,
        0.0,
        0.0,
        0.0,
        0.8032701619890628,
        0.0,
        0.0,
        0.0,
        0.0,
        0.0,
        0.0,
        0.0,
        0.0,
        0.0,
        0.0,
        0.0,
        0.0,
        0.0,
        0.0,
        0.0,
        2.8782839566610185,
        0.0,
        0.0
    ],
    "x_il_mccormick": [
        0.0,
        0.0,
        0.0,
        2.3284744775693125,
        4.314571853330097,
        0.6110286199151896,
        0.0,
        0.0,
        0.42510452031312995,
        0.5887537720153125,
        0.0,
        3.0,
        0.0,
        0.0,
        3.0,
        0.0,
        0.0,
        0.0,
        7.050220776600574,
        0.0,
        0.7527981175661147,
        0.7362661499202797,
        3.0,
        0.8932853925248316,
        2.106714607475168,
        0.0,
        0.9497792233994271,
        0.0,
        1.8407398145485176,
        0.17668029444841155,
        2.348186139448092,
        0.0,
        0.0,
        0.0,
        0.0,
        0.0,
        0.0,
        0.0,
        2.024446718291019,
        0.0,
        0.0,
        0.0,
        3.0,
        0.0,
        0.0,
        2.032600486573406,
        0.0,
        3.0,
        0.0,
        0.0,
        0.0,
        0.0,
        0.0,
        0.0,
        2.73343495570034,
        0.0,
        0.0,
        0.0,
        0.0,
        0.0,
        0.0,
        0.0,
        0.0,
        0.0,
        0.0,
        0.0,
        0.0,
        2.4681808722117022,
        2.653535171127279,
        0.0,
        7.859282806459082
    ],
    "x_lj_mccormick": [
        2.0,
        4.859282806459082,
        0.0,
        1.0,
        0.5274677001594406,
        0.8198270696760289,
        0.0,
        0.0,
        2.0,
        0.1967298380109373,
        0.7204984115736877,
        1.7771690543158862,
        1.0,
        0.22283094568411377,
        1.6179088688644039,
        0.0,
        0.0,
        0.0,
        0.22283094568411377,
        0.0,
        0.0,
        2.0,
        0.9258858790982378,
        0.17668029444841155,
        0.0,
        0.0,
        5.553451207922686,
        2.446548792077314,
        0.0,
        0.0,
        2.0,
        0.9714152259738171,
        0.02858477402618287,
        2.0,
        6.0,
        0.0,
        2.0,
        1.0,
        0.0,
        0.0,
        1.092042050795251,
        2.3941910224712037,
        0.0,
        1.0502207766005731,
        5.0,
        0.917886247856804,
        2.0,
        0.0,
        0.0,
        1.0,
        1.2795015884263123,
        3.0931312693127984,
        0.0
    ],
    "q_mccormick": [
        0.0,
        0.0,
        0.0,
        0.7761581591897708,
        0.6683081036090901,
        0.2637338500797203,
        0.0,
        0.0,
        0.053138065039141244,
        0.2238418408102292,
        0.0,
        1.0,
        0.0,
        0.0,
        0.375,
        0.0,
        0.0,
        0.19104556556779806,
        0.8812775970750718,
        0.0,
        0.45397897460237446,
        0.7362661499202797,
        1.0,
        0.3224665044755313,
        0.263339325934396,
        0.0,
        0.11872240292492824,
        0.0,
        0.8089544344322019,
        1.0,
        0.6625922136181635,
        0.0,
        0.0,
        0.0,
        0.0,
        0.0,
        0.0,
        0.0,
        0.3374077863818365,
        0.0,
        0.0,
        0.0,
        1.0,
        0.0,
        0.0,
        0.6775334955244687,
        0.0,
        1.0,
        0.0,
        0.0,
        0.0,
        0.0,
        0.0,
        0.0,
        0.5460210253976255,
        0.0,
        0.0,
        0.0,
        0.0,
        0.0,
        0.0,
        0.0,
        0.0,
        0.0,
        0.0,
        0.0,
        0.0,
        0.3085226090264628,
        0.3316918963909099,
        0.0,
        1.0
    ],