{
    "x_ij_mccormick": [
        0.0,
        0.03332311857625547,
        0.0,
        0.0,
        0.0,
        0.0,
        1.9311275279427491,
        0.0,
        0.0,
        0.0,
        0.0,
        0.0,
        0.0,
        0.0,
        0.0,
        0.0,
        0.0,
        0.0,
        0.0,
        0.0,
        0.0,
        0.0,
        0.0,
        0.0,
        0.155007099385146,
        0.0,
        0.0,
        2.0,
        0.0,
        0.13982762865505594,
        0.0,
        0.0,
        0.0,
        0.0,
        0.0,
        0.0,
        0.0,
        0.0,
        0.0,
        0.0,
        0.0,
        0.0,
        0.0,
        0.8986170608256359,
        0.0,
        0.0,
        0.0,
        0.0,
        0.0,
        0.0,
        0.0,
        0.0,
        0.0,
        0.0,
        0.0,
        0.3597903941328111,
        0.0,
        0.1973166499971022,
        0.10052825144880406,
        0.0,
        0.0,
        0.0,
        0.0,
        0.0,
        6.0,
        0.0,
        0.0,
        0.0,
        0.0,
        0.7858339841012174,
        0.0,
        0.0,
        0.0,
        0.0,
        0.0,
        0.0,
        0.0,
        0.9831726309655089,
        0.0,
        0.0,
        0.0,
        0.0,
        0.0,
        0.0,
        0.0,
        0.0,
        0.0,
        0.0,
        0.0,
        1.521215747801031,
        0.0,
        0.0,
        0.0,
        0.0,
        0.0,
        0.0,
        0.0,
        0.6115950300274231,
        0.0,
        0.0,
        0.0,
        0.0,
        0.0,
        0.0,
        0.0,
        0.0,
        0.0,
        0.0,
        0.0,
        0.0,
        0.0,
        0.0,
        0.08798825415690581,
        5.190734607691904,
        0.0,
        0.0
    ],
    "x_il_mccormick": [
        0.0,
        0.0,
        0.0,
        2.3512235411848104,
        4.74313623128338,
        0.19834623167790855,
        0.0,
        0.0,
        1.0654684690002882,
        0.6487764588151897,
        0.0,
        3.0,
        0.0,
        0.0,
        2.860172371344944,
        0.0,
        0.0,
        0.0,
        7.101382939174364,
        0.0,
        1.6419524279380744,
        0.8705262403793423,
        3.0,
        0.7334213862015915,
        2.2665786137984085,
        0.0,
        0.8986170608256356,
        0.0,
        2.640209605867189,
        1.4687572279666627,
        1.233397870587431,
        0.0,
        0.0,
        0.0,
        0.0,
        0.0,
        0.0,
        0.0,
        0.7087371408592924,
        0.3259380798200946,
        0.0,
        0.0,
        3.0,
        0.0,
        0.0,
        2.207711833499686,
        0.0,
        3.0,
        0.0,
        0.0,
        0.0,
        0.0,
        0.0,
        0.0,
        2.8177678969665036,
        0.0,
        0.0,
        0.0,
        0.0,
        0.0,
        0.0,
        0.0,
        0.0,
        0.0,
        0.7454087879321198,
        0.0,
        0.0,
        1.8077805458563594,
        0.9134965922948308,
        0.0,
        6.696247680719622
    ],
    "x_lj_mccormick": [
        2.0,
        4.185154800449763,
        0.0,
        0.8370309600899527,
        0.06887247205725087,
        1.0,
        0.0,
        0.0,
        1.844992900614854,
        0.3884049699725769,
        0.7666021294125691,
        1.3264672755565556,
        0.9120117458430942,
        0.7615209786003503,
        1.9666768814237445,
        0.0,
        0.0,
        0.0,
        0.6735327244434444,
        0.0,
        0.0,
        2.0,
        0.9411332197012776,
        2.0,
        0.21416601589878256,
        0.0,
        5.802683350002898,
        2.197316649997102,
        0.0,
        0.0,
        2.0,
        0.8994717485511959,
        0.10052825144880406,
        2.0,
        6.0,
        0.0,
        2.0,
        1.0,
        0.0,
        0.0,
        1.0168273690344911,
        3.4428929558700867,
        0.0,
        1.1013829391743641,
        3.641753292109016,
        0.9134965922948308,
        2.0,
        0.1629690399100473,
        0.0,
        0.8370309600899527,
        1.233397870587431,
        0.7087371408592924,
        0.0
    ],
    "q_mccormick": [
        0.0,
        0.0,
        0.0,
        0.7837411803949371,
        0.8477505679508616,
        0.12947375962065766,
        0.0,
        0.0,
        0.13318355862503597,
        0.21625881960506288,
        0.0,
        1.0,
        0.0,
        0.0,
        0.35752154641811784,
        0.0,
        0.0,
        0.016661559288127736,
        0.8876728673967955,
        0.0,
        0.273658737989679,
        0.8705262403793423,
        1.0,
        0.2640960555001046,
        0.28332232672480107,
        0.0,
        0.11232713260320445,
        0.0,
        0.9833384407118723,
        0.6272956060339401,
        0.8818771431901179,
        0.0,
        0.0,
        0.0,
        0.0,
        0.0,
        0.0,
        0.0,
        0.11812285680988206,
        0.1629690399100473,
        0.0,
        0.0,
        1.0,
        0.0,
        0.0,
        0.7359039444998954,
        0.0,
        1.0,
        0.0,
        0.0,
        0.0,
        0.0,
        0.0,
        0.0,
        0.726341262010321,
        0.0,
        0.0,
        0.0,
        0.0,
        0.0,
        0.0,
        0.0,
        0.0,
        0.0,
        0.3727043939660599,
        0.0,
        0.0,
        0.22597256823204492,
        0.15224943204913846,
        0.0,
        0.8370309600899527
    ],