{
    "x_ij_mccormick": [
        0.0,
        0.44728987354241206,
        0.0,
        0.0,
        0.9813591223651881,
        0.0,
        1.6233515414111104,
        0.0,
        0.0,
        0.0,
        0.0,
        0.0,
        0.0,
        0.0,
        0.0,
        0.0,
        0.0,
        0.0,
        0.0,
        0.0,
        0.0,
        0.0,
        0.0,
        0.0,
        0.0,
        0.0,
        0.0,
        2.0,
        0.0,
        0.0,
        0.0,
        0.0,
        0.0,
        0.0,
        0.0,
        0.0,
        0.0,
        0.0,
        0.0,
        0.0,
        0.0,
        0.0,
        0.0,
        0.9306717925634477,
        0.0,
        0.0,
        0.0,
        0.0,
        0.0,
        0.0,
        0.0,
        0.0,
        0.0,
        0.0,
        0.0,
        0.0,
        0.0,
        0.27861531424548797,
        0.060328485453550386,
        0.7934933651212295,
        0.0,
        0.0,
        0.0,
        0.0,
        6.0,
        0.0,
        0.18672058203623515,
        0.0,
        0.0,
        0.7967260314735978,
        0.0,
        0.0,
        0.0,
        0.0,
        0.0,
        0.0,
        0.08261713850696284,
        0.7813051650310514,
        0.0,
        0.0,
        0.0,
        0.0,
        0.0,
        0.0,
        0.0,
        0.0,
        0.0,
        0.17194048043896326,
        0.0,
        0.0,
        0.0,
        0.0,
        0.0,
        0.0,
        0.0,
        0.0,
        0.0,
        0.8385839779001751,
        0.0,
        0.23210293276261118,
        0.0,
        0.0,
        0.0,
        0.0,
        0.0,
        0.0,
        0.0,
        0.0,
        0.0,
        0.0,
        0.0,
        0.0,
        0.04703273618138781,
        4.467947862362322,
        0.0,
        0.0
    ],
    "x_il_mccormick": [
        0.0,
        0.0,
        0.0,
        2.380811438457156,
        2.982183218473311,
        1.294031320081927,
        0.0,
        0.0,
        0.0,
        0.0,
        0.0,
        3.0,
        0.0,
        0.0,
        2.697728617149061,
        0.0,
        0.0,
        0.0,
        7.069328207436552,
        0.0,
        0.7607797375559251,
        0.0,
        3.0,
        0.9771407256992063,
        2.0228592743007936,
        0.0,
        0.9306717925634489,
        0.0,
        3.0,
        0.8836477050453553,
        1.2032000987938856,
        0.5742083964617208,
        0.0,
        0.0,
        0.0,
        0.0,
        0.0,
        0.0,
        1.5352482260247409,
        0.25103612817275334,
        0.0,
        0.0,
        2.8280595195610365,
        0.0,
        0.0,
        1.9173486858055528,
        0.0,
        2.9396715145464496,
        0.0,
        0.0,
        0.0,
        0.0,
        0.0,
        0.0,
        3.9925792011313,
        0.0,
        0.0,
        2.1403234708515564,
        0.0,
        0.0,
        0.0,
        0.0,
        0.0,
        0.0,
        0.5261328983598175,
        0.0,
        0.0,
        3.2794121085501455,
        0.20560729290614527,
        0.0,
        6.782393432181188
    ],
    "x_lj_mccormick": [
        1.018640877634812,
        5.24689161548174,
        0.0,
        0.7678970672373888,
        0.3766484585888897,
        0.9173828614930372,
        0.0,
        0.0,
        2.0,
        0.1614160220998249,
        0.7936038128190519,
        1.4995316445692732,
        0.9529672638186122,
        0.5475010916121146,
        1.552710126457588,
        0.0,
        0.0,
        0.0,
        0.5004683554307268,
        0.9468215181116852,
        0.0,
        2.0,
        0.894489411504759,
        1.2065066348787705,
        0.20327396852640228,
        0.0,
        5.534664103718277,
        2.465335896281723,
        0.0,
        0.0,
        2.0,
        0.9396715145464496,
        0.0,
        2.0,
        6.0,
        0.0,
        1.8280595195610367,
        1.0,
        0.0,
        0.0,
        1.2186948349689486,
        3.534664103718277,
        0.0,
        1.0693282074365524,
        4.053178481888315,
        0.20560729290614527,
        2.0,
        0.0,
        0.0,
        1.0,
        1.206396187180948,
        1.5320521376376783,
        0.0
    ],
    "q_mccormick": [
        0.0,
        0.08261713850696284,
        0.0,
        0.793603812819052,
        0.6090115393737164,
        0.9173828614930372,
        0.0,
        0.0,
        0.0,
        0.0,
        0.0,
        1.0,
        0.0,
        0.0,
        0.3372160771436326,
        0.0,
        0.0,
        0.223644936771206,
        0.883666025929569,
        0.0,
        0.3906525825155257,
        0.0,
        1.0,
        0.3608837713981491,
        0.2528574092875992,
        0.0,
        0.116333974070431,
        0.0,
        0.776355063228794,
        0.7369335508200913,
        0.7446579770603869,
        0.206396187180948,
        0.0,
        0.0,
        0.0,
        0.0,
        0.0,
        0.0,
        0.25534202293961306,
        0.12551806408637667,
        0.0,
        0.0,
        1.0,
        0.0,
        0.0,
        0.6391162286018509,
        0.0,
        1.0,
        0.0,
        0.0,
        0.0,
        0.0,
        0.0,
        0.0,
        0.6093474174844743,
        0.0,
        0.0,
        0.3567205784752594,
        0.0,
        0.0,
        0.0,
        0.0,
        0.0,
        0.0,
        0.26306644917990873,
        0.0,
        0.0,
        0.4099265135687682,
        0.034267882151024213,
        0.0,
        0.8744819359136233
    ],