{
    "x_ij_mccormick": [
        0.0,
        0.1440328357458116,
        0.0,
        0.0,
        0.8152426932752452,
        0.0,
        1.8988441857462302,
        0.0,
        0.0,
        0.0,
        0.0,
        0.0,
        0.0,
        0.0,
        0.0,
        0.0,
        0.0,
        0.0,
        0.0,
        0.0,
        0.0,
        0.0,
        0.0,
        0.0,
        0.0,
        0.0,
        0.0,
        2.0,
        0.0,
        0.366014309090058,
        0.0,
        0.0,
        0.0,
        0.0,
        0.0,
        0.0,
        0.0,
        0.0,
        0.0,
        0.0,
        0.0,
        0.0,
        0.0,
        0.7969311263571616,
        0.10186228814636067,
        0.0,
        0.0,
        0.0,
        0.0,
        0.0,
        0.0,
        0.0,
        0.0,
        0.0,
        0.0,
        0.38780772841960154,
        0.0,
        0.39846556317858006,
        0.0,
        0.6722648648116176,
        0.0,
        0.0,
        0.0,
        0.0,
        6.0,
        0.0,
        0.0,
        0.0,
        0.0,
        0.8049409531983454,
        0.0,
        0.0,
        0.0,
        0.0,
        0.0,
        0.0,
        0.0,
        0.5441552011143389,
        0.06474354934311322,
        0.0,
        0.0,
        0.0,
        0.0,
        0.0,
        0.0,
        0.0,
        0.0,
        0.0,
        0.0,
        0.0,
        0.0,
        0.0,
        0.0,
        0.0,
        0.0,
        0.0,
        0.0,
        0.87244868528659,
        0.0,
        0.1847573067247551,
        0.0,
        0.0,
        0.0,
        0.0,
        0.0,
        0.0,
        0.0,
        0.0,
        0.0,
        0.0,
        0.0,
        0.0,
        0.0,
        4.337510522147959,
        0.0,
        0.0
    ],
    "x_il_mccormick": [
        0.0,
        0.0,
        0.0,
        2.3902471975757513,
        2.8566111460477894,
        0.5391908084953041,
        0.0,
        0.0,
        0.0,
        0.0,
        0.0,
        3.0,
        0.0,
        0.0,
        2.633985690909942,
        0.0,
        0.0,
        0.0,
        7.203068873642838,
        0.0,
        0.0,
        0.5619650057584656,
        3.0,
        0.8252916786926191,
        2.174708321307381,
        0.0,
        0.796931126357161,
        0.0,
        2.6121922715803985,
        0.9222394407174901,
        1.145241813107687,
        0.5340531829962425,
        0.0,
        0.0,
        0.0,
        0.0,
        0.0,
        0.0,
        1.7204985988857706,
        0.3198814361361879,
        0.0,
        0.0,
        3.0,
        0.0,
        0.0,
        2.100174252701536,
        0.0,
        3.0,
        0.0,
        0.0,
        0.0,
        0.0,
        0.0,
        0.0,
        4.678421525328099,
        0.0,
        0.0,
        2.5372232739878853,
        0.0,
        0.0,
        0.0,
        0.0,
        0.0,
        0.0,
        0.6005547412725469,
        0.0,
        0.0,
        3.1913059877826777,
        0.47118349006936366,
        0.0,
        6.720474255455249
    ],
    "x_lj_mccormick": [
        1.1847573067247548,
        5.040355691591437,
        0.0,
        0.8152426932752449,
        0.10115581425376978,
        1.0,
        0.0,
        0.0,
        2.0,
        0.12755131471341,
        0.7967490658585838,
        1.71099394780722,
        1.0,
        0.28900605219277997,
        1.8559671642541884,
        0.0,
        0.0,
        0.0,
        0.28900605219277997,
        0.46721905513343015,
        0.0,
        2.0,
        0.9254659313941549,
        1.3277351351883824,
        0.1950590468016547,
        0.0,
        5.60153443682142,
        2.39846556317858,
        0.0,
        0.0,
        2.0,
        1.0,
        0.0,
        1.9352564506568868,
        5.898137711853639,
        0.16660583748947408,
        2.0,
        1.0,
        0.0,
        0.0,
        1.455844798885661,
        3.2137267084018184,
        0.008850018040620578,
        1.0364630361533642,
        4.523930926825949,
        0.30462394712572466,
        1.9911499819593794,
        0.0,
        0.0,
        1.0088500180406206,
        1.2032509341414162,
        1.6624894778520414,
        0.0
    ],
    "q_mccormick": [
        0.0,
        0.0,
        0.0,
        0.7967490658585837,
        0.5182315180766821,
        0.43803499424153436,
        0.0,
        0.0,
        0.0,
        0.0,
        0.0,
        1.0,
        0.0,
        0.0,
        0.32924821136374277,
        0.0,
        0.0,
        0.0720164178729058,
        0.9003836092053549,
        0.0,
        0.27207760055716945,
        0.5619650057584656,
        1.0,
        0.29994191576615475,
        0.2718385401634227,
        0.0,
        0.09961639079464513,
        0.0,
        0.9279835821270942,
        0.6997226293637265,
        0.722918420357993,
        0.20325093414141623,
        0.0,
        0.0,
        0.0,
        0.0,
        0.0,
        0.0,
        0.2770815796420069,
        0.15994071806809396,
        0.0,
        0.0,
        1.0,
        0.0,
        0.0,
        0.7000580842338453,
        0.0,
        1.0,
        0.0,
        0.0,
        0.0,
        0.0,
        0.0,
        0.0,
        0.7279223994428305,
        0.0,
        0.0,
        0.42287054566464755,
        0.0,
        0.0,
        0.0,
        0.0,
        0.0,
        0.0,
        0.30027737063627347,
        0.0,
        0.0,
        0.39891324847283466,
        0.05889793625867042,
        0.0,
        0.840059281931906
    ],