{
    "x_ij_mccormick": [
        0.0,
        0.4943219763355886,
        0.0,
        0.0,
        0.7090709998327842,
        0.0,
        1.6000961329139478,
        0.0,
        0.0,
        0.0,
        0.0,
        0.0,
        0.0,
        0.0,
        0.0,
        0.0,
        0.0,
        0.0,
        0.24477198662954613,
        0.0,
        0.0,
        0.0,
        0.0,
        0.0,
        0.0,
        0.0,
        0.0,
        2.0,
        0.0,
        0.0,
        0.0,
        0.0,
        0.0,
        0.0,
        0.0,
        0.0,
        0.0,
        0.0,
        0.0,
        0.0,
        0.0,
        0.0,
        0.0,
        0.9071406766731732,
        0.0,
        0.0,
        0.0,
        0.0,
        0.0,
        0.0,
        0.0,
        0.0,
        0.0,
        0.0,
        0.0,
        1.0506147062586222,
        0.0,
        0.8478052696326039,
        0.10725794788609988,
        1.3746022662236816,
        0.0,
        0.0,
        0.0,
        0.0,
        6.0,
        0.0,
        0.0,
        0.0,
        0.0,
        0.7552280133704539,
        0.0,
        0.0,
        0.0,
        0.0,
        0.0,
        0.0,
        0.0,
        1.0211866130714646,
        0.0,
        0.0,
        0.0,
        0.0,
        0.0,
        0.0,
        0.0,
        0.0,
        0.0,
        0.14800041969733835,
        0.0,
        1.5006542662355693,
        0.0,
        0.0,
        0.0,
        0.0,
        0.0,
        0.0,
        0.0,
        0.6641157845167007,
        0.0,
        0.22392569766090709,
        0.0,
        0.0,
        0.0,
        0.0,
        0.0,
        0.0,
        0.0,
        0.0,
        0.0,
        0.0,
        0.0,
        0.0,
        0.02661178681079679,
        5.188877069105826,
        0.0,
        0.0
    ],
    "x_il_mccormick": [
        0.0,
        0.0,
        0.0,
        2.258498826599265,
        4.561886020357353,
        0.7841481530499373,
        0.0,
        0.0,
        0.47329830741311957,
        0.6578463401790569,
        0.0,
        3.0,
        0.0,
        0.0,
        3.0,
        0.0,
        0.0,
        0.0,
        6.929311727447183,
        0.0,
        1.1506482740675326,
        0.6157557140361148,
        3.0,
        0.8685213317398748,
        2.131478668260125,
        0.0,
        1.0706882725528173,
        0.0,
        1.9493852937413778,
        0.6253977337763182,
        1.4195390487049777,
        0.0,
        0.0,
        0.0,
        0.0,
        0.0,
        0.0,
        0.0,
        0.8111229308941743,
        0.26420129137935844,
        0.0,
        0.0,
        2.8519995803026617,
        0.0,
        0.0,
        2.05533527503332,
        0.0,
        2.8927420521139,
        0.0,
        0.0,
        0.0,
        0.0,
        0.0,
        0.0,
        1.9600641737036824,
        0.0,
        0.0,
        0.0,
        0.0,
        0.0,
        0.0,
        0.0,
        0.0,
        0.0,
        0.0,
        0.0,
        0.0,
        2.3952230243267554,
        0.3892881197566222,
        0.0,
        6.943194834482566
    ],
    "x_lj_mccormick": [
        1.2909290001672158,
        5.140392823355616,
        0.0,
        0.7760743023390929,
        0.3999038670860522,
        1.0,
        0.0,
        0.0,
        2.0,
        0.3358842154832992,
        0.5804609512950223,
        1.5562927299230336,
        0.9733882131892032,
        0.4703190568877631,
        1.5056780236644114,
        0.0,
        0.0,
        0.0,
        0.4437072700769664,
        0.0,
        0.0,
        2.0,
        0.9238566067731946,
        0.6253977337763182,
        0.0,
        0.0,
        5.1521947303673965,
        2.8478052696326035,
        0.0,
        0.0,
        2.0,
        0.8927420521139001,
        0.0,
        2.0,
        6.0,
        0.0,
        1.8519995803026617,
        1.0,
        0.0,
        0.0,
        0.9788133869285354,
        2.1015800241087743,
        0.030319036733905236,
        1.092859323326827,
        3.4690266970305252,
        0.3892881197566222,
        1.9696809632660948,
        0.0,
        0.0,
        1.0303190367339052,
        1.4195390487049777,
        0.8111229308941743,
        0.0
    ],
    "q_mccormick": [
        0.0,
        0.0,
        0.0,
        0.7528329421997549,
        0.9351186467072297,
        0.38424428596388516,
        0.0,
        0.0,
        0.059162288426639946,
        0.24716705780024506,
        0.0,
        1.0,
        0.0,
        0.0,
        0.375,
        0.0,
        0.0,
        0.2471609881677943,
        0.8661639659308978,
        0.0,
        0.5105933065357323,
        0.6157557140361148,
        1.0,
        0.31488824165556006,
        0.2664348335325156,
        0.0,
        0.13383603406910213,
        0.0,
        0.7528390118322057,
        0.3126988668881592,
        0.864812844850971,
        0.0,
        0.6873011331118408,
        0.0,
        0.0,
        0.0,
        0.0,
        0.0,
        0.13518715514902904,
        0.13210064568967922,
        0.0,
        0.0,
        1.0,
        0.0,
        0.0,
        0.6851117583444399,
        0.0,
        1.0,
        0.0,
        0.0,
        0.0,
        0.0,
        0.0,
        0.0,
        0.4894066934642677,
        0.0,
        0.0,
        0.0,
        0.0,
        0.0,
        0.0,
        0.0,
        0.0,
        0.0,
        0.0,
        0.0,
        0.0,
        0.2994028780408444,
        0.06488135329277037,
        0.0,
        0.8678993543103208
    ],