{
    "x_ij_mccormick": [
        0.0,
        0.0,
        0.4334868099378267,
        0.0,
        0.09847712497830785,
        0.0,
        1.5996538940410252,
        0.0,
        0.0,
        0.0,
        0.0,
        0.0,
        0.0,
        0.0,
        0.0,
        0.0,
        0.0,
        0.0,
        0.0,
        0.0,
        0.0,
        0.0,
        0.0,
        0.0,
        0.0,
        0.0,
        0.0,
        2.0,
        0.0,
        0.0,
        0.0,
        0.0,
        0.0,
        0.0,
        0.0,
        0.0,
        0.0,
        0.0,
        0.0,
        0.0,
        0.0,
        0.0,
        0.0,
        0.667947124308662,
        0.0,
        0.0,
        0.0,
        0.0,
        0.0,
        0.0,
        0.0,
        0.0,
        0.0,
        0.0,
        0.0,
        0.4516552654479886,
        0.0,
        0.25608798133864497,
        0.04997718771660323,
        0.8087492161758905,
        0.0,
        0.0,
        0.0,
        0.0,
        6.0,
        0.0,
        0.0,
        0.0,
        0.0,
        0.8064073882778631,
        0.0,
        0.0,
        0.0,
        0.0,
        0.0,
        0.0,
        0.15621437973380226,
        0.46511923979029834,
        0.0,
        0.0,
        0.0,
        0.0,
        0.0,
        0.0,
        0.0,
        0.0,
        0.0,
        0.1727361336721016,
        0.0,
        0.0,
        0.0,
        0.0,
        0.0,
        0.0,
        0.0,
        0.0,
        0.0,
        0.8722923481113922,
        0.0,
        0.17948598462533494,
        0.0,
        0.0,
        0.0,
        0.0,
        0.0,
        0.0,
        0.0,
        0.0,
        0.0,
        0.0,
        0.0,
        0.0,
        0.0025648426711358807,
        5.9295762356435295,
        0.0,
        0.0
    ],
    "x_il_mccormick": [
        0.0,
        0.0,
        0.0,
        2.4152167891280327,
        2.740873549692777,
        0.44430477920466016,
        0.0,
        0.0,
        0.6644847542956159,
        0.0,
        0.0,
        3.0,
        0.0,
        0.0,
        3.0,
        0.0,
        0.0,
        0.0,
        5.553759867651136,
        0.0,
        0.0,
        0.7998269470205126,
        3.0,
        0.7323436759809494,
        2.2676563240190504,
        0.0,
        2.4462401323488634,
        0.0,
        2.5483447345520114,
        0.9707776731957245,
        1.2055940319457739,
        0.5175631258032528,
        0.0,
        0.0,
        0.0,
        0.0,
        0.0,
        0.0,
        0.059757469368018956,
        0.3589719692506699,
        0.0,
        0.0,
        2.8272638663278986,
        0.0,
        0.0,
        2.2044412217881035,
        0.0,
        2.9500228122833967,
        0.0,
        0.0,
        0.0,
        0.0,
        0.0,
        0.0,
        4.827137513423068,
        0.0,
        0.0,
        4.405735736985954,
        0.0,
        0.0,
        0.0,
        0.0,
        0.0,
        0.0,
        0.41406572235052197,
        0.0,
        0.0,
        2.0678589216853336,
        0.0,
        0.0,
        6.5641121229973205
    ],
    "x_lj_mccormick": [
        1.9015228750216921,
        4.201047201851633,
        0.0,
        0.8205140153746651,
        0.40034610595897485,
        0.8437856202661977,
        0.0,
        0.0,
        2.0,
        0.12770765188860783,
        0.8050722630426776,
        1.4516552654479884,
        0.9974351573288641,
        0.5509095772231476,
        2.0,
        0.0,
        0.0,
        0.0,
        0.5483447345520116,
        0.0,
        0.0,
        2.0,
        0.9367848977690527,
        1.1912507838241095,
        0.19359261172213693,
        0.0,
        5.743912018661355,
        2.256087981338645,
        0.0,
        0.0,
        2.0,
        0.9500228122833968,
        0.0,
        2.0,
        6.0,
        0.0,
        1.8272638663278984,
        1.0,
        0.0,
        0.0,
        1.5348807602097017,
        3.2922567532133664,
        0.0,
        0.8985660657535115,
        5.0,
        1.2480432209252195,
        2.0,
        0.0,
        0.0,
        1.0,
        1.1949277369573224,
        0.07042376435647046,
        0.0
    ],
    "q_mccormick": [
        0.0,
        0.0,
        0.0,
        0.8050722630426775,
        0.44928303287675575,
        0.20017305297948745,
        0.0,
        0.0,
        0.08306059428695199,
        0.0,
        0.0,
        1.0,
        0.0,
        0.0,
        0.375,
        0.0,
        0.0,
        0.0,
        0.694219983456392,
        0.0,
        0.23255961989514917,
        0.7998269470205126,
        1.0,
        0.26518625940396556,
        0.2834570405023813,
        0.0,
        0.3057800165436079,
        0.0,
        1.0,
        0.3885925307367938,
        0.9701212653159905,
        0.1949277369573225,
        0.0,
        0.0,
        0.0,
        0.0,
        0.0,
        0.0,
        0.029878734684009478,
        0.17948598462533494,
        0.0,
        0.0,
        1.0,
        0.0,
        0.0,
        0.7348137405960344,
        0.0,
        1.0,
        0.0,
        0.0,
        0.0,
        0.0,
        0.0,
        0.0,
        0.7674403801048508,
        0.0,
        0.0,
        0.5507169671232442,
        0.0,
        0.0,
        0.0,
        0.0,
        0.0,
        0.0,
        0.6114074692632062,
        0.0,
        0.0,
        0.2584823652106667,
        0.0,
        0.0,
        0.8205140153746651
    ],