{
    "x_ij_mccormick": [
        0.0,
        0.465449278653836,
        0.0,
        0.0,
        0.43899775491943793,
        0.0,
        1.3822916818570787,
        0.0,
        0.0,
        0.0,
        0.0,
        0.0,
        0.0,
        0.0,
        0.0,
        0.0,
        0.0,
        0.0,
        0.0,
        0.0,
        0.0,
        0.0,
        0.0,
        0.0,
        0.0,
        0.0,
        0.0,
        2.0,
        0.0,
        0.0,
        0.0,
        0.0,
        0.0,
        0.0,
        0.0,
        0.0,
        0.0,
        0.0,
        0.0,
        0.0,
        0.0,
        0.0,
        0.0,
        0.9202225153451511,
        0.0,
        0.0,
        0.0,
        0.0,
        0.0,
        0.0,
        0.0,
        0.0,
        0.0,
        0.0,
        0.0,
        0.0,
        0.0,
        0.21253059015861098,
        0.08455791709743032,
        0.49190584593756226,
        0.0,
        0.0,
        0.0,
        0.0,
        6.0,
        0.0,
        0.0,
        0.0,
        0.0,
        0.815213933652051,
        0.0,
        0.0,
        0.0,
        0.0,
        0.0,
        0.0,
        0.0,
        0.7673832113775374,
        0.0,
        0.0,
        0.0,
        0.0,
        0.0,
        0.0,
        0.0,
        0.0,
        0.0,
        0.0,
        0.0,
        0.0,
        0.0,
        0.0,
        0.0,
        0.0,
        0.0,
        0.0,
        0.0,
        0.8884777553099508,
        0.0,
        0.0,
        0.0,
        0.0,
        0.0,
        0.0,
        0.0,
        0.0,
        0.0,
        0.0,
        0.0,
        0.0,
        0.0,
        0.0,
        0.04048845240811705,
        4.120528702199176,
        0.0,
        0.0
    ],
    "x_il_mccormick": [
        0.0,
        0.0,
        0.0,
        2.4326564833007236,
        3.962417068379472,
        1.1455062950796164,
        0.0,
        0.0,
        0.6183123850976745,
        0.0,
        0.0,
        3.0,
        0.0,
        0.0,
        3.0,
        0.0,
        0.0,
        0.0,
        7.079777484654849,
        0.0,
        1.028705569482212,
        0.4722020230633046,
        3.0,
        0.7916449964432137,
        2.208355003556786,
        0.0,
        0.9202225153451514,
        0.0,
        3.0,
        1.101439559630644,
        1.1117206772904138,
        0.4897512558229002,
        0.0,
        0.0,
        0.0,
        0.0,
        0.0,
        0.0,
        1.872307208979405,
        0.19827084079508353,
        0.0,
        0.0,
        3.0,
        0.0,
        0.0,
        2.1426062557469705,
        0.0,
        3.0,
        0.0,
        0.0,
        0.0,
        0.0,
        0.0,
        0.0,
        4.09296784761371,
        0.0,
        0.0,
        0.0,
        0.0,
        0.0,
        0.0,
        0.0,
        0.0,
        0.0,
        0.5914406607797427,
        0.0,
        0.0,
        2.1733326113455393,
        1.6656502340471673,
        0.0,
        7.206916636819666
    ],
    "x_lj_mccormick": [
        1.561002245080562,
        4.943320652931729,
        0.0,
        0.9008645796024582,
        0.6177083181429212,
        1.0,
        0.0,
        0.0,
        2.0,
        0.11152224469004923,
        0.8108854944335745,
        1.5227578710719547,
        0.959511547591883,
        0.5177305813361623,
        1.534550721346164,
        0.0,
        0.0,
        0.0,
        0.4772421289280453,
        0.9882071497257905,
        0.0,
        2.0,
        0.9342512521901842,
        1.5080941540624377,
        0.18478606634794906,
        0.0,
        5.787469409841389,
        2.212530590158611,
        0.0,
        0.0,
        2.0,
        0.9154420829025697,
        0.08455791709743032,
        2.0,
        6.0,
        0.0,
        2.0,
        1.0,
        0.0,
        0.0,
        1.2326167886224626,
        3.787469409841389,
        0.1015872186320701,
        1.079777484654849,
        4.009341052039682,
        0.5389487657321084,
        1.89841278136793,
        0.09913542039754175,
        0.0,
        1.0024517982345285,
        1.1891145055664256,
        1.7949133807033935,
        0.0
    ],
    "q_mccormick": [
        0.0,
        0.0,
        0.0,
        0.8108854944335746,
        0.7917937207441041,
        0.5277979769366954,
        0.0,
        0.0,
        0.07728904813720933,
        0.0,
        0.0,
        1.0,
        0.0,
        0.0,
        0.375,
        0.0,
        0.0,
        0.232724639326918,
        0.8849721855818563,
        0.0,
        0.17145092824703534,
        0.4722020230633046,
        1.0,
        0.2857979147510098,
        0.27604437544459826,
        0.0,
        0.11502781441814369,
        0.0,
        0.767275360673082,
        0.7042796696101287,
        0.7008477698827678,
        0.18911450556642548,
        0.0,
        0.0,
        0.0,
        0.0,
        0.0,
        0.0,
        0.29915223011723224,
        0.09913542039754177,
        0.0,
        0.0,
        1.0,
        0.0,
        0.0,
        0.7142020852489902,
        0.0,
        1.0,
        0.0,
        0.0,
        0.0,
        0.0,
        0.0,
        0.0,
        0.8285490717529647,
        0.0,
        0.0,
        0.0,
        0.0,
        0.0,
        0.0,
        0.0,
        0.0,
        0.0,
        0.29572033038987133,
        0.0,
        0.0,
        0.2716665764181924,
        0.2082062792558959,
        0.0,
        0.9008645796024582
    ],