{
    "x_ij_mccormick": [
        0.0,
        0.5113876879111692,
        0.0,
        0.0,
        0.0,
        0.0,
        1.5011910434640376,
        0.0,
        0.0,
        0.0,
        0.0,
        0.0,
        0.0,
        0.0,
        0.0,
        0.0,
        0.0,
        0.0,
        0.2297376342886288,
        0.0,
        0.0,
        0.0,
        0.0,
        0.0,
        0.0,
        0.0,
        0.0,
        2.0,
        0.0,
        0.0,
        0.0,
        0.0,
        0.0,
        0.0,
        0.0,
        0.0,
        0.0,
        0.0,
        0.0,
        0.0,
        0.0,
        0.0,
        0.0,
        0.8318327820569698,
        0.0,
        0.0,
        0.0,
        0.0,
        0.0,
        0.0,
        0.0,
        0.0,
        0.0,
        0.0,
        0.0,
        0.17302153397792264,
        0.0,
        0.9047405984116204,
        0.07371395211230836,
        1.1567098004988812,
        0.0,
        0.0,
        0.0,
        0.0,
        6.0,
        0.0,
        0.0,
        0.0,
        0.0,
        0.7702623657113712,
        0.0,
        0.0,
        0.0,
        0.0,
        0.0,
        0.0,
        0.0,
        0.845768175694815,
        0.0,
        0.0,
        0.0,
        0.0,
        0.0,
        0.0,
        0.0,
        0.0,
        0.0,
        0.1996825222750409,
        0.0,
        0.0,
        0.0,
        0.0,
        0.0,
        0.0,
        0.0,
        0.0,
        0.0,
        0.7700498035848224,
        0.0,
        0.11166485520616509,
        0.0,
        0.0,
        0.0,
        0.0,
        0.0,
        0.0,
        0.0,
        0.0,
        0.0,
        0.0,
        0.0,
        0.0,
        0.0,
        5.039829361073866,
        0.0,
        0.0
    ],
    "x_il_mccormick": [
        0.0,
        0.671670000343683,
        0.0,
        2.240920389616796,
        3.3186143509335544,
        0.7482134348039438,
        0.0,
        0.0,
        0.0,
        0.6701866849755407,
        0.0,
        3.0,
        0.0,
        0.0,
        3.0,
        0.0,
        0.0,
        0.0,
        5.0,
        0.0,
        0.25669052190887953,
        0.07892552138833585,
        3.0,
        0.8878574476999148,
        2.112142552300085,
        0.0,
        3.0,
        0.0,
        2.8269784660220774,
        0.7027023276532304,
        1.3188431218228407,
        0.0,
        0.0,
        0.0,
        0.0,
        0.0,
        0.0,
        0.0,
        0.960170638926134,
        0.22332971041233018,
        0.0,
        0.0,
        2.800317477724959,
        0.0,
        0.0,
        2.0281165647475836,
        0.0,
        2.9262860478876918,
        0.0,
        0.0,
        0.0,
        0.0,
        0.0,
        0.0,
        3.819779170006763,
        0.0,
        0.0,
        3.230913539926253,
        0.0,
        0.0,
        0.0,
        0.0,
        0.0,
        0.0,
        0.1405878718478884,
        0.0,
        0.0,
        2.8878574476999144,
        0.07231319122621939,
        0.0,
        6.872965416305262
    ],
    "x_lj_mccormick": [
        2.0,
        4.207959981923757,
        0.0,
        0.8883351447938349,
        0.49880895653596247,
        1.0,
        0.0,
        0.0,
        2.0,
        0.2299501964151776,
        0.6811568781771593,
        1.6663514339621128,
        1.0,
        0.3336485660378872,
        1.4886123120888308,
        0.0,
        0.0,
        0.0,
        0.3336485660378872,
        1.0047175878953591,
        0.0,
        2.0,
        0.9159740124474982,
        0.8432901995011188,
        0.0,
        0.0,
        5.09525940158838,
        2.90474059841162,
        0.0,
        0.0,
        2.0,
        0.9262860478876916,
        0.0,
        2.0,
        6.0,
        0.0,
        1.800317477724959,
        1.0,
        0.0,
        0.0,
        1.154231824305185,
        2.9222378676104572,
        0.0,
        1.1681672179430302,
        3.9952824121046406,
        1.4583914520383559,
        2.0,
        0.0,
        0.0,
        1.0,
        1.3188431218228407,
        0.960170638926134,
        0.0
    ],
    "q_mccormick": [
        0.0,
        0.671670000343683,
        0.0,
        0.7469734632055988,
        0.5840836089715151,
        0.24940447826798123,
        0.0,
        0.0,
        0.0,
        0.25302653679440124,
        0.0,
        1.0,
        0.0,
        0.0,
        0.375,
        0.0,
        0.0,
        0.2556938439555846,
        0.625,
        0.0,
        0.4228840878474075,
        0.07892552138833585,
        1.0,
        0.32396114508413887,
        0.26401781903751065,
        0.0,
        0.375,
        0.0,
        0.7443061560444154,
        0.9297060640760558,
        0.8399715601789777,
        0.0,
        0.0,
        0.0,
        0.0,
        0.0,
        0.0,
        0.0,
        0.16002843982102233,
        0.11166485520616509,
        0.0,
        0.0,
        1.0,
        0.0,
        0.0,
        0.6760388549158611,
        0.0,
        1.0,
        0.0,
        0.0,
        0.0,
        0.0,
        0.0,
        0.0,
        0.5771159121525925,
        0.0,
        0.0,
        0.40386419249078165,
        0.0,
        0.0,
        0.0,
        0.0,
        0.0,
        0.0,
        0.0702939359239442,
        0.0,
        0.0,
        0.36098218096248935,
        0.012052198537703231,
        0.0,
        0.8883351447938349
    ],