{
    "x_ij_mccormick": [
        0.0,
        0.0,
        0.0,
        0.0,
        0.25243955124698525,
        0.0,
        1.7357613994709042,
        0.0,
        0.0,
        0.0,
        0.0,
        0.0,
        0.0,
        0.0,
        0.0,
        0.0,
        0.0,
        0.0,
        0.0,
        0.0,
        0.0,
        0.0,
        0.0,
        0.0,
        0.0,
        0.0,
        0.0,
        2.0,
        0.0,
        0.0,
        0.0,
        0.0,
        0.0,
        0.0,
        0.0,
        0.0,
        0.0,
        0.0,
        0.0,
        0.0,
        0.0,
        0.0,
        0.0,
        0.8932483904285231,
        0.0,
        0.0,
        0.0,
        0.0,
        0.0,
        0.0,
        0.0,
        0.0,
        0.0,
        0.0,
        0.0,
        0.3679059916469791,
        0.0,
        0.2663505400468438,
        0.0010251089750275162,
        0.5056924982746835,
        0.0,
        0.0,
        0.0,
        0.0,
        6.0,
        0.0,
        0.0,
        0.0,
        0.0,
        0.8109802284643111,
        0.0,
        0.0,
        0.0,
        0.0,
        0.0,
        0.0,
        0.0,
        0.46983367583823643,
        0.0,
        0.0,
        0.0,
        0.0,
        0.0,
        0.0,
        0.0,
        0.0,
        0.0,
        0.0,
        0.0,
        0.0,
        0.0,
        0.0,
        0.0,
        0.0,
        0.0,
        0.0,
        0.0,
        0.8928219923620137,
        0.0,
        0.10987865110478756,
        0.0,
        0.0,
        0.0,
        0.0,
        0.0,
        0.0,
        0.0,
        0.0,
        0.0,
        0.0,
        0.0,
        0.0,
        0.0,
        4.226573232102317,
        0.0,
        0.0
    ],
    "x_il_mccormick": [
        0.0,
        0.4923487164455389,
        0.0,
        2.416963166291818,
        3.63529217434961,
        0.7718898840835569,
        0.0,
        0.0,
        0.8132790156427331,
        0.0,
        0.0,
        3.0,
        0.0,
        0.0,
        3.0,
        0.0,
        0.0,
        0.0,
        6.658112652505123,
        0.0,
        0.0,
        0.0,
        3.0,
        0.7604099440995019,
        2.239590055900498,
        0.0,
        1.3418873474948771,
        0.0,
        2.632094008353021,
        1.1163321341710886,
        1.1204229866969324,
        0.4958692301101077,
        0.0,
        0.0,
        0.0,
        0.0,
        0.0,
        0.0,
        1.8473493924368112,
        0.21975730220957512,
        0.0,
        0.0,
        3.0,
        0.0,
        0.0,
        2.1770472913651573,
        0.0,
        2.9989748910249725,
        0.0,
        0.0,
        0.0,
        0.0,
        0.0,
        0.0,
        4.895909792467941,
        0.0,
        0.0,
        1.3100232917048837,
        0.0,
        0.0,
        0.0,
        0.0,
        0.0,
        0.0,
        0.5669951390899168,
        0.0,
        0.0,
        1.9471309284567686,
        1.8262958394409143,
        0.0,
        7.120970791161701
    ],
    "x_lj_mccormick": [
        1.7475604487530148,
        4.703046295723048,
        0.0,
        0.8901213488952124,
        0.26423860052909576,
        1.0,
        0.0,
        0.0,
        2.0,
        0.10717800763798634,
        0.8056543887639394,
        1.3679059916469791,
        1.0,
        0.632094008353021,
        2.0,
        0.0,
        0.0,
        0.0,
        0.632094008353021,
        0.0,
        0.0,
        2.0,
        0.9374572354646591,
        1.4943075017253165,
        0.18901977153568894,
        0.0,
        5.733649459953156,
        2.2663505400468438,
        0.0,
        0.0,
        2.0,
        0.9989748910249725,
        0.0,
        2.0,
        6.0,
        0.0,
        2.0,
        1.0,
        0.0,
        0.0,
        1.5301663241617636,
        3.365743468306177,
        0.0,
        1.106751609571477,
        5.0,
        0.6648596959239308,
        2.0,
        0.0,
        0.0,
        1.0,
        1.1943456112360606,
        1.773426767897683,
        0.0
    ],
    "q_mccormick": [
        0.0,
        0.4923487164455389,
        0.0,
        0.8056543887639394,
        0.5533758047857384,
        0.5076512835544611,
        0.0,
        0.0,
        0.10165987695534164,
        0.0,
        0.0,
        1.0,
        0.0,
        0.0,
        0.375,
        0.0,
        0.0,
        0.0,
        0.8322640815631405,
        0.0,
        0.23491683791911822,
        0.0,
        1.0,
        0.2743175695449476,
        0.2799487569875623,
        0.0,
        0.16773591843685953,
        0.0,
        1.0,
        0.7165024304550416,
        0.7044288720170528,
        0.19434561123606067,
        0.0,
        0.0,
        0.0,
        0.0,
        0.0,
        0.0,
        0.29557112798294716,
        0.10987865110478756,
        0.0,
        0.0,
        1.0,
        0.0,
        0.0,
        0.7256824304550524,
        0.0,
        1.0,
        0.0,
        0.0,
        0.0,
        0.0,
        0.0,
        0.0,
        0.7650831620808818,
        0.0,
        0.0,
        0.2183372152841473,
        0.0,
        0.0,
        0.0,
        0.0,
        0.0,
        0.0,
        0.2834975695449584,
        0.0,
        0.0,
        0.2433913660570961,
        0.22828697993011426,
        0.0,
        0.8901213488952124
    ],