{
    "x_ij_mccormick": [
        0.0,
        0.4092451147859848,
        0.1603935567750766,
        0.0,
        0.0,
        0.0,
        1.825113485109398,
        0.0,
        0.0,
        0.0,
        0.0,
        0.0,
        0.0,
        0.0,
        0.0,
        0.0,
        0.0,
        0.0,
        0.25397728514600126,
        0.0,
        0.0,
        0.0,
        0.0,
        0.0,
        0.0,
        0.0,
        0.0,
        2.0,
        0.0,
        0.0,
        0.0,
        0.0,
        0.0,
        0.0,
        0.0,
        0.0,
        0.0,
        0.0,
        0.0,
        0.0,
        0.0,
        0.0,
        0.0,
        0.8242636931985287,
        0.0,
        0.0,
        0.0,
        0.0,
        0.0,
        0.0,
        0.0,
        0.0,
        0.0,
        0.0,
        0.0,
        0.0,
        0.0,
        1.0249586756260012,
        0.0,
        1.186971516616596,
        0.0,
        0.0,
        0.0,
        0.0,
        6.0,
        0.0,
        0.0,
        0.0,
        0.0,
        0.7460227148539987,
        0.0,
        0.0,
        0.0,
        0.0,
        0.0,
        0.0,
        0.0,
        0.7130854523549988,
        0.0,
        0.0,
        0.0,
        0.0,
        0.0,
        0.0,
        0.0,
        0.0,
        0.0,
        0.0,
        0.0,
        0.0,
        0.0,
        0.0,
        0.0,
        0.0,
        0.0,
        0.0,
        0.0,
        0.6197748546151636,
        0.0,
        0.0,
        0.0,
        0.0,
        0.0,
        0.0,
        0.0,
        0.0,
        0.0,
        0.0,
        0.0,
        0.0,
        0.0,
        0.0,
        0.06836410629294776,
        4.90821325343045,
        0.0,
        0.0
    ],
    "x_il_mccormick": [
        0.0,
        0.0,
        0.0,
        2.123710447022425,
        2.722093501863166,
        0.8392928804093902,
        0.0,
        0.0,
        0.623697088288723,
        0.7876139955952618,
        0.0,
        3.0,
        0.0,
        0.0,
        3.0,
        0.0,
        0.0,
        0.0,
        5.012190183761746,
        0.0,
        0.0,
        0.3355936344812119,
        3.0,
        0.9762517416523299,
        2.0237482583476702,
        0.0,
        2.9878098162382543,
        0.0,
        3.0,
        0.5061406216068491,
        1.4689007027671497,
        0.0,
        0.0,
        0.0,
        0.0,
        0.0,
        0.0,
        0.0,
        1.09178674656955,
        0.0,
        0.0,
        0.0,
        3.0,
        0.0,
        0.0,
        1.9394641686686875,
        0.0,
        2.9811816289013064,
        0.0,
        0.0,
        0.0,
        0.0,
        0.0,
        0.0,
        4.409570166614044,
        0.0,
        0.0,
        3.044138350677094,
        0.0,
        0.0,
        0.0,
        0.0,
        0.0,
        0.0,
        0.3068878617765548,
        0.0,
        0.0,
        2.3525546533636073,
        0.6708679869129953,
        0.0,
        6.971837765997856
    ],
    "x_lj_mccormick": [
        2.0,
        3.971837765997856,
        0.0,
        1.0,
        0.17488651489060206,
        1.0,
        0.0,
        0.0,
        2.0,
        0.3802251453848364,
        0.5310992972328503,
        1.4721044468730726,
        0.9316358937070522,
        0.5962596594198751,
        1.5907548852140152,
        0.0,
        0.0,
        0.0,
        0.5278955531269274,
        0.8813495616590574,
        0.0,
        2.0,
        0.9157159103210175,
        0.8130284833834039,
        0.0,
        0.0,
        4.975041324373999,
        3.0061403045273076,
        0.0,
        0.018818371098693613,
        2.0,
        0.9811816289013063,
        0.0,
        2.0,
        6.0,
        0.0,
        2.0,
        1.0,
        0.0,
        0.0,
        1.2869145476450012,
        2.9938596954726924,
        0.12879592349635094,
        1.0153427500263945,
        3.989854514844592,
        1.4319025745822687,
        1.871204076503649,
        0.0,
        0.0,
        1.128795923496351,
        1.4689007027671497,
        1.09178674656955,
        0.0
    ],
    "q_mccormick": [
        0.0,
        0.0,
        0.0,
        0.7079034823408082,
        0.5076713750131973,
        0.6644063655187882,
        0.0,
        0.0,
        0.07796213603609037,
        0.2920965176591917,
        0.0,
        1.0,
        0.0,
        0.0,
        0.375,
        0.0,
        0.0,
        0.2046225573929924,
        0.6265237729702183,
        0.0,
        0.0,
        0.3355936344812119,
        1.0,
        0.3535119437771041,
        0.2529685322934588,
        0.0,
        0.37347622702978167,
        0.0,
        0.7953774426070076,
        0.8465560691117224,
        0.8180355422384084,
        0.0,
        0.0,
        0.0,
        0.0,
        0.0,
        0.0,
        0.0,
        0.18196445776159167,
        0.0,
        0.0,
        0.0,
        1.0,
        0.0,
        0.0,
        0.6464880562228958,
        0.0,
        1.0,
        0.0,
        0.0,
        0.0,
        0.0,
        0.0,
        0.0,
        1.0,
        0.0,
        0.0,
        0.3805172938346368,
        0.0,
        0.0,
        0.0,
        0.0,
        0.0,
        0.0,
        0.15344393088827757,
        0.0,
        0.0,
        0.29406933167045085,
        0.11181133115216589,
        0.0,
        1.0
    ],