{
    "x_ij_mccormick": [
        0.0,
        0.3190986547852439,
        0.0,
        0.0,
        0.5752902578109003,
        0.0,
        1.329304675064333,
        0.0,
        0.0,
        0.0,
        0.0,
        0.0,
        0.0,
        0.0,
        0.0,
        0.0,
        0.0,
        0.0,
        0.2668206814656291,
        0.0,
        0.0,
        0.0,
        0.0,
        0.0,
        0.0,
        0.0,
        0.0,
        2.0,
        0.0,
        0.0,
        0.0,
        0.0,
        0.0,
        0.0,
        0.0,
        0.0,
        0.0,
        0.0,
        0.0,
        0.0,
        0.0,
        0.0,
        0.0,
        0.8277776247086583,
        0.0,
        0.0,
        0.0,
        0.0,
        0.0,
        0.0,
        0.0,
        0.0,
        0.0,
        0.0,
        0.0,
        0.9249704674037866,
        0.0,
        0.570131650519146,
        0.0,
        1.2075142424716399,
        0.0,
        0.0,
        0.0,
        0.0,
        6.0,
        0.0,
        0.0,
        0.0,
        0.0,
        0.7331793185343709,
        0.0,
        0.0,
        0.0,
        0.0,
        0.0,
        0.0,
        0.0,
        0.6590860984664637,
        0.0,
        0.0,
        0.0,
        0.0,
        0.0,
        0.0,
        0.0,
        0.0,
        0.0,
        0.20519835080253013,
        0.0,
        0.0,
        0.0,
        0.0,
        0.0,
        0.0,
        0.0,
        0.0,
        0.0,
        0.3459570847888135,
        0.0,
        0.1290226138306272,
        0.0,
        0.0,
        0.0,
        0.0,
        0.0,
        0.0,
        0.0,
        0.0,
        0.0,
        0.0,
        0.0,
        0.0,
        0.0,
        5.509666549764887,
        0.0,
        0.0
    ],
    "x_il_mccormick": [
        0.0,
        0.0,
        0.0,
        2.088331439460859,
        3.28061601313188,
        1.0270850809048844,
        0.0,
        0.0,
        0.9379849258881705,
        0.8459448251075947,
        0.0,
        3.0,
        0.0,
        0.0,
        3.0,
        0.0,
        0.0,
        0.9572959643557316,
        5.370241290626786,
        0.0,
        0.0,
        0.6436102440307828,
        3.0,
        0.8792958998010391,
        2.120704100198961,
        0.0,
        2.6297587093732138,
        0.0,
        2.075029532596213,
        0.7014357740372674,
        1.7284325754435865,
        0.0,
        0.0,
        0.0,
        0.0,
        0.0,
        0.0,
        0.0,
        0.34653390346138124,
        0.2158211784484098,
        0.0,
        0.0,
        2.7948016491974697,
        0.0,
        0.0,
        2.0478887799875825,
        0.0,
        2.987001112798719,
        0.0,
        0.0,
        0.0,
        0.0,
        0.0,
        0.0,
        3.9809454055834808,
        0.0,
        0.0,
        1.9343103978037306,
        0.0,
        0.0,
        0.0,
        0.0,
        0.0,
        0.012998887201280951,
        0.0910499834910927,
        0.0,
        0.0,
        1.9413109739128682,
        0.5490224763222445,
        0.0,
        7.1367152862063605
    ],
    "x_lj_mccormick": [
        1.4247097421890997,
        5.056849336296298,
        0.0,
        0.8709773861693728,
        0.6706953249356672,
        1.0,
        0.0,
        0.0,
        2.0,
        0.6540429152111865,
        0.28023334935726707,
        1.6058718126185427,
        1.0,
        0.3941281873814573,
        1.680901345214756,
        0.0,
        0.0,
        0.0,
        0.3941281873814573,
        0.9572959643557316,
        0.0,
        2.0,
        0.9271846797886218,
        0.7924857575283601,
        0.0,
        0.0,
        5.429868349480854,
        2.4349980285462687,
        0.0,
        0.1351336219728774,
        1.9913340751991462,
        0.8648663780271226,
        0.1437995467737312,
        2.0,
        6.0,
        0.0,
        1.7948016491974699,
        1.0,
        0.0,
        0.0,
        1.3409139015335363,
        2.6400315040499445,
        0.0,
        1.1722223752913417,
        4.0427040356442685,
        0.5490224763222445,
        2.0,
        0.0,
        0.0,
        1.0,
        1.719766650642733,
        0.34653390346138124,
        0.00866592480085382
    ],
    "q_mccormick": [
        0.0,
        0.0,
        0.0,
        0.6961104798202864,
        0.5861111876456708,
        0.3563897559692172,
        0.0,
        0.0,
        0.11724811573602134,
        0.30388952017971366,
        0.0,
        1.0,
        0.0,
        0.0,
        0.375,
        0.0,
        0.0,
        0.15954932739262195,
        0.6712801613283483,
        0.0,
        0.32954304923323186,
        0.6436102440307828,
        1.0,
        0.31737040667080574,
        0.26508801252487013,
        0.0,
        0.32871983867165167,
        0.0,
        0.840450672607378,
        0.9544750082544536,
        0.9422443494231031,
        0.0,
        0.0,
        0.0,
        0.0,
        0.0,
        0.0,
        0.0,
        0.057755650576896876,
        0.1079105892242049,
        0.0,
        0.0,
        1.0,
        0.0,
        0.0,
        0.6826295933291943,
        0.0,
        0.9956670375995731,
        0.0,
        0.0,
        0.0,
        0.0,
        0.0,
        0.0,
        0.6704569507667681,
        0.0,
        0.0,
        0.32238506630062175,
        0.0,
        0.0,
        0.0,
        0.0,
        0.0,
        0.00433296240042691,
        0.04552499174554635,
        0.0,
        0.0,
        0.24266387173910853,
        0.09150374605370742,
        0.0,
        0.8920894107757951
    ],