{
    "x_ij_mccormick": [
        0.0,
        0.5388782687504965,
        0.0,
        0.0,
        0.0,
        0.0,
        1.9441880352193526,
        0.0,
        0.0,
        0.0,
        0.0,
        0.0,
        0.0,
        0.0,
        0.0,
        0.0,
        0.0,
        0.0,
        0.24658347315294704,
        0.0,
        0.0,
        0.0,
        0.0,
        0.0,
        0.0,
        0.0,
        0.0,
        2.0,
        0.0,
        0.0,
        0.0,
        0.0,
        0.0,
        0.0,
        0.0,
        0.0,
        0.0,
        0.0,
        0.0,
        0.0,
        0.0,
        0.0,
        0.0,
        0.9928924686353169,
        0.0,
        0.0,
        0.0,
        0.0,
        0.0,
        0.0,
        0.0,
        0.0,
        0.0,
        0.0,
        0.0,
        0.0,
        0.0,
        0.49644623431765833,
        0.15588147787186857,
        0.4846812816113528,
        0.0,
        0.0,
        0.0,
        0.0,
        6.0,
        0.0,
        0.0,
        0.0,
        0.0,
        0.753416526847053,
        0.0,
        0.0,
        0.0,
        0.0,
        0.0,
        0.0,
        0.0,
        0.6216317398886759,
        0.0,
        0.0,
        0.0,
        0.0,
        0.0,
        0.0,
        0.0,
        0.0,
        0.0,
        0.0,
        0.0,
        0.0,
        0.0,
        0.0,
        0.0,
        0.0,
        0.0,
        0.0,
        0.0,
        0.7779636232793494,
        0.0,
        0.0982552395924775,
        0.0,
        0.0,
        0.0,
        0.0,
        0.0,
        0.0,
        0.0,
        0.0,
        0.0,
        0.0,
        0.0,
        0.0,
        0.0,
        4.531130353565658,
        0.0,
        0.0
    ],
    "x_il_mccormick": [
        0.0,
        0.19108344428644297,
        0.0,
        2.2499702440660254,
        3.2769139758625627,
        0.0837179471709712,
        0.0,
        0.0,
        0.0,
        0.6809085734964058,
        0.0,
        3.0,
        0.0,
        0.0,
        2.7456397882053327,
        0.0,
        0.0,
        0.0,
        7.007107531364683,
        0.0,
        0.40873803676611864,
        0.7810105733232333,
        3.0,
        0.814073264301717,
        2.185926735698283,
        0.0,
        0.9928924686353175,
        0.0,
        3.0,
        0.9691924451455876,
        1.3784798426648859,
        0.0,
        0.0,
        0.0,
        0.0,
        0.0,
        0.0,
        0.0,
        1.2256658850558066,
        0.196510479184955,
        0.0,
        0.0,
        3.0,
        0.0,
        0.0,
        2.1226700315941747,
        0.0,
        2.8690165747400003,
        0.0,
        0.0,
        0.0,
        0.0,
        0.0,
        0.0,
        4.473183989027547,
        0.0,
        0.0,
        2.2821553143760545,
        0.0,
        0.0,
        0.0,
        0.0,
        0.0,
        0.13098342525999973,
        0.5461262732430596,
        0.0,
        0.0,
        3.0684334760963843,
        0.400436170337958,
        0.0,
        7.21395808326018
    ],
    "x_lj_mccormick": [
        2.0,
        4.508723802037612,
        0.0,
        0.9017447604075225,
        0.05581196478064747,
        1.0,
        0.0,
        0.0,
        2.0,
        0.22203637672065052,
        0.7088424408417806,
        1.6459806450951,
        1.0,
        0.3540193549049,
        1.4611217312495035,
        0.0,
        0.0,
        0.0,
        0.3540193549049,
        1.1848589138455963,
        0.0,
        2.0,
        0.9367432958958913,
        1.5153187183886472,
        0.0,
        0.0,
        5.503553765682342,
        2.4964462343176583,
        0.0,
        0.0,
        1.9126777164933335,
        0.8441185221281314,
        0.24320376137853528,
        2.0,
        6.0,
        0.0,
        2.0,
        1.0,
        0.0,
        0.0,
        1.378368260111324,
        3.5035537656823417,
        0.0,
        1.0071075313646831,
        3.8151410861544037,
        1.1372568430574879,
        2.0,
        0.0,
        0.0,
        1.0,
        1.2911575591582194,
        1.2256658850558066,
        0.08732228350666649
    ],
    "q_mccormick": [
        0.0,
        0.19108344428644297,
        0.0,
        0.7499900813553417,
        0.5035537656823416,
        0.027905982390323734,
        0.0,
        0.0,
        0.0,
        0.25000991864465827,
        0.0,
        1.0,
        0.0,
        0.0,
        0.3432049735256667,
        0.0,
        0.0,
        0.26943913437524825,
        0.8758884414205853,
        0.0,
        0.31081586994433796,
        0.7810105733232333,
        1.0,
        0.2924433228019419,
        0.2732408419622854,
        0.0,
        0.1241115585794147,
        0.0,
        0.7305608656247518,
        0.7269368633784702,
        0.7957223524906989,
        0.0,
        0.0,
        0.0,
        0.0,
        0.0,
        0.0,
        0.0,
        0.2042776475093011,
        0.0982552395924775,
        0.0,
        0.0,
        1.0,
        0.0,
        0.0,
        0.7075566771980581,
        0.0,
        0.9563388582466668,
        0.0,
        0.0,
        0.0,
        0.0,
        0.0,
        0.0,
        0.689184130055662,
        0.0,
        0.0,
        0.42970687259466545,
        0.0,
        0.0,
        0.0,
        0.0,
        0.0,
        0.043661141753333244,
        0.2730631366215298,
        0.0,
        0.0,
        0.38355418451204804,
        0.066739361722993,
        0.0,
        0.9017447604075225
    ],