{
    "x_ij_mccormick": [
        0.0,
        0.0,
        0.0,
        0.0,
        0.3256233025177979,
        0.0,
        1.794804069968341,
        0.0,
        0.0,
        0.0,
        0.0,
        0.0,
        0.0,
        0.0,
        0.0,
        0.0,
        0.0,
        0.0,
        0.34371700215732703,
        0.0,
        0.6497327121522708,
        0.0,
        0.0,
        0.0,
        0.0,
        0.0,
        0.0,
        2.0,
        0.0,
        0.0,
        0.0,
        0.0,
        0.0,
        0.0,
        0.0,
        0.0,
        0.0,
        0.0,
        0.0,
        0.0,
        0.0,
        0.0,
        0.0,
        1.1204453619757226,
        0.0,
        0.0,
        0.0,
        0.0,
        0.0,
        0.0,
        0.0,
        0.0,
        0.0,
        0.0,
        0.0,
        0.6255624018465347,
        0.0,
        1.1719320717069301,
        0.19909929407803917,
        1.9661316371292612,
        0.0,
        0.0,
        0.0,
        0.0,
        6.0,
        0.0,
        0.0,
        0.0,
        0.0,
        0.656282997842673,
        0.0,
        0.0,
        0.0,
        0.0,
        0.0,
        0.0,
        0.0,
        0.9985422403800512,
        0.0,
        0.0,
        0.0,
        0.0,
        0.0,
        0.0,
        0.0,
        0.0,
        0.0,
        0.0,
        0.0,
        1.5205882413842842,
        0.0,
        0.0,
        0.0,
        0.0,
        0.0,
        0.0,
        0.0,
        0.5920293103501322,
        0.0,
        0.09195433754189941,
        0.0,
        0.0,
        0.0,
        0.0,
        0.0,
        0.0,
        0.0,
        0.0,
        0.0,
        0.0,
        0.0,
        0.0,
        0.0,
        4.191570570569311,
        0.0,
        0.0
    ],
    "x_il_mccormick": [
        0.0,
        0.6372052156914289,
        0.0,
        1.8953509178478158,
        4.358966396639993,
        0.5679907143402302,
        0.0,
        0.0,
        0.0,
        1.0181847216585986,
        0.0,
        3.0,
        0.0,
        0.0,
        3.0,
        0.0,
        0.0,
        0.0,
        6.879554638024278,
        0.0,
        0.4306685588684904,
        0.0,
        3.0,
        1.0487186423924544,
        1.9512813576075456,
        0.0,
        1.1204453619757224,
        0.0,
        2.3744375981534653,
        0.0,
        1.6289686342150314,
        0.0,
        0.0,
        0.0,
        0.0,
        0.0,
        0.0,
        0.0,
        0.8250638391288004,
        0.1839086750837987,
        0.0,
        0.0,
        3.0,
        0.0,
        0.0,
        1.8557829940809192,
        0.0,
        2.7981996238926325,
        0.0,
        0.0,
        0.0,
        0.0,
        0.0,
        0.0,
        2.7732947271979933,
        0.0,
        0.0,
        0.0,
        0.0,
        0.0,
        0.0,
        0.0,
        0.0,
        0.20180037610736745,
        0.0338683628707389,
        0.0,
        0.0,
        3.048718642392455,
        0.7597107870382342,
        0.0,
        7.264365299664806
    ],
    "x_lj_mccormick": [
        1.674376697482202,
        4.865851614808301,
        0.0,
        0.9080456624581006,
        0.20519593003165904,
        1.0,
        0.0,
        0.0,
        2.0,
        0.40797068964986777,
        0.5055649498565469,
        1.6255624018465347,
        1.0,
        0.37443759815346533,
        2.0,
        0.0,
        0.0,
        0.0,
        0.37443759815346533,
        0.0,
        0.0,
        2.0,
        0.9045016364733736,
        0.0338683628707389,
        0.0,
        0.0,
        4.82806792829307,
        3.17193207170693,
        0.0,
        0.0,
        1.8654664159284218,
        0.8009007059219608,
        0.3336328781496174,
        2.0,
        6.0,
        0.0,
        2.0,
        1.0,
        0.0,
        0.0,
        1.0014577596199488,
        2.202505526446535,
        0.0,
        0.8795546380242774,
        3.479411758615716,
        0.7597107870382342,
        2.0,
        0.0,
        0.0,
        1.0,
        1.4944350501434531,
        0.8250638391288004,
        0.13453358407157823
    ],
    "q_mccormick": [
        0.0,
        0.6372052156914289,
        0.0,
        0.6317836392826054,
        0.8733815354936276,
        0.36279478430857115,
        0.0,
        0.0,
        0.0,
        0.3682163607173946,
        0.0,
        1.0,
        0.0,
        0.0,
        0.375,
        0.0,
        0.0,
        0.0,
        0.8599443297530347,
        0.0,
        0.4992711201900256,
        0.0,
        1.0,
        0.3814056686396936,
        0.24391016970094315,
        0.0,
        0.1400556702469653,
        0.0,
        1.0,
        0.9830658185646306,
        0.8624893601452,
        0.0,
        0.0,
        0.0,
        0.0,
        0.0,
        0.0,
        0.0,
        0.13751063985480008,
        0.09195433754189936,
        0.0,
        0.0,
        1.0,
        0.0,
        0.0,
        0.6185943313603064,
        0.0,
        0.9327332079642109,
        0.0,
        0.0,
        0.0,
        0.0,
        0.0,
        0.0,
        0.5007288798099744,
        0.0,
        0.0,
        0.0,
        0.0,
        0.0,
        0.0,
        0.0,
        0.0,
        0.06726679203578911,
        0.01693418143536945,
        0.0,
        0.0,
        0.38108983029905685,
        0.12661846450637237,
        0.0,
        0.9080456624581006
    ],