{
    "x_ij_mccormick": [
        0.0,
        0.5662039711435944,
        0.0,
        0.0,
        0.6361880251332548,
        0.0,
        1.6118449332051537,
        0.0,
        0.0,
        0.0,
        0.0,
        0.0,
        0.0,
        0.0,
        0.0,
        0.0,
        0.0,
        0.0,
        0.2620390331347173,
        0.0,
        0.0,
        0.0,
        0.0,
        0.0,
        0.0,
        0.0,
        0.0,
        2.0,
        0.0,
        0.0,
        0.0,
        0.0,
        0.0,
        0.0,
        0.0,
        0.0,
        0.0,
        0.0,
        0.0,
        0.0,
        0.0,
        0.0,
        0.0,
        0.7547722064005322,
        0.0,
        0.0,
        0.0,
        0.0,
        0.0,
        0.0,
        0.0,
        0.0,
        0.0,
        0.0,
        0.0,
        1.2905521105501376,
        0.0,
        0.15355200504533695,
        0.0,
        0.38168034214446966,
        0.0,
        0.0,
        0.0,
        0.0,
        6.0,
        0.0,
        0.0,
        0.0,
        0.0,
        0.7379609668652827,
        0.0,
        0.0,
        0.0,
        0.0,
        0.0,
        0.0,
        0.0,
        0.5190628969069511,
        0.0,
        0.0,
        0.0,
        0.0,
        0.0,
        0.0,
        0.0,
        0.0,
        0.0,
        0.0,
        0.0,
        0.0,
        0.0,
        0.0,
        0.0,
        0.0,
        0.0,
        0.0,
        0.0,
        0.6085907306760416,
        0.0,
        0.08225724068012552,
        0.0,
        0.0,
        0.0,
        0.0,
        0.0,
        0.0,
        0.0,
        0.0,
        0.0,
        0.0,
        0.0,
        0.0,
        0.0,
        4.385513726305502,
        0.0,
        0.0
    ],
    "x_il_mccormick": [
        0.0,
        0.25182002001669035,
        0.0,
        2.1520181433704244,
        4.546615880168686,
        0.5822326001922696,
        0.0,
        0.0,
        0.0,
        0.7739352869481858,
        0.0,
        3.0,
        0.0,
        0.0,
        3.0,
        0.0,
        0.0,
        1.6986119134307827,
        5.227979602311564,
        0.0,
        0.0,
        0.5541024465858865,
        3.0,
        1.1150399560205801,
        1.8849600439794199,
        0.0,
        2.7720203976884363,
        0.0,
        1.7094478894498624,
        1.187821180061177,
        1.658626814893486,
        0.0,
        0.0,
        0.0,
        0.0,
        0.0,
        0.0,
        0.0,
        1.4213152978063597,
        0.16451448136025107,
        0.0,
        0.0,
        3.0,
        0.0,
        0.0,
        1.7823085641026037,
        0.0,
        2.9809347855204864,
        0.0,
        0.0,
        0.0,
        0.0,
        0.0,
        0.0,
        4.0558982019770875,
        0.0,
        0.0,
        0.0,
        0.0,
        0.0,
        0.0,
        0.0,
        0.0,
        0.0,
        0.4304984777943533,
        0.0,
        0.0,
        3.1150399560205804,
        0.499446317673917,
        0.0,
        7.341942074558994
    ],
    "x_lj_mccormick": [
        1.3638119748667452,
        5.224901821732626,
        0.0,
        0.9177427593198745,
        0.3881550667948464,
        1.0,
        0.0,
        0.0,
        2.0,
        0.39140926932395836,
        0.534544160994652,
        1.724348139406543,
        1.0,
        0.27565186059345703,
        1.4337960288564056,
        0.0,
        0.0,
        0.0,
        0.27565186059345703,
        1.6986119134307827,
        0.0,
        2.0,
        0.8973485201231839,
        1.6183196578555303,
        0.0,
        0.0,
        5.846447994954663,
        2.1344867905658234,
        0.0,
        0.01906521447951347,
        2.0,
        0.9809347855204865,
        0.0,
        2.0,
        6.0,
        0.0,
        2.0,
        1.0,
        0.0,
        0.0,
        1.480937103093049,
        2.574961098884039,
        0.0,
        1.2452277935994678,
        3.3013880865692173,
        0.499446317673917,
        2.0,
        0.0,
        0.0,
        1.0,
        1.465455839005348,
        1.6144862736944976,
        0.0
    ],
    "q_mccormick": [
        0.0,
        0.25182002001669035,
        0.0,
        0.7173393811234748,
        0.9167589470543471,
        0.1940775333974232,
        0.0,
        0.0,
        0.0,
        0.2826606188765251,
        0.0,
        1.0,
        0.0,
        0.0,
        0.375,
        0.0,
        0.0,
        0.2831019855717972,
        0.6534974502889455,
        0.0,
        0.25953144845347553,
        0.5541024465858865,
        1.0,
        0.40589714529913207,
        0.2356200054974274,
        0.0,
        0.34650254971105454,
        0.0,
        0.7168980144282028,
        0.7847507611028234,
        0.7631141170322734,
        0.0,
        0.0,
        0.0,
        0.0,
        0.0,
        0.0,
        0.0,
        0.2368858829677266,
        0.08225724068012553,
        0.0,
        0.0,
        1.0,
        0.0,
        0.0,
        0.594102854700868,
        0.0,
        1.0,
        0.0,
        0.0,
        0.0,
        0.0,
        0.0,
        0.0,
        0.7404685515465245,
        0.0,
        0.0,
        0.0,
        0.0,
        0.0,
        0.0,
        0.0,
        0.0,
        0.0,
        0.21524923889717665,
        0.0,
        0.0,
        0.3893799945025726,
        0.08324105294565283,
        0.0,
        0.9177427593198745
    ],