{
    "x_ij_mccormick": [
        0.0,
        0.4811418295356704,
        0.0,
        0.0,
        0.0,
        0.0,
        1.5538124087414782,
        0.0,
        0.0,
        0.0,
        0.0,
        0.0,
        0.0,
        0.0,
        0.0,
        0.0,
        0.0,
        0.0,
        0.2517143194673398,
        0.0,
        0.0,
        0.0,
        0.0,
        0.0,
        0.0,
        0.0,
        0.0,
        2.0,
        0.0,
        0.0,
        0.0,
        0.0,
        0.0,
        0.0,
        0.0,
        0.0,
        0.0,
        0.0,
        0.0,
        0.0,
        0.0,
        0.0,
        0.0,
        0.7822516677857367,
        0.0,
        0.0,
        0.0,
        0.0,
        0.0,
        0.0,
        0.0,
        0.0,
        0.0,
        0.0,
        0.0,
        0.0,
        0.0,
        0.45736922565990934,
        0.0,
        0.554831205785886,
        0.0,
        0.0,
        0.0,
        0.0,
        6.0,
        0.0,
        0.0,
        0.0,
        0.0,
        0.7482856805326602,
        0.0,
        0.0,
        0.0,
        0.0,
        0.0,
        0.0,
        0.0,
        0.9276681838497105,
        0.0,
        0.0,
        0.0,
        0.0,
        0.0,
        0.0,
        0.0,
        0.0,
        0.0,
        0.0,
        0.0,
        0.3644047394015435,
        0.0,
        0.0,
        0.0,
        0.0,
        0.0,
        0.0,
        0.0,
        0.5877359504006501,
        0.0,
        0.0,
        0.0,
        0.0,
        0.0,
        0.0,
        0.0,
        0.0,
        0.0,
        0.0,
        0.0,
        0.0,
        0.0,
        0.0,
        0.0494462528720955,
        5.9071080169190955,
        0.0,
        0.0
    ],
    "x_il_mccormick": [
        0.0,
        0.7677217880508901,
        0.0,
        2.223088316646261,
        3.6867477795617027,
        0.6784658032076316,
        0.0,
        0.0,
        0.7384940049537678,
        0.7206135228448105,
        0.0,
        3.0,
        0.0,
        0.0,
        3.0,
        0.0,
        0.0,
        0.0,
        5.000000000000001,
        0.0,
        1.4259640101442503,
        0.0,
        3.0,
        0.7819397351625771,
        2.218060264837423,
        0.0,
        3.0,
        0.0,
        3.0,
        1.0059129673056386,
        1.536717807034452,
        0.0,
        0.0,
        0.0,
        0.0,
        0.0,
        0.0,
        0.0,
        0.0,
        0.0,
        0.0,
        0.0,
        3.0,
        0.0,
        0.0,
        2.157517089179626,
        0.0,
        2.7811043397241413,
        0.0,
        0.0,
        0.0,
        0.0,
        0.0,
        0.0,
        3.3397386436958145,
        0.0,
        0.0,
        3.129006671142946,
        0.0,
        0.0,
        0.0,
        0.0,
        0.0,
        0.09289198308090452,
        0.4392558269084755,
        0.0,
        0.0,
        2.043445730208809,
        0.0,
        0.0,
        6.507001059700306
    ],
    "x_lj_mccormick": [
        2.0,
        3.507001059700306,
        0.0,
        1.0,
        0.44618759125852175,
        1.0,
        0.0,
        0.0,
        2.0,
        0.4122640495993499,
        0.5314377898917217,
        1.5437565141086302,
        0.9505537471279045,
        0.505689738763465,
        1.5188581704643296,
        0.0,
        0.0,
        0.0,
        0.45624348589136976,
        1.0248983436443004,
        0.0,
        2.0,
        0.939456824342203,
        1.445168794214114,
        0.0,
        0.0,
        5.542630774340091,
        2.306629162310225,
        0.0,
        0.15074006334968476,
        1.9318444030738262,
        0.8492599366503153,
        0.09289198308090452,
        2.0,
        6.0,
        0.0,
        2.0,
        1.0,
        0.0,
        0.0,
        1.0723318161502895,
        3.693370837689775,
        0.0,
        1.2177483322142633,
        3.610696916954156,
        1.987309201536229,
        2.0,
        0.0,
        0.0,
        1.0,
        1.4685622101082783,
        0.0,
        0.06815559692617369
    ],
    "q_mccormick": [
        0.0,
        0.7677217880508901,
        0.0,
        0.7410294388820869,
        0.6088741661071316,
        0.23227821194910991,
        0.0,
        0.0,
        0.09231175061922098,
        0.25897056111791295,
        0.0,
        1.0,
        0.0,
        0.0,
        0.375,
        0.0,
        0.0,
        0.2405709147678352,
        0.625,
        0.0,
        0.46383409192485525,
        0.0,
        1.0,
        0.2808276369401247,
        0.2772575331046779,
        0.0,
        0.375,
        0.0,
        0.7594290852321648,
        0.5029564836528193,
        1.0,
        0.0,
        0.0,
        0.0,
        0.0,
        0.0,
        0.0,
        0.0,
        0.0,
        0.0,
        0.0,
        0.0,
        1.0,
        0.0,
        0.0,
        0.7191723630598753,
        0.0,
        0.9690360056396985,
        0.0,
        0.0,
        0.0,
        0.0,
        0.0,
        0.0,
        0.5361659080751447,
        0.0,
        0.0,
        0.39112583389286837,
        0.0,
        0.0,
        0.0,
        0.0,
        0.0,
        0.030963994360301506,
        0.4970435163471808,
        0.0,
        0.0,
        0.25543071627610114,
        0.0,
        0.0,
        1.0
    ],