{
    "x_ij_mccormick": [
        0.0,
        0.48982076642629946,
        0.0,
        0.0,
        0.10227384090231606,
        0.0,
        1.3598073627517557,
        0.0,
        0.0,
        0.0,
        0.0,
        0.0,
        0.0,
        0.0,
        0.0,
        0.0,
        0.0,
        0.0,
        0.0,
        0.0,
        0.0,
        0.0,
        0.0,
        0.0,
        0.0,
        0.0,
        0.0,
        2.0,
        0.0,
        0.0,
        0.0,
        0.0,
        0.0,
        0.0,
        0.0,
        0.0,
        0.0,
        0.0,
        0.0,
        0.0,
        0.0,
        0.0,
        0.0,
        0.8546547591453275,
        0.0,
        0.0,
        0.0,
        0.0,
        0.0,
        0.0,
        0.0,
        0.0,
        0.0,
        0.0,
        0.0,
        0.0,
        0.0,
        0.2634437407195469,
        0.0,
        0.0,
        0.0,
        0.0,
        0.0,
        0.0,
        6.0,
        0.0,
        0.0,
        0.0,
        0.0,
        0.7987363544229218,
        0.0,
        0.0,
        0.0,
        0.0,
        0.0,
        0.0,
        0.0,
        0.8216230276115297,
        0.0,
        0.0,
        0.0,
        0.0,
        0.0,
        0.0,
        0.0,
        0.0,
        0.0,
        0.0,
        0.0,
        0.0,
        0.0,
        0.0,
        0.0,
        0.0,
        0.0,
        0.0,
        0.0,
        0.8247877446592194,
        0.0,
        0.0,
        0.0,
        0.0,
        0.0,
        0.0,
        0.0,
        0.0,
        0.0,
        0.0,
        0.0,
        0.0,
        0.0,
        0.0,
        0.07994966276754134,
        4.609402125624855,
        0.0,
        0.0
    ],
    "x_il_mccormick": [
        0.0,
        0.0,
        0.0,
        2.263529052732612,
        3.9757282532554865,
        1.2978168937067172,
        0.0,
        0.0,
        1.5929688400244584,
        0.5256367660223417,
        0.0,
        3.0,
        0.0,
        0.0,
        3.0,
        0.0,
        0.0,
        0.0,
        6.220795674131324,
        0.0,
        1.1279893798961056,
        0.342375743541527,
        3.0,
        0.8404192423613459,
        2.159580757638654,
        0.0,
        1.779204325868676,
        0.0,
        3.0,
        1.4117617446527275,
        1.1842383937976948,
        0.14055612083003077,
        0.0,
        0.0,
        0.0,
        0.0,
        0.0,
        0.0,
        1.4518497963332464,
        0.21145528177184425,
        0.0,
        0.0,
        3.0,
        0.0,
        0.0,
        2.0863775487425302,
        0.0,
        3.0,
        0.0,
        0.0,
        0.0,
        0.0,
        0.0,
        0.0,
        3.8556846053206626,
        0.0,
        0.0,
        0.0,
        0.0,
        0.0,
        0.0,
        0.0,
        0.0,
        0.0,
        0.7895019009243507,
        0.0,
        0.0,
        1.2474504023368875,
        2.0631978092707164,
        0.0,
        7.154178872912624
    ],
    "x_lj_mccormick": [
        1.897726159097684,
        4.573635636472706,
        0.0,
        0.8942723591140779,
        0.6401926372482443,
        1.0,
        0.0,
        0.0,
        2.0,
        0.17521225534078053,
        0.7545096842442041,
        1.4791769309133338,
        0.9200503372324587,
        0.6007727318542075,
        1.5101792335737005,
        0.0,
        0.0,
        0.0,
        0.5208230690866662,
        0.9689976973396333,
        0.0,
        2.0,
        0.926796791103876,
        2.0,
        0.20126364557707824,
        0.0,
        5.736556259280453,
        2.2634437407195467,
        0.0,
        0.0,
        2.0,
        1.0,
        0.0,
        2.0,
        6.0,
        0.0,
        2.0,
        1.0,
        0.0,
        0.0,
        1.1783769723884703,
        3.7365562592804533,
        0.06874075354784459,
        1.1453452408546725,
        4.067989189998444,
        0.8255916316730865,
        1.9312592464521554,
        0.10572764088592213,
        0.0,
        0.9630131126619225,
        1.245490315755796,
        1.3905978743751453,
        0.0
    ],
    "q_mccormick": [
        0.0,
        0.0,
        0.0,
        0.7545096842442041,
        0.7421002738411604,
        0.657624256458473,
        0.0,
        0.0,
        0.19912110500305732,
        0.17521225534078053,
        0.0,
        1.0,
        0.0,
        0.0,
        0.375,
        0.0,
        0.0,
        0.24491038321314973,
        0.7775994592664155,
        0.0,
        0.41081151380576486,
        0.342375743541527,
        1.0,
        0.3045408170858233,
        0.26994759470483176,
        0.0,
        0.2224005407335845,
        0.0,
        0.7550896167868503,
        0.6052490495378247,
        0.7682336876041425,
        0.07027806041501539,
        0.0,
        0.0,
        0.0,
        0.0,
        0.0,
        0.0,
        0.23176631239585754,
        0.10572764088592213,
        0.0,
        0.0,
        1.0,
        0.0,
        0.0,
        0.6954591829141767,
        0.0,
        1.0,
        0.0,
        0.0,
        0.0,
        0.0,
        0.0,
        0.0,
        0.5891884861942351,
        0.0,
        0.0,
        0.0,
        0.0,
        0.0,
        0.0,
        0.0,
        0.0,
        0.0,
        0.39475095046217534,
        0.0,
        0.0,
        0.15593130029211094,
        0.25789972615883955,
        0.0,
        0.8942723591140779
    ],