{
    "x_ij_mccormick": [
        0.0,
        0.0,
        0.0,
        0.0,
        0.0,
        0.0,
        1.4644180749995517,
        0.0,
        0.0,
        0.0,
        0.0,
        0.0,
        0.0,
        0.0,
        0.0,
        0.0,
        0.0,
        0.0,
        0.2668670810274434,
        0.0,
        0.16064501492733863,
        0.0,
        0.0,
        0.0,
        0.0,
        0.0,
        0.0,
        2.0,
        0.0,
        0.0,
        0.0,
        0.0,
        0.0,
        0.0,
        0.0,
        0.0,
        0.0,
        0.0,
        0.0,
        0.0,
        0.0,
        0.0,
        0.0,
        0.9166149977946524,
        0.0,
        0.0,
        0.0,
        0.0,
        0.0,
        0.0,
        0.0,
        0.0,
        0.0,
        0.0,
        0.0,
        0.25079482472485637,
        0.0,
        0.30429521600341053,
        0.020096092594709236,
        2.0,
        0.0,
        0.0,
        0.0,
        0.0,
        6.0,
        0.0,
        0.0,
        0.0,
        0.0,
        0.7331329189725566,
        0.0,
        0.0,
        0.0,
        0.0,
        0.0,
        0.0,
        0.0,
        0.8011352098688569,
        0.0,
        0.0,
        0.0,
        0.0,
        0.0,
        0.0,
        0.0,
        0.0,
        0.0,
        0.0,
        0.0,
        0.0,
        0.0,
        0.0,
        0.0,
        0.0,
        0.0,
        0.0,
        0.0,
        0.7428807025988579,
        0.0,
        0.0,
        0.0,
        0.0,
        0.0,
        0.0,
        0.0,
        0.0,
        0.0,
        0.0,
        0.0,
        0.0,
        0.0,
        0.0,
        0.045859029317470545,
        2.5076787979072117,
        0.0,
        0.0
    ],
    "x_il_mccormick": [
        0.0,
        0.0,
        0.0,
        2.235477585225154,
        4.349584316471821,
        1.5000460551341401,
        0.0,
        0.0,
        0.0,
        0.680634562968203,
        0.0,
        3.0,
        0.0,
        0.0,
        3.0,
        0.0,
        0.0,
        0.0,
        7.083385002205348,
        0.0,
        0.9123172530042778,
        0.035535869866308155,
        3.0,
        0.8895176158932935,
        2.1104823841067066,
        0.0,
        0.9166149977946523,
        0.0,
        2.7492051752751436,
        0.0,
        2.67560869140188,
        0.0,
        0.0,
        0.0,
        0.0,
        0.0,
        0.0,
        0.0,
        1.9769785523766452,
        0.0,
        0.0,
        0.0,
        3.0,
        0.0,
        0.0,
        2.029624685211048,
        0.0,
        3.0,
        0.0,
        0.0,
        0.0,
        0.0,
        0.0,
        0.0,
        3.747044849917348,
        0.0,
        0.0,
        0.0,
        0.0,
        0.0,
        0.0,
        0.0,
        0.0,
        0.0,
        0.0,
        0.0,
        0.0,
        2.8895176158932934,
        2.556944556882025,
        0.0,
        7.3662045707401385
    ],
    "x_lj_mccormick": [
        2.0,
        4.3662045707401385,
        0.0,
        1.0,
        0.5355819250004483,
        1.0,
        0.0,
        0.0,
        2.0,
        0.25711929740114214,
        0.6589928507922149,
        1.2507948247248564,
        0.9541409706825295,
        0.7950642045926142,
        2.0,
        0.0,
        0.0,
        0.0,
        0.7492051752751436,
        0.0,
        0.0,
        2.0,
        0.9191423011043417,
        0.0,
        0.0,
        0.0,
        5.6957047839965895,
        2.3042952160034105,
        0.0,
        0.0,
        2.0,
        0.9799039074052908,
        0.020096092594709236,
        2.0,
        6.0,
        0.0,
        2.0,
        1.0,
        0.0,
        0.0,
        1.198864790131143,
        3.444909959271733,
        0.015587353518749625,
        1.0833850022053477,
        4.984412646481251,
        0.8387312246672479,
        1.9844126464812504,
        0.0,
        0.0,
        1.0155873535187496,
        1.341007149207785,
        3.3115800945707408,
        0.0
    ],
    "q_mccormick": [
        0.0,
        0.0,
        0.0,
        0.7451591950750514,
        0.6803819303897469,
        0.9644641301336918,
        0.0,
        0.0,
        0.0,
        0.25484080492494865,
        0.0,
        1.0,
        0.0,
        0.0,
        0.375,
        0.0,
        0.0,
        0.0,
        0.8854231252756685,
        0.0,
        0.40056760493442845,
        0.035535869866308155,
        1.0,
        0.3234584382629839,
        0.26381029801333833,
        0.0,
        0.11457687472433153,
        0.0,
        1.0,
        0.0,
        0.6705035746038925,
        0.0,
        1.0,
        0.0,
        0.0,
        0.0,
        0.0,
        0.0,
        0.32949642539610746,
        0.0,
        0.0,
        0.0,
        1.0,
        0.0,
        0.0,
        0.6765415617370161,
        0.0,
        1.0,
        0.0,
        0.0,
        0.0,
        0.0,
        0.0,
        0.0,
        0.5994323950655716,
        0.0,
        0.0,
        0.0,
        0.0,
        0.0,
        0.0,
        0.0,
        0.0,
        0.0,
        0.0,
        0.0,
        0.0,
        0.36118970198666167,
        0.31961806961025313,
        0.0,
        1.0
    ],