{
    "x_ij_mccormick": [
        0.0,
        0.3081943743007527,
        0.0,
        0.0,
        0.0,
        0.0,
        1.934756453273512,
        0.0,
        0.0,
        0.0,
        0.0,
        0.0,
        0.0,
        0.0,
        0.0,
        0.0,
        0.0,
        0.0,
        0.0,
        0.0,
        0.0,
        0.0,
        0.0,
        0.0,
        0.0,
        0.0,
        0.0,
        2.0,
        0.0,
        0.1726551062393874,
        0.0,
        0.0,
        0.0,
        0.0,
        0.0,
        0.0,
        0.0,
        0.0,
        0.0,
        0.0,
        0.0,
        0.0,
        0.0,
        0.9831992178340454,
        0.0,
        0.0,
        0.0,
        0.0,
        0.0,
        0.0,
        0.0,
        0.0,
        0.0,
        0.0,
        0.0,
        0.0,
        0.0,
        0.3836222306252166,
        0.07353521733205637,
        0.10692721811021766,
        0.0,
        0.0,
        0.0,
        0.0,
        6.0,
        0.0,
        0.0,
        0.0,
        0.0,
        0.8036202522225869,
        0.0,
        0.0,
        0.0,
        0.0,
        0.0,
        0.0,
        0.0,
        0.6406133811648245,
        0.0,
        0.0,
        0.0,
        0.0,
        0.0,
        0.0,
        0.0,
        0.0,
        0.0,
        0.2496205624707808,
        0.0,
        0.0,
        0.0,
        0.0,
        0.0,
        0.0,
        0.0,
        0.0,
        0.0,
        0.8614148876102674,
        0.0,
        0.06310752782201023,
        0.0,
        0.0,
        0.0,
        0.0,
        0.0,
        0.0,
        0.0,
        0.0,
        0.0,
        0.0,
        0.0,
        0.0,
        0.0,
        4.245769815016298,
        0.0,
        0.0
    ],
    "x_il_mccormick": [
        0.0,
        0.0,
        0.0,
        2.2506467660498513,
        2.786634574257935,
        0.17473331330997596,
        0.0,
        0.0,
        0.153478003593718,
        0.6381539350231651,
        0.0,
        3.0,
        0.0,
        0.0,
        2.8273448937606127,
        0.0,
        0.0,
        0.0,
        7.016800782165955,
        0.0,
        0.5610481012397934,
        0.8905102334165121,
        3.0,
        0.8170952452876747,
        2.1829047547123253,
        0.0,
        0.9831992178340451,
        0.0,
        3.0,
        1.349418797696428,
        1.1934237543462989,
        0.0,
        0.0,
        0.0,
        0.0,
        0.0,
        0.0,
        0.0,
        1.7370556246220632,
        0.12621505564402047,
        0.0,
        0.0,
        2.750379437529219,
        0.0,
        0.0,
        2.1106829187529064,
        0.0,
        3.0,
        0.0,
        0.0,
        0.0,
        0.0,
        0.0,
        0.0,
        4.414716286970165,
        0.0,
        0.0,
        2.1468965294275733,
        0.0,
        0.0,
        0.0,
        0.0,
        0.0,
        0.0,
        0.7400337319707674,
        0.0,
        0.0,
        2.8362723479333445,
        0.9179578370503574,
        0.0,
        7.495139777423918
    ],
    "x_lj_mccormick": [
        2.0,
        4.684462360889949,
        0.0,
        0.9368924721779898,
        0.0652435467264881,
        1.0,
        0.0,
        0.0,
        2.0,
        0.13858511238973253,
        0.7502155886832838,
        1.6598185912038994,
        1.0,
        0.34018140879610065,
        1.6918056256992473,
        0.0,
        0.0,
        0.0,
        0.3401814087961006,
        0.9680129655046521,
        0.0,
        2.0,
        0.9277781640405814,
        1.8930727818897823,
        0.19637974777741307,
        0.0,
        5.616377769374783,
        2.3836222306252166,
        0.0,
        0.0,
        2.0,
        0.9264647826679436,
        0.07353521733205637,
        2.0,
        6.0,
        0.0,
        1.7503794375292192,
        1.0,
        0.0,
        0.0,
        1.3593866188351755,
        3.6163777693747834,
        0.0,
        1.0168007821659546,
        4.031987034495348,
        0.8027011240745631,
        2.0,
        0.0,
        0.0,
        1.0,
        1.2497844113167162,
        1.6806949676516458,
        0.0
    ],
    "q_mccormick": [
        0.0,
        0.0,
        0.0,
        0.7502155886832838,
        0.5084003910829773,
        0.10948976658348786,
        0.0,
        0.0,
        0.01918475044921475,
        0.24978441131671625,
        0.0,
        1.0,
        0.0,
        0.0,
        0.35341811172007653,
        0.0,
        0.0,
        0.15409718715037635,
        0.8771000977707444,
        0.0,
        0.32030669058241223,
        0.8905102334165121,
        1.0,
        0.2964390270823644,
        0.27286309433904066,
        0.0,
        0.12289990222925563,
        0.0,
        0.8459028128496237,
        0.6299831340146163,
        0.7198841720580591,
        0.0,
        0.0,
        0.0,
        0.0,
        0.0,
        0.0,
        0.0,
        0.28011582794194095,
        0.06310752782201023,
        0.0,
        0.0,
        1.0,
        0.0,
        0.0,
        0.7035609729176355,
        0.0,
        1.0,
        0.0,
        0.0,
        0.0,
        0.0,
        0.0,
        0.0,
        0.6796933094175878,
        0.0,
        0.0,
        0.3578160882379289,
        0.0,
        0.0,
        0.0,
        0.0,
        0.0,
        0.0,
        0.3700168659853837,
        0.0,
        0.0,
        0.35453404349166806,
        0.13378352067909385,
        0.0,
        0.9368924721779898
    ],