{
    "x_ij_mccormick": [
        0.0,
        1.5439386488457907,
        0.0,
        0.0,
        0.42840053255311905,
        0.0,
        1.513432350953181,
        0.0,
        0.0,
        0.0,
        0.0,
        0.0,
        0.0,
        0.0,
        0.0,
        0.0,
        0.0,
        0.0,
        0.0,
        0.0,
        0.3915001402436049,
        0.0,
        0.0,
        0.0,
        0.0,
        0.0,
        0.0,
        2.0,
        0.0,
        0.0,
        0.0,
        0.0,
        0.0,
        0.0,
        0.0,
        0.0,
        0.0,
        0.0,
        0.0,
        0.0,
        0.0,
        0.0,
        0.0,
        0.7277061098643588,
        0.25772649465995734,
        0.0,
        0.0,
        0.0,
        0.0,
        0.0,
        0.0,
        0.0,
        0.0,
        0.0,
        0.0,
        0.0,
        0.0,
        0.42498359944580155,
        0.13038928522524934,
        1.4657435417205087,
        0.0,
        0.0,
        0.0,
        0.0,
        6.0,
        0.0,
        0.0,
        0.0,
        0.0,
        0.8021721130330614,
        0.0,
        0.0,
        0.0,
        0.0,
        0.0,
        0.0,
        0.06615864615092804,
        0.49216728350096317,
        0.0,
        0.0,
        0.0,
        0.0,
        0.0,
        0.0,
        0.0,
        0.0,
        0.0,
        0.0,
        0.0,
        0.0,
        0.0,
        0.0,
        0.0,
        0.0,
        0.0,
        0.0,
        0.0,
        0.8820748329501187,
        0.0,
        0.08550899159966985,
        0.0,
        0.0,
        0.0,
        0.0,
        0.0,
        0.0,
        0.0,
        0.0,
        0.0,
        0.0,
        0.0,
        0.0,
        0.001748085526022014,
        4.421363280028512,
        0.0,
        0.0
    ],
    "x_il_mccormick": [
        0.0,
        0.7567161754765905,
        0.0,
        2.409228014341263,
        3.8354997118171625,
        0.6636928274193004,
        0.0,
        0.0,
        0.0,
        0.0,
        0.0,
        3.0,
        0.0,
        0.0,
        3.0,
        0.0,
        0.0,
        0.0,
        7.272293890135641,
        0.0,
        0.0,
        0.0,
        3.0,
        0.944363259713527,
        2.055636740286473,
        0.0,
        0.7277061098643594,
        0.0,
        3.0,
        0.73208434524643,
        1.2007696125934797,
        0.5117731574890396,
        0.0,
        0.0,
        0.0,
        0.0,
        0.0,
        0.0,
        1.0529016771287338,
        0.17101798319933975,
        0.0,
        0.0,
        3.0,
        0.0,
        0.0,
        1.9718035958027276,
        0.0,
        2.8976932803399067,
        0.0,
        0.0,
        0.0,
        0.0,
        0.0,
        0.0,
        5.082849117053235,
        0.0,
        0.0,
        0.0,
        0.0,
        0.0,
        0.0,
        0.0,
        0.0,
        0.1023067196600933,
        0.0,
        0.0,
        0.0,
        2.944363259713527,
        0.632525374731939,
        0.0,
        7.315928067202641
    ],
    "x_lj_mccormick": [
        1.571599467446881,
        5.00085557455477,
        0.0,
        0.9144910084003302,
        0.48656764904681893,
        0.933841353849072,
        0.0,
        0.0,
        2.0,
        0.1179251670498813,
        0.8030760047804208,
        1.635129034812731,
        0.998251914473978,
        0.36661905071329104,
        0.4560613511542093,
        0.0,
        0.0,
        0.0,
        0.364870965187269,
        2.1790676836585217,
        0.0,
        2.0,
        0.9161668555162547,
        0.5342564582794913,
        0.19782788696693862,
        0.0,
        5.5750164005541984,
        2.4249835994458016,
        0.0,
        0.0,
        1.9317955202266044,
        0.8696107147747507,
        0.1985937649986449,
        2.0,
        5.742273505340043,
        0.2577264946599572,
        2.0,
        1.0,
        0.0,
        0.0,
        1.5078327164990368,
        3.5750164005541984,
        0.0,
        1.0145673954756842,
        2.8209323163414783,
        0.632525374731939,
        2.0,
        0.0,
        0.0,
        1.0,
        1.1969239952195792,
        0.9885428147292386,
        0.06820447977339561
    ],
    "q_mccormick": [
        0.0,
        0.7567161754765905,
        0.0,
        0.8030760047804208,
        0.8945791042113435,
        0.24328382452340946,
        0.0,
        0.0,
        0.0,
        0.0,
        0.0,
        1.0,
        0.0,
        0.0,
        0.375,
        0.0,
        0.0,
        0.625,
        0.9090367362669551,
        0.0,
        0.24608364175048159,
        0.0,
        1.0,
        0.3427321347324241,
        0.2569545925358091,
        0.0,
        0.09096326373304486,
        0.0,
        0.375,
        1.0,
        0.8352428642117936,
        0.19692399521957904,
        0.0,
        0.0,
        0.0,
        0.0,
        0.0,
        0.0,
        0.16475713578820642,
        0.08550899159966988,
        0.0,
        0.0,
        1.0,
        0.0,
        0.0,
        0.6572678652675759,
        0.0,
        0.9658977601133022,
        0.0,
        0.0,
        0.0,
        0.0,
        0.0,
        0.0,
        0.7539163582495184,
        0.0,
        0.0,
        0.0,
        0.0,
        0.0,
        0.0,
        0.0,
        0.0,
        0.03410223988669777,
        0.0,
        0.0,
        0.0,
        0.3680454074641909,
        0.1054208957886565,
        0.0,
        0.9144910084003302
    ],