{
    "x_ij_mccormick": [
        0.0,
        0.5737042944847415,
        0.0,
        0.0,
        0.44689520111536174,
        0.0,
        1.8343413311512184,
        0.0,
        0.0,
        0.0,
        0.0,
        0.0,
        0.0,
        0.0,
        0.0,
        0.0,
        0.0,
        0.0,
        0.0,
        0.0,
        0.0,
        0.0,
        0.0,
        0.0,
        0.05517252451907817,
        0.0,
        0.0,
        2.0,
        0.0,
        0.0,
        0.0,
        0.0,
        0.0,
        0.0,
        0.0,
        0.0,
        0.0,
        0.0,
        0.0,
        0.0,
        0.0,
        0.0,
        0.0,
        0.7465786278811997,
        0.0,
        0.0,
        0.0,
        0.0,
        0.0,
        0.0,
        0.0,
        0.0,
        0.0,
        0.0,
        0.0,
        1.0506961926570115,
        0.0,
        0.31374763855233556,
        0.12409016289073005,
        0.09988466878062696,
        0.0,
        0.0,
        0.0,
        0.0,
        6.0,
        0.0,
        0.0,
        0.0,
        0.0,
        0.7933249260866493,
        0.0,
        0.0,
        0.0,
        0.0,
        0.0,
        0.0,
        0.0,
        0.8689289773342137,
        0.0,
        0.0,
        0.0,
        0.0,
        0.0,
        0.0,
        0.0,
        0.0,
        0.0,
        0.192643298820925,
        0.0,
        0.0,
        0.0,
        0.0,
        0.0,
        0.0,
        0.0,
        0.0,
        0.0,
        0.8551915751112261,
        0.0,
        0.0,
        0.0,
        0.0,
        0.0,
        0.0,
        0.0,
        0.0,
        0.0,
        0.0,
        0.0,
        0.0,
        0.0,
        0.0,
        0.0,
        4.846337769088209,
        0.0,
        0.0
    ],
    "x_il_mccormick": [
        0.0,
        0.0,
        0.0,
        2.3073050227076073,
        4.650532375338583,
        0.3939269533635284,
        0.0,
        0.0,
        0.3040461975483755,
        0.6066050764170358,
        0.0,
        3.0,
        0.0,
        0.0,
        3.0,
        0.0,
        0.0,
        1.7211128834542242,
        5.0,
        0.0,
        0.43480660677024296,
        0.7717317154852532,
        3.0,
        0.8068212127024472,
        2.193178787297553,
        0.0,
        3.0,
        0.0,
        1.9493038073429885,
        1.3405213186968743,
        1.22164087986006,
        0.0,
        0.0,
        0.0,
        0.0,
        0.0,
        0.0,
        0.0,
        0.9836569894060534,
        0.24831620748032407,
        0.0,
        0.0,
        2.807356701179075,
        0.0,
        0.0,
        2.1133997894339753,
        0.0,
        2.931127382077489,
        0.0,
        0.0,
        0.0,
        0.0,
        0.0,
        0.0,
        3.33775480175235,
        0.0,
        0.0,
        0.0,
        0.0,
        0.0,
        0.0,
        0.0,
        0.0,
        0.0688726179225112,
        0.7662690864358495,
        0.0,
        0.0,
        2.5027750151540715,
        0.6508872157577191,
        0.0,
        7.006735170078704
    ],
    "x_lj_mccormick": [
        1.5531047988846383,
        4.8261046824145515,
        0.0,
        0.875841896259838,
        0.1656586688487816,
        1.0,
        0.0,
        0.0,
        1.9448274754809218,
        0.14480842488877388,
        0.8242741987549473,
        1.47699189817227,
        1.0,
        0.5230081018277299,
        1.4262957055152585,
        0.0,
        0.0,
        0.0,
        0.5230081018277299,
        1.7211128834542242,
        0.0,
        2.0,
        0.9202210021364228,
        1.900115331219373,
        0.20667507391335074,
        0.0,
        5.686252361447664,
        2.3137476385523357,
        0.0,
        0.0,
        1.9540849213849927,
        0.87590983710927,
        0.17000524150573737,
        2.0,
        6.0,
        0.0,
        1.807356701179075,
        1.0,
        0.0,
        0.0,
        1.1310710226657863,
        2.635556168790653,
        0.005934217066154273,
        1.2534213721188003,
        3.3971110032197833,
        0.6508872157577191,
        1.9940657829338457,
        0.124158103740162,
        0.0,
        0.8817761133259923,
        1.1757258012450527,
        0.9836569894060534,
        0.04591507861500732
    ],
    "q_mccormick": [
        0.0,
        0.0,
        0.0,
        0.7691016742358691,
        0.8915187973737135,
        0.2282682845147468,
        0.0,
        0.0,
        0.038005774693546934,
        0.23089832576413094,
        0.0,
        1.0,
        0.0,
        0.0,
        0.375,
        0.0,
        0.0,
        0.28685214724237074,
        0.625,
        0.0,
        0.43446448866710685,
        0.7717317154852532,
        1.0,
        0.2955334035220082,
        0.2741473484121941,
        0.0,
        0.375,
        0.0,
        0.7131478527576293,
        0.6168654567820753,
        0.8360571684323245,
        0.0,
        0.0,
        0.0,
        0.0,
        0.0,
        0.0,
        0.0,
        0.16394283156767556,
        0.12415810374016203,
        0.0,
        0.0,
        1.0,
        0.0,
        0.0,
        0.7044665964779918,
        0.0,
        0.9770424606924963,
        0.0,
        0.0,
        0.0,
        0.0,
        0.0,
        0.0,
        0.5655355113328931,
        0.0,
        0.0,
        0.0,
        0.0,
        0.0,
        0.0,
        0.0,
        0.0,
        0.02295753930750366,
        0.38313454321792473,
        0.0,
        0.0,
        0.31284687689425894,
        0.10848120262628652,
        0.0,
        0.875841896259838
    ],