{
    "x_ij_mccormick": [
        0.0,
        0.5241746039932957,
        0.0,
        0.0,
        0.8457441170688984,
        0.0,
        1.1621329070887736,
        0.0,
        0.0,
        0.0,
        0.0,
        0.0,
        0.0,
        0.0,
        0.0,
        0.0,
        0.0,
        0.0,
        0.0,
        0.0,
        0.0,
        0.0,
        0.0,
        0.0,
        0.0,
        0.0,
        0.0,
        2.0,
        0.0,
        0.0,
        0.0,
        0.0,
        0.0,
        0.0,
        0.0,
        0.0,
        0.0,
        0.0,
        0.0,
        0.0,
        0.0,
        0.0,
        0.0,
        0.7494897145132304,
        0.0,
        0.0,
        0.0,
        0.0,
        0.0,
        0.0,
        0.0,
        0.0,
        0.0,
        0.0,
        0.0,
        0.0,
        0.0,
        0.25853050685576057,
        0.009764242781312655,
        0.4506514269922859,
        0.0,
        0.0,
        0.0,
        0.0,
        6.0,
        0.0,
        0.0,
        0.0,
        0.0,
        0.811176289802963,
        0.0,
        0.0,
        0.0,
        0.0,
        0.0,
        0.0,
        0.0,
        0.9614193755198981,
        0.0,
        0.0,
        0.0,
        0.0,
        0.0,
        0.0,
        0.0,
        0.0,
        0.0,
        0.0,
        0.0,
        0.0,
        0.0,
        0.0,
        0.0,
        0.0,
        0.0,
        0.0,
        0.0,
        0.8981895628348424,
        0.0,
        0.2803685823698151,
        0.0,
        0.0,
        0.0,
        0.0,
        0.0,
        0.0,
        0.0,
        0.0,
        0.0,
        0.0,
        0.0,
        0.0,
        0.0,
        4.719760069573756,
        0.0,
        0.0
    ],
    "x_il_mccormick": [
        0.0,
        0.0336286193485158,
        0.0,
        2.360431265430439,
        4.222169731491539,
        1.8042384735627106,
        0.0,
        0.0,
        0.0,
        0.0,
        0.0,
        3.0,
        0.0,
        0.0,
        2.971140388895482,
        0.0,
        0.0,
        0.6443149701529151,
        5.0,
        0.0,
        1.5686212535695727,
        0.0,
        3.0,
        1.0044312095255847,
        1.9955687904744153,
        0.0,
        3.0,
        0.0,
        3.0,
        1.0634992618839114,
        1.1400163949341513,
        0.5281895935448648,
        0.0,
        0.0,
        0.0,
        0.0,
        0.0,
        0.0,
        1.3534131136819467,
        0.1290327099823744,
        0.0,
        0.0,
        3.0,
        0.0,
        0.0,
        1.892135947120064,
        0.0,
        2.9902357572186875,
        0.0,
        0.0,
        0.0,
        0.0,
        0.0,
        0.0,
        3.211428864054769,
        0.0,
        0.0,
        0.0,
        0.0,
        0.0,
        0.0,
        0.0,
        0.0,
        0.0,
        0.6746730213208398,
        0.0,
        0.0,
        3.0332908206301026,
        0.2469491097961427,
        0.0,
        7.357756460631789
    ],
    "x_lj_mccormick": [
        1.1542558829311016,
        5.612901870052877,
        0.0,
        0.7196314176301849,
        0.8378670929112263,
        1.0,
        0.0,
        0.0,
        2.0,
        0.10181043716515754,
        0.7868104218101464,
        1.8598509798490195,
        1.0,
        0.14014902015098052,
        1.4758253960067043,
        0.0,
        0.0,
        0.0,
        0.14014902015098052,
        2.02834055399523,
        0.0,
        2.0,
        0.8965671566456488,
        1.5493485730077141,
        0.18882371019703706,
        0.0,
        5.74146949314424,
        2.2585305068557604,
        0.0,
        0.0,
        2.0,
        0.9902357572186874,
        0.0,
        2.0,
        6.0,
        0.0,
        2.0,
        1.0,
        0.0,
        0.0,
        1.038580624480102,
        3.7414694931442396,
        0.0,
        1.2505102854867696,
        2.97165944600477,
        0.2469491097961427,
        2.0,
        0.0,
        0.0,
        1.0,
        1.2131895781898536,
        1.2802399304262444,
        0.0
    ],
    "q_mccormick": [
        0.0,
        0.0336286193485158,
        0.0,
        0.7868104218101464,
        0.9588418150339763,
        0.9663713806514842,
        0.0,
        0.0,
        0.0,
        0.0,
        0.0,
        1.0,
        0.0,
        0.0,
        0.3713925486119353,
        0.0,
        0.0,
        0.26208730199664787,
        0.625,
        0.0,
        0.2614368755949288,
        0.0,
        1.0,
        0.3692880176266453,
        0.2494460988093019,
        0.0,
        0.375,
        0.0,
        0.7379126980033521,
        0.6626634893395801,
        0.7866266782622926,
        0.21318957818985362,
        0.0,
        0.0,
        0.0,
        0.0,
        0.0,
        0.0,
        0.2133733217377074,
        0.0645163549911872,
        0.0,
        0.0,
        1.0,
        0.0,
        0.0,
        0.6307119823733547,
        0.0,
        1.0,
        0.0,
        0.0,
        0.0,
        0.0,
        0.0,
        0.0,
        0.7385631244050712,
        0.0,
        0.0,
        0.0,
        0.0,
        0.0,
        0.0,
        0.0,
        0.0,
        0.0,
        0.3373365106604199,
        0.0,
        0.0,
        0.3791613525787629,
        0.04115818496602378,
        0.0,
        0.9354836450088128
    ],