{
    "x_ij_mccormick": [
        0.0,
        0.23833609592492477,
        0.0,
        0.0,
        0.7837854103531392,
        0.0,
        1.822308862971489,
        0.0,
        0.0,
        0.0,
        0.0,
        0.0,
        0.0,
        0.0,
        0.0,
        0.0,
        0.0,
        0.0,
        0.21790227590851263,
        0.0,
        0.0,
        0.0,
        0.0,
        0.0,
        0.0,
        0.0,
        0.0,
        2.0,
        0.0,
        0.5080873415904211,
        0.0,
        0.0,
        0.0,
        0.0,
        0.0,
        0.0,
        0.0,
        0.0,
        0.0,
        0.0,
        0.0,
        0.0,
        0.0,
        0.7308299957618876,
        0.0,
        0.0,
        0.0,
        0.0,
        0.0,
        0.0,
        0.0,
        0.0,
        0.0,
        0.0,
        0.0,
        0.8883616279114173,
        0.0,
        0.12891640711797958,
        0.0,
        2.0,
        0.0,
        0.0,
        0.0,
        0.0,
        6.0,
        0.0,
        0.0,
        0.0,
        0.0,
        0.7820977240914874,
        0.0,
        0.0,
        0.0,
        0.0,
        0.0,
        0.0,
        0.0,
        0.836191923608955,
        0.0,
        0.0,
        0.0,
        0.0,
        0.0,
        0.0,
        0.0,
        0.0,
        0.0,
        0.0,
        0.0,
        0.0,
        0.0,
        0.0,
        0.0,
        0.0,
        0.0,
        0.0,
        0.0,
        0.5764746508285754,
        0.0,
        0.23880659032767815,
        0.0,
        0.0,
        0.0,
        0.0,
        0.0,
        0.0,
        0.0,
        0.0,
        0.0,
        0.0,
        0.05326099447654897,
        0.0,
        0.0,
        2.8819802977924236,
        0.0,
        0.0
    ],
    "x_il_mccormick": [
        0.0,
        0.2854413951341148,
        0.0,
        2.3136354643368566,
        4.076680016952448,
        0.8922497418943962,
        0.0,
        0.0,
        0.0,
        0.6237640947735135,
        0.0,
        3.0,
        0.0,
        0.0,
        2.491912658409579,
        0.0,
        0.0,
        0.0,
        5.072369040398392,
        0.0,
        1.0060687545031008,
        0.0,
        3.0,
        0.9166597004548482,
        2.083340299545152,
        0.0,
        2.9276309596016077,
        0.0,
        2.1116383720885827,
        0.0,
        2.8710835928820204,
        0.0,
        0.0,
        0.0,
        0.0,
        0.0,
        0.0,
        0.0,
        1.5416226298168372,
        0.36817017876448277,
        0.0,
        0.0,
        3.0,
        0.0,
        0.0,
        1.9878995466031282,
        0.0,
        2.9201085082851765,
        0.0,
        0.0,
        0.0,
        0.0,
        0.0,
        0.0,
        3.278639561951771,
        0.0,
        0.0,
        0.7989270482894246,
        0.0,
        0.0,
        0.0,
        0.0,
        0.0,
        0.07989149171482346,
        0.0,
        0.0,
        0.0,
        3.424747042045269,
        1.6400116656857584,
        0.0,
        6.504727284261252
    ],
    "x_lj_mccormick": [
        1.2162145896468608,
        4.895489463706552,
        0.0,
        0.7611934096723219,
        0.17769113702851103,
        1.0,
        0.0,
        0.0,
        2.0,
        0.4235253491714246,
        0.5138742099389457,
        1.6500255319864925,
        1.0,
        0.3499744680135075,
        1.7616639040750752,
        0.0,
        0.0,
        0.0,
        0.3499744680135075,
        0.0,
        0.0,
        2.0,
        0.9045592470579764,
        0.0,
        0.0,
        0.0,
        5.87108359288202,
        1.990738132024756,
        0.0,
        0.1381782750932239,
        1.946739005523451,
        0.8618217249067761,
        0.19143926956977286,
        2.0,
        6.0,
        0.0,
        2.0,
        1.0,
        0.0,
        0.0,
        1.163808076391045,
        3.120900240063827,
        0.0,
        1.2691700042381124,
        5.0,
        0.24644872668951956,
        2.0,
        0.0,
        0.0,
        1.0,
        1.4861257900610543,
        2.9265804326378033,
        0.0
    ],
    "q_mccormick": [
        0.0,
        0.2854413951341148,
        0.0,
        0.7712118214456188,
        0.6345850021190562,
        0.7145586048658852,
        0.0,
        0.0,
        0.0,
        0.22878817855438113,
        0.0,
        1.0,
        0.0,
        0.0,
        0.3114890823011974,
        0.0,
        0.0,
        0.11916804796246239,
        0.634046130049799,
        0.0,
        0.4180959618044775,
        0.0,
        1.0,
        0.3373668177989573,
        0.260417537443144,
        0.0,
        0.36595386995020096,
        0.0,
        0.8808319520375376,
        1.0,
        0.7430628950305271,
        0.0,
        0.0,
        0.0,
        0.0,
        0.0,
        0.0,
        0.0,
        0.25693710496947286,
        0.18408508938224138,
        0.0,
        0.0,
        1.0,
        0.0,
        0.0,
        0.6626331822010427,
        0.0,
        0.9733695027617255,
        0.0,
        0.0,
        0.0,
        0.0,
        0.0,
        0.0,
        0.5819040381955225,
        0.0,
        0.0,
        0.13315450804823745,
        0.0,
        0.0,
        0.0,
        0.0,
        0.0,
        0.026630497238274486,
        0.0,
        0.0,
        0.0,
        0.42809338025565863,
        0.2322604898327065,
        0.0,
        0.8159149106177586
    ],