{
    "x_ij_mccormick": [
        0.0,
        0.456820389851045,
        0.0,
        0.0,
        0.7258921734296311,
        0.0,
        1.5115683260096513,
        0.0,
        0.0,
        0.0,
        0.0,
        0.0,
        0.0,
        0.0,
        0.0,
        0.0,
        0.0,
        0.0,
        0.23554545666625226,
        0.0,
        0.0,
        0.0,
        0.0,
        0.0,
        0.0,
        0.0,
        0.0,
        2.0,
        0.0,
        0.021056438032326374,
        0.0,
        0.0,
        0.0,
        0.0,
        0.0,
        0.0,
        0.0,
        0.0,
        0.0,
        0.0,
        0.0,
        0.0,
        0.0,
        0.2688986543664651,
        0.42435821845289823,
        0.0,
        0.0,
        0.0,
        0.0,
        0.0,
        0.0,
        0.0,
        0.0,
        0.0,
        0.0,
        0.0,
        0.0,
        0.13444932718323344,
        0.19935169877348735,
        0.6109513769135804,
        0.0,
        0.0,
        0.0,
        0.0,
        6.0,
        0.0,
        0.0,
        0.0,
        0.0,
        0.7644545433337477,
        0.0,
        0.0,
        0.0,
        0.0,
        0.0,
        0.0,
        0.0,
        0.7190606921995439,
        0.05708526598678887,
        0.0,
        0.0,
        0.0,
        0.0,
        0.0,
        0.0,
        0.0,
        0.0,
        0.0,
        0.0,
        0.0,
        0.0,
        0.0,
        0.0,
        0.0,
        0.0,
        0.0,
        0.0,
        0.4888923776811718,
        0.0,
        0.2741078265703689,
        0.0,
        0.0,
        0.0,
        0.0,
        0.0,
        0.0,
        0.0,
        0.0,
        0.0,
        0.0,
        0.11411004790166146,
        0.0,
        0.007137858021746003,
        4.725809104301855,
        0.0,
        0.0
    ],
    "x_il_mccormick": [
        0.0,
        0.5663001496370519,
        0.0,
        2.3031471871271076,
        3.3421246875173027,
        0.922131524353297,
        0.0,
        0.0,
        0.0,
        0.6253163456008299,
        0.0,
        3.0,
        0.0,
        0.0,
        2.9725946630649984,
        0.0,
        0.0,
        0.0,
        7.731101345633535,
        0.0,
        1.2588399614072885,
        0.0,
        3.0,
        0.828421579589549,
        2.171578420410451,
        0.0,
        0.2688986543664651,
        0.0,
        3.0,
        1.0835548844523883,
        1.5826440895908906,
        0.0,
        0.0,
        0.0,
        0.0,
        0.0,
        0.0,
        0.0,
        0.9607291490229963,
        0.24285857542020195,
        0.0,
        0.0,
        3.0,
        0.0,
        0.0,
        2.171578420410451,
        0.0,
        2.828834928147508,
        0.0,
        0.0,
        0.0,
        0.0,
        0.0,
        0.0,
        3.887650019209934,
        0.0,
        0.0,
        1.853978140781847,
        0.0,
        0.0,
        0.0,
        0.0,
        0.0,
        0.1711650718524922,
        0.3054937386340313,
        0.0,
        0.0,
        2.85582691652455,
        0.2971160732501865,
        0.0,
        7.028565698319193
    ],
    "x_lj_mccormick": [
        1.274107826570369,
        5.271424273739394,
        0.0,
        0.7258921734296311,
        0.4884316739903488,
        1.0,
        0.0,
        0.0,
        2.0,
        0.5111076223188282,
        0.41735591040910935,
        1.596734643043653,
        0.992862141978254,
        0.4104032149780929,
        1.543179610148955,
        0.0,
        0.0,
        0.0,
        0.4032653569563469,
        1.053555032894698,
        0.0,
        2.0,
        1.0,
        1.3890486230864196,
        0.0,
        0.0,
        5.865550672816767,
        2.1344493271832334,
        0.0,
        0.0,
        1.8858899520983385,
        0.8006483012265126,
        0.3134617466751486,
        1.9429147340132111,
        5.575641781547102,
        0.4814434844396869,
        2.0,
        1.0,
        0.0,
        0.0,
        1.280939307800456,
        3.8655506728167666,
        0.0,
        1.249657861193848,
        3.946444967105302,
        0.2971160732501865,
        2.0,
        0.0,
        0.0,
        1.0,
        1.5826440895908906,
        0.9607291490229963,
        0.0
    ],
    "q_mccormick": [
        0.0,
        0.5663001496370519,
        0.0,
        0.7677157290423692,
        0.624828930596924,
        0.43369985036294817,
        0.0,
        0.0,
        0.0,
        0.23228427095763082,
        0.0,
        1.0,
        0.0,
        0.0,
        0.3715743328831248,
        0.0,
        0.0,
        0.2284101949255225,
        0.9663876682041918,
        0.0,
        0.35953034609977197,
        0.0,
        1.0,
        0.27614052652984966,
        0.2714473025513064,
        0.0,
        0.03361233179580821,
        0.0,
        0.7715898050744775,
        0.8472531306829844,
        0.839878475162834,
        0.0,
        0.0,
        0.0,
        0.0,
        0.0,
        0.0,
        0.0,
        0.16012152483716605,
        0.12142928771010097,
        0.0,
        0.0,
        1.0,
        0.0,
        0.0,
        0.7238594734701503,
        0.0,
        0.9429449760491693,
        0.0,
        0.0,
        0.0,
        0.0,
        0.0,
        0.0,
        0.640469653900228,
        0.0,
        0.0,
        0.32565172386137825,
        0.0,
        0.0,
        0.0,
        0.0,
        0.0,
        0.05705502395083073,
        0.15274686931701564,
        0.0,
        0.0,
        0.3569783645655688,
        0.049519345541697755,
        0.0,
        0.878570712289899
    ],