{
    "x_ij_mccormick": [
        0.0,
        0.01649684631149473,
        0.053264179510596144,
        0.0,
        0.6179369987736318,
        0.0,
        1.5767804152470863,
        0.0,
        0.0,
        0.0,
        0.0,
        0.0,
        0.0,
        0.0,
        0.0,
        0.0,
        0.0,
        0.0,
        0.2537233626132128,
        0.0,
        0.0,
        0.0,
        0.0,
        0.0,
        0.0,
        0.0,
        0.0,
        2.0,
        0.0,
        0.0,
        0.0,
        0.0,
        0.0,
        0.0,
        0.0,
        0.0,
        0.0,
        0.0,
        0.0,
        0.0,
        0.0,
        0.0,
        0.0,
        1.090756916552689,
        0.0,
        0.0,
        0.0,
        0.0,
        0.0,
        0.0,
        0.0,
        0.0,
        0.0,
        0.0,
        0.0,
        0.28601511309733163,
        0.0,
        1.312979688409083,
        0.007636214172816075,
        1.723009681836361,
        0.0,
        0.0,
        0.0,
        0.0,
        6.0,
        0.0,
        0.0,
        0.0,
        0.0,
        0.7462766373867872,
        0.0,
        0.0,
        0.0,
        0.0,
        0.0,
        0.0,
        0.0,
        0.7920091649838543,
        0.0,
        0.0,
        0.0,
        0.0,
        0.0,
        0.0,
        0.0,
        0.0,
        0.0,
        0.0,
        0.0,
        0.0,
        0.0,
        0.0,
        0.0,
        0.0,
        0.0,
        0.0,
        0.0,
        0.6583706344476657,
        0.0,
        0.2288215678256219,
        0.0,
        0.0,
        0.0,
        0.0,
        0.0,
        0.0,
        0.0,
        0.0,
        0.0,
        0.0,
        0.0,
        0.0,
        0.030107765778699336,
        5.743205893627512,
        0.0,
        0.0
    ],
    "x_il_mccormick": [
        0.0,
        0.0,
        0.0,
        2.241606280468744,
        2.1414795904829536,
        0.944795421408527,
        0.0,
        0.0,
        0.662239802347042,
        0.6976293058291282,
        0.0,
        3.0,
        0.0,
        0.0,
        3.0,
        0.0,
        0.0,
        0.0,
        6.909243083447311,
        0.0,
        0.0,
        0.47842416334438675,
        3.0,
        0.8889261429408312,
        2.1110738570591687,
        0.0,
        1.0907569165526887,
        0.0,
        2.7139848869026686,
        0.276990318163639,
        1.4023937792544618,
        0.0,
        0.0,
        0.0,
        0.0,
        0.0,
        0.0,
        0.0,
        0.2567941063724879,
        0.35572803280468074,
        0.0,
        0.0,
        3.0,
        0.0,
        0.0,
        2.0300784434131702,
        0.0,
        2.992363785827184,
        0.0,
        0.0,
        0.0,
        0.0,
        0.0,
        0.0,
        3.7218370431136396,
        0.0,
        0.0,
        4.061494336671779,
        0.0,
        0.0,
        0.0,
        0.0,
        0.0,
        0.0,
        0.0,
        0.0,
        0.0,
        2.2266863405937887,
        0.0,
        0.0,
        6.577087868781277
    ],
    "x_lj_mccormick": [
        1.3820630012263682,
        4.779574468185212,
        0.0,
        0.7711784321743781,
        0.42321958475291377,
        1.0,
        0.0,
        0.0,
        2.0,
        0.34162936555233425,
        0.5976062207455382,
        1.4391132824458346,
        0.9698922342213007,
        0.5909944833328649,
        1.9835031536885053,
        0.0,
        0.0,
        0.0,
        0.5608867175541654,
        0.16959501565999763,
        0.0,
        2.0,
        0.9190045863540015,
        0.276990318163639,
        0.0,
        0.0,
        4.687020311590917,
        3.312979688409083,
        0.0,
        0.0,
        2.0,
        0.9923637858271839,
        0.0,
        2.0,
        6.0,
        0.0,
        2.0,
        1.0,
        0.0,
        0.0,
        1.2079908350161457,
        2.4010051984935856,
        0.1128410096039083,
        0.8559789039367149,
        4.717563974736094,
        0.6294310484819234,
        1.8871589903960917,
        0.0,
        0.0,
        1.1128410096039083,
        1.4023937792544618,
        0.2567941063724879,
        0.0
    ],
    "q_mccormick": [
        0.0,
        0.0,
        0.0,
        0.7472020934895813,
        0.42798945196835747,
        0.5215758366556132,
        0.0,
        0.0,
        0.08277997529338027,
        0.25279790651041867,
        0.0,
        1.0,
        0.0,
        0.0,
        0.375,
        0.0,
        0.0,
        0.008248423155747364,
        0.8636553854309139,
        0.0,
        0.39600458249192716,
        0.47842416334438675,
        1.0,
        0.3233071855289432,
        0.2638842321323962,
        0.0,
        0.1363446145690861,
        0.0,
        0.9917515768442526,
        1.0,
        0.957200982271252,
        0.0,
        0.0,
        0.0,
        0.0,
        0.0,
        0.0,
        0.0,
        0.04279901772874798,
        0.17786401640234037,
        0.0,
        0.0,
        1.0,
        0.0,
        0.0,
        0.6766928144710568,
        0.0,
        1.0,
        0.0,
        0.0,
        0.0,
        0.0,
        0.0,
        0.0,
        0.6039954175080728,
        0.0,
        0.0,
        0.5720105480316425,
        0.0,
        0.0,
        0.0,
        0.0,
        0.0,
        0.0,
        0.0,
        0.0,
        0.0,
        0.2783357925742236,
        0.0,
        0.0,
        0.8221359835976596
    ],