{
    "x_ij_mccormick": [
        0.0,
        0.49631394285176667,
        0.0,
        0.0,
        0.5117956180681298,
        0.0,
        1.4980086167587732,
        0.0,
        0.0,
        0.0,
        0.0,
        0.0,
        0.0,
        0.0,
        0.0,
        0.0,
        0.0,
        0.0,
        0.0,
        0.0,
        1.179860663551071,
        0.0,
        0.0,
        0.0,
        0.060631081788927066,
        0.0,
        0.0,
        2.0,
        0.0,
        0.0,
        0.0,
        0.0,
        0.0,
        0.0,
        0.0,
        0.0,
        0.0,
        0.0,
        0.0,
        0.0,
        0.0,
        0.0,
        0.0,
        0.9608993762350599,
        0.0,
        0.0,
        0.0,
        0.0,
        0.0,
        0.0,
        0.0,
        0.0,
        0.0,
        0.0,
        0.0,
        0.0,
        0.0,
        0.32606295227865445,
        0.002386494145575372,
        0.4931046489649591,
        0.0,
        0.0,
        0.0,
        0.0,
        6.0,
        0.0,
        0.0,
        0.0,
        0.0,
        0.8225126725548076,
        0.0,
        0.0,
        0.0,
        0.0,
        0.0,
        0.0,
        0.0,
        0.8528394473883574,
        0.0,
        0.0,
        0.0,
        0.0,
        0.0,
        0.0,
        0.0,
        0.0,
        0.0,
        0.0,
        0.0,
        0.0,
        0.0,
        0.0,
        0.0,
        0.0,
        0.0,
        0.0,
        0.0,
        0.8871335180396465,
        0.0,
        0.007548519854466987,
        0.0,
        0.0,
        0.0,
        0.0,
        0.0,
        0.0,
        0.0,
        0.0,
        0.0,
        0.0,
        0.0,
        0.0,
        0.03924890928918556,
        3.1648426868647954,
        0.0,
        0.0
    ],
    "x_il_mccormick": [
        0.0,
        0.0,
        0.0,
        2.462084211690545,
        3.955258913282121,
        0.9656675991810683,
        0.0,
        0.0,
        0.0,
        0.0,
        0.0,
        3.0,
        0.0,
        0.0,
        3.0,
        0.0,
        0.0,
        0.0,
        7.0391006237649405,
        0.0,
        1.2120958779833808,
        0.5363237840601586,
        3.0,
        1.148559383728214,
        1.851440616271786,
        0.0,
        0.9608993762350577,
        0.0,
        3.0,
        1.0813993650948888,
        1.118674180980891,
        0.4714770074999901,
        0.0,
        0.0,
        0.0,
        0.0,
        0.0,
        0.0,
        1.6552966495841335,
        0.2204283471847066,
        0.0,
        0.0,
        3.0,
        0.0,
        0.0,
        1.7470482130141298,
        0.0,
        2.9976135058544244,
        0.0,
        0.0,
        0.0,
        0.0,
        0.0,
        0.0,
        3.6518724642051925,
        0.0,
        0.0,
        0.0,
        0.0,
        0.0,
        0.0,
        0.0,
        0.0,
        0.0,
        0.6029833133853446,
        0.0,
        0.0,
        3.148559383728214,
        1.6473490201178036,
        0.0,
        7.1182866112611745
    ],
    "x_lj_mccormick": [
        1.4882043819318702,
        4.960724750106364,
        0.0,
        0.8897858264076468,
        0.5019913832412268,
        1.0,
        0.0,
        0.0,
        1.939368918211073,
        0.11286648196035348,
        0.8813258190191088,
        1.5324749364999466,
        0.9607510907108144,
        0.5067739727892391,
        1.5036860571482333,
        0.0,
        0.0,
        0.0,
        0.4675250635000534,
        1.0287888793517133,
        0.0,
        2.0,
        0.8956075967423438,
        1.506895351035041,
        0.17748732744519238,
        0.0,
        5.6739370477213456,
        2.3260629522786544,
        0.0,
        0.0,
        2.0,
        0.9976135058544247,
        0.0,
        2.0,
        6.0,
        0.0,
        2.0,
        1.0,
        0.0,
        0.0,
        1.1471605526116426,
        3.6739370477213456,
        0.042870741855585114,
        1.03910062376494,
        4.031006032530588,
        0.5325012771043971,
        1.9571292581444149,
        0.1026656537378862,
        0.0,
        0.9402050881176991,
        1.118674180980891,
        1.6552966495841335,
        0.0
    ],
    "q_mccormick": [
        0.0,
        0.0,
        0.0,
        0.8206947372301817,
        0.51955031188247,
        0.46367621593984143,
        0.0,
        0.0,
        0.0,
        0.0,
        0.0,
        1.0,
        0.0,
        0.0,
        0.375,
        0.0,
        0.0,
        0.24815697142588333,
        0.8798875779706178,
        0.0,
        0.4264197236941787,
        0.5363237840601586,
        1.0,
        0.4176505956619564,
        0.2314300770339733,
        0.0,
        0.12011242202938222,
        0.0,
        0.7518430285741167,
        0.6985083433073277,
        0.7241172250693111,
        0.1793052627698183,
        0.0,
        0.0,
        0.0,
        0.0,
        0.0,
        0.0,
        0.2758827749306889,
        0.1102141735923533,
        0.0,
        0.0,
        1.0,
        0.0,
        0.0,
        0.5823494043380436,
        0.0,
        1.0,
        0.0,
        0.0,
        0.0,
        0.0,
        0.0,
        0.0,
        0.5735802763058213,
        0.0,
        0.0,
        0.2745310606028045,
        0.0,
        0.0,
        0.0,
        0.0,
        0.0,
        0.0,
        0.3014916566926723,
        0.0,
        0.0,
        0.3935699229660268,
        0.20591862751472545,
        0.0,
        0.8897858264076468
    ],