{
    "x_ij_mccormick": [
        0.0,
        0.37247531073813156,
        0.0,
        0.0,
        0.6975147064584666,
        0.0,
        1.9141657606828804,
        0.0,
        0.0,
        0.0,
        0.0,
        0.0,
        0.0,
        0.0,
        0.0,
        0.0,
        0.0,
        0.0,
        0.29340499827287436,
        0.0,
        0.0,
        0.0,
        0.0,
        0.0,
        0.16375538395732336,
        0.0,
        0.0,
        2.0,
        0.0,
        0.9428899328170226,
        0.0,
        0.0,
        0.0,
        0.0,
        0.0,
        0.0,
        0.0,
        0.0,
        0.0,
        0.0,
        0.0,
        0.0,
        0.0,
        0.7673631582818513,
        0.0,
        0.0,
        0.0,
        0.0,
        0.0,
        0.0,
        0.0,
        0.0,
        0.0,
        0.0,
        0.0,
        1.2111353123996547,
        0.0,
        1.3240690377504531,
        0.18596059547306631,
        2.0,
        0.0,
        0.0,
        0.0,
        0.0,
        6.0,
        0.0,
        0.5759442891212805,
        0.0,
        0.0,
        0.7065950017271256,
        0.0,
        0.0,
        0.0,
        0.0,
        0.0,
        0.0,
        0.08335357157203083,
        1.0032019967138166,
        0.11172957536566996,
        0.0,
        0.0,
        0.0,
        0.0,
        0.0,
        0.0,
        0.0,
        0.0,
        0.0,
        0.0,
        0.22628360614708498,
        0.0,
        0.0,
        0.0,
        0.0,
        0.0,
        0.0,
        0.0,
        0.34627424926619577,
        0.0,
        0.30248529354153375,
        0.0,
        0.0,
        0.0,
        0.0,
        0.0,
        0.0,
        0.0,
        0.0,
        0.0,
        0.0,
        0.11094273018406708,
        0.0,
        0.0,
        4.478014855928536,
        0.0,
        0.0
    ],
    "x_il_mccormick": [
        0.0,
        0.0,
        0.0,
        2.262626164642737,
        3.2573454592628295,
        0.9166464284279692,
        0.0,
        0.0,
        0.3260441628944042,
        0.7373738353572632,
        0.0,
        3.0,
        0.0,
        0.0,
        2.057110067182977,
        0.0,
        0.0,
        0.0,
        7.232636841718149,
        0.0,
        0.5394770143106175,
        0.08583423931711971,
        3.0,
        0.794196643964778,
        2.205803356035222,
        0.0,
        0.7673631582818516,
        0.0,
        1.7888646876003453,
        0.0,
        1.4899703667764808,
        0.0,
        0.0,
        0.0,
        0.0,
        0.0,
        0.0,
        0.0,
        1.2250818184143306,
        0.4722371184363447,
        0.0,
        0.0,
        3.0,
        0.0,
        0.0,
        2.136424598409054,
        0.0,
        2.8335859047238987,
        0.0,
        0.0,
        0.0,
        0.0,
        0.0,
        0.0,
        1.3461723497041778,
        0.0,
        0.0,
        2.9497596250960987,
        0.0,
        0.0,
        0.0,
        0.0,
        0.0,
        0.1664140952761013,
        0.0,
        0.0,
        0.0,
        3.4110424138873965,
        0.0,
        0.0,
        6.111051526254621
    ],
    "x_lj_mccormick": [
        1.3024852935415334,
        4.583288644690966,
        0.0,
        0.6975147064584662,
        0.08583423931711971,
        0.9166464284279692,
        0.0,
        0.0,
        1.8362446160426766,
        0.6537257507338042,
        0.5100296332235191,
        1.838660001661523,
        1.0,
        0.1613399983384769,
        1.6275246892618684,
        0.0,
        0.0,
        0.0,
        0.1613399983384769,
        0.0,
        0.0,
        2.0,
        0.930621242373832,
        0.0,
        0.0,
        0.0,
        4.099986673128266,
        3.9000133268717336,
        0.0,
        0.0,
        1.889057269815933,
        0.8140394045269337,
        0.2969033256571334,
        1.88827042463433,
        6.0,
        0.11172957536566996,
        2.0,
        1.0,
        0.0,
        0.0,
        0.9967980032861834,
        0.8888513607286117,
        0.0,
        1.1209072663524786,
        4.773716393852915,
        0.31248142415353475,
        2.0,
        0.0,
        0.0,
        1.0,
        1.4899703667764808,
        1.2250818184143306,
        0.0
    ],
    "q_mccormick": [
        0.0,
        0.04043645191347097,
        0.0,
        0.754208721547579,
        0.5604536331762393,
        0.9166464284279692,
        0.0,
        0.0,
        0.040755520361800524,
        0.245791278452421,
        0.0,
        1.0,
        0.0,
        0.0,
        0.25713875839787215,
        0.0,
        0.0,
        0.18623765536906578,
        0.9040796052147686,
        0.0,
        0.5016009983569083,
        0.042917119658559856,
        1.0,
        0.287858467196982,
        0.27572541950440277,
        0.0,
        0.0959203947852314,
        0.0,
        0.8137623446309342,
        1.0,
        0.7958196969309449,
        0.0,
        0.0,
        0.0,
        0.0,
        0.0,
        0.0,
        0.0,
        0.2041803030690551,
        0.23611855921817235,
        0.0,
        0.0,
        1.0,
        0.0,
        0.0,
        0.7121415328030181,
        0.0,
        0.9445286349079662,
        0.0,
        0.0,
        0.0,
        0.0,
        0.0,
        0.0,
        0.4983990016430917,
        0.0,
        0.0,
        0.4395463668237607,
        0.0,
        0.0,
        0.0,
        0.0,
        0.0,
        0.055471365092033764,
        0.0,
        0.0,
        0.0,
        0.4263803017359245,
        0.0,
        0.0,
        0.7638814407818276
    ],