{
    "x_ij_mccormick": [
        0.0,
        0.5215312904077365,
        0.0,
        0.0,
        0.25212994659735366,
        0.0,
        1.8751706723686548,
        0.0,
        0.0,
        0.0,
        0.0,
        0.0,
        0.0,
        0.0,
        0.0,
        0.0,
        0.0,
        0.0,
        0.0,
        0.0,
        0.0,
        0.0,
        0.0,
        0.0,
        0.0,
        0.0,
        0.0,
        2.0,
        0.0,
        0.0,
        0.0,
        0.0,
        0.0,
        0.0,
        0.0,
        0.0,
        0.0,
        0.0,
        0.0,
        0.0,
        0.0,
        0.0,
        0.0,
        0.7182953641295082,
        0.0,
        0.0,
        0.0,
        0.0,
        0.0,
        0.0,
        0.0,
        0.0,
        0.0,
        0.0,
        0.0,
        0.5666762111561712,
        0.0,
        0.16275237302149836,
        0.0,
        0.3992470898894147,
        0.0,
        0.0,
        0.0,
        0.0,
        6.0,
        0.0,
        0.0,
        0.0,
        0.0,
        0.7592872350045083,
        0.0,
        0.0,
        0.0,
        0.0,
        0.0,
        0.0,
        0.0,
        0.515812533761576,
        0.0,
        0.0,
        0.0,
        0.0,
        0.0,
        0.0,
        0.0,
        0.0,
        0.0,
        0.0,
        0.0,
        0.0,
        0.0,
        0.0,
        0.0,
        0.0,
        0.0,
        0.0,
        0.0,
        0.7310490285020295,
        0.0,
        0.0102479141353371,
        0.0,
        0.0,
        0.0,
        0.0,
        0.0,
        0.0,
        0.0,
        0.0,
        0.0,
        0.0,
        0.0,
        0.0,
        0.07701329205525953,
        4.575885570280543,
        0.0,
        0.0
    ],
    "x_il_mccormick": [
        0.0,
        0.0,
        0.0,
        2.112587927864346,
        4.719952613747964,
        0.3904700966716533,
        0.0,
        0.0,
        0.14029487693105347,
        0.7845994604090465,
        0.0,
        3.0,
        0.0,
        0.0,
        3.0,
        0.0,
        0.0,
        1.564593871223209,
        5.183754236432432,
        0.0,
        0.0,
        0.7343592309596919,
        3.0,
        0.7114764863126541,
        2.2885235136873456,
        0.0,
        2.816245763567567,
        0.0,
        2.433323788843829,
        1.3775409759781367,
        1.459706651000365,
        0.0,
        0.0,
        0.0,
        0.0,
        0.0,
        0.0,
        0.0,
        1.188056417926786,
        0.37256774426227335,
        0.0,
        0.0,
        2.917461856720098,
        0.0,
        0.0,
        2.288523513687346,
        0.0,
        2.86808539833632,
        0.0,
        0.0,
        0.0,
        0.0,
        0.0,
        0.0,
        5.030107592721569,
        0.0,
        0.0,
        0.0,
        0.0,
        0.0,
        0.0,
        0.0,
        0.0,
        0.13191460166367985,
        0.46392469912794015,
        0.0,
        0.0,
        2.5711816093816005,
        0.7759195282825968,
        0.0,
        6.509729022950907
    ],
    "x_lj_mccormick": [
        1.7478700534026463,
        4.32071058594167,
        0.0,
        0.8137161278688634,
        0.1248293276313452,
        1.0,
        0.0,
        0.0,
        2.0,
        0.2689509714979705,
        0.6282364167754214,
        1.045144920748435,
        0.9229867079447405,
        1.0318683713068246,
        1.4784687095922635,
        0.0,
        0.0,
        0.0,
        0.9548550792515651,
        1.564593871223209,
        0.0,
        2.0,
        1.0,
        1.6007529101105853,
        0.24071276499549166,
        0.0,
        5.837247626978502,
        1.9320992857247115,
        0.08253814327990207,
        0.14811494401688438,
        1.9120569322242136,
        0.8518850559831156,
        0.23605801179267072,
        2.0,
        6.0,
        0.0,
        1.9174618567200978,
        1.0,
        0.0,
        0.0,
        1.484187466238424,
        3.5012245031191176,
        0.044695623364027215,
        1.2817046358704918,
        3.5667464634085637,
        0.647421042751505,
        1.9553043766359728,
        0.17603595799579952,
        0.0,
        0.8686596653682277,
        1.3717635832245785,
        1.188056417926786,
        0.08794306777578642
    ],
    "q_mccormick": [
        0.0,
        0.0,
        0.0,
        0.704195975954782,
        0.8920964928747491,
        0.2656407690403081,
        0.0,
        0.0,
        0.017536859616381684,
        0.295804024045218,
        0.0,
        1.0,
        0.0,
        0.0,
        0.375,
        0.0,
        0.0,
        0.26076564520386825,
        0.647969279554054,
        0.0,
        0.257906266880788,
        0.7343592309596919,
        1.0,
        0.2371588287708847,
        0.2860654392109182,
        0.0,
        0.3520307204459459,
        0.0,
        0.7392343547961318,
        0.7680376504360299,
        0.8019905970122023,
        0.0,
        0.0,
        0.0,
        0.0,
        0.0,
        0.0,
        0.0,
        0.19800940298779768,
        0.18628387213113667,
        0.0,
        0.0,
        1.0,
        0.0,
        0.0,
        0.7628411712291153,
        0.0,
        0.9560284661121068,
        0.0,
        0.0,
        0.0,
        0.0,
        0.0,
        0.0,
        0.742093733119212,
        0.0,
        0.0,
        0.0,
        0.0,
        0.0,
        0.0,
        0.0,
        0.0,
        0.04397153388789329,
        0.23196234956397008,
        0.0,
        0.0,
        0.3213977011727001,
        0.10790350712525083,
        0.0,
        0.8137161278688634
    ],