{
    "x_ij_mccormick": [
        0.0,
        0.49348630699113505,
        0.0,
        0.0,
        0.0,
        0.0,
        1.6177898247400142,
        0.0,
        0.0,
        0.0,
        0.0,
        0.0,
        0.0,
        0.0,
        0.0,
        0.0,
        0.0,
        0.0,
        0.0,
        0.0,
        0.0,
        0.0,
        0.0,
        0.0,
        0.1817618173178357,
        0.0,
        0.0,
        2.0,
        0.0,
        0.0,
        0.0,
        0.0,
        0.0,
        0.0,
        0.0,
        0.0,
        0.0,
        0.0,
        0.0,
        0.0,
        0.0,
        0.0,
        0.0,
        0.7800166230124344,
        0.0,
        0.0,
        0.0,
        0.0,
        0.0,
        0.0,
        0.0,
        0.0,
        0.0,
        0.0,
        0.0,
        0.0,
        0.0,
        0.4643431414761154,
        0.0,
        0.32436476808068804,
        0.0,
        0.0,
        0.0,
        0.0,
        6.0,
        0.0,
        0.0,
        0.0,
        0.0,
        0.7917673269782178,
        0.0,
        0.0,
        0.0,
        0.0,
        0.0,
        0.0,
        0.0,
        0.5781207795281413,
        0.0,
        0.0,
        0.0,
        0.0,
        0.0,
        0.0,
        0.0,
        0.0,
        0.0,
        0.25091735595163644,
        0.0,
        0.0,
        0.0,
        0.0,
        0.0,
        0.0,
        0.0,
        0.0,
        0.0,
        0.5429778112169853,
        0.0,
        0.0,
        0.0,
        0.0,
        0.0,
        0.0,
        0.0,
        0.0,
        0.0,
        0.0,
        0.0,
        0.0,
        0.0,
        0.0,
        0.04931636082231261,
        4.622413241102661,
        0.0,
        0.0
    ],
    "x_il_mccormick": [
        0.0,
        0.0,
        0.0,
        2.262743748313241,
        3.2077341157189783,
        0.7877022622374213,
        0.0,
        0.0,
        0.18847387643380933,
        0.7372562516867587,
        0.0,
        3.0,
        0.0,
        0.0,
        3.0,
        0.0,
        0.0,
        0.2331653849087223,
        5.0,
        0.0,
        0.19463509111793398,
        0.5945079130225643,
        3.0,
        0.9319772676857736,
        2.068022732314226,
        0.0,
        3.0,
        0.0,
        3.0,
        1.2603964870587054,
        1.2752603714651793,
        0.0,
        0.0,
        0.0,
        0.0,
        0.0,
        0.0,
        0.0,
        1.2798790932541717,
        0.25029169739148505,
        0.0,
        0.0,
        2.7490826440483636,
        0.0,
        0.0,
        1.9865718193490514,
        0.0,
        3.0,
        0.0,
        0.0,
        0.0,
        0.0,
        0.0,
        0.0,
        5.002901963899825,
        0.0,
        0.0,
        2.2600959835189625,
        0.0,
        0.0,
        0.0,
        0.0,
        0.0,
        0.0,
        0.6234714178823888,
        0.0,
        0.0,
        2.7435033912519646,
        0.5847670068230604,
        0.0,
        6.99883321043406
    ],
    "x_lj_mccormick": [
        2.0,
        4.3742707565212875,
        0.0,
        0.8748541513042575,
        0.3822101752599857,
        1.0,
        0.0,
        0.0,
        1.8182381826821643,
        0.4570221887830147,
        0.7247396285348207,
        1.5131672454713803,
        0.9506836391776874,
        0.5361491153509325,
        1.506513693008865,
        0.0,
        0.0,
        0.0,
        0.48683275452861974,
        1.2398189373712372,
        0.0,
        2.0,
        0.9185490870348249,
        1.675635231919312,
        0.20823267302178217,
        0.0,
        5.535656858523884,
        2.366635475832949,
        0.0,
        0.09770766564316669,
        2.0,
        0.9022923343568333,
        0.09770766564316657,
        2.0,
        6.0,
        0.0,
        1.7490826440483636,
        1.0,
        0.0,
        0.0,
        1.4218792204718587,
        3.633364524167051,
        0.14229331037885018,
        1.2199833769875656,
        3.7430336009456555,
        1.0895801281277802,
        1.8577066896211498,
        0.12514584869574252,
        0.0,
        1.0171474616831078,
        1.2752603714651793,
        1.2798790932541717,
        0.0
    ],
    "q_mccormick": [
        0.0,
        0.0,
        0.0,
        0.7542479161044138,
        0.6099916884937828,
        0.40549208697743566,
        0.0,
        0.0,
        0.023559234554226167,
        0.24575208389558628,
        0.0,
        1.0,
        0.0,
        0.0,
        0.375,
        0.0,
        0.0,
        0.24674315349556752,
        0.625,
        0.0,
        0.032439181852988996,
        0.5945079130225643,
        1.0,
        0.33780939355031625,
        0.25850284153927827,
        0.0,
        0.375,
        0.0,
        0.7532568465044325,
        0.6882642910588056,
        0.7866868177909714,
        0.0,
        0.0,
        0.0,
        0.0,
        0.0,
        0.0,
        0.0,
        0.21331318220902862,
        0.12514584869574252,
        0.0,
        0.0,
        1.0,
        0.0,
        0.0,
        0.6621906064496837,
        0.0,
        1.0,
        0.0,
        0.0,
        0.0,
        0.0,
        0.0,
        0.0,
        0.967560818147011,
        0.0,
        0.0,
        0.29254714370237384,
        0.0,
        0.0,
        0.0,
        0.0,
        0.0,
        0.0,
        0.3117357089411944,
        0.0,
        0.0,
        0.3429379239064956,
        0.0974611678038434,
        0.0,
        0.8748541513042575
    ],