{
    "x_ij_mccormick": [
        0.0,
        0.564008462803931,
        0.0,
        0.0,
        0.8405405584472154,
        0.0,
        1.8411206005248029,
        0.0,
        0.0,
        0.0,
        0.0,
        0.0,
        0.0,
        0.0,
        0.0,
        0.0,
        0.0,
        0.0,
        0.0,
        0.0,
        0.0,
        0.0,
        0.0,
        0.0,
        0.0,
        0.0,
        0.0,
        2.0,
        0.0,
        0.0015673632022599193,
        0.0,
        0.0,
        0.0,
        0.0,
        0.0,
        0.0,
        0.0,
        0.0,
        0.0,
        0.0,
        0.0,
        0.0,
        0.0,
        0.7766889966380697,
        0.0,
        0.0,
        0.0,
        0.0,
        0.0,
        0.0,
        0.0,
        0.0,
        0.0,
        0.0,
        0.0,
        0.0,
        0.0,
        0.4085253404407011,
        0.013988961413047944,
        0.8764107782271098,
        0.0,
        0.0,
        0.0,
        0.0,
        6.0,
        0.0,
        0.0,
        0.0,
        0.0,
        0.7713847735432809,
        0.0,
        0.0,
        0.0,
        0.0,
        0.0,
        0.0,
        0.0,
        0.9761763999041251,
        0.0,
        0.0,
        0.0,
        0.0,
        0.0,
        0.0,
        0.0,
        0.0,
        0.0,
        0.029779052875524403,
        0.0,
        0.7464449831129842,
        0.0,
        0.0,
        0.0,
        0.0,
        0.0,
        0.0,
        0.0,
        0.7001989254759117,
        0.0,
        0.15945944155278446,
        0.0,
        0.0,
        0.0,
        0.0,
        0.0,
        0.0,
        0.0,
        0.0,
        0.0,
        0.0,
        0.0,
        0.0,
        0.0,
        5.977526349070939,
        0.0,
        0.0
    ],
    "x_il_mccormick": [
        0.0,
        0.0,
        0.0,
        2.0373349316425027,
        4.088174583651655,
        1.1588793994751971,
        0.0,
        0.0,
        1.3465330590807563,
        0.6786638007091973,
        0.0,
        3.0,
        0.0,
        0.0,
        2.99843263679774,
        0.0,
        0.0,
        0.0,
        5.0,
        0.0,
        1.3419843028894962,
        0.0,
        3.0,
        0.769388377719675,
        2.2306116222803247,
        0.0,
        3.0,
        0.0,
        3.0,
        0.9936833559738626,
        1.3944681637401888,
        0.1893341784321998,
        0.0,
        0.0,
        0.0,
        0.0,
        0.0,
        0.0,
        0.022473650929060618,
        0.29346961141219097,
        0.0,
        0.0,
        2.9702209471244756,
        0.0,
        0.0,
        2.1668399043209305,
        0.0,
        2.986011038586952,
        0.0,
        0.0,
        0.0,
        0.0,
        0.0,
        0.0,
        3.3787874325054674,
        0.0,
        0.0,
        0.0,
        0.0,
        0.0,
        0.0,
        0.0,
        0.0,
        0.0,
        0.3585210922557466,
        0.0,
        0.0,
        1.424422681841179,
        0.5980509690878817,
        0.0,
        6.826121554351237
    ],
    "x_lj_mccormick": [
        1.1594594415527846,
        5.119591165763428,
        0.0,
        0.8405405584472155,
        0.15887939947519716,
        1.0,
        0.0,
        0.0,
        2.0,
        0.29980107452408833,
        0.6055318362598112,
        1.7192094980535688,
        1.0,
        0.2807905019464312,
        1.435991537196069,
        0.0,
        0.0,
        0.0,
        0.2807905019464312,
        1.2832179608574996,
        0.0,
        2.0,
        0.936228282040606,
        1.1235892217728902,
        0.22861522645671908,
        0.0,
        5.591474659559299,
        2.4085253404407014,
        0.0,
        0.0,
        2.0,
        0.986011038586952,
        0.0,
        2.0,
        6.0,
        0.0,
        1.9702209471244756,
        1.0,
        0.0,
        0.0,
        1.023823600095875,
        3.5914746595592986,
        0.10547347573979016,
        1.2233110033619303,
        2.8648635802897253,
        0.5980509690878817,
        1.8945265242602098,
        0.0,
        0.0,
        1.1054734757397902,
        1.3944681637401888,
        0.022473650929060618,
        0.0
    ],
    "q_mccormick": [
        0.0,
        0.0,
        0.0,
        0.6791116438808343,
        0.900324838485353,
        1.0,
        0.0,
        0.0,
        0.16831663238509453,
        0.22622126690306577,
        0.0,
        1.0,
        0.0,
        0.0,
        0.3748040795997175,
        0.0,
        0.0,
        0.2820042314019655,
        0.625,
        0.0,
        0.48808819995206254,
        0.0,
        1.0,
        0.277720031893023,
        0.2788264527850406,
        0.0,
        0.375,
        0.0,
        0.7179957685980345,
        0.8207394538721267,
        0.9962543915118233,
        0.0946670892160999,
        0.0,
        0.0,
        0.0,
        0.0,
        0.0,
        0.0,
        0.0037456084881767695,
        0.14673480570609548,
        0.0,
        0.0,
        1.0,
        0.0,
        0.0,
        0.7222799681069769,
        0.0,
        1.0,
        0.0,
        0.0,
        0.0,
        0.0,
        0.0,
        0.0,
        0.5119118000479375,
        0.0,
        0.0,
        0.0,
        0.0,
        0.0,
        0.0,
        0.0,
        0.0,
        0.0,
        0.1792605461278733,
        0.0,
        0.0,
        0.17805283523014737,
        0.09967516151464695,
        0.0,
        0.8532651942939046
    ],