{
    "x_ij_mccormick": [
        0.0,
        0.31191092897700057,
        0.0,
        0.0,
        0.38221358273649697,
        0.0,
        1.3937320862738543,
        0.0,
        0.0,
        0.0,
        0.0,
        0.0,
        0.0,
        0.0,
        0.0,
        0.0,
        0.0,
        0.0,
        0.21394224378269,
        0.0,
        0.0,
        0.0,
        0.0,
        0.0,
        0.03057543144805308,
        0.0,
        0.0,
        2.0,
        0.0,
        0.0,
        0.0,
        0.0,
        0.0,
        0.0,
        0.0,
        0.0,
        0.0,
        0.0,
        0.0,
        0.0,
        0.0,
        0.0,
        0.0,
        1.026156200809872,
        0.0,
        0.0,
        0.0,
        0.0,
        0.0,
        0.0,
        0.0,
        0.0,
        0.0,
        0.0,
        0.0,
        0.6810170716468784,
        0.0,
        0.68985485151366,
        0.06828689271379196,
        0.08882896059117917,
        0.0,
        0.0,
        0.0,
        0.0,
        6.0,
        0.0,
        0.0,
        0.0,
        0.0,
        0.78605775621731,
        0.0,
        0.0,
        0.0,
        0.0,
        0.0,
        0.0,
        0.0,
        0.882045114278307,
        0.0,
        0.0,
        0.0,
        0.0,
        0.0,
        0.0,
        0.0,
        0.0,
        0.0,
        0.0,
        0.0,
        0.0,
        0.0,
        0.0,
        0.0,
        0.0,
        0.0,
        0.0,
        0.0,
        0.8753027669942484,
        0.0,
        0.012508171935777579,
        0.0,
        0.0,
        0.0,
        0.0,
        0.0,
        0.0,
        0.0,
        0.0,
        0.0,
        0.0,
        0.0,
        0.0,
        0.07970097553202038,
        4.032429127824745,
        0.0,
        0.0
    ],
    "x_il_mccormick": [
        0.0,
        0.0,
        0.0,
        2.3045671800698457,
        4.052861665489837,
        1.045783679891234,
        0.0,
        0.0,
        1.5000416296172505,
        0.5883191129591876,
        0.0,
        3.0,
        0.0,
        0.0,
        3.0,
        0.0,
        0.0,
        0.0,
        6.973843799190128,
        0.0,
        0.5421563507105023,
        0.5604842338349116,
        3.0,
        0.9039339032542905,
        2.0960660967457097,
        0.0,
        1.026156200809873,
        0.0,
        2.3189829283531216,
        1.1050131943273356,
        1.1368450614452126,
        0.0,
        0.0,
        0.0,
        0.0,
        0.0,
        0.0,
        0.0,
        1.963674426544915,
        0.2502678172377748,
        0.0,
        0.0,
        3.0,
        0.0,
        0.0,
        2.0199311417129664,
        0.0,
        3.0,
        0.0,
        0.0,
        0.0,
        0.0,
        0.0,
        0.0,
        3.287417986723656,
        0.0,
        0.0,
        0.0,
        0.0,
        0.0,
        0.0,
        0.0,
        0.0,
        0.0,
        0.8061578450814852,
        0.0,
        0.0,
        1.40389227363704,
        2.4839776230061945,
        0.0,
        6.998928731048901
    ],
    "x_lj_mccormick": [
        1.617786417263503,
        4.75654403964206,
        0.0,
        0.8748660913811126,
        0.6062679137261457,
        1.0,
        0.0,
        0.0,
        1.969424568551947,
        0.12469723300575167,
        0.7987644914713349,
        1.3691061426698778,
        0.9202990244679796,
        0.7105948328621425,
        1.6880890710229994,
        0.0,
        0.0,
        0.0,
        0.6308938573301222,
        0.0,
        0.0,
        2.0,
        0.9238650449672572,
        1.9111710394088208,
        0.0,
        0.0,
        5.31014514848634,
        2.68985485151366,
        0.0,
        0.0,
        2.0,
        0.931713107286208,
        0.06828689271379207,
        2.0,
        6.0,
        0.0,
        2.0,
        1.0,
        0.0,
        0.0,
        1.117954885721693,
        2.6291280768394616,
        0.08249137487300406,
        0.9738437991901281,
        5.030134361810106,
        0.5328611274957972,
        1.917508625126996,
        0.11262573668310982,
        0.0,
        0.9698656381898941,
        1.201235508528665,
        1.8992839794614627,
        0.0
    ],
    "q_mccormick": [
        0.0,
        0.0,
        0.0,
        0.768189060023282,
        0.6748139174149338,
        0.43951576616508836,
        0.0,
        0.0,
        0.18750520370215631,
        0.23181093997671795,
        0.0,
        1.0,
        0.0,
        0.0,
        0.375,
        0.0,
        0.0,
        0.15595546448850028,
        0.8717304748987659,
        0.0,
        0.09035939178508372,
        0.5604842338349116,
        1.0,
        0.3266896194290111,
        0.2620082620932137,
        0.0,
        0.12826952510123413,
        0.0,
        0.8440445355114997,
        0.5969210774592574,
        0.6834526700897563,
        0.0,
        0.0,
        0.0,
        0.0,
        0.0,
        0.0,
        0.0,
        0.31654732991024376,
        0.12513390861888737,
        0.0,
        0.0,
        1.0,
        0.0,
        0.0,
        0.6733103805709889,
        0.0,
        1.0,
        0.0,
        0.0,
        0.0,
        0.0,
        0.0,
        0.0,
        0.9096406082149163,
        0.0,
        0.0,
        0.0,
        0.0,
        0.0,
        0.0,
        0.0,
        0.0,
        0.0,
        0.4030789225407426,
        0.0,
        0.0,
        0.17548653420463,
        0.3251860825850662,
        0.0,
        0.8748660913811126
    ],