{
    "x_ij_mccormick": [
        0.0,
        0.0,
        0.0,
        0.0,
        1.074372111508284,
        0.0,
        1.6588749448542035,
        0.0,
        0.0,
        0.0,
        0.0,
        0.0,
        0.0,
        0.0,
        0.0,
        0.0,
        0.0,
        0.0,
        0.2505968105360986,
        0.0,
        0.0,
        0.0,
        0.0,
        0.0,
        0.0,
        0.0,
        0.0,
        2.0,
        0.0,
        0.0,
        0.0,
        0.0,
        0.0,
        0.0,
        0.0,
        0.0,
        0.0,
        0.0,
        0.0,
        0.0,
        0.0,
        0.0,
        0.0,
        0.8141545776343679,
        0.0,
        0.0,
        0.0,
        0.0,
        0.0,
        0.0,
        0.0,
        0.0,
        0.0,
        0.0,
        0.0,
        0.6473483375012821,
        0.0,
        0.7161469520234593,
        0.0,
        1.3882539576764856,
        0.0,
        0.0,
        0.0,
        0.0,
        6.0,
        0.0,
        0.0,
        0.0,
        0.0,
        0.7494031894639014,
        0.0,
        0.0,
        0.0,
        0.0,
        0.0,
        0.0,
        0.0,
        0.8685216548865942,
        0.0,
        0.0,
        0.0,
        0.0,
        0.0,
        0.0,
        0.0,
        0.0,
        0.0,
        0.13718166766334305,
        0.0,
        1.7258047045247145,
        0.0,
        0.0,
        0.0,
        0.0,
        0.0,
        0.0,
        0.0,
        0.5125096155963587,
        0.0,
        0.2421590890562939,
        0.0,
        0.0,
        0.0,
        0.0,
        0.0,
        0.0,
        0.0,
        0.0,
        0.0,
        0.0,
        0.0,
        0.0,
        0.0,
        5.759257114965185,
        0.0,
        0.0
    ],
    "x_il_mccormick": [
        0.0,
        0.0,
        0.0,
        2.214182510509045,
        4.444302711087746,
        1.0806479812377436,
        0.0,
        0.0,
        1.096931399247979,
        0.724892196795363,
        0.0,
        3.0,
        0.0,
        0.0,
        3.0,
        0.0,
        0.0,
        0.0,
        5.0,
        0.0,
        0.47659689316177634,
        0.2604770739080529,
        3.0,
        1.1016665756296096,
        1.8983334243703904,
        0.0,
        3.0,
        0.0,
        2.352651662498718,
        0.6117460423235144,
        1.6721070056530263,
        0.0,
        0.0,
        0.0,
        0.0,
        0.0,
        0.0,
        0.0,
        0.1170515564810224,
        0.19621979038396775,
        0.0,
        0.0,
        2.8628183323366567,
        0.0,
        0.0,
        1.7964550940655477,
        0.0,
        2.9829981435040045,
        0.0,
        0.0,
        0.0,
        0.0,
        0.0,
        0.0,
        3.324126025676055,
        0.0,
        0.0,
        0.0,
        0.0,
        0.0,
        0.0,
        0.0,
        0.0,
        0.0,
        0.0,
        0.0,
        0.0,
        2.0047351763816303,
        0.23600770865318488,
        0.0,
        6.898589637899551
    ],
    "x_lj_mccormick": [
        0.925627888491716,
        5.411340628848097,
        0.0,
        0.7578409109437061,
        0.34112505514579655,
        1.0,
        0.0,
        0.0,
        2.0,
        0.48749038440364134,
        0.4515843229007665,
        1.647348337501282,
        1.0,
        0.35265166249871793,
        2.0,
        0.0,
        0.0,
        0.0,
        0.35265166249871793,
        0.0,
        0.0,
        2.0,
        0.8981216696951572,
        0.6117460423235144,
        0.0,
        0.0,
        5.283853047976541,
        2.699145095527464,
        0.0,
        0.01700185649599568,
        2.0,
        0.9829981435040043,
        0.0,
        2.0,
        6.0,
        0.0,
        1.862818332336657,
        1.0,
        0.0,
        0.0,
        1.1314783451134058,
        2.653506566971254,
        0.015738006753171607,
        1.185845422365632,
        3.2584572887221146,
        0.23600770865318488,
        1.9842619932468284,
        0.0,
        0.0,
        1.0157380067531716,
        1.5484156770992334,
        0.24074288503481522,
        0.0
    ],
    "q_mccormick": [
        0.0,
        0.0,
        0.0,
        0.7380608368363484,
        0.9606653818911358,
        0.7395229260919471,
        0.0,
        0.0,
        0.13711642490599737,
        0.2619391631636516,
        0.0,
        1.0,
        0.0,
        0.0,
        0.375,
        0.0,
        0.0,
        0.0,
        0.625,
        0.0,
        0.4342608274432971,
        0.2604770739080529,
        1.0,
        0.40118163531148415,
        0.2372916780462988,
        0.0,
        0.375,
        0.0,
        1.0,
        1.0,
        0.980491407253163,
        0.0,
        0.0,
        0.0,
        0.0,
        0.0,
        0.0,
        0.0,
        0.019508592746837066,
        0.09810989519198388,
        0.0,
        0.0,
        1.0,
        0.0,
        0.0,
        0.5988183646885159,
        0.0,
        1.0,
        0.0,
        0.0,
        0.0,
        0.0,
        0.0,
        0.0,
        0.5657391725567029,
        0.0,
        0.0,
        0.0,
        0.0,
        0.0,
        0.0,
        0.0,
        0.0,
        0.0,
        0.0,
        0.0,
        0.0,
        0.2505918970477038,
        0.03933461810886415,
        0.0,
        0.9018901048080162
    ],