{
    "x_ij_mccormick": [
        0.0,
        0.0,
        0.0,
        0.0,
        0.11313485968288028,
        0.0,
        1.4498770328630375,
        0.0,
        0.0,
        0.0,
        0.0,
        0.0,
        0.0,
        0.0,
        0.0,
        0.0,
        0.0,
        0.0,
        0.26763839410834434,
        0.0,
        0.0,
        0.0,
        0.0,
        0.0,
        0.0,
        0.0,
        0.0,
        2.0,
        0.0,
        0.0,
        0.0,
        0.0,
        0.0,
        0.0,
        0.0,
        0.0,
        0.0,
        0.0,
        0.0,
        0.0,
        0.0,
        0.0,
        0.0,
        0.8834848176953558,
        0.0,
        0.0,
        0.0,
        0.0,
        0.0,
        0.0,
        0.0,
        0.0,
        0.0,
        0.0,
        0.0,
        0.6063804804538382,
        0.0,
        0.5053181841960144,
        2.618780799557019e-05,
        1.8303961952579058,
        0.0,
        0.0,
        0.0,
        0.0,
        6.0,
        0.0,
        0.0,
        0.0,
        0.0,
        0.7323616058916557,
        0.0,
        0.0,
        0.0,
        0.0,
        0.0,
        0.0,
        0.0,
        0.9964601388588952,
        0.0,
        0.0,
        0.0,
        0.0,
        0.0,
        0.0,
        0.0,
        0.0,
        0.0,
        0.06960743336768394,
        0.0,
        0.0,
        0.0,
        0.0,
        0.0,
        0.0,
        0.0,
        0.0,
        0.0,
        0.6924608911931459,
        0.0,
        0.0,
        0.0,
        0.0,
        0.0,
        0.0,
        0.0,
        0.0,
        0.0,
        0.0,
        0.0,
        0.0,
        0.0,
        0.0,
        0.0,
        3.082388505892296,
        0.0,
        0.0
    ],
    "x_il_mccormick": [
        0.0,
        0.0,
        0.0,
        2.1169601358416723,
        4.086741527103694,
        0.9942291842395057,
        0.0,
        0.0,
        0.5731694059956329,
        0.796311392541111,
        0.0,
        3.0,
        0.0,
        0.0,
        3.0,
        0.0,
        0.0,
        0.0,
        6.028703884995524,
        0.0,
        0.9238595339511395,
        0.555893782897457,
        3.0,
        0.7435715813160937,
        2.2564284186839063,
        0.0,
        1.9712961150044759,
        0.0,
        2.393619519546162,
        0.0,
        2.49465562799599,
        0.0,
        0.0,
        0.0,
        0.0,
        0.0,
        0.0,
        0.0,
        1.8171972587277885,
        0.09972071260510518,
        0.0,
        0.0,
        2.930392566632316,
        0.0,
        0.0,
        2.1954878619330356,
        0.0,
        3.0,
        0.0,
        0.0,
        0.0,
        0.0,
        0.0,
        0.0,
        3.0429537575400927,
        0.0,
        0.0,
        0.0,
        0.0,
        0.0,
        0.0,
        0.0,
        0.0,
        0.0,
        0.16960380474209413,
        0.0,
        0.0,
        2.170402175320461,
        2.747209318787243,
        0.0,
        7.60111714957958
    ],
    "x_lj_mccormick": [
        1.8868651403171197,
        4.863833078170118,
        0.0,
        0.9501396436974475,
        0.5501229671369626,
        1.0,
        0.0,
        0.0,
        2.0,
        0.3075391088068541,
        0.6057324195759295,
        1.6063804804538382,
        1.0,
        0.3936195195461617,
        2.0,
        0.0,
        0.0,
        0.0,
        0.3936195195461618,
        0.0,
        0.0,
        2.0,
        0.9390594432491293,
        0.16960380474209413,
        0.0,
        0.0,
        5.494681815803986,
        2.505318184196014,
        0.0,
        0.0,
        2.0,
        0.9999738121920044,
        2.618780799557019e-05,
        2.0,
        6.0,
        0.0,
        1.930392566632316,
        1.0,
        0.0,
        0.0,
        1.0035398611411048,
        2.888301335350148,
        0.07497209499997926,
        1.1165151823046442,
        4.974888261302573,
        0.7425474022837202,
        1.9250279050000207,
        0.04986035630255248,
        0.0,
        1.0251117386974267,
        1.3942675804240705,
        2.917585306299708,
        0.0
    ],
    "q_mccormick": [
        0.0,
        0.0,
        0.0,
        0.7056533786138908,
        0.6565988351515946,
        0.44410621710254305,
        0.0,
        0.0,
        0.07164617574945412,
        0.2943466213861091,
        0.0,
        1.0,
        0.0,
        0.0,
        0.375,
        0.0,
        0.0,
        0.0,
        0.7535879856244405,
        0.0,
        0.15397658899185662,
        0.555893782897457,
        1.0,
        0.2681707126889882,
        0.2820535523354883,
        0.0,
        0.24641201437555948,
        0.0,
        1.0,
        0.9151980976289529,
        0.6971337902120353,
        0.0,
        0.0,
        0.0,
        0.0,
        0.0,
        0.0,
        0.0,
        0.30286620978796475,
        0.04986035630255259,
        0.0,
        0.0,
        1.0,
        0.0,
        0.0,
        0.7318292873110118,
        0.0,
        1.0,
        0.0,
        0.0,
        0.0,
        0.0,
        0.0,
        0.0,
        0.8460234110081434,
        0.0,
        0.0,
        0.0,
        0.0,
        0.0,
        0.0,
        0.0,
        0.0,
        0.0,
        0.08480190237104707,
        0.0,
        0.0,
        0.2713002719150576,
        0.34340116484840544,
        0.0,
        0.9501396436974475
    ],