{
    "x_ij_mccormick": [
        0.0,
        0.4127875293250187,
        0.0,
        0.0,
        0.0,
        0.0,
        1.6407351039876044,
        0.0,
        0.0,
        0.0,
        0.0,
        0.0,
        0.0,
        0.0,
        0.0,
        0.0,
        0.0,
        0.0,
        0.0,
        0.0,
        0.0,
        0.0,
        0.0,
        0.0,
        0.0,
        0.0,
        0.0,
        2.0,
        0.0,
        0.0,
        0.0,
        0.0,
        0.0,
        0.0,
        0.0,
        0.0,
        0.0,
        0.0,
        0.0,
        0.0,
        0.0,
        0.0,
        0.0,
        0.729188773242214,
        0.0,
        0.0,
        0.0,
        0.0,
        0.0,
        0.0,
        0.0,
        0.0,
        0.0,
        0.0,
        0.0,
        1.1135952429848355,
        0.0,
        0.4056915044634135,
        0.05441967933427537,
        0.0,
        0.0,
        0.0,
        0.0,
        0.0,
        6.0,
        0.0,
        1.0853486782212378,
        0.0,
        0.0,
        0.798890909264099,
        0.0,
        0.0,
        0.0,
        0.0,
        0.0,
        0.0,
        0.04899843177194174,
        1.0319095963937326,
        0.0,
        0.0,
        0.0,
        0.0,
        0.0,
        0.0,
        0.0,
        0.0,
        0.0,
        0.0,
        0.0,
        1.475596366972154,
        0.0,
        0.0,
        0.0,
        0.0,
        0.0,
        0.0,
        0.0,
        0.805277941934118,
        0.0,
        0.0,
        0.0,
        0.0,
        0.0,
        0.0,
        0.0,
        0.0,
        0.0,
        0.0,
        0.0,
        0.0,
        0.0,
        0.0,
        0.0,
        4.352543087543276,
        0.0,
        0.0
    ],
    "x_il_mccormick": [
        0.0,
        0.0,
        0.0,
        2.234401208493777,
        4.7952148597856326,
        0.4898989122466518,
        0.0,
        0.0,
        0.2006838185277342,
        0.705121252403364,
        0.0,
        3.0,
        0.0,
        0.0,
        3.0,
        0.0,
        0.0,
        0.0,
        5.0,
        0.0,
        0.0,
        0.8203675519938022,
        3.0,
        0.9269639574123179,
        2.073036042587682,
        0.0,
        3.0,
        0.0,
        1.8864047570151645,
        1.3787018308630465,
        1.1611869853392645,
        0.0,
        0.0,
        0.0,
        0.0,
        0.0,
        0.0,
        0.0,
        1.6870498449519258,
        0.0,
        0.0,
        0.0,
        3.0,
        0.0,
        0.0,
        1.9858732808206025,
        0.0,
        3.0,
        0.0,
        0.0,
        0.0,
        0.0,
        0.0,
        0.0,
        2.3634549779367804,
        0.0,
        0.0,
        0.0,
        0.0,
        0.0,
        0.0,
        0.0,
        0.0,
        0.0,
        0.8224072598728545,
        0.0,
        0.0,
        2.726280138884584,
        0.9211767735721401,
        0.0,
        7.779630940087676
    ],
    "x_lj_mccormick": [
        2.0,
        4.779630940087676,
        0.0,
        1.0,
        0.3592648960123957,
        0.9510015682280583,
        0.0,
        0.0,
        2.0,
        0.19472205806588203,
        0.7448004028312589,
        1.7008077136598168,
        1.0,
        0.29919228634018324,
        1.5872124706749813,
        0.0,
        0.0,
        0.0,
        0.29919228634018324,
        0.0,
        0.0,
        2.0,
        0.9128372382329204,
        2.0,
        0.20110909073590097,
        0.0,
        4.508959817315349,
        3.4910401826846513,
        0.0,
        0.0,
        2.0,
        0.9455803206657246,
        0.054419679334275384,
        2.0,
        6.0,
        0.0,
        2.0,
        1.0,
        0.0,
        0.0,
        0.9680904036062674,
        1.3953645743305132,
        0.0,
        1.270811226757786,
        3.524403633027846,
        0.9211767735721401,
        2.0,
        0.0,
        0.0,
        1.0,
        1.255199597168741,
        1.5930372331224492,
        0.0
    ],
    "q_mccormick": [
        0.0,
        0.0,
        0.0,
        0.744800402831259,
        0.8464705377379766,
        0.17963244800619785,
        0.0,
        0.0,
        0.025085477315966775,
        0.25519959716874097,
        0.0,
        1.0,
        0.0,
        0.0,
        0.375,
        0.0,
        0.0,
        0.20639376466250936,
        0.625,
        0.0,
        0.0,
        0.8203675519938022,
        1.0,
        0.33804223972646585,
        0.25912950532346024,
        0.0,
        0.375,
        0.0,
        0.7936062353374906,
        0.5887963700635728,
        0.7344937944795917,
        0.0,
        0.0,
        0.0,
        0.0,
        0.0,
        0.0,
        0.0,
        0.2655062055204082,
        0.0,
        0.0,
        0.0,
        1.0,
        0.0,
        0.5159547981968663,
        0.6619577602735341,
        0.0,
        1.0,
        0.0,
        0.0,
        0.0,
        0.0,
        0.0,
        0.0,
        0.4840452018031337,
        0.0,
        0.0,
        0.0,
        0.0,
        0.0,
        0.0,
        0.0,
        0.0,
        0.0,
        0.41120362993642723,
        0.0,
        0.0,
        0.340785017360573,
        0.15352946226202335,
        0.0,
        1.0
    ],