{
    "x_ij_mccormick": [
        0.0,
        0.15634797803850442,
        0.0,
        0.0,
        0.0,
        0.0,
        1.5562405693404147,
        0.0,
        0.0,
        0.0,
        0.0,
        0.0,
        0.0,
        0.0,
        0.0,
        0.0,
        0.0,
        0.0,
        0.0,
        0.0,
        1.0540530337625142,
        0.0,
        0.0,
        0.0,
        0.15417775577384418,
        0.0,
        0.0,
        2.0,
        0.0,
        0.0,
        0.0,
        0.0,
        0.0,
        0.0,
        0.0,
        0.0,
        0.0,
        0.0,
        0.0,
        0.0,
        0.0,
        0.0,
        0.0,
        1.0947458258820988,
        0.0,
        0.0,
        0.0,
        0.0,
        0.0,
        0.0,
        0.0,
        0.0,
        0.0,
        0.0,
        0.0,
        0.0,
        0.0,
        1.5053358648805863,
        0.022528965150501578,
        2.0,
        0.0,
        0.0,
        0.0,
        0.0,
        6.0,
        0.0,
        0.0,
        0.0,
        0.0,
        0.7908388391023331,
        0.0,
        0.0,
        0.0,
        0.0,
        0.0,
        0.0,
        0.05710039221584684,
        0.8193572827058628,
        0.0,
        0.0,
        0.0,
        0.0,
        0.0,
        0.0,
        0.0,
        0.0,
        0.0,
        0.0,
        0.0,
        0.3934636471436202,
        0.0,
        0.0,
        0.0,
        0.0,
        0.0,
        0.0,
        0.0,
        0.58284823515491,
        0.0,
        0.0,
        0.0,
        0.0,
        0.0,
        0.0,
        0.0,
        0.0,
        0.0,
        0.0,
        0.0,
        0.0,
        0.0,
        0.0,
        0.0,
        3.9040954337363036,
        0.0,
        0.0
    ],
    "x_il_mccormick": [
        0.0,
        0.7781202846702073,
        0.0,
        2.204461109178647,
        2.672333586485243,
        0.6085387537735312,
        0.0,
        0.0,
        0.0,
        0.7955388908213532,
        0.0,
        3.0,
        0.0,
        0.0,
        3.0,
        0.0,
        0.0,
        0.0,
        6.905254174117902,
        0.0,
        0.19689353321199032,
        0.0,
        3.0,
        0.944629663330431,
        2.055370336669569,
        0.0,
        1.0947458258820983,
        0.0,
        3.0,
        0.20916116089766684,
        1.2629740090712456,
        0.0,
        0.0,
        0.0,
        0.0,
        0.0,
        0.0,
        0.0,
        1.0418515325011821,
        0.0,
        0.0,
        0.0,
        3.0,
        0.0,
        0.0,
        1.9629054396468686,
        0.0,
        2.9774710348494984,
        0.0,
        0.0,
        0.0,
        0.0,
        0.0,
        0.0,
        3.4784133192015605,
        0.0,
        0.0,
        2.132962574713032,
        0.0,
        0.0,
        0.0,
        0.0,
        0.0,
        0.0,
        0.0,
        0.0,
        0.0,
        2.9446296633304314,
        1.1512749029332647,
        0.0,
        7.398871484804237
    ],
    "x_lj_mccormick": [
        2.0,
        4.398871484804237,
        0.0,
        1.0,
        0.4437594306595854,
        0.9428996077841532,
        0.0,
        0.0,
        1.8458222442261558,
        0.41715176484509,
        0.7370259909287544,
        1.5501463877375021,
        1.0,
        0.44985361226249787,
        1.8436520219614956,
        0.0,
        0.0,
        0.0,
        0.44985361226249787,
        0.7064943657760065,
        0.0,
        2.0,
        0.9075351029772996,
        0.0,
        0.20916116089766684,
        0.0,
        4.494664135119414,
        3.5053358648805863,
        0.0,
        0.0,
        2.0,
        0.9774710348494984,
        0.0,
        2.0,
        6.0,
        0.0,
        2.0,
        1.0,
        0.0,
        0.0,
        1.1806427172941372,
        2.4946641351194137,
        0.0,
        0.9052541741179012,
        3.9000419870803738,
        1.1512749029332647,
        2.0,
        0.0,
        0.0,
        1.0,
        1.2629740090712456,
        1.0418515325011821,
        0.0
    ],
    "q_mccormick": [
        0.0,
        0.7781202846702073,
        0.0,
        0.7348203697262157,
        0.4526270870589506,
        0.2218797153297927,
        0.0,
        0.0,
        0.0,
        0.26517963027378455,
        0.0,
        1.0,
        0.0,
        0.0,
        0.375,
        0.0,
        0.0,
        0.07817398901925221,
        0.8631567717647377,
        0.0,
        0.4096786413529314,
        0.0,
        1.0,
        0.3456981867843772,
        0.2569212920836961,
        0.0,
        0.1368432282352622,
        0.0,
        0.9218260109807478,
        1.0,
        0.8263580779164696,
        0.0,
        0.0,
        0.0,
        0.0,
        0.0,
        0.0,
        0.0,
        0.17364192208353035,
        0.0,
        0.0,
        0.0,
        1.0,
        0.0,
        0.0,
        0.6543018132156229,
        0.0,
        1.0,
        0.0,
        0.0,
        0.0,
        0.0,
        0.0,
        0.0,
        0.5903213586470686,
        0.0,
        0.0,
        0.35549376245217196,
        0.0,
        0.0,
        0.0,
        0.0,
        0.0,
        0.0,
        0.0,
        0.0,
        0.0,
        0.3680787079163039,
        0.19187915048887746,
        0.0,
        1.0
    ],