{
    "x_ij_mccormick": [
        0.0,
        0.0,
        0.0,
        0.0,
        0.24289736814030638,
        0.0,
        1.4034732531786192,
        0.0,
        0.0,
        0.0,
        0.0,
        0.0,
        0.0,
        0.0,
        0.0,
        0.0,
        0.0,
        0.0,
        0.22598740401123707,
        0.0,
        0.0,
        0.0,
        0.0,
        0.0,
        0.0,
        0.0,
        0.0,
        2.0,
        0.0,
        0.0,
        0.0,
        0.0,
        0.0,
        0.0,
        0.0,
        0.0,
        0.0,
        0.0,
        0.0,
        0.0,
        0.0,
        0.0,
        0.0,
        0.20700798735949344,
        0.5667891017432103,
        0.0,
        0.0,
        0.0,
        0.0,
        0.0,
        0.0,
        0.0,
        0.0,
        0.0,
        0.0,
        0.6469029728570463,
        0.0,
        1.007300442260921,
        0.1406684454265762,
        1.0485570498165833,
        0.0,
        0.0,
        0.0,
        0.0,
        6.0,
        0.0,
        0.0,
        0.0,
        0.0,
        0.7740125959887629,
        0.0,
        0.0,
        0.0,
        0.0,
        0.0,
        0.0,
        0.09827971361450727,
        0.7250093202559886,
        0.0,
        0.0,
        0.0,
        0.0,
        0.0,
        0.0,
        0.0,
        0.0,
        0.0,
        0.0,
        0.0,
        0.0,
        0.0,
        0.0,
        0.0,
        0.0,
        0.0,
        0.0,
        0.0,
        0.8242485863883379,
        0.0,
        0.07469395670315704,
        0.0,
        0.0,
        0.0,
        0.0,
        0.0,
        0.0,
        0.0,
        0.0,
        0.0,
        0.0,
        0.0,
        0.0,
        0.0,
        4.730712864895671,
        0.0,
        0.0
    ],
    "x_il_mccormick": [
        0.0,
        0.0,
        0.0,
        2.310597212536174,
        4.05563243574609,
        1.4982470332068736,
        0.0,
        0.0,
        2.4116023213065603,
        0.6230970019796995,
        0.0,
        3.0,
        0.0,
        0.0,
        3.0,
        0.0,
        0.0,
        0.0,
        7.792992012640506,
        0.0,
        0.34290058710182914,
        0.0,
        3.0,
        0.732843593027158,
        2.267156406972842,
        0.0,
        0.20700798735949366,
        0.0,
        2.3530970271429537,
        0.543580273909062,
        1.3084508384034406,
        0.0,
        0.0,
        0.0,
        0.0,
        0.0,
        0.0,
        0.0,
        1.0622250503700998,
        0.14938791340631413,
        0.0,
        0.0,
        3.0,
        0.0,
        0.0,
        2.2059352407949584,
        0.0,
        2.9004095410385213,
        0.0,
        0.0,
        0.0,
        0.0,
        0.0,
        0.0,
        3.277886677524215,
        0.0,
        0.0,
        0.0,
        0.0,
        0.0,
        0.0,
        0.0,
        0.0,
        0.09959045896147867,
        0.4078626762743547,
        0.0,
        0.0,
        0.3212412717205977,
        2.948045863383731,
        0.0,
        7.402448346374744
    ],
    "x_lj_mccormick": [
        1.7571026318596936,
        4.869427584624521,
        0.0,
        0.925306043296843,
        0.5965267468213808,
        0.9017202863854927,
        0.0,
        0.0,
        2.0,
        0.17575141361166216,
        0.7579428009042117,
        1.6469029728570463,
        1.0,
        0.3530970271429537,
        2.0,
        0.0,
        0.0,
        0.0,
        0.35309702714295366,
        0.0,
        0.0,
        2.0,
        0.9387788338221164,
        0.9514429501834167,
        0.0,
        0.0,
        4.992699557739079,
        3.007300442260921,
        0.0,
        0.0,
        1.9336063606923477,
        0.8593315545734238,
        0.2070620847342286,
        2.0,
        5.43321089825679,
        0.5667891017432105,
        2.0,
        1.0,
        0.0,
        0.0,
        1.2749906797440114,
        2.3457965848820326,
        0.0,
        1.226202910897296,
        5.0,
        0.7774753882325252,
        2.0,
        0.0,
        0.0,
        1.0,
        1.2420571990957883,
        1.0622250503700998,
        0.0663936393076523
    ],
    "q_mccormick": [
        0.0,
        0.09827971361450727,
        0.0,
        0.7701990708453915,
        0.6314942670770336,
        0.9017202863854927,
        0.0,
        0.0,
        0.30145029016332003,
        0.22980092915460854,
        0.0,
        1.0,
        0.0,
        0.0,
        0.375,
        0.0,
        0.0,
        0.0,
        0.9741240015800633,
        0.0,
        0.3625046601279943,
        0.0,
        1.0,
        0.2646882530683472,
        0.28339455087160526,
        0.0,
        0.025875998419936708,
        0.0,
        1.0,
        0.7960686618628227,
        0.8229624916049834,
        0.0,
        0.0,
        0.0,
        0.0,
        0.0,
        0.0,
        0.0,
        0.17703750839501664,
        0.07469395670315707,
        0.0,
        0.0,
        1.0,
        0.0,
        0.0,
        0.7353117469316528,
        0.0,
        0.9668031803461739,
        0.0,
        0.0,
        0.0,
        0.0,
        0.0,
        0.0,
        0.6374953398720057,
        0.0,
        0.0,
        0.0,
        0.0,
        0.0,
        0.0,
        0.0,
        0.0,
        0.03319681965382615,
        0.20393133813717734,
        0.0,
        0.0,
        0.04015515896507471,
        0.3685057329229664,
        0.0,
        0.925306043296843
    ],