{
    "x_ij_mccormick": [
        0.0,
        0.4207862178043906,
        0.0,
        0.0,
        0.49355479057704277,
        0.0,
        1.6648552172191606,
        0.0,
        0.0,
        0.0,
        0.0,
        0.0,
        0.0,
        0.0,
        0.0,
        0.0,
        0.0,
        0.0,
        0.0,
        0.0,
        0.0,
        0.0,
        0.0,
        0.0,
        0.0,
        0.0,
        0.0,
        2.0,
        0.0,
        0.0,
        0.0,
        0.0,
        0.0,
        0.0,
        0.0,
        0.0,
        0.0,
        0.0,
        0.0,
        0.0,
        0.0,
        0.0,
        0.0,
        0.8448154181848317,
        0.0,
        0.0,
        0.0,
        0.0,
        0.0,
        0.0,
        0.0,
        0.0,
        0.0,
        0.0,
        0.0,
        1.4207862178043906,
        0.0,
        0.5771735968225679,
        0.10693692457103043,
        1.5332651203484606,
        0.0,
        0.0,
        0.0,
        0.0,
        6.0,
        0.0,
        0.0,
        0.0,
        0.0,
        0.8067727005503971,
        0.0,
        0.0,
        0.0,
        0.0,
        0.0,
        0.0,
        0.0,
        0.9130912227950432,
        0.0,
        0.0,
        0.0,
        0.0,
        0.0,
        0.0,
        0.0,
        0.0,
        0.0,
        0.1171388207169608,
        0.0,
        0.40727967747438937,
        0.0,
        0.0,
        0.0,
        0.0,
        0.0,
        0.0,
        0.0,
        0.8811611864925772,
        0.0,
        0.17554598437359048,
        0.0,
        0.0,
        0.0,
        0.0,
        0.0,
        0.0,
        0.0,
        0.0,
        0.0,
        0.0,
        0.0,
        0.0,
        0.0964284360936466,
        4.794313051636879,
        0.0,
        0.0
    ],
    "x_il_mccormick": [
        0.0,
        0.0,
        0.0,
        2.405657128441971,
        3.227014519797953,
        0.6063517934542915,
        0.0,
        0.0,
        0.0,
        0.0,
        0.0,
        3.0,
        0.0,
        0.0,
        2.8487391379839053,
        0.0,
        0.0,
        0.4207862178043906,
        5.448070431916926,
        0.0,
        0.0589249951209998,
        0.7287929893265479,
        3.0,
        0.9220539416070546,
        2.0779460583929454,
        0.0,
        2.5519295680830743,
        0.0,
        1.5792137821956094,
        0.6599621791011423,
        1.1408599049591508,
        0.5150673945461087,
        0.0,
        0.0,
        0.0,
        0.0,
        0.0,
        0.0,
        1.156004409352283,
        0.35181893403631803,
        0.0,
        0.0,
        2.882861179283039,
        0.0,
        0.0,
        2.0038918226995914,
        0.0,
        2.9702738297574305,
        0.0,
        0.0,
        0.0,
        0.0,
        0.0,
        0.0,
        3.0527752887362225,
        0.0,
        0.0,
        3.3313367278775607,
        0.0,
        0.0,
        0.0,
        0.0,
        0.0,
        0.029726170242569516,
        0.0,
        0.0,
        0.0,
        3.0733148036231497,
        0.03594370864632469,
        0.0,
        6.592724263854729
    ],
    "x_lj_mccormick": [
        1.5064452094229572,
        4.614007455486249,
        0.0,
        0.824090532981841,
        0.33514478278083937,
        1.0,
        0.0,
        0.0,
        2.0,
        0.11883881350742277,
        0.8018857094806571,
        1.5792137821956094,
        0.9035715639063534,
        0.5172146538980372,
        1.5792137821956094,
        0.0,
        0.0,
        0.0,
        0.4207862178043906,
        0.0,
        0.0,
        2.0,
        0.9259457643066463,
        0.4667348796515393,
        0.19322729944960298,
        0.0,
        5.4228264031774325,
        2.5771735968225675,
        0.0,
        0.0,
        1.9801825531716204,
        0.8930630754289696,
        0.12675437139941015,
        2.0,
        6.0,
        0.0,
        1.8828611792830392,
        1.0,
        0.0,
        0.0,
        1.0869087772049568,
        2.002040185373042,
        0.022751321279223722,
        1.1551845818151683,
        4.570332483890955,
        0.8687778906157141,
        1.9772486787207764,
        0.00036348264456849096,
        0.0,
        1.0223878386346554,
        1.198114290519343,
        1.0789325769637113,
        0.019817446828379603
    ],
    "q_mccormick": [
        0.0,
        0.0,
        0.0,
        0.801885709480657,
        0.5775922909075841,
        0.2712070106734521,
        0.0,
        0.0,
        0.0,
        0.0,
        0.0,
        1.0,
        0.0,
        0.0,
        0.35609239224798805,
        0.0,
        0.0,
        0.2103931089021953,
        0.6810088039896157,
        0.0,
        0.4565456113975216,
        0.7287929893265479,
        1.0,
        0.3320360591001361,
        0.2597432572991182,
        0.0,
        0.3189911960103843,
        0.0,
        0.7896068910978047,
        1.0,
        0.8201779038393815,
        0.19811429051934298,
        0.0,
        0.0,
        0.0,
        0.0,
        0.0,
        0.0,
        0.17982209616061853,
        0.17590946701815902,
        0.0,
        0.0,
        1.0,
        0.0,
        0.0,
        0.6679639408998639,
        0.0,
        0.9900912765858102,
        0.0,
        0.0,
        0.0,
        0.0,
        0.0,
        0.0,
        0.5434543886024784,
        0.0,
        0.0,
        0.4164170909846951,
        0.0,
        0.0,
        0.0,
        0.0,
        0.0,
        0.009908723414189838,
        0.0,
        0.0,
        0.0,
        0.3841643504528937,
        0.0059906181077207825,
        0.0,
        0.824090532981841
    ],