{
    "x_ij_mccormick": [
        0.0,
        0.06631528171911305,
        0.0,
        0.0,
        0.06045977285599724,
        0.0,
        1.4749048547261818,
        0.0,
        0.0,
        0.0,
        0.0,
        0.0,
        0.0,
        0.0,
        0.0,
        0.0,
        0.0,
        0.0,
        0.0,
        0.0,
        0.0,
        0.0,
        0.0,
        0.0,
        0.032321944055971885,
        0.0,
        0.0,
        2.0,
        0.0,
        0.0,
        0.0,
        0.0,
        0.0,
        0.0,
        0.0,
        0.0,
        0.0,
        0.0,
        0.0,
        0.0,
        0.0,
        0.0,
        0.0,
        0.7326894664030987,
        0.0,
        0.0,
        0.0,
        0.0,
        0.0,
        0.0,
        0.0,
        0.0,
        0.0,
        0.0,
        0.0,
        0.4109735773148717,
        0.0,
        0.2369278900920362,
        0.07216042440676092,
        0.011624380682933921,
        0.0,
        0.0,
        0.0,
        0.0,
        6.0,
        0.0,
        1.2630721099079638,
        0.0,
        0.0,
        0.7817018708401222,
        0.0,
        0.0,
        0.0,
        0.0,
        0.0,
        0.0,
        0.0,
        0.9367531394334239,
        0.0,
        0.0,
        0.0,
        0.0,
        0.0,
        0.0,
        0.0,
        0.0,
        0.0,
        0.0,
        0.0,
        1.3580011059034842,
        0.0,
        0.0,
        0.0,
        0.0,
        0.0,
        0.0,
        0.0,
        0.8560689069039413,
        0.0,
        0.15078934658545617,
        0.0,
        0.0,
        0.0,
        0.0,
        0.0,
        0.0,
        0.0,
        0.0,
        0.0,
        0.0,
        0.0,
        0.0,
        0.09188517806277774,
        5.5084736917416945,
        0.0,
        0.0
    ],
    "x_il_mccormick": [
        0.0,
        0.5221202518991852,
        0.0,
        2.2230271088331044,
        4.710363582536078,
        1.002974893374633,
        0.0,
        0.0,
        1.3052269601054924,
        0.6619130205406547,
        0.0,
        3.0,
        0.0,
        0.0,
        3.0,
        0.0,
        0.0,
        0.19894584515733893,
        5.0,
        0.0,
        0.12371178595811894,
        0.0,
        3.0,
        0.7586080126967552,
        2.2413919873032446,
        0.0,
        3.0,
        0.0,
        2.5890264226851283,
        1.4642426658348753,
        1.2266690196663277,
        0.0,
        0.0,
        0.0,
        0.0,
        0.0,
        0.0,
        0.0,
        0.49152630825830546,
        0.30157869317091246,
        0.0,
        0.0,
        3.0,
        0.0,
        0.0,
        2.180762007669614,
        0.0,
        2.927839575593239,
        0.0,
        0.0,
        0.0,
        0.0,
        0.0,
        0.0,
        3.0285614972935857,
        0.0,
        0.0,
        0.0,
        0.0,
        0.0,
        0.0,
        0.0,
        0.0,
        0.0,
        0.7424310826420686,
        0.0,
        0.0,
        1.4533810525912632,
        0.9462600776042649,
        0.0,
        6.793685227316351
    ],
    "x_lj_mccormick": [
        1.9395402271440028,
        4.306513039928716,
        0.0,
        0.8492106534145438,
        0.5250951452738182,
        1.0,
        0.0,
        0.0,
        1.9676780559440281,
        0.1439310930960587,
        0.7733309803336723,
        1.344658295595759,
        0.9081148219372223,
        0.747226882467019,
        1.933684718280887,
        0.0,
        0.0,
        0.0,
        0.6553417044042411,
        0.19894584515733893,
        0.0,
        2.0,
        0.9393700203663691,
        1.988375619317066,
        0.21829812915987773,
        0.0,
        4.5,
        3.5,
        0.0,
        0.0,
        2.0,
        0.927839575593239,
        0.0,
        2.0,
        6.0,
        0.0,
        2.0,
        1.0,
        0.0,
        0.0,
        1.0632468605665761,
        2.0890264226851283,
        0.0,
        1.2673105335969013,
        3.443053048939177,
        0.9462600776042649,
        2.0,
        0.0,
        0.0,
        1.0,
        1.2266690196663277,
        0.49152630825830546,
        0.0
    ],
    "q_mccormick": [
        0.0,
        0.5221202518991852,
        0.0,
        0.7410090362777016,
        0.8422899870659558,
        0.4778797481008148,
        0.0,
        0.0,
        0.16315337001318655,
        0.25899096372229835,
        0.0,
        1.0,
        0.0,
        0.0,
        0.375,
        0.0,
        0.0,
        0.033157640859556525,
        0.625,
        0.0,
        0.46837656971671193,
        0.0,
        1.0,
        0.27307933077679536,
        0.2801739984129056,
        0.0,
        0.375,
        0.0,
        0.9668423591404435,
        0.6287844586789657,
        0.9180789486236157,
        0.0,
        0.0,
        0.0,
        0.0,
        0.0,
        0.0,
        0.0,
        0.08192105137638424,
        0.15078934658545623,
        0.0,
        0.0,
        1.0,
        0.0,
        0.0,
        0.7269206692232046,
        0.0,
        1.0,
        0.0,
        0.0,
        0.0,
        0.0,
        0.0,
        0.0,
        0.5316234302832881,
        0.0,
        0.0,
        0.0,
        0.0,
        0.0,
        0.0,
        0.0,
        0.0,
        0.0,
        0.3712155413210343,
        0.0,
        0.0,
        0.1816726315739079,
        0.15771001293404416,
        0.0,
        0.8492106534145438
    ],