{
    "x_ij_mccormick": [
        0.0,
        0.23751596914897322,
        0.0,
        0.0,
        0.15989369988121882,
        0.0,
        1.6348590761487483,
        0.0,
        0.0,
        0.0,
        0.0,
        0.0,
        0.0,
        0.0,
        0.0,
        0.0,
        0.0,
        0.0,
        0.0,
        0.0,
        0.0,
        0.0,
        0.0,
        0.0,
        0.0,
        0.0,
        0.0,
        2.0,
        0.0,
        0.0,
        0.0,
        0.0,
        0.0,
        0.0,
        0.0,
        0.0,
        0.0,
        0.0,
        0.0,
        0.0,
        0.0,
        0.0,
        0.0,
        0.30458746663964864,
        0.5334601105036043,
        0.0,
        0.0,
        0.0,
        0.0,
        0.0,
        0.0,
        0.0,
        0.0,
        0.0,
        0.0,
        0.0,
        0.0,
        0.8057900338885542,
        0.006743279922262909,
        1.1991712103260936,
        0.0,
        0.0,
        0.0,
        0.0,
        6.0,
        0.0,
        0.0,
        0.0,
        0.0,
        0.7784210961754705,
        0.0,
        0.0,
        0.0,
        0.0,
        0.0,
        0.0,
        0.047671908151944886,
        0.4347729804093259,
        0.0,
        0.0,
        0.0,
        0.0,
        0.0,
        0.0,
        0.0,
        0.0,
        0.0,
        0.16301108981932577,
        0.0,
        0.0,
        0.0,
        0.0,
        0.0,
        0.0,
        0.0,
        0.0,
        0.0,
        0.8462073650192351,
        0.0,
        0.10429004130946817,
        0.0,
        0.0,
        0.0,
        0.0,
        0.0,
        0.0,
        0.0,
        0.0,
        0.0,
        0.0,
        0.0,
        0.0,
        0.03837466764635722,
        4.692987661659554,
        0.0,
        0.0
    ],
    "x_il_mccormick": [
        0.0,
        0.8174295380743741,
        0.0,
        2.1592513229297925,
        3.348028888084002,
        0.5000394776249327,
        0.0,
        0.0,
        1.1393085801466187,
        0.71429175302757,
        0.0,
        3.0,
        0.0,
        0.0,
        3.0,
        0.0,
        0.0,
        0.0,
        7.695412533360352,
        0.0,
        0.0,
        0.0,
        3.0,
        0.8661595579855842,
        2.133840442014416,
        0.0,
        0.3045874666396484,
        0.0,
        3.0,
        0.917421298846623,
        1.270045387342559,
        0.0,
        0.0,
        0.0,
        0.0,
        0.0,
        0.0,
        0.0,
        1.3172165100212891,
        0.2085800826189364,
        0.0,
        0.0,
        2.8369889101806742,
        0.0,
        0.0,
        2.0642592024901707,
        0.0,
        2.993256720077737,
        0.0,
        0.0,
        0.0,
        0.0,
        0.0,
        0.0,
        4.75943698570212,
        0.0,
        0.0,
        1.3578027117884148,
        0.0,
        0.0,
        0.0,
        0.0,
        0.0,
        0.0,
        0.10498639465181281,
        0.0,
        0.0,
        1.7268509778389651,
        1.5417866928551236,
        0.0,
        7.165679669524254
    ],
    "x_lj_mccormick": [
        1.8401063001187812,
        4.638443493333877,
        0.0,
        0.8957099586905318,
        0.36514092385125174,
        0.9523280918480551,
        0.0,
        0.0,
        2.0,
        0.15379263498076493,
        0.7197504409765976,
        1.4654958330510377,
        0.9616253323536428,
        0.5728788345953195,
        1.7624840308510268,
        0.0,
        0.0,
        0.0,
        0.5345041669489623,
        0.7030118022000108,
        0.0,
        2.0,
        0.9304187604757548,
        0.8008287896739064,
        0.22157890382452952,
        0.0,
        5.194209966111446,
        2.805790033888554,
        0.0,
        0.0,
        2.0,
        0.9932567200777371,
        0.0,
        2.0,
        5.466539889496396,
        0.533460110503604,
        1.8369889101806742,
        1.0,
        0.0,
        0.0,
        1.5652270195906741,
        3.194209966111446,
        0.0,
        1.1619524228567475,
        4.2969881977999895,
        0.7886776720708036,
        2.0,
        0.0,
        0.0,
        1.0,
        1.2802495590234024,
        1.3070123383404457,
        0.0
    ],
    "q_mccormick": [
        0.0,
        0.8174295380743741,
        0.0,
        0.7197504409765975,
        0.5809762114283737,
        0.18257046192562587,
        0.0,
        0.0,
        0.14241357251832742,
        0.28024955902340254,
        0.0,
        1.0,
        0.0,
        0.0,
        0.375,
        0.0,
        0.0,
        0.11875798457448661,
        0.961926566670044,
        0.0,
        0.21738649020466294,
        0.0,
        1.0,
        0.31191359916994316,
        0.266730055251802,
        0.0,
        0.03807343332995605,
        0.0,
        0.8812420154255134,
        0.3479211975110468,
        0.7821646102765923,
        0.0,
        0.5995856051630468,
        0.0,
        0.0,
        0.0,
        0.0,
        0.0,
        0.21783538972340763,
        0.1042900413094682,
        0.0,
        0.0,
        1.0,
        0.0,
        0.0,
        0.6880864008300569,
        0.0,
        1.0,
        0.0,
        0.0,
        0.0,
        0.0,
        0.0,
        0.0,
        0.7826135097953371,
        0.0,
        0.0,
        0.2263004519647358,
        0.0,
        0.0,
        0.0,
        0.0,
        0.0,
        0.0,
        0.052493197325906404,
        0.0,
        0.0,
        0.21585637222987064,
        0.19272333660689045,
        0.0,
        0.8957099586905318
    ],