{
    "x_ij_mccormick": [
        0.0,
        0.0,
        0.0,
        0.0,
        0.2576831516192857,
        0.0,
        1.4279280060407324,
        0.0,
        0.0,
        0.0,
        0.0,
        0.0,
        0.0,
        0.0,
        0.0,
        0.0,
        0.0,
        0.0,
        0.0,
        0.0,
        0.0,
        0.0,
        0.0,
        0.0,
        0.0,
        0.0,
        0.0,
        2.0,
        0.0,
        0.0,
        0.0,
        0.0,
        0.0,
        0.0,
        0.0,
        0.0,
        0.0,
        0.0,
        0.0,
        0.0,
        0.0,
        0.0,
        0.0,
        0.8872046842684158,
        0.0,
        0.0,
        0.0,
        0.0,
        0.0,
        0.0,
        0.0,
        0.0,
        0.0,
        0.0,
        0.0,
        0.2628513924569402,
        0.0,
        0.33912054987605766,
        0.10021076431239984,
        0.0,
        0.0,
        0.0,
        0.0,
        0.0,
        6.0,
        0.0,
        0.0,
        0.0,
        0.0,
        0.81549089927766,
        0.0,
        0.0,
        0.0,
        0.0,
        0.0,
        0.0,
        0.0,
        0.7927607420412035,
        0.0,
        0.0,
        0.0,
        0.0,
        0.0,
        0.0,
        0.0,
        0.0,
        0.0,
        0.08266345248154883,
        0.0,
        0.7057810069480933,
        0.0,
        0.0,
        0.0,
        0.0,
        0.0,
        0.0,
        0.0,
        0.8396107066916009,
        0.0,
        0.0,
        0.0,
        0.0,
        0.0,
        0.0,
        0.0,
        0.0,
        0.0,
        0.0,
        0.0,
        0.0,
        0.0,
        0.0,
        0.07027833632153216,
        4.6858875442674695,
        0.0,
        0.0
    ],
    "x_il_mccormick": [
        0.0,
        0.0,
        0.0,
        2.331352301463462,
        3.262337563024144,
        1.1746480143658273,
        0.0,
        0.0,
        0.4567093993622704,
        0.6061544256660912,
        0.0,
        3.0,
        0.0,
        0.0,
        3.0,
        0.0,
        0.0,
        0.0,
        6.230234999865378,
        0.0,
        0.8738855510815671,
        0.3974239795934402,
        3.0,
        0.7432831600510996,
        2.2567168399489006,
        0.0,
        1.7697650001346217,
        0.0,
        2.7371486075430598,
        1.3740395396265985,
        1.186629146184944,
        0.0,
        0.0,
        0.0,
        0.0,
        0.0,
        0.0,
        0.0,
        1.2501551114140326,
        0.3132221458102018,
        0.0,
        0.0,
        2.917336547518451,
        0.0,
        0.0,
        2.2007702559131315,
        0.0,
        3.0,
        0.0,
        0.0,
        0.0,
        0.0,
        0.0,
        0.0,
        3.8496857097645156,
        0.0,
        0.0,
        1.9436687837636206,
        0.0,
        0.0,
        0.0,
        0.0,
        0.0,
        0.0,
        0.8104695610957413,
        0.0,
        0.0,
        2.286573760688829,
        0.9572603587221693,
        0.0,
        6.747111416759193
    ],
    "x_lj_mccormick": [
        1.7423168483807143,
        4.474627787093781,
        0.0,
        0.8433889270948992,
        0.5720719939592676,
        1.0,
        0.0,
        0.0,
        2.0,
        0.16038929330839916,
        0.7771174338211542,
        1.26285139245694,
        0.9297216636784679,
        0.8074269438645921,
        2.0,
        0.0,
        0.0,
        0.0,
        0.73714860754306,
        0.0,
        0.0,
        2.0,
        0.9440534159642312,
        2.0,
        0.18450910072233992,
        0.0,
        5.660879450123942,
        2.339120549876058,
        0.0,
        0.0,
        2.0,
        0.8997892356876002,
        0.10021076431239984,
        2.0,
        6.0,
        0.0,
        1.9173365475184512,
        1.0,
        0.0,
        0.0,
        1.2072392579587965,
        3.398028057667002,
        0.11830394522028453,
        1.1127953157315842,
        4.332526120736723,
        0.7179452690416268,
        1.8816960547797155,
        0.1566110729051008,
        0.0,
        0.9616928723151837,
        1.2228825661788458,
        1.2139016914201308,
        0.0
    ],
    "q_mccormick": [
        0.0,
        0.0,
        0.0,
        0.777117433821154,
        0.5563976578657921,
        0.6025760204065598,
        0.0,
        0.0,
        0.0570886749202838,
        0.22288256617884605,
        0.0,
        1.0,
        0.0,
        0.0,
        0.375,
        0.0,
        0.0,
        0.0,
        0.7787793749831723,
        0.0,
        0.14564759184692785,
        0.3974239795934402,
        1.0,
        0.2664099146956228,
        0.2820896049936126,
        0.0,
        0.2212206250168277,
        0.0,
        1.0,
        0.5947652194521293,
        0.7976830514299782,
        0.0,
        0.0,
        0.0,
        0.0,
        0.0,
        0.0,
        0.0,
        0.2023169485700218,
        0.1566110729051009,
        0.0,
        0.0,
        1.0,
        0.0,
        0.0,
        0.7335900853043772,
        0.0,
        1.0,
        0.0,
        0.0,
        0.0,
        0.0,
        0.0,
        0.0,
        0.8543524081530721,
        0.0,
        0.0,
        0.32394479729393677,
        0.0,
        0.0,
        0.0,
        0.0,
        0.0,
        0.0,
        0.40523478054787065,
        0.0,
        0.0,
        0.2858217200861036,
        0.11965754484027114,
        0.0,
        0.8433889270948991
    ],