{
    "x_ij_mccormick": [
        0.0,
        0.4588591032786633,
        0.0,
        0.0,
        0.5777141699134494,
        0.0,
        1.56839342953711,
        0.0,
        0.0,
        0.0,
        0.0,
        0.0,
        0.0,
        0.0,
        0.0,
        0.0,
        0.0,
        0.0,
        0.24407043926225425,
        0.0,
        0.0,
        0.0,
        0.0,
        0.0,
        0.0,
        0.0,
        0.0,
        2.0,
        0.0,
        0.0,
        0.0,
        0.0,
        0.0,
        0.0,
        0.0,
        0.0,
        0.0,
        0.0,
        0.0,
        0.0,
        0.0,
        0.0,
        0.0,
        0.8381832123114017,
        0.0,
        0.0,
        0.0,
        0.0,
        0.0,
        0.0,
        0.0,
        0.0,
        0.0,
        0.0,
        0.0,
        0.0,
        0.0,
        1.0428868377111886,
        0.0,
        1.5236042295124312,
        0.0,
        0.0,
        0.0,
        0.0,
        6.0,
        0.0,
        0.0,
        0.0,
        0.0,
        0.7559295607377458,
        0.0,
        0.0,
        0.0,
        0.0,
        0.0,
        0.0,
        0.0,
        0.8420696768900198,
        0.0,
        0.0,
        0.0,
        0.0,
        0.0,
        0.0,
        0.0,
        0.0,
        0.0,
        0.0054544125794349085,
        0.0,
        0.0,
        0.0,
        0.0,
        0.0,
        0.0,
        0.0,
        0.0,
        0.0,
        0.6162508021145074,
        0.0,
        0.174156460176207,
        0.0,
        0.0,
        0.0,
        0.0,
        0.0,
        0.0,
        0.0,
        0.0,
        0.0,
        0.0,
        0.0,
        0.0,
        0.1055365823095159,
        5.5948534550126965,
        0.0,
        0.0
    ],
    "x_il_mccormick": [
        0.0,
        0.017582983904205096,
        0.0,
        2.1989751834168234,
        4.082636149269984,
        1.414023586558685,
        0.0,
        0.0,
        1.1230775125653798,
        0.7040566226674265,
        0.0,
        3.0,
        0.0,
        0.0,
        3.0,
        0.0,
        0.0,
        1.1562523987606452,
        5.0,
        0.0,
        0.2675907108051616,
        0.0,
        3.0,
        0.771086790205792,
        2.228913209794208,
        0.0,
        3.0,
        0.0,
        3.0,
        0.47639577048756876,
        1.4807173918012426,
        0.0,
        0.0,
        0.0,
        0.0,
        0.0,
        0.0,
        0.0,
        0.4051465449873035,
        0.348312920352414,
        0.0,
        0.0,
        2.994545587420565,
        0.0,
        0.0,
        2.1600935882266015,
        0.0,
        2.925530774255427,
        0.0,
        0.0,
        0.0,
        0.0,
        0.0,
        0.0,
        3.9219220003382027,
        0.0,
        0.0,
        0.0,
        0.0,
        0.0,
        0.0,
        0.0,
        0.0,
        0.0,
        0.0,
        0.0,
        0.0,
        1.648009277640412,
        0.6516006850373762,
        0.0,
        6.606748318590343
    ],
    "x_lj_mccormick": [
        1.4222858300865506,
        4.706931869032414,
        0.0,
        0.825843539823793,
        0.43160657046288997,
        1.0,
        0.0,
        0.0,
        2.0,
        0.38374919788549255,
        0.5192826081987574,
        1.4640691363793064,
        0.8944634176904841,
        0.6414674459302098,
        1.5411408967213367,
        0.0,
        0.0,
        0.0,
        0.5359308636206936,
        2.079180638418615,
        0.0,
        2.0,
        0.9311803784323933,
        0.47639577048756876,
        0.0,
        0.0,
        4.957113162288811,
        2.9684176119666157,
        0.0,
        0.07446922574457276,
        2.0,
        0.9255307742554273,
        0.0,
        2.0,
        6.0,
        0.0,
        1.994545587420565,
        1.0,
        0.0,
        0.0,
        1.1579303231099802,
        3.0315823880333843,
        0.0,
        1.1618167876885983,
        2.920819361581385,
        0.6516006850373762,
        2.0,
        0.0,
        0.0,
        1.0,
        1.4807173918012426,
        0.4051465449873035,
        0.0
    ],
    "q_mccormick": [
        0.0,
        0.017582983904205096,
        0.0,
        0.7329917278056078,
        0.8913998858271039,
        0.9824170160957949,
        0.0,
        0.0,
        0.14038468907067247,
        0.26700827219439216,
        0.0,
        0.9999999999999999,
        0.0,
        0.0,
        0.375,
        0.0,
        0.0,
        0.22942955163933165,
        0.6250000000000017,
        0.0,
        0.4210348384450099,
        0.0,
        1.0,
        0.2799688039244662,
        0.278614151224276,
        0.0,
        0.37499999999999833,
        0.0,
        0.7705704483606683,
        1.0,
        0.9324755758354494,
        0.0,
        0.0,
        0.0,
        0.0,
        0.0,
        0.0,
        0.0,
        0.06752442416455058,
        0.174156460176207,
        0.0,
        0.0,
        1.0,
        0.0,
        0.0,
        0.7200311960755338,
        0.0,
        1.0,
        0.0,
        0.0,
        0.0,
        0.0,
        0.0,
        0.0,
        0.5789651615549901,
        0.0,
        0.0,
        0.0,
        0.0,
        0.0,
        0.0,
        0.0,
        0.0,
        0.0,
        0.0,
        0.0,
        0.0,
        0.2060011597050515,
        0.10860011417289604,
        0.0,
        0.825843539823793
    ],