{
    "x_ij_mccormick": [
        0.0,
        0.0005846083397949009,
        0.30677059968312276,
        0.0,
        0.0,
        0.0,
        1.4473982793636209,
        0.0,
        0.0,
        0.0,
        0.0,
        0.0,
        0.0,
        0.0,
        0.0,
        0.0,
        0.0,
        0.0,
        0.0,
        0.0,
        0.0,
        0.0,
        0.0,
        0.0,
        0.0,
        0.0,
        0.0,
        2.0,
        0.0,
        0.0,
        0.0,
        0.0,
        0.0,
        0.0,
        0.0,
        0.0,
        0.0,
        0.0,
        0.0,
        0.0,
        0.0,
        0.0,
        0.0,
        0.9603284658060662,
        0.0,
        0.0,
        0.0,
        0.0,
        0.0,
        0.0,
        0.0,
        0.0,
        0.0,
        0.0,
        0.0,
        0.4009610989283745,
        0.0,
        0.7198500198897184,
        0.1437764608960317,
        1.948935674914331,
        0.0,
        0.0,
        0.0,
        0.0,
        6.0,
        0.0,
        0.0,
        0.0,
        0.0,
        0.777081440708537,
        0.0,
        0.0,
        0.0,
        0.0,
        0.0,
        0.0,
        0.1663606945074143,
        0.8091537462792244,
        0.0,
        0.0,
        0.0,
        0.0,
        0.0,
        0.0,
        0.0,
        0.0,
        0.0,
        0.16135234211554228,
        0.0,
        0.0,
        0.0,
        0.0,
        0.0,
        0.0,
        0.0,
        0.0,
        0.0,
        0.8050329384054711,
        0.0,
        0.05218001247916848,
        0.0,
        0.0,
        0.0,
        0.0,
        0.0,
        0.0,
        0.0,
        0.0,
        0.0,
        0.0,
        0.0,
        0.0,
        0.04891685236000978,
        5.582208793574658,
        0.0,
        0.0
    ],
    "x_il_mccormick": [
        0.0,
        0.0,
        0.0,
        2.350208954177893,
        2.419566074437766,
        0.6625418864471545,
        0.0,
        0.0,
        0.3237211612349441,
        0.0,
        0.0,
        3.0,
        0.0,
        0.0,
        3.0,
        0.0,
        0.0,
        0.0,
        7.039671534193934,
        0.0,
        0.4181531398295557,
        0.7236991396818104,
        3.0,
        0.6925955153002773,
        2.3074044846997226,
        0.0,
        0.9603284658060667,
        0.0,
        2.5990389010716255,
        0.22291855929146298,
        1.3195069938533,
        0.5939479660694875,
        0.0,
        0.0,
        0.0,
        0.0,
        0.0,
        0.0,
        0.20531789302315873,
        0.10436002495833696,
        0.0,
        0.0,
        2.838647657884458,
        0.0,
        0.0,
        2.252264503534431,
        0.0,
        2.896954721240772,
        0.0,
        0.0,
        0.0,
        0.0,
        0.0,
        0.0,
        3.651881995073127,
        0.0,
        0.0,
        5.068396261956757,
        0.0,
        0.0,
        0.0,
        0.0,
        0.0,
        0.10304527875922753,
        0.05106432508566906,
        0.0,
        0.0,
        2.3688743540653325,
        0.0,
        0.0,
        6.439858198907353
    ],
    "x_lj_mccormick": [
        2.0,
        3.596398236344859,
        0.0,
        0.9478199875208315,
        0.5526017206363792,
        0.8336393054925857,
        0.0,
        0.0,
        2.0,
        0.1949670615945289,
        0.7491898586528518,
        1.4003764905885796,
        0.9510831476399902,
        0.6485403617714302,
        1.999415391660205,
        0.0,
        0.0,
        0.0,
        0.5996235094114204,
        0.0,
        0.0,
        2.0,
        0.9448600188347085,
        0.05106432508566906,
        0.22291855929146295,
        0.0,
        5.280149980110282,
        2.7198500198897184,
        0.0,
        0.0,
        1.9313031474938482,
        0.8562235391039683,
        0.21247331340218323,
        2.0,
        6.0,
        0.0,
        1.8386476578844577,
        1.0,
        0.0,
        0.0,
        1.1908462537207756,
        2.879188881181907,
        0.0,
        0.7329009345108111,
        5.0,
        1.755061401883711,
        2.0,
        0.0,
        0.0,
        1.0,
        1.2508101413471482,
        0.20531789302315873,
        0.06869685250615176
    ],
    "q_mccormick": [
        0.0,
        0.0,
        0.0,
        0.7834029847259644,
        0.3664504672554054,
        0.2763008603181896,
        0.0,
        0.0,
        0.040465145154368,
        0.0,
        0.0,
        0.9999999999999999,
        0.0,
        0.0,
        0.375,
        0.0,
        0.0,
        0.00029230416989745045,
        0.8799589417742417,
        0.0,
        0.4045768731396122,
        0.7236991396818104,
        1.0,
        0.24924516548852294,
        0.28842556058746527,
        0.0,
        0.12004105822575828,
        0.0,
        0.9997076958301025,
        0.9744678374571655,
        0.9657803511628069,
        0.21659701527403555,
        0.0,
        0.0,
        0.0,
        0.0,
        0.0,
        0.0,
        0.03421964883719312,
        0.05218001247916848,
        0.0,
        0.0,
        1.0,
        0.0,
        0.0,
        0.7507548345114771,
        0.0,
        0.9656515737469241,
        0.0,
        0.0,
        0.0,
        0.0,
        0.0,
        0.0,
        0.5954231268603878,
        0.0,
        0.0,
        0.6335495327445946,
        0.0,
        0.0,
        0.0,
        0.0,
        0.0,
        0.034348426253075846,
        0.02553216254283453,
        0.0,
        0.0,
        0.2961092942581667,
        0.0,
        0.0,
        0.9478199875208315
    ],