{
    "x_ij_mccormick": [
        0.0,
        0.5505805753644075,
        0.0,
        0.0,
        0.0,
        0.0,
        1.5727623365418544,
        0.0,
        0.0,
        0.0,
        0.0,
        0.0,
        0.0,
        0.0,
        0.0,
        0.0,
        0.0,
        0.0,
        0.316173383676709,
        0.0,
        0.0,
        0.0,
        0.0,
        0.0,
        0.13730366197939659,
        0.0,
        0.0,
        2.0,
        0.0,
        0.0,
        0.0,
        0.0,
        0.0,
        0.0,
        0.0,
        0.0,
        0.0,
        0.0,
        0.0,
        0.0,
        0.0,
        0.0,
        0.0,
        0.8594145513211338,
        0.0,
        0.0,
        0.0,
        0.0,
        0.0,
        0.0,
        0.0,
        0.0,
        0.0,
        0.0,
        0.0,
        0.0,
        0.0,
        1.3677984927101503,
        0.0,
        2.0,
        0.0,
        0.0,
        0.0,
        0.0,
        6.0,
        0.0,
        0.0,
        0.0,
        0.0,
        0.683826616323291,
        0.0,
        0.0,
        0.0,
        0.0,
        0.0,
        0.0,
        0.0,
        0.9606739463723106,
        0.0,
        0.0,
        0.0,
        0.0,
        0.0,
        0.0,
        0.0,
        0.0,
        0.0,
        0.0,
        0.0,
        0.8086251236575605,
        0.0,
        0.0,
        0.0,
        0.0,
        0.0,
        0.0,
        0.0,
        0.2669727364891774,
        0.0,
        0.0,
        0.0,
        0.0,
        0.0,
        0.0,
        0.0,
        0.0,
        0.0,
        0.0,
        0.0,
        0.0,
        0.0,
        0.0,
        0.03730326322123534,
        5.024898601974999,
        0.0,
        0.0
    ],
    "x_il_mccormick": [
        0.0,
        0.6563726481438759,
        0.0,
        2.1790217651708605,
        4.202316091651867,
        0.7708650153142699,
        0.0,
        0.0,
        1.0560739755216786,
        0.8209782348291392,
        0.0,
        3.0,
        0.0,
        0.0,
        3.0,
        0.0,
        0.0,
        0.0,
        5.0,
        0.0,
        0.43987400547250566,
        0.0,
        3.0,
        0.7604943530568761,
        2.239505646943124,
        0.0,
        3.0,
        0.0,
        3.0,
        0.0,
        1.6322015072898497,
        0.0,
        0.0,
        0.0,
        0.0,
        0.0,
        0.0,
        0.0,
        0.7847509868028446,
        0.0,
        0.0,
        0.0,
        3.0,
        0.0,
        0.0,
        2.172978010711864,
        0.0,
        2.9452831413623644,
        0.0,
        0.0,
        0.0,
        0.0,
        0.0,
        0.0,
        3.385526060908766,
        0.0,
        0.0,
        0.0,
        0.0,
        0.0,
        0.0,
        0.0,
        0.0,
        0.054716858637635646,
        0.0,
        0.0,
        0.0,
        1.7044203775351978,
        1.233377757268568,
        0.0,
        7.308382637515227
    ],
    "x_lj_mccormick": [
        2.0,
        4.308382637515227,
        0.0,
        1.0,
        0.42723766345814573,
        1.0,
        0.0,
        0.0,
        1.8626963380206034,
        0.7330272635108226,
        0.40427639846857405,
        1.5790636580050306,
        0.9626967367787647,
        0.458239605216205,
        1.4494194246355925,
        0.0,
        0.0,
        0.0,
        0.42093634199496943,
        1.129644233369438,
        0.0,
        2.0,
        0.9334723637687401,
        0.0,
        0.0,
        0.0,
        4.6322015072898495,
        3.2139259872464176,
        0.0,
        0.15387250546373243,
        1.9635220942415763,
        0.8461274945362676,
        0.19035041122215612,
        2.0,
        6.0,
        0.0,
        2.0,
        1.0,
        0.0,
        0.0,
        1.0393260536276894,
        2.7860740127535824,
        0.0,
        1.1405854486788662,
        3.061730642973001,
        1.233377757268568,
        2.0,
        0.0,
        0.0,
        1.0,
        1.595723601531426,
        0.7847509868028446,
        0.03647790575842375
    ],
    "q_mccormick": [
        0.0,
        0.6563726481438759,
        0.0,
        0.7263405883902869,
        0.7944370404552387,
        0.34362735185612414,
        0.0,
        0.0,
        0.13200924694020982,
        0.273659411609713,
        0.0,
        1.0,
        0.0,
        0.0,
        0.375,
        0.0,
        0.0,
        0.27529028768220376,
        0.625,
        0.0,
        0.4803369731861553,
        0.0,
        1.0,
        0.2756739964293787,
        0.2799382058678905,
        0.0,
        0.375,
        0.0,
        0.7247097123177962,
        0.0,
        0.8692081688661926,
        0.0,
        0.0,
        0.0,
        0.0,
        0.0,
        0.0,
        0.0,
        0.13079183113380743,
        0.0,
        0.0,
        0.0,
        1.0,
        0.0,
        0.0,
        0.7243260035706214,
        0.0,
        0.9817610471207882,
        0.0,
        0.0,
        0.0,
        0.0,
        0.0,
        0.0,
        0.5196630268138447,
        0.0,
        0.0,
        0.0,
        0.0,
        0.0,
        0.0,
        0.0,
        0.0,
        0.018238952879211845,
        1.0,
        0.0,
        0.0,
        0.21305254719189973,
        0.20556295954476134,
        0.0,
        1.0
    ],