{
    "x_ij_mccormick": [
        0.0,
        0.4967563391001768,
        0.0,
        0.0,
        0.03522255899020976,
        0.0,
        1.3224741338706656,
        0.0,
        0.0,
        0.0,
        0.0,
        0.0,
        0.0,
        0.0,
        0.0,
        0.0,
        0.0,
        0.0,
        0.23446511256315228,
        0.0,
        0.0,
        0.0,
        0.0,
        0.0,
        0.0,
        0.0,
        0.0,
        2.0,
        0.0,
        0.0,
        0.0,
        0.0,
        0.0,
        0.0,
        0.0,
        0.0,
        0.0,
        0.0,
        0.0,
        0.0,
        0.0,
        0.0,
        0.0,
        0.2180366583591855,
        0.5642805488514302,
        0.0,
        0.0,
        0.0,
        0.0,
        0.0,
        0.0,
        0.0,
        0.0,
        0.0,
        0.0,
        0.0,
        0.0,
        1.2950885472577305,
        0.15430002243473195,
        1.9296966464174508,
        0.0,
        0.0,
        0.0,
        0.0,
        6.0,
        0.0,
        0.0,
        0.0,
        0.0,
        0.7655348874368477,
        0.0,
        0.0,
        0.0,
        0.0,
        0.0,
        0.0,
        0.0,
        0.7662162719135992,
        0.0,
        0.0,
        0.0,
        0.0,
        0.0,
        0.0,
        0.0,
        0.0,
        0.0,
        0.0,
        0.0,
        0.0,
        0.0,
        0.0,
        0.0,
        0.0,
        0.0,
        0.0,
        0.0,
        0.5375737336877606,
        0.0,
        0.07966013311201825,
        0.0,
        0.0,
        0.0,
        0.0,
        0.0,
        0.0,
        0.0,
        0.0,
        0.0,
        0.0,
        0.0,
        0.0,
        0.0,
        4.904586543085105,
        0.0,
        0.0
    ],
    "x_il_mccormick": [
        0.0,
        0.505978430660011,
        0.0,
        2.1766964018529986,
        3.29568235559078,
        1.1715474354693234,
        0.0,
        0.0,
        0.36211519825330407,
        0.7541327335186853,
        0.0,
        3.0,
        0.0,
        0.0,
        3.0,
        0.0,
        0.0,
        0.0,
        7.7819633416408145,
        0.0,
        0.7973811117292895,
        0.0,
        3.0,
        0.7428778045942797,
        2.2571221954057203,
        0.0,
        0.2180366583591855,
        0.0,
        3.0,
        0.0,
        1.550611430307537,
        0.0,
        0.0,
        0.0,
        0.0,
        0.0,
        0.0,
        0.0,
        0.9220991351131815,
        0.1593202662240365,
        0.0,
        0.0,
        3.0,
        0.0,
        0.0,
        2.1977495850089706,
        0.0,
        2.9714785509495276,
        0.0,
        0.0,
        0.0,
        0.0,
        0.0,
        0.0,
        3.141314069099381,
        0.0,
        0.0,
        2.0736713540943903,
        0.0,
        0.0,
        0.0,
        0.0,
        0.0,
        0.02852144905047238,
        0.07030335358254924,
        0.0,
        0.0,
        2.380762606340976,
        0.7146508505739185,
        0.0,
        7.362718935103854
    ],
    "x_lj_mccormick": [
        1.9647774410097902,
        4.636921893430118,
        0.0,
        0.9203398668879818,
        0.6775258661293344,
        1.0,
        0.0,
        0.0,
        2.0,
        0.4624262663122394,
        0.4684028690594446,
        1.7929433270404977,
        1.0,
        0.20705667295950225,
        1.5032436608998232,
        0.0,
        0.0,
        0.0,
        0.20705667295950225,
        1.2896996661406745,
        0.0,
        2.0,
        0.9406273896032504,
        0.07030335358254924,
        0.0,
        0.0,
        4.7049114527422695,
        3.2950885472577305,
        0.0,
        0.0,
        1.9809857006330185,
        0.845699977565268,
        0.17331432180171347,
        2.0,
        5.43571945114857,
        0.5642805488514301,
        2.0,
        1.0,
        0.0,
        0.0,
        1.2337837280864008,
        2.7049114527422695,
        0.0,
        1.2176827927893843,
        3.7103003338593252,
        1.1560214336103796,
        2.0,
        0.0,
        0.0,
        1.0,
        1.5315971309405554,
        0.9220991351131815,
        0.019014299366981513
    ],
    "q_mccormick": [
        0.0,
        0.505978430660011,
        0.0,
        0.7255654672843328,
        0.6088413963946921,
        0.4940215693399889,
        0.0,
        0.0,
        0.04526439978166302,
        0.2744345327156672,
        0.0,
        1.0,
        0.0,
        0.0,
        0.375,
        0.0,
        0.0,
        0.2483781695500884,
        0.9727454177051018,
        0.0,
        0.3831081359567996,
        0.0,
        1.0,
        0.26741680499700976,
        0.28214027442571504,
        0.0,
        0.02725458229489819,
        0.0,
        0.7516218304499116,
        0.9648483232087254,
        0.8463168108144697,
        0.0,
        0.0,
        0.0,
        0.0,
        0.0,
        0.0,
        0.0,
        0.15368318918553026,
        0.07966013311201825,
        0.0,
        0.0,
        1.0,
        0.0,
        0.0,
        0.7325831950029902,
        0.0,
        0.9904928503165092,
        0.0,
        0.0,
        0.0,
        0.0,
        0.0,
        0.0,
        0.6168918640432004,
        0.0,
        0.0,
        0.2720501285096549,
        0.0,
        0.0,
        0.0,
        0.0,
        0.0,
        0.009507149683490793,
        0.03515167679127462,
        0.0,
        0.0,
        0.297595325792622,
        0.11910847509565309,
        0.0,
        0.9203398668879818
    ],