{
    "x_ij_mccormick": [
        0.0,
        0.0,
        0.0,
        0.0,
        0.0,
        0.0,
        1.5452588975011532,
        0.0,
        0.0,
        0.0,
        0.0,
        0.0,
        0.0,
        0.0,
        0.0,
        0.0,
        0.0,
        0.0,
        0.3126585346276831,
        0.0,
        0.0,
        0.0,
        0.0,
        0.0,
        0.10323986787631378,
        0.0,
        0.0,
        2.0,
        0.0,
        0.0,
        0.0,
        0.0,
        0.0,
        0.0,
        0.0,
        0.0,
        0.0,
        0.0,
        0.0,
        0.0,
        0.0,
        0.0,
        0.0,
        0.9514192494918114,
        0.0,
        0.0,
        0.0,
        0.0,
        0.0,
        0.0,
        0.0,
        0.0,
        0.0,
        0.0,
        0.0,
        0.7526901553599208,
        0.0,
        1.3425097704090705,
        0.030784557715188995,
        2.0,
        0.0,
        0.0,
        0.0,
        0.0,
        6.0,
        0.0,
        0.0,
        0.0,
        0.0,
        0.6873414653723169,
        0.0,
        0.0,
        0.0,
        0.0,
        0.0,
        0.0,
        0.0,
        0.9099577831553678,
        0.0,
        0.0,
        0.0,
        0.0,
        0.0,
        0.0,
        0.0,
        0.0,
        0.0,
        0.0002671960160323117,
        0.0,
        1.617192364511038,
        0.0,
        0.0,
        0.0,
        0.0,
        0.0,
        0.0,
        0.0,
        0.270054460247946,
        0.0,
        0.10011459043817739,
        0.0,
        0.0,
        0.0,
        0.0,
        0.0,
        0.0,
        0.0,
        0.0,
        0.0,
        0.0,
        0.0,
        0.0,
        0.0,
        5.797974483588532,
        0.0,
        0.0
    ],
    "x_il_mccormick": [
        0.0,
        0.39095889194427447,
        0.0,
        2.1495744260021805,
        4.431388385997151,
        1.0637822105545724,
        0.0,
        0.0,
        1.5095163922644874,
        0.8504255739978197,
        0.0,
        3.0,
        0.0,
        0.0,
        3.0,
        0.0,
        0.0,
        0.0,
        7.048580750508188,
        0.0,
        0.3980378125434427,
        0.0,
        3.0,
        0.7107643787181019,
        2.289235621281898,
        0.0,
        0.9514192494918112,
        0.0,
        2.247309844640079,
        0.0,
        1.6267056718757402,
        0.0,
        0.0,
        0.0,
        0.0,
        0.0,
        0.0,
        0.0,
        0.20202551641146815,
        0.20022918087635477,
        0.0,
        0.0,
        2.9997328039839677,
        0.0,
        0.0,
        2.2199397184323297,
        0.0,
        2.969215442284811,
        0.0,
        0.0,
        0.0,
        0.0,
        0.0,
        0.0,
        2.5968044785321984,
        0.0,
        0.0,
        0.2524855775929542,
        0.0,
        0.0,
        0.0,
        0.0,
        0.0,
        0.0,
        0.0,
        0.0,
        0.0,
        1.2012479864536145,
        1.0007775299578536,
        0.0,
        7.199083276494581
    ],
    "x_lj_mccormick": [
        2.0,
        4.499427047809113,
        0.0,
        0.8998854095618226,
        0.45474110249884686,
        1.0,
        0.0,
        0.0,
        1.8967601321236862,
        0.729945539752054,
        0.37329432812425983,
        1.7526901553599206,
        1.0,
        0.24730984464007943,
        2.0,
        0.0,
        0.0,
        0.0,
        0.24730984464007943,
        0.0,
        0.0,
        2.0,
        0.9307040971504316,
        0.0,
        0.0,
        0.0,
        4.6574902295909295,
        3.3425097704090705,
        0.0,
        0.0,
        2.0,
        0.969215442284811,
        0.0,
        2.0,
        6.0,
        0.0,
        1.9997328039839677,
        1.0,
        0.0,
        0.0,
        1.0900422168446322,
        1.9048000742310087,
        0.0,
        1.0485807505081886,
        3.382807635488962,
        1.2532631075508078,
        2.0,
        0.0,
        0.0,
        1.0,
        1.6267056718757402,
        0.20202551641146815,
        0.0
    ],
    "q_mccormick": [
        0.0,
        0.39095889194427447,
        0.0,
        0.7165248086673934,
        0.7911228154081987,
        0.6090411080557255,
        0.0,
        0.0,
        0.18868954903306093,
        0.28347519133260657,
        0.0,
        1.0,
        0.0,
        0.0,
        0.375,
        0.0,
        0.0,
        0.0,
        0.8810725938135237,
        0.0,
        0.4549788915776839,
        0.0,
        1.0,
        0.26002009385589014,
        0.28615445266023726,
        0.0,
        0.11892740618647635,
        0.0,
        1.0,
        1.0,
        0.9663290805980886,
        0.0,
        0.0,
        0.0,
        0.0,
        0.0,
        0.0,
        0.0,
        0.03367091940191136,
        0.10011459043817739,
        0.0,
        0.0,
        1.0,
        0.0,
        0.0,
        0.7399799061441099,
        0.0,
        1.0,
        0.0,
        0.0,
        0.0,
        0.0,
        0.0,
        0.0,
        0.5450211084223161,
        0.0,
        0.0,
        0.04208092959882567,
        0.0,
        0.0,
        0.0,
        0.0,
        0.0,
        0.0,
        0.0,
        0.0,
        0.0,
        0.15015599830670182,
        0.1667962549929756,
        0.0,
        0.8998854095618226
    ],