{
    "x_ij_mccormick": [
        0.0,
        0.0,
        0.0,
        0.0,
        0.6255715701844498,
        0.0,
        1.7099848635212642,
        0.0,
        0.0,
        0.0,
        0.0,
        0.0,
        0.0,
        0.0,
        0.0,
        0.0,
        0.0,
        0.0,
        0.24489173618063997,
        0.0,
        0.0,
        0.0,
        0.0,
        0.0,
        0.0,
        0.0,
        0.0,
        2.0,
        0.0,
        0.0,
        0.0,
        0.0,
        0.0,
        0.0,
        0.0,
        0.0,
        0.0,
        0.0,
        0.0,
        0.0,
        0.0,
        0.0,
        0.0,
        0.7931349949749955,
        0.0,
        0.0,
        0.0,
        0.0,
        0.0,
        0.0,
        0.0,
        0.0,
        0.0,
        0.0,
        0.0,
        0.34361133032503766,
        0.0,
        0.5918889177253628,
        0.0,
        1.8965620584807958,
        0.0,
        0.0,
        0.0,
        0.0,
        6.0,
        0.0,
        0.0,
        0.0,
        0.0,
        0.75510826381936,
        0.0,
        0.0,
        0.0,
        0.0,
        0.0,
        0.0,
        0.0,
        0.6544815184240274,
        0.0,
        0.0,
        0.0,
        0.0,
        0.0,
        0.0,
        0.0,
        0.0,
        0.0,
        0.0,
        0.0,
        0.0,
        0.0,
        0.0,
        0.0,
        0.0,
        0.0,
        0.0,
        0.0,
        0.5512247159563327,
        0.0,
        0.15069705743808803,
        0.0,
        0.0,
        0.0,
        0.0,
        0.0,
        0.0,
        0.0,
        0.0,
        0.0,
        0.0,
        0.0,
        0.0,
        0.0,
        3.63966934526325,
        0.0,
        0.0
    ],
    "x_il_mccormick": [
        0.0,
        0.13286334719730186,
        0.0,
        2.242432352379449,
        4.1267172391860925,
        1.1571517892814338,
        0.0,
        0.0,
        0.9441848432861409,
        0.6676252652783877,
        0.0,
        3.0,
        0.0,
        0.0,
        3.0,
        0.0,
        0.0,
        0.0,
        5.0,
        0.0,
        0.24915982194433361,
        0.0,
        3.0,
        0.7771393574279766,
        2.2228606425720234,
        0.0,
        3.0,
        0.0,
        2.6563886696749623,
        0.0,
        2.408111082274637,
        0.0,
        0.0,
        0.0,
        0.0,
        0.0,
        0.0,
        0.0,
        1.3838470008425099,
        0.2932952240178335,
        0.0,
        0.0,
        3.0,
        0.0,
        0.0,
        2.161282510808934,
        0.0,
        3.0,
        0.0,
        0.0,
        0.0,
        0.0,
        0.0,
        0.0,
        4.267948649586671,
        0.0,
        0.0,
        0.0,
        0.0,
        0.0,
        0.0,
        0.0,
        0.0,
        0.0,
        0.10343794151920424,
        0.0,
        0.0,
        1.8329545141418357,
        2.5273761405949142,
        0.0,
        6.826819103928664
    ],
    "x_lj_mccormick": [
        1.3744284298155502,
        4.8963829555690355,
        0.0,
        0.849302942561912,
        0.2900151364787358,
        1.0,
        0.0,
        0.0,
        2.0,
        0.4487752840436673,
        0.4612823336141698,
        1.3436113303250379,
        1.0,
        0.6563886696749621,
        2.0,
        0.0,
        0.0,
        0.0,
        0.6563886696749621,
        0.0,
        0.0,
        2.0,
        0.9384218682369107,
        0.10343794151920424,
        0.0,
        0.0,
        5.408111082274637,
        2.4847986797199297,
        0.0,
        0.10709023800543327,
        2.0,
        0.8929097619945667,
        0.10709023800543327,
        2.0,
        6.0,
        0.0,
        2.0,
        1.0,
        0.0,
        0.0,
        1.3455184815759726,
        3.1715899899550326,
        0.0,
        1.2068650050250045,
        5.0,
        0.4472283747560025,
        2.0,
        0.0,
        0.0,
        1.0,
        1.5387176663858302,
        2.253240416731317,
        0.0
    ],
    "q_mccormick": [
        0.0,
        0.13286334719730186,
        0.0,
        0.7474774507931499,
        0.6533087056935147,
        0.8671366528026981,
        0.0,
        0.0,
        0.11802310541076762,
        0.2525225492068502,
        0.0,
        1.0,
        0.0,
        0.0,
        0.375,
        0.0,
        0.0,
        0.0,
        0.625,
        0.0,
        0.3272407592120137,
        0.0,
        1.0,
        0.279572496397022,
        0.2778575803215029,
        0.0,
        0.375,
        0.0,
        1.0,
        0.0,
        0.7693588331929151,
        0.0,
        0.0,
        0.0,
        0.0,
        0.0,
        0.0,
        0.0,
        0.2306411668070849,
        0.14664761200891674,
        0.0,
        0.0,
        1.0,
        0.0,
        0.0,
        0.720427503602978,
        0.0,
        1.0,
        0.0,
        0.0,
        0.0,
        0.0,
        0.0,
        0.0,
        0.6727592407879863,
        0.0,
        0.0,
        0.0,
        0.0,
        0.0,
        0.0,
        0.0,
        0.0,
        0.0,
        1.0,
        0.0,
        0.0,
        0.22911931426772947,
        0.34669129430648526,
        0.0,
        0.8533523879910833
    ],