{
    "x_ij_mccormick": [
        0.0,
        0.0,
        0.0,
        0.0,
        0.0,
        0.0,
        1.6828316043985136,
        0.0,
        0.0,
        0.0,
        0.0,
        0.0,
        0.0,
        0.0,
        0.0,
        0.0,
        0.0,
        0.0,
        0.21416731371757144,
        0.0,
        0.0,
        0.0,
        0.0,
        0.0,
        0.0,
        0.0,
        0.0,
        2.0,
        0.0,
        0.2519196473888976,
        0.0,
        0.0,
        0.0,
        0.0,
        0.0,
        0.0,
        0.0,
        0.0,
        0.0,
        0.0,
        0.0,
        0.0,
        0.0,
        0.9278586223356156,
        0.0,
        0.0,
        0.0,
        0.0,
        0.0,
        0.0,
        0.0,
        0.0,
        0.0,
        0.0,
        0.0,
        0.620665843946548,
        0.0,
        0.3093827039896846,
        0.08309790362083358,
        0.0,
        0.0,
        0.0,
        0.0,
        0.0,
        6.0,
        0.0,
        0.0,
        0.0,
        0.0,
        0.7760637265347909,
        0.0,
        0.0,
        0.0,
        0.0,
        0.0,
        0.0,
        0.0,
        0.8240234681908765,
        0.0,
        0.0,
        0.0,
        0.0,
        0.0,
        0.0,
        0.0,
        0.0,
        0.0,
        0.0,
        0.0,
        1.7081582159957578,
        0.0,
        0.0,
        0.0,
        0.0,
        0.0,
        0.0,
        0.0,
        0.8183945791103766,
        0.0,
        0.0,
        0.0,
        0.0,
        0.0,
        0.0,
        0.0,
        0.0,
        0.0,
        0.0,
        0.0,
        0.0,
        0.0,
        0.0,
        0.0,
        5.551202847978396,
        0.0,
        0.0
    ],
    "x_il_mccormick": [
        0.0,
        0.0,
        0.0,
        2.284230149929547,
        4.480620222276926,
        0.5182652438456288,
        0.0,
        0.0,
        1.7388673649279347,
        0.6134237140469265,
        0.0,
        3.0,
        0.0,
        0.0,
        2.7480803526111024,
        0.0,
        0.0,
        0.0,
        7.072141377664384,
        0.0,
        0.8368229388580288,
        0.7989031517558576,
        3.0,
        0.955338120984,
        2.044661879016,
        0.0,
        0.9278586223356156,
        0.0,
        2.379334156053452,
        1.3235678354763314,
        1.2839515569131503,
        0.0,
        0.0,
        0.0,
        0.0,
        0.0,
        0.0,
        0.0,
        0.4487971520216041,
        0.24466422080759687,
        0.0,
        0.0,
        3.0,
        0.0,
        0.0,
        1.966897250421096,
        0.0,
        2.9169020963791663,
        0.0,
        0.0,
        0.0,
        0.0,
        0.0,
        0.0,
        3.4148000948103614,
        0.0,
        0.0,
        0.0,
        0.0,
        0.0,
        0.0,
        0.0,
        0.0,
        0.0,
        0.6862011242713062,
        0.0,
        0.0,
        1.468390403444962,
        0.9804067485766421,
        0.0,
        7.0213431167696125
    ],
    "x_lj_mccormick": [
        2.0,
        4.388339447981008,
        0.0,
        0.8776678895962017,
        0.3171683956014864,
        1.0,
        0.0,
        0.0,
        2.0,
        0.18160542088962334,
        0.7160484430868498,
        1.6206658439465478,
        1.0,
        0.3793341560534522,
        2.0,
        0.0,
        0.0,
        0.0,
        0.3793341560534522,
        0.0,
        0.0,
        2.0,
        0.922235371405096,
        2.0,
        0.009768959747637584,
        0.0,
        5.690617296010315,
        2.3093827039896846,
        0.0,
        0.0,
        2.0,
        0.9169020963791664,
        0.0,
        2.0,
        6.0,
        0.0,
        2.0,
        1.0,
        0.0,
        0.0,
        1.1759765318091235,
        3.0699514520637674,
        0.005695049795499285,
        1.0721413776643844,
        3.408478844612542,
        0.9804067485766421,
        1.9943049502045007,
        0.12233211040379832,
        0.0,
        0.8833629393917009,
        1.2839515569131503,
        0.4487971520216041,
        0.0
    ],
    "q_mccormick": [
        0.0,
        0.0,
        0.0,
        0.7614100499765156,
        0.8365988752372263,
        0.20109684824414242,
        0.0,
        0.0,
        0.21735842061599187,
        0.2385899500234845,
        0.0,
        1.0,
        0.0,
        0.0,
        0.34351004407638785,
        0.0,
        0.0,
        0.0,
        0.884017672208048,
        0.0,
        0.41201173409543823,
        0.7989031517558576,
        1.0,
        0.34436758319296795,
        0.255582734877,
        0.0,
        0.11598232779195194,
        0.0,
        1.0,
        0.6568994378643469,
        0.925200474663066,
        0.0,
        0.0,
        0.0,
        0.0,
        0.0,
        0.0,
        0.0,
        0.07479952533693401,
        0.12233211040379843,
        0.0,
        0.0,
        1.0,
        0.0,
        0.0,
        0.655632416807032,
        0.0,
        1.0,
        0.0,
        0.0,
        0.0,
        0.0,
        0.0,
        0.0,
        0.5879882659045618,
        0.0,
        0.0,
        0.0,
        0.0,
        0.0,
        0.0,
        0.0,
        0.0,
        0.0,
        0.3431005621356531,
        0.0,
        0.0,
        0.18354880043062027,
        0.1634011247627737,
        0.0,
        0.8776678895962017
    ],