{
    "x_ij_mccormick": [
        0.0,
        0.15134786491371277,
        0.0,
        0.0,
        0.0,
        0.0,
        1.390985248017516,
        0.0,
        0.0,
        0.0,
        0.0,
        0.0,
        0.0,
        0.0,
        0.0,
        0.0,
        0.0,
        0.0,
        0.22595445921122181,
        0.0,
        0.0,
        0.0,
        0.0,
        0.0,
        0.0,
        0.0,
        0.0,
        2.0,
        0.0,
        0.0,
        0.0,
        0.0,
        0.0,
        0.0,
        0.0,
        0.0,
        0.0,
        0.0,
        0.0,
        0.0,
        0.0,
        0.0,
        0.0,
        0.742000448562693,
        0.0,
        0.0,
        0.0,
        0.0,
        0.0,
        0.0,
        0.0,
        0.0,
        0.0,
        0.0,
        0.0,
        1.1513478649137128,
        0.0,
        0.15508972753705616,
        0.12761620860373854,
        1.5708054319514149,
        0.0,
        0.0,
        0.0,
        0.0,
        6.0,
        0.0,
        0.0,
        0.0,
        0.0,
        0.7740455407887782,
        0.0,
        0.0,
        0.0,
        0.0,
        0.0,
        0.0,
        0.18465181411921505,
        0.870548629359535,
        0.0,
        0.0,
        0.0,
        0.0,
        0.0,
        0.0,
        0.0,
        0.0,
        0.0,
        0.0,
        0.0,
        0.0,
        0.0,
        0.0,
        0.0,
        0.0,
        0.0,
        0.0,
        0.0,
        0.8569222151092584,
        0.0,
        0.0,
        0.0,
        0.0,
        0.0,
        0.0,
        0.0,
        0.0,
        0.0,
        0.0,
        0.0,
        0.0,
        0.0,
        0.0,
        0.0,
        2.835605140811897,
        0.0,
        0.0
    ],
    "x_il_mccormick": [
        0.0,
        0.0,
        0.0,
        2.309611976032551,
        4.4671100500317245,
        1.4243629378632692,
        0.0,
        0.0,
        0.4821693531321052,
        0.5962200741663644,
        0.0,
        3.0,
        0.0,
        0.0,
        3.0,
        0.0,
        0.0,
        0.15134786491371277,
        5.0,
        0.0,
        0.7665142527339703,
        0.0,
        3.0,
        0.9548567036451484,
        2.0451432963548517,
        0.0,
        3.0,
        0.0,
        1.8486521350862872,
        0.42919456804858525,
        2.28809949581062,
        0.0,
        0.0,
        0.0,
        0.0,
        0.0,
        0.0,
        0.0,
        1.985924889465571,
        0.0,
        0.0,
        0.0,
        3.0,
        0.0,
        0.0,
        1.9600718631873628,
        0.0,
        3.0,
        0.0,
        0.0,
        0.0,
        0.0,
        0.0,
        0.0,
        3.0564995254557266,
        0.0,
        0.0,
        0.0,
        0.0,
        0.0,
        0.0,
        0.0,
        0.0,
        0.0,
        0.0,
        0.0,
        0.0,
        2.4726873505130436,
        2.6917075086750595,
        0.0,
        7.947834127816811
    ],
    "x_lj_mccormick": [
        2.0,
        4.947834127816811,
        0.0,
        1.0,
        0.6090147519824841,
        0.815348185880785,
        0.0,
        0.0,
        2.0,
        0.1430777848907417,
        0.7627542653081736,
        1.8486521350862872,
        1.0,
        0.15134786491371277,
        1.8486521350862872,
        0.0,
        0.0,
        0.0,
        0.15134786491371277,
        0.0,
        0.0,
        2.0,
        0.9149285668325112,
        0.4291945680485852,
        0.0,
        0.0,
        5.844910272462944,
        2.1550897275370557,
        0.0,
        0.0,
        1.962442457944213,
        0.8723837913962614,
        0.16517375065952555,
        2.0,
        6.0,
        0.0,
        2.0,
        1.0,
        0.0,
        0.0,
        1.129451370640465,
        2.6935624075492317,
        0.0,
        1.257999551437307,
        5.0,
        0.9008180072694768,
        2.0,
        0.0,
        0.0,
        1.0,
        1.2372457346918264,
        2.9992211085285776,
        0.03755754205578708
    ],
    "q_mccormick": [
        0.0,
        0.18465181411921505,
        0.0,
        0.769870658677517,
        0.6635365614156176,
        0.815348185880785,
        0.0,
        0.0,
        0.06027116914151315,
        0.23012934132248303,
        0.0,
        1.0,
        0.0,
        0.0,
        0.375,
        0.0,
        0.0,
        0.07567393245685639,
        0.625,
        0.0,
        0.4352743146797675,
        0.0,
        1.0,
        0.34664271227087906,
        0.2556429120443564,
        0.0,
        0.375,
        0.0,
        0.9243260675431436,
        1.0,
        0.6690125184224048,
        0.0,
        0.0,
        0.0,
        0.0,
        0.0,
        0.0,
        0.0,
        0.33098748157759517,
        0.0,
        0.0,
        0.0,
        1.0,
        0.0,
        0.0,
        0.6533572877291209,
        0.0,
        1.0,
        0.0,
        0.0,
        0.0,
        0.0,
        0.0,
        0.0,
        0.5647256853202325,
        0.0,
        0.0,
        0.0,
        0.0,
        0.0,
        0.0,
        0.0,
        0.0,
        0.0,
        0.0,
        0.0,
        0.0,
        0.30908591881413044,
        0.33646343858438243,
        0.0,
        1.0
    ],