{
    "x_ij_mccormick": [
        0.0,
        0.0,
        0.5136634269184631,
        0.0,
        0.0,
        0.0,
        1.8517037917345858,
        0.0,
        0.0,
        0.0,
        0.0,
        0.0,
        0.0,
        0.0,
        0.0,
        0.0,
        0.0,
        0.0,
        0.3030021591152757,
        0.0,
        0.0,
        0.0,
        0.0,
        0.0,
        0.0,
        0.0,
        0.0,
        2.0,
        0.0,
        0.0,
        0.0,
        0.0,
        0.0,
        0.0,
        0.0,
        0.0,
        0.0,
        0.0,
        0.0,
        0.0,
        0.0,
        0.0,
        0.0,
        0.7985237168346241,
        0.0,
        0.0,
        0.0,
        0.0,
        0.0,
        0.0,
        0.0,
        0.0,
        0.0,
        0.0,
        0.0,
        0.3950051786082529,
        0.0,
        0.3392395575293869,
        0.06053258908919603,
        0.4835934343895232,
        0.0,
        0.0,
        0.0,
        0.0,
        6.0,
        0.0,
        0.0,
        0.0,
        0.0,
        0.6969978408847243,
        0.0,
        0.0,
        0.0,
        0.0,
        0.0,
        0.0,
        0.18870107191548147,
        0.5049688894019797,
        0.0,
        0.0,
        0.0,
        0.0,
        0.0,
        0.0,
        0.0,
        0.0,
        0.0,
        0.0,
        0.0,
        0.0,
        0.0,
        0.0,
        0.0,
        0.0,
        0.0,
        0.0,
        0.0,
        0.6140566314220467,
        0.0,
        0.029891549064307688,
        0.0,
        0.0,
        0.0,
        0.0,
        0.0,
        0.0,
        0.0,
        0.0,
        0.0,
        0.0,
        0.0,
        0.0,
        0.022643051005496437,
        5.367128341739119,
        0.0,
        0.0
    ],
    "x_il_mccormick": [
        0.0,
        0.0,
        0.0,
        2.1080663210561603,
        2.274980925412467,
        0.9595951363499329,
        0.0,
        0.0,
        0.2868398790125184,
        0.7972138518657387,
        0.0,
        3.0,
        0.0,
        0.0,
        3.0,
        0.0,
        0.0,
        0.0,
        7.201476283165377,
        0.0,
        0.13059969097926594,
        0.0,
        3.0,
        0.8970684862679033,
        2.1029315137320967,
        0.0,
        0.7985237168346238,
        0.0,
        2.604994821391747,
        1.119564657725363,
        1.4806631956560543,
        0.0,
        0.0,
        0.0,
        0.0,
        0.0,
        0.0,
        0.0,
        0.6328716582608811,
        0.059783098128615375,
        0.0,
        0.0,
        3.0,
        0.0,
        0.0,
        2.020023749431699,
        0.0,
        2.939467410910804,
        0.0,
        0.0,
        0.0,
        0.0,
        0.0,
        0.0,
        4.6301866834811145,
        0.0,
        0.0,
        5.24874857501235,
        0.0,
        0.0,
        0.0,
        0.0,
        0.0,
        0.0,
        0.39684190788511375,
        0.0,
        0.0,
        2.610228607255385,
        0.0,
        0.0,
        6.446770836231929
    ],
    "x_lj_mccormick": [
        2.0,
        3.536445483424852,
        0.0,
        0.9701084509356923,
        0.14829620826541431,
        0.8112989280845185,
        0.0,
        0.0,
        2.0,
        0.3859433685779533,
        0.5193368043439457,
        1.3950051786082527,
        0.9773569489945035,
        0.6276378723972438,
        2.0,
        0.0,
        0.0,
        0.0,
        0.6049948213917473,
        0.0,
        0.0,
        2.0,
        0.9170922356996026,
        1.5164065656104768,
        0.0,
        0.0,
        5.660760442470613,
        2.339239557529387,
        0.0,
        0.0,
        2.0,
        0.939467410910804,
        0.0,
        2.0,
        6.0,
        0.0,
        2.0,
        1.0,
        0.0,
        0.0,
        1.4950311105980203,
        3.26575526386236,
        0.0,
        0.6878128562469128,
        5.0,
        1.8359166441779036,
        2.0,
        0.0,
        0.0,
        1.0,
        1.4806631956560543,
        0.6328716582608811,
        0.0
    ],
    "q_mccormick": [
        0.0,
        0.18870107191548147,
        0.0,
        0.7026887736853867,
        0.3439064281234564,
        0.8112989280845185,
        0.0,
        0.0,
        0.0358549848765648,
        0.29731122631461326,
        0.0,
        1.0,
        0.0,
        0.0,
        0.375,
        0.0,
        0.0,
        0.0,
        0.9001845353956721,
        0.0,
        0.25248444470098985,
        0.0,
        1.0,
        0.3266587501894335,
        0.2628664392165121,
        0.0,
        0.09981546460432789,
        0.0,
        1.0,
        0.8015790460574431,
        0.8945213902898531,
        0.0,
        0.0,
        0.0,
        0.0,
        0.0,
        0.0,
        0.0,
        0.10547860971014685,
        0.029891549064307688,
        0.0,
        0.0,
        1.0,
        0.0,
        0.0,
        0.6733412498105664,
        0.0,
        1.0,
        0.0,
        0.0,
        0.0,
        0.0,
        0.0,
        0.0,
        0.7475155552990101,
        0.0,
        0.0,
        0.6560935718765436,
        0.0,
        0.0,
        0.0,
        0.0,
        0.0,
        0.0,
        0.19842095394255688,
        0.0,
        0.0,
        0.3262785759069231,
        0.0,
        0.0,
        0.9701084509356923
    ],