{
    "x_ij_mccormick": [
        0.0,
        0.36726470665277877,
        0.0,
        0.0,
        0.0,
        0.0,
        1.4990202965683326,
        0.0,
        0.0,
        0.0,
        0.0,
        0.0,
        0.0,
        0.0,
        0.0,
        0.0,
        0.0,
        0.0,
        0.2657404017814545,
        0.0,
        0.0,
        0.0,
        0.0,
        0.0,
        0.0,
        0.0,
        0.0,
        2.0,
        0.0,
        0.0,
        0.0,
        0.0,
        0.0,
        0.0,
        0.0,
        0.0,
        0.0,
        0.0,
        0.0,
        0.0,
        0.0,
        0.0,
        0.0,
        0.7831193274755839,
        0.0,
        0.0,
        0.0,
        0.0,
        0.0,
        0.0,
        0.0,
        0.0,
        0.0,
        0.0,
        0.0,
        0.8647868225105508,
        0.0,
        0.7425539662172644,
        0.0,
        1.4484506881921568,
        0.0,
        0.0,
        0.0,
        0.0,
        6.0,
        0.0,
        0.0,
        0.0,
        0.0,
        0.7342595982185455,
        0.0,
        0.0,
        0.0,
        0.0,
        0.0,
        0.0,
        0.0,
        0.844496629874286,
        0.0,
        0.0,
        0.0,
        0.0,
        0.0,
        0.0,
        0.0,
        0.0,
        0.0,
        0.1625043626469027,
        0.0,
        0.0,
        0.0,
        0.0,
        0.0,
        0.0,
        0.0,
        0.0,
        0.0,
        0.5234558834300851,
        0.0,
        0.044638232129068256,
        0.0,
        0.0,
        0.0,
        0.0,
        0.0,
        0.0,
        0.0,
        0.0,
        0.0,
        0.0,
        0.0,
        0.0,
        0.01978594557072877,
        4.437610412498681,
        0.0,
        0.0
    ],
    "x_il_mccormick": [
        0.0,
        0.5556009025726811,
        0.0,
        2.120037827283393,
        3.676505877574103,
        0.9453788008589863,
        0.0,
        0.0,
        0.0,
        0.7926785419473271,
        0.0,
        3.0,
        0.0,
        0.0,
        3.0,
        0.0,
        0.0,
        1.1017941199583363,
        5.0,
        0.0,
        0.10390695253878013,
        0.0,
        3.0,
        0.6318263344958146,
        2.3681736655041856,
        0.0,
        3.0,
        0.0,
        2.135213177489449,
        0.5515493118078432,
        1.7058967219748924,
        0.0,
        0.0,
        0.0,
        0.0,
        0.0,
        0.0,
        0.0,
        1.3085167579824155,
        0.08927646425813651,
        0.0,
        0.0,
        2.837495637353097,
        0.0,
        0.0,
        2.308797971017272,
        0.0,
        3.0,
        0.0,
        0.0,
        0.0,
        0.0,
        0.0,
        0.0,
        3.556059483742325,
        0.0,
        0.0,
        1.438580674991977,
        0.0,
        0.0,
        0.0,
        0.0,
        0.0,
        0.0,
        0.0,
        0.0,
        0.0,
        2.6318263344958144,
        0.9107773074347754,
        0.0,
        7.433044166465063
    ],
    "x_lj_mccormick": [
        2.0,
        4.5669588628522675,
        0.0,
        0.9553617678709317,
        0.5009797034316674,
        1.0,
        0.0,
        0.0,
        2.0,
        0.4765441165699149,
        0.43617225266080517,
        1.4975221158577723,
        0.9802140544292712,
        0.5222638297129565,
        1.6327352933472212,
        0.0,
        0.0,
        0.0,
        0.5024778841422277,
        1.1017941199583363,
        0.0,
        2.0,
        0.9406243055130865,
        0.5515493118078432,
        0.0,
        0.0,
        5.257446033782736,
        2.630750111334058,
        0.0,
        0.11180385488320634,
        2.0,
        0.8881961451167937,
        0.11180385488320632,
        2.0,
        6.0,
        0.0,
        1.8374956373530973,
        1.0,
        0.0,
        0.0,
        1.155503370125714,
        2.5044630661553913,
        0.0,
        1.2168806725244161,
        3.8982058800416635,
        0.9107773074347754,
        2.0,
        0.0,
        0.0,
        1.0,
        1.5638277473391948,
        1.450585732618113,
        0.0
    ],
    "q_mccormick": [
        0.0,
        0.5556009025726811,
        0.0,
        0.706679275761131,
        0.6084403362622081,
        0.4443990974273189,
        0.0,
        0.0,
        0.0,
        0.293320724238869,
        0.0,
        1.0,
        0.0,
        0.0,
        0.375,
        0.0,
        0.0,
        0.18363235332638939,
        0.625,
        0.0,
        0.422248314937143,
        0.0,
        1.0,
        0.230400676327576,
        0.2960217081880232,
        0.0,
        0.375,
        0.0,
        0.8163676466736106,
        1.0,
        0.7819138736695974,
        0.0,
        0.0,
        0.0,
        0.0,
        0.0,
        0.0,
        0.0,
        0.21808612633040259,
        0.044638232129068256,
        0.0,
        0.0,
        1.0,
        0.0,
        0.0,
        0.769599323672424,
        0.0,
        1.0,
        0.0,
        0.0,
        0.0,
        0.0,
        0.0,
        0.0,
        0.577751685062857,
        0.0,
        0.0,
        0.23976344583199616,
        0.0,
        0.0,
        0.0,
        0.0,
        0.0,
        0.0,
        0.0,
        0.0,
        0.0,
        0.3289782918119768,
        0.1517962179057959,
        0.0,
        0.9553617678709317
    ],