{
    "x_ij_mccormick": [
        0.0,
        0.619231163798045,
        0.0,
        0.0,
        0.595511683308448,
        0.0,
        1.2737998550560836,
        0.0,
        0.0,
        0.0,
        0.0,
        0.0,
        0.0,
        0.0,
        0.0,
        0.0,
        0.0,
        0.0,
        0.2259307292905529,
        0.0,
        0.0,
        0.0,
        0.0,
        0.0,
        0.0,
        0.0,
        0.0,
        2.0,
        0.0,
        0.0,
        0.0,
        0.0,
        0.0,
        0.0,
        0.0,
        0.0,
        0.0,
        0.0,
        0.0,
        0.0,
        0.0,
        0.0,
        0.0,
        0.8175940912250699,
        0.0,
        0.0,
        0.0,
        0.0,
        0.0,
        0.0,
        0.0,
        0.0,
        0.0,
        0.0,
        0.0,
        1.045334341094319,
        0.0,
        0.6815576801423608,
        0.11786536288356211,
        0.8513329895378232,
        0.0,
        0.0,
        0.0,
        0.0,
        6.0,
        0.0,
        0.0,
        0.0,
        0.0,
        0.7740692707094471,
        0.0,
        0.0,
        0.0,
        0.0,
        0.0,
        0.0,
        0.0,
        0.7311980632594208,
        0.0,
        0.0,
        0.0,
        0.0,
        0.0,
        0.0,
        0.0,
        0.0,
        0.0,
        0.0,
        0.0,
        0.0,
        0.0,
        0.0,
        0.0,
        0.0,
        0.0,
        0.0,
        0.0,
        0.666238596752221,
        0.0,
        0.17984087383203862,
        0.0,
        0.0,
        0.0,
        0.0,
        0.0,
        0.0,
        0.0,
        0.0,
        0.0,
        0.0,
        0.0,
        0.0,
        0.023407953919166835,
        5.775333849609056,
        0.0,
        0.0
    ],
    "x_il_mccormick": [
        0.0,
        0.22175253017270669,
        0.0,
        2.282240774779982,
        4.307095518842045,
        1.5044476147712096,
        0.0,
        0.0,
        1.0740837176620488,
        0.6587386513141876,
        0.0,
        3.0,
        0.0,
        0.0,
        3.0,
        0.0,
        0.0,
        1.857693491394135,
        5.038092738461762,
        0.0,
        0.0,
        0.0,
        3.0,
        0.8059639189210241,
        2.194036081078976,
        0.0,
        2.961907261538238,
        0.0,
        1.954665658905681,
        0.8077949798204682,
        1.392781977153609,
        0.0,
        0.0,
        0.0,
        0.0,
        0.0,
        0.0,
        0.0,
        0.22466615039094417,
        0.2806784429920601,
        0.0,
        0.0,
        3.0,
        0.0,
        0.0,
        2.1267384220619365,
        0.0,
        2.882134637116438,
        0.0,
        0.0,
        0.0,
        0.0,
        0.0,
        0.0,
        3.5595268140426484,
        0.0,
        0.0,
        0.0,
        0.0,
        0.0,
        0.0,
        0.0,
        0.0,
        0.0,
        0.34087203064170857,
        0.0,
        0.0,
        1.7318802012589751,
        0.46937799521280127,
        0.0,
        6.877286228031759
    ],
    "x_lj_mccormick": [
        1.404488316691552,
        4.933317228164305,
        0.0,
        0.8201591261679614,
        0.7262001449439163,
        1.0,
        0.0,
        0.0,
        2.0,
        0.33376140324777903,
        0.607218022846391,
        1.426103177296274,
        0.9765920460808332,
        0.5973047766228929,
        1.380768836201955,
        0.0,
        0.0,
        0.0,
        0.573896822703726,
        1.857693491394135,
        0.0,
        2.0,
        0.9327023409829606,
        1.1486670104621768,
        0.0,
        0.0,
        5.318442319857639,
        2.681557680142361,
        0.0,
        0.0,
        2.0,
        0.8821346371164379,
        0.0,
        2.0,
        6.0,
        0.0,
        2.0,
        1.0,
        0.0,
        0.0,
        1.2688019367405792,
        2.2731079787633197,
        0.01761689853874926,
        1.1824059087749301,
        3.124689610067115,
        0.46937799521280127,
        1.9823831014612507,
        0.0,
        0.0,
        1.0176168985387493,
        1.392781977153609,
        0.22466615039094417,
        0.0
    ],
    "q_mccormick": [
        0.0,
        0.22175253017270669,
        0.0,
        0.7607469249266609,
        0.9217703341311997,
        0.7782474698272933,
        0.0,
        0.0,
        0.1342604647077561,
        0.23925307507333926,
        0.0,
        1.0,
        0.0,
        0.0,
        0.375,
        0.0,
        0.0,
        0.3096155818990225,
        0.6297615923077202,
        0.0,
        0.3655990316297104,
        0.0,
        1.0,
        0.2910871926460212,
        0.274254510134872,
        0.0,
        0.3702384076922797,
        0.0,
        0.6903844181009775,
        0.8295639846791457,
        0.9625556416015093,
        0.0,
        0.0,
        0.0,
        0.0,
        0.0,
        0.0,
        0.0,
        0.037444358398490696,
        0.14033922149603004,
        0.0,
        0.0,
        1.0,
        0.0,
        0.0,
        0.7089128073539788,
        0.0,
        1.0,
        0.0,
        0.0,
        0.0,
        0.0,
        0.0,
        0.0,
        0.6344009683702896,
        0.0,
        0.0,
        0.0,
        0.0,
        0.0,
        0.0,
        0.0,
        0.0,
        0.0,
        0.17043601532085428,
        0.0,
        0.0,
        0.2164850251573719,
        0.07822966586880022,
        0.0,
        0.8596607785039699
    ],