{
    "x_ij_mccormick": [
        0.0,
        0.3919377157298989,
        0.0,
        0.0,
        0.0,
        0.0,
        1.5380609077836438,
        0.0,
        0.0,
        0.0,
        0.0,
        0.0,
        0.0,
        0.0,
        0.0,
        0.0,
        0.0,
        0.0,
        0.0,
        0.0,
        0.0,
        0.0,
        0.0,
        0.0,
        0.0,
        0.0,
        0.0,
        2.0,
        0.0,
        0.0,
        0.0,
        0.0,
        0.0,
        0.0,
        0.0,
        0.0,
        0.0,
        0.0,
        0.0,
        0.0,
        0.0,
        0.0,
        0.0,
        0.8623010015457027,
        0.0,
        0.0,
        0.0,
        0.0,
        0.0,
        0.0,
        0.0,
        0.0,
        0.0,
        0.0,
        0.0,
        1.2243869298594867,
        0.0,
        0.982535125996499,
        0.1717942915784063,
        1.861293249792539,
        0.0,
        0.0,
        0.0,
        0.0,
        6.0,
        0.0,
        0.0,
        0.0,
        0.0,
        0.7811844401947297,
        0.0,
        0.0,
        0.0,
        0.0,
        0.0,
        0.0,
        0.004880764313752395,
        0.989362009864269,
        0.0,
        0.0,
        0.0,
        0.0,
        0.0,
        0.0,
        0.0,
        0.0,
        0.0,
        0.0,
        0.0,
        1.532536677095189,
        0.0,
        0.0,
        0.0,
        0.0,
        0.0,
        0.0,
        0.0,
        0.7379447012515621,
        0.0,
        0.0,
        0.0,
        0.0,
        0.0,
        0.0,
        0.0,
        0.0,
        0.0,
        0.0,
        0.0,
        0.0,
        0.0,
        0.0,
        0.0,
        5.956663319360658,
        0.0,
        0.0
    ],
    "x_il_mccormick": [
        0.0,
        0.7690304538918219,
        0.0,
        2.093011078552058,
        4.605162321359108,
        0.6880278740107819,
        0.0,
        0.0,
        2.171047372755253,
        0.8377880998575941,
        0.0,
        3.0,
        0.0,
        0.0,
        3.0,
        0.0,
        0.0,
        0.0,
        5.237105933760518,
        0.0,
        0.0,
        0.0,
        3.0,
        0.6799073539619755,
        2.3200926460380247,
        0.0,
        2.762894066239482,
        0.0,
        1.7756130701405133,
        0.3575223100127314,
        1.4881482724123634,
        0.0,
        0.0,
        0.0,
        0.0,
        0.0,
        0.0,
        0.0,
        0.0,
        0.0,
        0.0,
        0.0,
        3.0,
        0.0,
        0.0,
        2.2620307815609655,
        0.0,
        2.7146502369873584,
        0.0,
        0.0,
        0.0,
        0.0,
        0.0,
        0.0,
        2.8037159342797455,
        0.0,
        0.0,
        0.0,
        0.0,
        0.0,
        0.0,
        0.0,
        0.0,
        0.0,
        0.0,
        0.0,
        0.0,
        0.508859981206722,
        1.5344766994326202,
        0.0,
        7.297972514696967
    ],
    "x_lj_mccormick": [
        2.0,
        4.297972514696967,
        0.0,
        1.0,
        0.46193909221635626,
        0.9951192356862476,
        0.0,
        0.0,
        2.0,
        0.2620552987484379,
        0.668743879661214,
        1.8324492141295878,
        1.0,
        0.16755078587041217,
        1.6080622842701011,
        0.0,
        0.0,
        0.0,
        0.16755078587041217,
        0.0,
        0.0,
        2.0,
        0.9419381355229409,
        0.13870675020746098,
        0.2188155598052704,
        0.0,
        5.017464874003501,
        2.982535125996499,
        0.0,
        0.0,
        1.886444528565765,
        0.8282057084215937,
        0.0,
        2.0,
        6.0,
        0.0,
        2.0,
        1.0,
        0.0,
        0.0,
        1.010637990135731,
        1.7930779441440148,
        0.0,
        1.1376989984542973,
        3.467463322904811,
        1.5344766994326202,
        2.0,
        0.0,
        0.0,
        1.0,
        1.331256120338786,
        0.04333668063934226,
        0.11355547143423506
    ],
    "q_mccormick": [
        0.0,
        0.7690304538918219,
        0.0,
        0.6976703595173526,
        0.7442538834278967,
        0.23096954610817813,
        0.0,
        0.0,
        0.27138092159440663,
        0.3023296404826474,
        0.0,
        1.0,
        0.0,
        0.0,
        0.375,
        0.0,
        0.0,
        0.19596885786494944,
        0.6546382417200648,
        0.0,
        0.4946810049321345,
        0.0,
        1.0,
        0.24598973947967823,
        0.2900115807547531,
        0.0,
        0.3453617582799352,
        0.0,
        0.8040311421350506,
        1.0,
        1.0,
        0.0,
        0.0,
        0.0,
        0.0,
        0.0,
        0.05677773571711753,
        0.0,
        0.0,
        0.0,
        0.0,
        0.0,
        1.0,
        0.0,
        0.0,
        0.7540102605203218,
        0.0,
        0.9432222642828825,
        0.0,
        0.0,
        0.0,
        0.0,
        0.0,
        0.0,
        0.5053189950678655,
        0.0,
        0.0,
        0.0,
        0.0,
        0.0,
        0.0,
        0.0,
        0.0,
        0.0,
        0.0,
        0.0,
        0.0,
        0.06360749765084026,
        0.2557461165721034,
        0.0,
        1.0
    ],