{
    "x_ij_mccormick": [
        0.0,
        0.0,
        0.0,
        0.0,
        0.28430786302389066,
        0.0,
        1.1434452324315907,
        0.0,
        0.0,
        0.0,
        0.0,
        0.0,
        0.0,
        0.0,
        0.0,
        0.0,
        0.0,
        0.0,
        0.0,
        0.0,
        0.0,
        0.0,
        0.0,
        0.0,
        0.07600575961959222,
        0.0,
        0.0,
        2.0,
        0.0,
        0.0,
        0.0,
        0.0,
        0.0,
        0.0,
        0.0,
        0.0,
        0.0,
        0.0,
        0.0,
        0.0,
        0.0,
        0.0,
        0.0,
        1.054639581951998,
        0.0,
        0.0,
        0.0,
        0.0,
        0.0,
        0.0,
        0.0,
        0.0,
        0.0,
        0.0,
        0.0,
        0.4524684785020794,
        0.0,
        1.0450139908703093,
        0.09500080634583064,
        1.8302850130887325,
        0.0,
        0.0,
        0.0,
        0.0,
        6.0,
        0.0,
        0.0,
        0.0,
        0.0,
        0.7965267520346364,
        0.0,
        0.0,
        0.0,
        0.0,
        0.0,
        0.0,
        0.06337560043157131,
        0.9445481142120302,
        0.0,
        0.0,
        0.0,
        0.0,
        0.0,
        0.0,
        0.0,
        0.0,
        0.0,
        0.0,
        0.0,
        0.5037336038043003,
        0.0,
        0.0,
        0.0,
        0.0,
        0.0,
        0.0,
        0.0,
        0.81307169813698,
        0.0,
        0.11499570164247219,
        0.0,
        0.0,
        0.0,
        0.0,
        0.0,
        0.0,
        0.0,
        0.0,
        0.0,
        0.0,
        0.0,
        0.0,
        0.0,
        5.207509180806973,
        0.0,
        0.0
    ],
    "x_il_mccormick": [
        0.0,
        0.0,
        0.0,
        2.454410587424932,
        3.0208471920782576,
        1.793179167136838,
        0.0,
        0.0,
        0.7860284585371651,
        0.0,
        0.0,
        3.0,
        0.0,
        0.0,
        3.0,
        0.0,
        0.0,
        0.0,
        6.945360418048002,
        0.0,
        0.5328992193604385,
        0.0,
        3.0,
        0.8353801540396426,
        2.1646198459603574,
        0.0,
        1.0546395819519976,
        0.0,
        2.5475315214979206,
        0.20347324796536356,
        1.1419111898146068,
        0.5146007650038895,
        0.0,
        0.0,
        0.0,
        0.0,
        0.0,
        0.0,
        0.6974900128471965,
        0.22999140328494438,
        0.0,
        0.0,
        3.0,
        0.0,
        0.0,
        2.088481390101469,
        0.0,
        3.0,
        0.0,
        0.0,
        0.0,
        0.0,
        0.0,
        0.0,
        3.0250701970551424,
        0.0,
        0.0,
        2.420779622165444,
        0.0,
        0.0,
        0.0,
        0.0,
        0.0,
        0.0,
        0.16971498691126743,
        0.0,
        0.0,
        2.0493516955024775,
        0.7431391236905497,
        0.0,
        7.0800343868602225
    ],
    "x_lj_mccormick": [
        1.7156921369761093,
        4.70932935481153,
        0.0,
        0.8850042983575278,
        0.8565547675684093,
        0.9366243995684287,
        0.0,
        0.0,
        1.9239942403804078,
        0.18692830186301998,
        0.8580888101853932,
        1.4524684785020796,
        1.0,
        0.5475315214979206,
        2.0,
        0.0,
        0.0,
        0.0,
        0.5475315214979204,
        0.0,
        0.0,
        2.0,
        0.9238615441411117,
        0.16971498691126743,
        0.20347324796536356,
        0.0,
        4.954986009129691,
        3.0450139908703093,
        0.0,
        0.0,
        2.0,
        0.9049991936541694,
        0.09500080634583064,
        2.0,
        6.0,
        0.0,
        2.0,
        1.0,
        0.0,
        0.0,
        1.0554518857879698,
        2.5025175306276113,
        0.0,
        0.945360418048002,
        4.4962663961957,
        0.7431391236905497,
        2.0,
        0.0,
        0.0,
        1.0,
        1.1419111898146068,
        0.6974900128471965,
        0.0
    ],
    "q_mccormick": [
        0.0,
        0.06337560043157131,
        0.0,
        0.8181368624749772,
        0.472680209024001,
        0.9366243995684287,
        0.0,
        0.0,
        0.09825355731714563,
        0.0,
        0.0,
        1.0,
        0.0,
        0.0,
        0.3749999999999999,
        0.0,
        0.0,
        0.0,
        0.8681700522560003,
        0.0,
        0.4722740571060151,
        0.0,
        1.0,
        0.30383953663284363,
        0.2705774807450447,
        0.0,
        0.13182994774399978,
        0.0,
        1.0,
        0.9151425065443662,
        0.8837516645254673,
        0.18186313752502276,
        0.0,
        0.0,
        0.0,
        0.0,
        0.0,
        0.0,
        0.11624833547453274,
        0.11499570164247219,
        0.0,
        0.0,
        1.0,
        0.0,
        0.0,
        0.6961604633671563,
        0.0,
        1.0,
        0.0,
        0.0,
        0.0,
        0.0,
        0.0,
        0.0,
        0.5277259428939849,
        0.0,
        0.0,
        0.40346327036090734,
        0.0,
        0.0,
        0.0,
        0.0,
        0.0,
        0.0,
        0.08485749345563372,
        0.0,
        0.0,
        0.2561689619378097,
        0.12385652061509161,
        0.0,
        0.8850042983575278
    ],