{
    "x_ij_mccormick": [
        0.0,
        0.0882637065515346,
        0.0,
        0.0,
        0.0,
        0.0,
        1.949767000159867,
        0.0,
        0.0,
        0.0,
        0.0,
        0.0,
        0.0,
        0.0,
        0.0,
        0.0,
        0.0,
        0.0,
        0.2215527487301624,
        0.0,
        0.0,
        0.0,
        0.0,
        0.0,
        0.0,
        0.0,
        0.0,
        2.0,
        0.0,
        0.0,
        0.0,
        0.0,
        0.0,
        0.0,
        0.0,
        0.0,
        0.0,
        0.0,
        0.0,
        0.0,
        0.0,
        0.0,
        0.0,
        0.7431016837309681,
        0.0,
        0.0,
        0.0,
        0.0,
        0.0,
        0.0,
        0.0,
        0.0,
        0.0,
        0.0,
        0.0,
        1.0718746108385617,
        0.0,
        0.4315400939875955,
        0.0,
        1.7612513772254965,
        0.0,
        0.0,
        0.0,
        0.0,
        6.0,
        0.0,
        0.0,
        0.0,
        0.0,
        0.7784472512698376,
        0.0,
        0.0,
        0.0,
        0.0,
        0.0,
        0.0,
        0.0,
        0.7324436151342755,
        0.0,
        0.0,
        0.0,
        0.0,
        0.0,
        0.0,
        0.0,
        0.0,
        0.0,
        0.0,
        0.0,
        0.0,
        0.0,
        0.0,
        0.0,
        0.0,
        0.0,
        0.0,
        0.0,
        0.5299066345228677,
        0.0,
        0.0,
        0.0,
        0.0,
        0.0,
        0.0,
        0.0,
        0.0,
        0.0,
        0.0,
        0.0,
        0.0,
        0.13309858431110588,
        0.0,
        0.0,
        3.190347068605062,
        0.0,
        0.0
    ],
    "x_il_mccormick": [
        0.0,
        0.0,
        0.0,
        2.324420285926829,
        4.124994752543952,
        0.2576803348456892,
        0.0,
        0.0,
        0.2881873073836405,
        0.6304020317434973,
        0.0,
        3.0,
        0.0,
        0.0,
        3.0,
        0.0,
        0.0,
        0.3530548262061389,
        5.170144506455476,
        0.0,
        0.0,
        0.7925526649944439,
        3.0,
        0.8321232920152166,
        2.1678767079847834,
        0.0,
        2.8298554935445237,
        0.0,
        1.9281253891614383,
        0.0,
        2.5684599060124045,
        0.0,
        0.0,
        0.0,
        0.0,
        0.0,
        0.0,
        0.0,
        1.4541868565795828,
        0.0,
        0.0,
        0.0,
        3.0,
        0.0,
        0.0,
        2.0855341032186256,
        0.0,
        2.800352123533341,
        0.0,
        0.0,
        0.0,
        0.0,
        0.0,
        0.0,
        3.933320312338218,
        0.0,
        0.0,
        0.629841279353712,
        0.0,
        0.0,
        0.0,
        0.0,
        0.0,
        0.19964787646665894,
        0.23874862277450346,
        0.0,
        0.0,
        2.5439359846315757,
        2.1326183624522566,
        0.0,
        8.0
    ],
    "x_lj_mccormick": [
        2.0,
        5.0,
        0.0,
        1.0,
        0.05023299984013305,
        1.0,
        0.0,
        0.0,
        2.0,
        0.4700933654771323,
        0.4847289521931941,
        1.8953471977354923,
        1.0,
        0.10465280226450775,
        1.9117362934484654,
        0.0,
        0.0,
        0.0,
        0.10465280226450768,
        0.2647911196546041,
        0.0,
        2.0,
        0.917657395233842,
        0.23874862277450346,
        0.0,
        0.0,
        5.5684599060124045,
        2.262361461688945,
        0.0,
        0.16917863229865074,
        1.8669014156888941,
        0.8308213677013493,
        0.3022772166097566,
        2.0,
        6.0,
        0.0,
        2.0,
        1.0,
        0.0,
        0.0,
        1.2675563848657245,
        2.6657639274724936,
        0.0,
        1.256898316269032,
        4.735208880345396,
        0.8953471977354922,
        2.0,
        0.0,
        0.0,
        1.0,
        1.5152710478068059,
        2.5073757147851814,
        0.0
    ],
    "q_mccormick": [
        0.0,
        0.0,
        0.0,
        0.7748067619756097,
        0.628449158134516,
        0.20744733500555612,
        0.0,
        0.0,
        0.03602341342295512,
        0.2251932380243903,
        0.0,
        1.0,
        0.0,
        0.0,
        0.375,
        0.0,
        0.0,
        0.0441318532757673,
        0.6462680633069345,
        0.0,
        0.36622180756713774,
        0.7925526649944439,
        1.0,
        0.3048219655937915,
        0.2709845884980979,
        0.0,
        0.3537319366930656,
        0.0,
        0.9558681467242327,
        0.0,
        0.7576355239034029,
        0.0,
        0.0,
        0.0,
        0.0,
        0.0,
        0.0,
        0.0,
        0.24236447609659706,
        0.0,
        0.0,
        0.0,
        1.0,
        0.0,
        0.0,
        0.6951780344062085,
        0.0,
        0.9334507078444471,
        0.0,
        0.0,
        0.0,
        0.0,
        0.0,
        0.0,
        0.6337781924328623,
        0.0,
        0.0,
        0.10497354655895201,
        0.0,
        0.0,
        0.0,
        0.0,
        0.0,
        0.06654929215555294,
        1.0,
        0.0,
        0.0,
        0.31799199807894696,
        0.26657729530653207,
        0.0,
        1.0
    ],