{
    "x_ij_mccormick": [
        0.0,
        0.3276997308717464,
        0.0,
        0.0,
        0.0,
        0.0,
        1.6181534197996263,
        0.0,
        0.0,
        0.0,
        0.0,
        0.0,
        0.0,
        0.0,
        0.0,
        0.0,
        0.0,
        0.0,
        0.0,
        0.0,
        0.0,
        0.0,
        0.0,
        0.0,
        0.0,
        0.0,
        0.0,
        2.0,
        0.0,
        0.0,
        0.0,
        0.0,
        0.0,
        0.0,
        0.0,
        0.0,
        0.0,
        0.0,
        0.0,
        0.0,
        0.0,
        0.0,
        0.0,
        0.7934740753746792,
        0.0,
        0.0,
        0.0,
        0.0,
        0.0,
        0.0,
        0.0,
        0.0,
        0.0,
        0.0,
        0.0,
        1.3276997308717464,
        0.0,
        0.6259170494782929,
        0.1317397042518823,
        1.14031922131071,
        0.0,
        0.0,
        0.0,
        0.0,
        6.0,
        0.0,
        0.0,
        0.0,
        0.0,
        0.7681203328896237,
        0.0,
        0.0,
        0.0,
        0.0,
        0.0,
        0.0,
        0.0,
        0.8748517800271898,
        0.0,
        0.0,
        0.0,
        0.0,
        0.0,
        0.0,
        0.0,
        0.0,
        0.0,
        0.0,
        0.0,
        0.19366137391599425,
        0.0,
        0.0,
        0.0,
        0.0,
        0.0,
        0.0,
        0.0,
        0.74877030797043,
        0.0,
        0.0,
        0.0,
        0.0,
        0.0,
        0.0,
        0.0,
        0.0,
        0.0,
        0.0,
        0.0,
        0.0,
        0.0,
        0.0,
        0.061608996513497605,
        5.300996428006333,
        0.0,
        0.0
    ],
    "x_il_mccormick": [
        0.0,
        0.0,
        0.0,
        2.141378610788554,
        3.6232316235278987,
        1.0187827723993277,
        0.0,
        0.0,
        1.4252994357894317,
        0.7639921148884075,
        0.0,
        3.0,
        0.0,
        0.0,
        3.0,
        0.0,
        0.0,
        1.310798923486986,
        5.066729479155083,
        0.0,
        0.0,
        0.36306380780104597,
        3.0,
        1.0650550268469385,
        1.9349449731530615,
        0.0,
        2.9332705208449172,
        0.0,
        1.6723002691282536,
        0.8777639545729256,
        1.3645792916968993,
        0.0,
        0.0,
        0.0,
        0.0,
        0.0,
        0.0,
        0.0,
        0.5485435423974936,
        0.1869566593039138,
        0.0,
        0.0,
        3.0,
        0.0,
        0.0,
        1.8367289569540102,
        0.0,
        2.9719195119835637,
        0.0,
        0.0,
        0.0,
        0.0,
        0.0,
        0.0,
        3.2887602621395393,
        0.0,
        0.0,
        1.4632271781532555,
        0.0,
        0.0,
        0.0,
        0.0,
        0.0,
        0.028080488016436256,
        0.2137964912267406,
        0.0,
        0.0,
        1.639755591057507,
        0.9976389844226613,
        0.0,
        7.252173362784345
    ],
    "x_lj_mccormick": [
        2.0,
        4.532608351740215,
        0.0,
        0.9065216703480431,
        0.3818465802003736,
        1.0,
        0.0,
        0.0,
        2.0,
        0.25122969202956996,
        0.6541410336473917,
        1.6723002691282536,
        0.9383910034865024,
        0.3893087273852441,
        1.6723002691282536,
        0.0,
        0.0,
        0.0,
        0.3276997308717464,
        0.9830991926152395,
        0.0,
        2.0,
        0.9017839838009485,
        0.8596807786892898,
        0.23187966711037633,
        0.0,
        5.374082950521707,
        2.6259170494782933,
        0.0,
        0.0,
        1.981279674655709,
        0.8682602957481177,
        0.1504600295961731,
        2.0,
        6.0,
        0.0,
        2.0,
        1.0,
        0.0,
        0.0,
        1.1251482199728102,
        2.04638321964996,
        0.11722882251676947,
        1.2065259246253208,
        3.799488940603954,
        1.0780829208745406,
        1.8827711774832305,
        0.0934783296519569,
        0.0,
        1.0237504928648125,
        1.3458589663526084,
        0.5485435423974936,
        0.01872032534429091
    ],
    "q_mccormick": [
        0.0,
        0.0,
        0.0,
        0.7137928702628513,
        0.6032629623126604,
        0.636936192198954,
        0.0,
        0.0,
        0.17816242947367897,
        0.2862071297371486,
        0.0,
        1.0,
        0.0,
        0.0,
        0.375,
        0.0,
        0.0,
        0.1638498654358732,
        0.6333411848943853,
        0.0,
        0.0,
        0.36306380780104597,
        1.0,
        0.38775701434866333,
        0.24186812164413274,
        0.0,
        0.36665881510561465,
        0.0,
        0.8361501345641268,
        0.8931017543866298,
        0.9085760762670844,
        0.0,
        0.0,
        0.0,
        0.0,
        0.0,
        0.0,
        0.0,
        0.0914239237329156,
        0.0934783296519569,
        0.0,
        0.0,
        1.0,
        0.0,
        0.0,
        0.6122429856513367,
        0.0,
        0.9906398373278545,
        0.0,
        0.0,
        0.0,
        0.0,
        0.0,
        0.0,
        1.0,
        0.0,
        0.0,
        0.23046387361689605,
        0.0,
        0.0,
        0.0,
        0.0,
        0.0,
        0.009360162672145456,
        0.10689824561337025,
        0.0,
        0.0,
        0.20496944888218827,
        0.16627316407044354,
        0.0,
        0.9065216703480431
    ],