{
    "x_ij_mccormick": [
        0.0,
        0.29876640806520616,
        0.0,
        0.0,
        0.7782737066202396,
        0.0,
        1.8762492020715655,
        0.0,
        0.0,
        0.0,
        0.0,
        0.0,
        0.0,
        0.0,
        0.0,
        0.0,
        0.0,
        0.0,
        0.2774412700194925,
        0.0,
        0.6925452020678762,
        0.0,
        0.0,
        0.0,
        0.006389699038394037,
        0.0,
        0.0,
        2.0,
        0.0,
        0.033794867159785635,
        0.0,
        0.0,
        0.0,
        0.0,
        0.0,
        0.0,
        0.0,
        0.0,
        0.0,
        0.0,
        0.0,
        0.0,
        0.0,
        0.0,
        0.7697444112018514,
        0.0,
        0.0,
        0.0,
        0.0,
        0.0,
        0.0,
        0.0,
        0.0,
        0.0,
        0.0,
        0.7162246401864643,
        0.0,
        0.3690418737329342,
        0.06829135018976573,
        0.02506912932977312,
        0.0,
        0.0,
        0.0,
        0.0,
        6.0,
        0.0,
        0.0,
        0.0,
        0.0,
        0.7225587299805075,
        0.0,
        0.0,
        0.0,
        0.0,
        0.0,
        0.0,
        0.0,
        0.4457356797856773,
        0.0,
        0.0,
        0.0,
        0.0,
        0.0,
        0.0,
        0.0,
        0.0,
        0.0,
        0.0,
        0.0,
        0.0,
        0.0,
        0.0,
        0.0,
        0.0,
        0.0,
        0.0,
        0.0,
        0.8382411039045536,
        0.0,
        0.2217262933797608,
        0.0,
        0.0,
        0.0,
        0.0,
        0.0,
        0.01753285985922859,
        0.0,
        0.0,
        0.0,
        0.0,
        0.0,
        0.0,
        0.061118941602841925,
        3.276234301554086,
        0.0,
        0.0
    ],
    "x_il_mccormick": [
        0.0,
        0.2820620542956729,
        0.0,
        2.138408321217107,
        4.476543286143407,
        0.8416887436327616,
        0.0,
        0.0,
        0.2305184882040917,
        0.7361533486173746,
        0.0,
        3.0,
        0.0,
        0.0,
        2.9662051328402144,
        0.0,
        0.0,
        0.0,
        8.0,
        0.0,
        0.0,
        0.0,
        3.0,
        0.7869787008026562,
        2.2130212991973437,
        0.0,
        0.0,
        0.0,
        2.2837753598135357,
        1.2818592488547293,
        1.2808075272225705,
        0.0,
        0.0,
        0.0,
        0.0,
        0.0,
        0.0,
        0.0,
        1.9453962863290428,
        0.33204498369044977,
        0.0,
        0.0,
        3.0,
        0.0,
        0.0,
        2.1449486387042103,
        0.0,
        2.973700710211157,
        0.0,
        0.0,
        0.0,
        0.0,
        0.0,
        0.0,
        4.468997806294924,
        0.0,
        0.0,
        0.0,
        0.0,
        0.0,
        0.0,
        0.0,
        0.0,
        0.026299289788842963,
        0.6930716218154975,
        0.0,
        0.0,
        2.5902550797583497,
        2.0723916770847217,
        0.0,
        6.671820065238201
    ],
    "x_lj_mccormick": [
        1.2217262933797604,
        5.003865048928651,
        0.0,
        0.7782737066202392,
        0.1237507979284345,
        1.0,
        0.0,
        0.0,
        1.993610300961606,
        0.1617588960954464,
        0.7191924727774295,
        1.417458232121258,
        0.9388810583971581,
        0.6436607094815839,
        1.7012335919347938,
        0.0,
        0.0,
        0.0,
        0.5825417678787419,
        0.0,
        0.0,
        2.0,
        0.9319273395068663,
        1.9749308706702269,
        0.0,
        0.0,
        5.630958126267066,
        2.3690418737329346,
        0.0,
        0.0,
        1.9824671401407714,
        0.9317086498102343,
        0.08582421004899438,
        2.0,
        5.230255588798149,
        0.7697444112018514,
        2.0,
        1.0,
        0.0,
        0.0,
        1.5542643202143227,
        2.914733486080601,
        0.0,
        1.2302555887981486,
        5.0,
        0.31867937442997996,
        2.0,
        0.0,
        0.0,
        1.0,
        1.2808075272225705,
        1.9453962863290428,
        0.0
    ],
    "q_mccormick": [
        0.0,
        0.2820620542956729,
        0.0,
        0.7128027737390359,
        0.6151277943990743,
        0.7179379457043271,
        0.0,
        0.0,
        0.02881481102551148,
        0.2871972262609641,
        0.0,
        1.0,
        0.0,
        0.0,
        0.3707756416050268,
        0.0,
        0.0,
        0.14938320403260308,
        1.0,
        0.0,
        0.22286783989283865,
        0.0,
        1.0,
        0.28501712043192995,
        0.27662766239966796,
        0.0,
        0.0,
        0.0,
        0.8506167959673969,
        0.6534641890922512,
        0.6757672856118262,
        0.0,
        0.0,
        0.0,
        0.0,
        0.0,
        0.0,
        0.0,
        0.3242327143881738,
        0.1660224918452249,
        0.0,
        0.0,
        1.0,
        0.0,
        0.0,
        0.71498287956807,
        0.0,
        0.9912335700703857,
        0.0,
        0.0,
        0.0,
        0.0,
        0.0,
        0.0,
        0.7771321601071614,
        0.0,
        0.0,
        0.09258682182513539,
        0.0,
        0.0,
        0.0,
        0.0,
        0.0,
        0.00876642992961432,
        0.34653581090774876,
        0.0,
        0.0,
        0.3237818849697937,
        0.29228538377579033,
        0.0,
        0.8339775081547751
    ],