{
    "x_ij_mccormick": [
        0.0,
        0.29304612427960985,
        0.0,
        0.0,
        0.0,
        0.0,
        1.6541108233623036,
        0.0,
        0.0,
        0.0,
        0.0,
        0.0,
        0.0,
        0.0,
        0.0,
        0.0,
        0.0,
        0.0,
        0.0,
        0.0,
        2.1546186800210765,
        0.0,
        0.0,
        0.0,
        0.13160841468358564,
        0.0,
        0.0,
        2.0,
        0.0,
        0.0,
        0.0,
        0.0,
        0.0,
        0.0,
        0.0,
        0.0,
        0.0,
        0.0,
        0.0,
        0.0,
        0.0,
        0.0,
        0.0,
        0.7824832403649811,
        0.0,
        0.0,
        0.0,
        0.0,
        0.0,
        0.0,
        0.0,
        0.0,
        0.0,
        0.0,
        0.0,
        1.0452534543475314,
        0.0,
        1.2523777406065948,
        0.0,
        1.8429271985095061,
        0.0,
        0.0,
        0.0,
        0.0,
        6.0,
        0.0,
        0.0,
        0.0,
        0.0,
        0.7520227500469501,
        0.0,
        0.0,
        0.0,
        0.0,
        0.0,
        0.0,
        0.0,
        0.9941191876350801,
        0.0,
        0.0,
        0.0,
        0.0,
        0.0,
        0.0,
        0.0,
        0.0,
        0.0,
        0.13095218075136938,
        0.0,
        0.0,
        0.0,
        0.0,
        0.0,
        0.0,
        0.0,
        0.0,
        0.0,
        0.3687465758760591,
        0.0,
        0.0,
        0.0,
        0.0,
        0.0,
        0.0,
        0.0,
        0.0,
        0.0,
        0.0,
        0.0,
        0.0,
        0.0,
        0.0,
        0.0,
        2.4337499164764833,
        0.0,
        0.0
    ],
    "x_il_mccormick": [
        0.0,
        0.5981003710590787,
        0.0,
        2.154618680021075,
        4.333445520152199,
        0.5188337649565444,
        0.0,
        0.0,
        0.0,
        0.8453813199789235,
        0.0,
        3.0,
        0.0,
        0.0,
        2.984726835217229,
        0.0,
        0.0,
        0.0,
        5.0,
        0.0,
        0.7546169924098388,
        0.22895504062207317,
        3.0,
        0.8271796585534925,
        2.1728203414465073,
        0.0,
        3.0,
        0.0,
        1.9547465456524686,
        0.24797724995304996,
        1.4996450094403553,
        0.0,
        0.0,
        0.0,
        0.0,
        0.0,
        0.0,
        0.0,
        1.4116314035024402,
        0.0,
        0.0,
        0.0,
        2.869047819248631,
        0.0,
        0.0,
        2.095178759266007,
        0.0,
        2.9494775829463595,
        0.0,
        0.0,
        0.0,
        0.0,
        0.0,
        0.0,
        2.0041550420545953,
        0.0,
        0.0,
        0.0,
        0.0,
        0.0,
        0.0,
        0.0,
        0.0,
        0.0,
        0.1570728014904938,
        0.0,
        0.0,
        2.8424528233362643,
        2.7237972601872524,
        0.0,
        7.912481309363489
    ],
    "x_lj_mccormick": [
        2.0,
        4.912481309363489,
        0.0,
        1.0,
        0.3458891766376963,
        1.0,
        0.0,
        0.0,
        1.8683915853164144,
        0.6312534241239409,
        0.5003549905596446,
        1.7522073300679215,
        1.0,
        0.24779266993207827,
        1.7069538757203901,
        0.0,
        0.0,
        0.0,
        0.2477926699320785,
        0.0,
        0.0,
        2.0,
        0.9223584178194997,
        0.1570728014904938,
        0.24797724995304996,
        0.0,
        4.747622259393405,
        3.2018553235529543,
        0.0,
        0.050522417053640745,
        2.0,
        0.9494775829463593,
        0.0,
        2.0,
        6.0,
        0.0,
        1.8690478192486306,
        1.0,
        0.0,
        0.0,
        1.0058808123649199,
        1.7528912220995143,
        0.0,
        1.217516759635019,
        5.0,
        0.8397260207044321,
        2.0,
        0.0,
        0.0,
        1.0,
        1.4996450094403553,
        1.4116314035024402,
        0.0
    ],
    "q_mccormick": [
        0.0,
        0.5981003710590787,
        0.0,
        0.7182062266736917,
        0.6595253424765934,
        0.17294458831884815,
        0.0,
        0.0,
        0.0,
        0.2817937733263083,
        0.0,
        1.0,
        0.0,
        0.0,
        0.3730908544021536,
        0.0,
        0.0,
        0.14652306213980493,
        0.625,
        0.0,
        0.49705959381754006,
        0.22895504062207317,
        1.0,
        0.3016070802446643,
        0.2716025426808134,
        0.0,
        0.375,
        0.0,
        0.8534769378601951,
        0.9214635992547531,
        0.76472809941626,
        0.0,
        0.0,
        0.0,
        0.0,
        0.0,
        0.0,
        0.0,
        0.23527190058374003,
        0.0,
        0.0,
        0.0,
        1.0,
        0.0,
        0.0,
        0.6983929197553357,
        0.0,
        1.0,
        0.0,
        0.0,
        0.0,
        0.0,
        0.0,
        0.0,
        0.5029404061824599,
        0.0,
        0.0,
        0.0,
        0.0,
        0.0,
        0.0,
        0.0,
        0.0,
        0.0,
        0.0785364007452469,
        0.0,
        0.0,
        0.355306602917033,
        0.34047465752340655,
        0.0,
        1.0
    ],