{
    "x_ij_mccormick": [
        0.0,
        0.0,
        0.0,
        0.0,
        0.37029531727901466,
        0.0,
        1.3690605972480596,
        0.0,
        0.0,
        0.0,
        0.0,
        0.0,
        0.0,
        0.0,
        0.0,
        0.0,
        0.0,
        0.0,
        0.0,
        0.0,
        0.0,
        0.0,
        0.0,
        0.0,
        0.10330284250929744,
        0.0,
        0.0,
        2.0,
        0.0,
        0.0,
        0.0,
        0.0,
        0.0,
        0.0,
        0.0,
        0.0,
        0.0,
        0.0,
        0.0,
        0.0,
        0.0,
        0.0,
        0.0,
        0.9277870409722742,
        0.0,
        0.0,
        0.0,
        0.0,
        0.0,
        0.0,
        0.0,
        0.0,
        0.0,
        0.0,
        0.0,
        0.4810635349355721,
        0.0,
        0.4051601064669743,
        0.06591138612392977,
        0.0,
        0.0,
        0.0,
        0.0,
        0.0,
        6.0,
        0.0,
        0.0,
        0.0,
        0.0,
        0.8224024677016368,
        0.0,
        0.0,
        0.0,
        0.0,
        0.0,
        0.0,
        0.0,
        0.7723465035457258,
        0.0,
        0.0,
        0.0,
        0.0,
        0.0,
        0.0,
        0.0,
        0.0,
        0.0,
        0.011541388724646717,
        0.0,
        1.858432994499997,
        0.0,
        0.0,
        0.0,
        0.0,
        0.0,
        0.0,
        0.0,
        0.8351590393355897,
        0.0,
        0.1320444877714655,
        0.0,
        0.0,
        0.0,
        0.0,
        0.0,
        0.0,
        0.0,
        0.0,
        0.0,
        0.0,
        0.0,
        0.0,
        0.0,
        5.929255568295102,
        0.0,
        0.0
    ],
    "x_il_mccormick": [
        0.0,
        0.0,
        0.0,
        2.290961791349839,
        4.15130049868868,
        1.0166803094148835,
        0.0,
        0.0,
        1.4686968295647276,
        0.6375330997645177,
        0.0,
        3.0,
        0.0,
        0.0,
        3.0,
        0.0,
        0.0,
        0.0,
        6.484649457344453,
        0.0,
        0.5269991231084479,
        0.614259093337057,
        3.0,
        0.7684506047557422,
        2.231549395244258,
        0.0,
        1.515350542655547,
        0.0,
        2.518936465064428,
        1.3251408486634415,
        1.2037876587456542,
        0.0,
        0.0,
        0.0,
        0.0,
        0.0,
        0.0,
        0.0,
        0.0,
        0.26408897554293087,
        0.0,
        0.0,
        2.9884586112753535,
        0.0,
        0.0,
        2.1734123965626275,
        0.0,
        2.93408861387607,
        0.0,
        0.0,
        0.0,
        0.0,
        0.0,
        0.0,
        3.876910197782329,
        0.0,
        0.0,
        0.0,
        0.0,
        0.0,
        0.0,
        0.0,
        0.0,
        0.0,
        0.8524566836349217,
        0.0,
        0.0,
        1.2997537751910149,
        0.770990656513884,
        0.0,
        6.943644097828277
    ],
    "x_lj_mccormick": [
        1.6297046827209853,
        4.710072878421688,
        0.0,
        0.8679555122285345,
        0.6309394027519404,
        1.0,
        0.0,
        0.0,
        1.8966971574907026,
        0.16484096066441029,
        0.8669567729592438,
        1.4810635349355719,
        1.0,
        0.5189364650644284,
        2.0,
        0.0,
        0.0,
        0.0,
        0.5189364650644281,
        0.0,
        0.0,
        2.0,
        0.9418630013183696,
        2.0,
        0.17759753229836323,
        0.0,
        5.594839893533026,
        2.4051601064669743,
        0.0,
        0.0,
        2.0,
        0.9340886138760702,
        0.0,
        2.0,
        6.0,
        0.0,
        1.9884586112753533,
        1.0,
        0.0,
        0.0,
        1.2276534964542742,
        3.1137763585974536,
        0.06247946583904862,
        1.0722129590277258,
        3.079087539660954,
        0.770990656513884,
        1.9375205341609514,
        0.0,
        0.0,
        1.0624794658390486,
        1.1330432270407562,
        0.07074443170489797,
        0.0
    ],
    "q_mccormick": [
        0.0,
        0.0,
        0.0,
        0.7636539304499463,
        0.871501557247686,
        0.38574090666294303,
        0.0,
        0.0,
        0.18358710369559095,
        0.2363460695500537,
        0.0,
        1.0,
        0.0,
        0.0,
        0.375,
        0.0,
        0.0,
        0.0,
        0.8105811821680566,
        0.0,
        0.08783318718474131,
        0.614259093337057,
        1.0,
        0.2755292011457909,
        0.27894367440553225,
        0.0,
        0.18941881783194336,
        0.0,
        1.0,
        0.5737716581825392,
        1.0,
        0.0,
        0.0,
        0.0,
        0.0,
        0.0,
        0.0,
        0.0,
        0.0,
        0.13204448777146544,
        0.0,
        0.0,
        1.0,
        0.0,
        0.0,
        0.7244707988542092,
        0.0,
        1.0,
        0.0,
        0.0,
        0.0,
        0.0,
        0.0,
        0.0,
        0.9121668128152587,
        0.0,
        0.0,
        0.0,
        0.0,
        0.0,
        0.0,
        0.0,
        0.0,
        0.0,
        0.42622834181746083,
        0.0,
        0.0,
        0.16246922189887686,
        0.128498442752314,
        0.0,
        0.8679555122285345
    ],