{
    "x_ij_mccormick": [
        0.0,
        0.3384192080602324,
        0.3381380475809325,
        0.0,
        0.0,
        0.0,
        1.6302344686145815,
        0.0,
        0.0,
        0.0,
        0.0,
        0.0,
        0.0,
        0.0,
        0.0,
        0.0,
        0.0,
        0.0,
        0.0,
        0.0,
        0.0,
        0.0,
        0.0,
        0.0,
        0.0,
        0.0,
        0.0,
        2.0,
        0.0,
        0.0,
        0.0,
        0.0,
        0.0,
        0.0,
        0.0,
        0.0,
        0.0,
        0.0,
        0.0,
        0.0,
        0.0,
        0.0,
        0.0,
        0.8128370948802481,
        0.0,
        0.0,
        0.0,
        0.0,
        0.0,
        0.0,
        0.0,
        0.0,
        0.0,
        0.0,
        0.0,
        0.0,
        0.0,
        0.0,
        0.08162094555079213,
        0.0037032499507216876,
        0.0,
        0.0,
        0.0,
        0.0,
        6.0,
        0.0,
        0.0,
        0.0,
        0.0,
        0.8090381413402574,
        0.0,
        0.0,
        0.0,
        0.0,
        0.0,
        0.0,
        0.0,
        0.5613183623116027,
        0.0,
        0.0,
        0.0,
        0.0,
        0.0,
        0.0,
        0.0,
        0.0,
        0.0,
        0.1222559159730543,
        0.0,
        0.0,
        0.0,
        0.0,
        0.0,
        0.0,
        0.0,
        0.0,
        0.0,
        0.8899144393525836,
        0.0,
        0.050851320418896506,
        0.0,
        0.0,
        0.0,
        0.0,
        0.0,
        0.0,
        0.0,
        0.0,
        0.0,
        0.0,
        0.0,
        0.0,
        0.11082999982089611,
        5.866628884068895,
        0.0,
        0.0
    ],
    "x_il_mccormick": [
        0.0,
        0.7240835665609382,
        0.0,
        2.437971858141956,
        2.6033818201673853,
        0.6456819648244804,
        0.0,
        0.0,
        0.8139545746837205,
        0.0,
        0.0,
        3.0,
        0.0,
        0.0,
        3.0,
        0.0,
        0.0,
        0.0,
        7.11630832418496,
        0.0,
        0.9102111999924638,
        0.0,
        3.0,
        0.8364956907939295,
        2.1635043092060706,
        0.0,
        0.8836916758150402,
        0.0,
        3.0,
        1.324239687753346,
        1.109368378143083,
        0.48477098855277895,
        0.0,
        0.0,
        0.0,
        0.0,
        0.0,
        0.0,
        0.21134545174070363,
        0.10170264083779301,
        0.0,
        0.0,
        2.8777440840269457,
        0.0,
        0.0,
        2.090215405138942,
        0.0,
        2.9183790544492076,
        0.0,
        0.0,
        0.0,
        0.0,
        0.0,
        0.0,
        4.528470437695933,
        0.0,
        0.0,
        4.603900569844723,
        0.0,
        0.0,
        0.0,
        0.0,
        0.0,
        0.0,
        0.8630189209556749,
        0.0,
        0.0,
        2.022541116110209,
        0.0,
        0.0,
        6.039939298388894
    ],
    "x_lj_mccormick": [
        2.0,
        3.192493259645584,
        0.0,
        0.9491486795811035,
        0.36976553138541857,
        1.0,
        0.0,
        0.0,
        2.0,
        0.11008556064741633,
        0.8126572860473185,
        1.4165590681142572,
        0.8891700001791039,
        0.6942709317066389,
        1.6615807919397676,
        0.0,
        0.0,
        0.0,
        0.5834409318857428,
        0.7549782761744893,
        0.0,
        2.0,
        0.9267110959328716,
        1.9962967500492783,
        0.19096185865974258,
        0.0,
        6.0,
        2.0,
        0.0,
        0.0,
        2.0,
        0.9183790544492079,
        0.0,
        2.0,
        6.0,
        0.0,
        1.8777440840269457,
        1.0,
        0.0,
        0.0,
        1.4386816376883973,
        4.0,
        0.0,
        0.8490248575388193,
        4.245021723825511,
        2.1132358086477776,
        2.0,
        0.0,
        0.0,
        1.0,
        1.1873427139526815,
        0.13337111593110507,
        0.0
    ],
    "q_mccormick": [
        0.0,
        0.7240835665609382,
        0.0,
        0.8126572860473187,
        0.42451242876940964,
        0.2759164334390618,
        0.0,
        0.0,
        0.10174432183546506,
        0.0,
        0.0,
        1.0,
        0.0,
        0.0,
        0.375,
        0.0,
        0.0,
        0.1692096040301162,
        0.88953854052312,
        0.0,
        0.28065918115580135,
        0.0,
        1.0,
        0.30326153162035263,
        0.2704380386507588,
        0.0,
        0.11046145947688002,
        0.0,
        0.8307903959698838,
        0.5684905395221626,
        0.9610128320952007,
        0.18734271395268132,
        0.0,
        0.0,
        0.0,
        0.0,
        0.0,
        0.0,
        0.03898716790479928,
        0.050851320418896506,
        0.0,
        0.0,
        1.0,
        0.0,
        0.0,
        0.6967384683796474,
        0.0,
        1.0,
        0.0,
        0.0,
        0.0,
        0.0,
        0.0,
        0.0,
        0.7193408188441986,
        0.0,
        0.0,
        0.5754875712305904,
        0.0,
        0.0,
        0.0,
        0.0,
        0.0,
        0.0,
        0.43150946047783745,
        0.0,
        0.0,
        0.25281763951377617,
        0.0,
        0.0,
        0.9491486795811035
    ],