{
    "x_ij_mccormick": [
        0.0,
        0.0,
        0.0,
        0.0,
        0.7504800040859689,
        0.0,
        1.3396424482893585,
        0.0,
        0.0,
        0.0,
        0.0,
        0.0,
        0.0,
        0.0,
        0.0,
        0.0,
        0.0,
        0.0,
        0.20732828176044804,
        0.0,
        0.0,
        0.0,
        0.0,
        0.0,
        0.0,
        0.0,
        0.0,
        2.0,
        0.0,
        0.0,
        0.0,
        0.0,
        0.0,
        0.0,
        0.0,
        0.0,
        0.0,
        0.0,
        0.0,
        0.0,
        0.0,
        0.0,
        0.0,
        0.8179365883135046,
        0.0,
        0.0,
        0.0,
        0.0,
        0.0,
        0.0,
        0.0,
        0.0,
        0.0,
        0.0,
        0.0,
        0.6889856351528275,
        0.0,
        0.2972425025896932,
        0.0,
        1.8482002550179413,
        0.0,
        0.0,
        0.0,
        0.0,
        6.0,
        0.0,
        0.0,
        0.0,
        0.0,
        0.792671718239552,
        0.0,
        0.0,
        0.0,
        0.0,
        0.0,
        0.0,
        0.21451762733323332,
        0.5062954217931246,
        0.0,
        0.0,
        0.0,
        0.0,
        0.0,
        0.0,
        0.0,
        0.0,
        0.0,
        0.24648014832631682,
        0.0,
        0.0,
        0.0,
        0.0,
        0.0,
        0.0,
        0.0,
        0.0,
        0.0,
        0.4914237390945395,
        0.0,
        0.2522673082437702,
        0.0,
        0.0,
        0.0,
        0.0,
        0.0,
        0.0,
        0.0,
        0.0,
        0.0,
        0.0,
        0.0,
        0.0,
        0.0,
        3.5927694688279637,
        0.0,
        0.0
    ],
    "x_il_mccormick": [
        0.0,
        0.0,
        0.0,
        2.3353187442464325,
        4.082462330963755,
        1.445839924377408,
        0.0,
        0.0,
        0.828671631937484,
        0.5988628523907589,
        0.0,
        3.0,
        0.0,
        0.0,
        3.0,
        0.0,
        0.0,
        0.0,
        5.826433451973852,
        0.0,
        0.0,
        0.0,
        3.0,
        0.863267689532486,
        2.136732310467514,
        0.0,
        2.173566548026148,
        0.0,
        2.3110143648471726,
        0.0,
        2.702757497410307,
        0.0,
        0.0,
        0.0,
        0.0,
        0.0,
        0.0,
        0.0,
        1.2768160071951922,
        0.19468258590048867,
        0.0,
        0.0,
        2.7535198516736834,
        0.0,
        0.0,
        2.0556815227337255,
        0.0,
        3.0,
        0.0,
        0.0,
        0.0,
        0.0,
        0.0,
        0.0,
        4.509528131299162,
        0.0,
        0.0,
        0.0,
        0.0,
        0.0,
        0.0,
        0.0,
        0.0,
        0.0,
        0.15179974498205873,
        0.0,
        0.0,
        2.0345960575950017,
        2.3726344735770346,
        0.0,
        7.218522344068306
    ],
    "x_lj_mccormick": [
        1.249519995914031,
        5.415952242298534,
        0.0,
        0.7477326917562298,
        0.6603575517106414,
        0.7854823726667667,
        0.0,
        0.0,
        2.0,
        0.5085762609054605,
        0.42560533573173065,
        1.6889856351528274,
        1.0,
        0.3110143648471726,
        2.0,
        0.0,
        0.0,
        0.0,
        0.3110143648471726,
        0.0,
        0.0,
        2.0,
        0.9189492122662114,
        0.15179974498205873,
        0.0,
        0.0,
        5.702757497410307,
        2.295190811754886,
        0.0,
        0.002051690834807326,
        2.0,
        0.9979483091651927,
        0.002051690834807326,
        2.0,
        6.0,
        0.0,
        1.7535198516736832,
        1.0,
        0.0,
        0.0,
        1.4937045782068754,
        3.015823553092287,
        0.0,
        1.1820634116864954,
        5.0,
        0.27303339285429334,
        2.0,
        0.0,
        0.0,
        1.0,
        1.5743946642682694,
        2.405178840337229,
        0.0
    ],
    "q_mccormick": [
        0.0,
        0.21451762733323332,
        0.0,
        0.7784395814154773,
        0.6500664865462098,
        0.7854823726667667,
        0.0,
        0.0,
        0.1035839539921855,
        0.2215604185845227,
        0.0,
        1.0,
        0.0,
        0.0,
        0.375,
        0.0,
        0.0,
        0.0,
        0.7283041814967314,
        0.0,
        0.2531477108965623,
        0.0,
        1.0,
        0.31477282575542487,
        0.2670915388084393,
        0.0,
        0.2716958185032686,
        0.0,
        1.0,
        0.9241001275089706,
        0.7871973321341347,
        0.0,
        0.0,
        0.0,
        0.0,
        0.0,
        0.0,
        0.0,
        0.21280266786586532,
        0.09734129295024434,
        0.0,
        0.0,
        1.0,
        0.0,
        0.0,
        0.6852271742445751,
        0.0,
        1.0,
        0.0,
        0.0,
        0.0,
        0.0,
        0.0,
        0.0,
        0.7468522891034377,
        0.0,
        0.0,
        0.0,
        0.0,
        0.0,
        0.0,
        0.0,
        0.0,
        0.0,
        0.07589987249102936,
        0.0,
        0.0,
        0.25432450719937527,
        0.34993351345379015,
        0.0,
        0.9026587070497557
    ],