{
    "x_ij_mccormick": [
        0.0,
        0.3880270576524605,
        0.0,
        0.0,
        0.0,
        0.0,
        1.837142805735457,
        0.0,
        0.0,
        0.0,
        0.0,
        0.0,
        0.0,
        0.0,
        0.0,
        0.0,
        0.0,
        0.0,
        0.29363577238816607,
        0.0,
        0.0,
        0.0,
        0.0,
        0.0,
        0.0,
        0.0,
        0.0,
        2.0,
        0.0,
        0.0,
        0.0,
        0.0,
        0.0,
        0.0,
        0.0,
        0.0,
        0.0,
        0.0,
        0.0,
        0.0,
        0.0,
        0.0,
        0.0,
        0.7396689426132121,
        0.0,
        0.0,
        0.0,
        0.0,
        0.0,
        0.0,
        0.0,
        0.0,
        0.0,
        0.0,
        0.0,
        0.244334031656952,
        0.0,
        0.5429783342212131,
        0.0,
        2.0,
        0.0,
        0.0,
        0.0,
        0.0,
        6.0,
        0.0,
        0.0,
        0.0,
        0.0,
        0.7063642276118339,
        0.0,
        0.0,
        0.0,
        0.0,
        0.0,
        0.0,
        0.0,
        0.9483372626794531,
        0.0,
        0.0,
        0.0,
        0.0,
        0.0,
        0.0,
        0.0,
        0.0,
        0.0,
        0.1113636056697731,
        0.0,
        0.0,
        0.0,
        0.0,
        0.0,
        0.0,
        0.0,
        0.0,
        0.0,
        0.40833729794024687,
        0.0,
        0.0,
        0.0,
        0.0,
        0.0,
        0.0,
        0.0,
        0.0,
        0.0,
        0.0,
        0.0,
        0.0,
        0.0,
        0.0,
        0.0,
        4.772007475856387,
        0.0,
        0.0
    ],
    "x_il_mccormick": [
        0.0,
        0.0,
        0.0,
        1.9892801180305968,
        4.334882331644663,
        0.32030228919144677,
        0.0,
        0.0,
        1.1932738713574385,
        0.9386872842130791,
        0.0,
        3.0,
        0.0,
        0.0,
        3.0,
        0.0,
        0.0,
        1.164081172957381,
        5.0,
        0.0,
        1.2536763363141714,
        0.842554905073096,
        3.0,
        1.0341681291949736,
        1.9658318708050264,
        0.0,
        3.0,
        0.0,
        2.755665968343048,
        0.0,
        2.457021665778787,
        0.0,
        0.0,
        0.0,
        0.0,
        0.0,
        0.0,
        0.0,
        0.4346661581809036,
        0.0,
        0.0,
        0.0,
        2.888636394330227,
        0.0,
        0.0,
        1.8657155167303205,
        0.0,
        2.9921670405223546,
        0.0,
        0.0,
        0.0,
        0.0,
        0.0,
        0.0,
        3.018506994605856,
        0.0,
        0.0,
        0.0,
        0.0,
        0.0,
        0.0,
        0.0,
        0.0,
        0.0,
        0.0,
        0.0,
        0.0,
        1.8408942578375351,
        1.3870982663060785,
        0.0,
        7.230576260483157
    ],
    "x_lj_mccormick": [
        2.0,
        4.230576260483157,
        0.0,
        1.0,
        0.16285719426454281,
        1.0,
        0.0,
        0.0,
        2.0,
        0.5916627020597531,
        0.336304700183923,
        1.6176745267892352,
        1.0,
        0.3823254732107648,
        1.6119729423475395,
        0.0,
        0.0,
        0.0,
        0.3823254732107648,
        1.9254487257421244,
        0.0,
        2.0,
        0.899883645925294,
        0.0,
        0.0,
        0.0,
        5.457021665778787,
        2.5351453747435677,
        0.0,
        0.007832959477645453,
        2.0,
        0.9921670405223545,
        0.0,
        2.0,
        6.0,
        0.0,
        1.888636394330227,
        1.0,
        0.0,
        0.0,
        1.051662737320547,
        3.2205205935994803,
        0.0,
        1.2603310573867879,
        3.0745512742578756,
        1.3870982663060785,
        2.0,
        0.0,
        0.0,
        1.0,
        1.663695299816077,
        1.2279925241436134,
        0.0
    ],
    "q_mccormick": [
        0.0,
        0.0,
        0.0,
        0.6630933726768656,
        0.7688169556156536,
        0.15744509492690395,
        0.0,
        0.0,
        0.1491592339196798,
        0.33690662732313437,
        0.0,
        1.0,
        0.0,
        0.0,
        0.375,
        0.0,
        0.0,
        0.19401352882623024,
        0.625,
        0.0,
        0.47416863133972653,
        0.842554905073096,
        1.0,
        0.3780948277565599,
        0.24572898385062825,
        0.0,
        0.375,
        0.0,
        0.8059864711737698,
        0.0,
        0.9275556403031827,
        0.0,
        0.0,
        0.0,
        0.0,
        0.0,
        0.0,
        0.0,
        0.07244435969681727,
        0.0,
        0.0,
        0.0,
        1.0,
        0.0,
        0.0,
        0.6219051722434401,
        0.0,
        1.0,
        0.0,
        0.0,
        0.0,
        0.0,
        0.0,
        0.0,
        0.5258313686602735,
        0.0,
        0.0,
        0.0,
        0.0,
        0.0,
        0.0,
        0.0,
        0.0,
        0.0,
        1.0,
        0.0,
        0.0,
        0.23011178222969195,
        0.23118304438434642,
        0.0,
        1.0
    ],