{
    "x_ij_mccormick": [
        0.0,
        0.34657533579667166,
        0.0,
        0.0,
        0.519985174255926,
        0.0,
        1.7768992848773473,
        0.0,
        0.0,
        0.0,
        0.0,
        0.0,
        0.0,
        0.0,
        0.0,
        0.0,
        0.0,
        0.0,
        0.0,
        0.0,
        1.6621351981051318,
        0.0,
        0.0,
        0.0,
        0.0,
        0.0,
        0.0,
        2.0,
        0.0,
        0.0,
        0.0,
        0.0,
        0.0,
        0.0,
        0.0,
        0.0,
        0.0,
        0.0,
        0.0,
        0.0,
        0.0,
        0.0,
        0.0,
        0.7099931346751402,
        0.0,
        0.0,
        0.0,
        0.0,
        0.0,
        0.0,
        0.0,
        0.0,
        0.0,
        0.0,
        0.0,
        0.8516504731076715,
        0.0,
        1.331175008544137,
        0.0,
        1.9914210078346921,
        0.0,
        0.0,
        0.0,
        0.0,
        6.0,
        0.0,
        0.0,
        0.0,
        0.0,
        0.7478196728095952,
        0.0,
        0.0,
        0.0,
        0.0,
        0.0,
        0.0,
        0.0,
        0.9961034370931738,
        0.0,
        0.0,
        0.0,
        0.0,
        0.0,
        0.0,
        0.0,
        0.0,
        0.0,
        0.0,
        0.0,
        0.0,
        0.0,
        0.0,
        0.0,
        0.0,
        0.0,
        0.0,
        0.0,
        0.72987901932864,
        0.0,
        0.11394801197506765,
        0.0,
        0.0,
        0.0,
        0.0,
        0.0,
        0.0,
        0.0,
        0.0,
        0.0,
        0.0,
        0.02629516475183835,
        0.0,
        0.03453180839556702,
        2.8254018119326814,
        0.0,
        0.0
    ],
    "x_il_mccormick": [
        0.0,
        0.6331312589941471,
        0.0,
        2.000472275373129,
        4.524858980197301,
        0.5899694561285054,
        0.0,
        0.0,
        0.04857862719778927,
        0.8615830331980809,
        0.0,
        3.0,
        0.0,
        0.0,
        3.0,
        0.0,
        0.0,
        0.0,
        5.0,
        0.0,
        1.3016158797403714,
        0.0,
        3.0,
        0.8769037424552993,
        2.1230962575447005,
        0.0,
        3.0,
        0.0,
        2.1483495268923285,
        0.2607593193557126,
        1.4080656721001503,
        0.0,
        0.0,
        0.0,
        0.0,
        0.0,
        0.0,
        0.0,
        1.362116991634413,
        0.22789602395013547,
        0.0,
        0.0,
        3.0,
        0.0,
        0.0,
        2.0469189451681626,
        0.0,
        2.9605572528722424,
        0.0,
        0.0,
        0.0,
        0.0,
        0.0,
        0.0,
        1.6435060350905821,
        0.0,
        0.0,
        0.0,
        0.0,
        0.0,
        0.0,
        0.0,
        0.0,
        0.03944274712775764,
        0.0,
        0.0,
        0.0,
        2.8283251152575106,
        2.285446099662403,
        0.0,
        7.088415904199459
    ],
    "x_lj_mccormick": [
        1.480014825744074,
        4.950245114380588,
        0.0,
        0.8860519880249323,
        0.22310071512265262,
        1.0,
        0.0,
        0.0,
        2.0,
        0.27012098067136003,
        0.5919343278998497,
        1.505075137311,
        0.965468191604433,
        0.529456671084567,
        1.6534246642033283,
        0.0,
        0.0,
        0.0,
        0.49492486268899993,
        0.0,
        0.0,
        2.0,
        0.923822687623462,
        0.008578992165307841,
        0.2521803271904048,
        0.0,
        4.668824991455863,
        3.207124174968201,
        0.0,
        0.12405083357593583,
        1.9737048352481616,
        0.8759491664240642,
        0.15034599832777418,
        2.0,
        6.0,
        0.0,
        2.0,
        1.0,
        0.0,
        0.0,
        1.0038965629068262,
        1.9412253519241274,
        0.0,
        1.2900068653248598,
        5.0,
        0.5202982145348445,
        2.0,
        0.0,
        0.0,
        1.0,
        1.4080656721001503,
        1.362116991634413,
        0.0
    ],
    "q_mccormick": [
        0.0,
        0.6331312589941471,
        0.0,
        0.6668240917910431,
        0.7058086858120736,
        0.36686874100585287,
        0.0,
        0.0,
        0.006072328399723659,
        0.33317590820895693,
        0.0,
        1.0,
        0.0,
        0.0,
        0.375,
        0.0,
        0.0,
        0.0,
        0.625,
        0.0,
        0.4980517185465869,
        0.0,
        1.0,
        0.3176936849439458,
        0.26538703219308757,
        0.0,
        0.375,
        0.0,
        1.0,
        1.0,
        0.7729805013942646,
        0.0,
        0.0,
        0.0,
        0.0,
        0.0,
        0.0,
        0.0,
        0.22701949860573548,
        0.11394801197506774,
        0.0,
        0.0,
        1.0,
        0.0,
        0.0,
        0.6823063150560542,
        0.0,
        0.9868524176240808,
        0.0,
        0.0,
        0.0,
        0.0,
        0.0,
        0.0,
        0.5019482814534131,
        0.0,
        0.0,
        0.0,
        0.0,
        0.0,
        0.0,
        0.0,
        0.0,
        0.013147582375919212,
        0.0,
        0.0,
        0.0,
        0.3535406394071887,
        0.2941913141879264,
        0.0,
        0.8860519880249323
    ],