{
    "x_ij_mccormick": [
        0.0,
        0.0,
        0.0,
        0.0,
        0.0,
        0.0,
        1.704308454438439,
        0.0,
        0.0,
        0.0,
        0.0,
        0.0,
        0.0,
        0.0,
        0.0,
        0.0,
        0.0,
        0.0,
        0.23656007979368543,
        0.0,
        0.0,
        0.0,
        0.0,
        0.0,
        0.0,
        0.0,
        0.0,
        2.0,
        0.0,
        0.0,
        0.0,
        0.0,
        0.0,
        0.0,
        0.0,
        0.0,
        0.0,
        0.0,
        0.0,
        0.0,
        0.0,
        0.0,
        0.0,
        0.14125434629563155,
        0.5693821562322423,
        0.0,
        0.0,
        0.0,
        0.0,
        0.0,
        0.0,
        0.0,
        0.0,
        0.0,
        0.0,
        0.3235942274841488,
        0.0,
        1.4502965276769193,
        0.006746592830511017,
        2.0,
        0.0,
        0.0,
        0.0,
        0.0,
        6.0,
        0.0,
        0.08970566571764671,
        0.0,
        0.0,
        0.7634399202063146,
        0.0,
        0.0,
        0.0,
        0.0,
        0.0,
        0.0,
        0.0,
        1.0142987690941796,
        0.0,
        0.0,
        0.0,
        0.0,
        0.0,
        0.0,
        0.0,
        0.0,
        0.0,
        0.03980323902311822,
        0.0,
        1.4028617321455428,
        0.0,
        0.0,
        0.0,
        0.0,
        0.0,
        0.0,
        0.0,
        0.5199595462313565,
        0.0,
        0.0,
        0.0,
        0.0,
        0.0,
        0.0,
        0.0,
        0.0,
        0.0,
        0.0,
        0.0,
        0.0,
        0.0,
        0.0,
        0.04517525088453865,
        5.740368025056334,
        0.0,
        0.0
    ],
    "x_il_mccormick": [
        0.0,
        0.74461429935972,
        0.0,
        2.2310425658728326,
        4.886501765326583,
        0.5510772462018411,
        0.0,
        0.0,
        1.9217017051208678,
        0.7060410084032412,
        0.0,
        3.0,
        0.0,
        0.0,
        3.0,
        0.0,
        0.0,
        0.0,
        7.858745653704369,
        0.0,
        1.1296854124485112,
        0.0,
        3.0,
        0.7224713750710321,
        2.277528624928968,
        0.0,
        0.14125434629563127,
        0.0,
        2.676405772515851,
        0.0,
        1.5429568794925697,
        0.0,
        0.0,
        0.0,
        0.0,
        0.0,
        0.0,
        0.0,
        0.25963197494366597,
        0.0,
        0.0,
        0.0,
        2.960196760976882,
        0.0,
        0.0,
        2.2182128267786143,
        0.0,
        2.993253407169489,
        0.0,
        0.0,
        0.0,
        0.0,
        0.0,
        0.0,
        1.9924193975785949,
        0.0,
        0.0,
        0.0,
        0.0,
        0.0,
        0.0,
        0.0,
        0.0,
        0.0,
        0.0,
        0.0,
        0.0,
        0.8007696699501644,
        1.4136870541089632,
        0.0,
        6.864731922490647
    ],
    "x_lj_mccormick": [
        2.0,
        3.8647319224906473,
        0.0,
        1.0,
        0.2956915455615611,
        1.0,
        0.0,
        0.0,
        2.0,
        0.48004045376864346,
        0.45704312050743034,
        1.323594227484149,
        0.9548247491154613,
        0.7215810234003894,
        2.0,
        0.0,
        0.0,
        0.0,
        0.676405772515851,
        0.0,
        0.0,
        2.0,
        0.9406842018496466,
        0.0,
        0.0,
        0.0,
        4.459997806605434,
        3.5400021933945656,
        0.0,
        0.0,
        2.0,
        0.993253407169489,
        0.0,
        2.0,
        5.430617843767758,
        0.5693821562322421,
        1.9601967609768818,
        1.0,
        0.0,
        0.0,
        0.9857012309058205,
        2.1364035791212856,
        0.0,
        1.2893634974721264,
        3.5971382678544574,
        1.4136870541089632,
        2.0,
        0.0,
        0.0,
        1.0,
        1.5429568794925697,
        0.25963197494366597,
        0.0
    ],
    "q_mccormick": [
        0.0,
        0.74461429935972,
        0.0,
        0.7436808552909442,
        0.7643854909818395,
        0.25538570064028,
        0.0,
        0.0,
        0.2402127131401085,
        0.2563191447090558,
        0.0,
        1.0,
        0.0,
        0.0,
        0.375,
        0.0,
        0.0,
        0.0,
        0.9823432067130461,
        0.0,
        0.5071493845470898,
        0.0,
        1.0,
        0.2605957244071285,
        0.28469107811612104,
        0.0,
        0.01765679328695391,
        0.0,
        1.0,
        1.0,
        0.9567280041760556,
        0.0,
        0.0,
        0.0,
        0.0,
        0.0,
        0.0,
        0.0,
        0.04327199582394433,
        0.0,
        0.0,
        0.0,
        1.0,
        0.0,
        0.0,
        0.7394042755928715,
        0.0,
        1.0,
        0.0,
        0.0,
        0.0,
        0.0,
        0.0,
        0.0,
        0.49285061545291026,
        0.0,
        0.0,
        0.0,
        0.0,
        0.0,
        0.0,
        0.0,
        0.0,
        0.0,
        0.0,
        0.0,
        0.0,
        0.10009620874377055,
        0.23561450901816053,
        0.0,
        1.0
    ],