{
    "x_ij_mccormick": [
        0.0,
        0.5603216464181877,
        0.0,
        0.0,
        0.0,
        0.0,
        1.6185333972475935,
        0.0,
        0.0,
        0.0,
        0.0,
        0.0,
        0.0,
        0.0,
        0.0,
        0.0,
        0.0,
        0.0,
        0.2853239125523699,
        0.0,
        0.0,
        0.0,
        0.0,
        0.0,
        0.0,
        0.0,
        0.0,
        2.0,
        0.0,
        0.0,
        0.0,
        0.0,
        0.0,
        0.0,
        0.0,
        0.0,
        0.0,
        0.0,
        0.0,
        0.0,
        0.0,
        0.0,
        0.0,
        0.7352321641776838,
        0.0,
        0.0,
        0.0,
        0.0,
        0.0,
        0.0,
        0.0,
        0.0,
        0.0,
        0.0,
        0.0,
        1.308803440025997,
        0.0,
        0.867628208671783,
        0.0,
        1.2904506075110156,
        0.0,
        0.0,
        0.0,
        0.0,
        6.0,
        0.0,
        0.0,
        0.0,
        0.0,
        0.7146760874476301,
        0.0,
        0.0,
        0.0,
        0.0,
        0.0,
        0.0,
        0.0,
        0.9609107205563892,
        0.0,
        0.0,
        0.0,
        0.0,
        0.0,
        0.0,
        0.0,
        0.0,
        0.0,
        0.10185517095911267,
        0.0,
        0.0,
        0.0,
        0.0,
        0.0,
        0.0,
        0.0,
        0.0,
        0.0,
        0.695724405561413,
        0.0,
        0.0,
        0.0,
        0.0,
        0.0,
        0.0,
        0.0,
        0.0,
        0.0,
        0.0,
        0.0,
        0.0,
        0.0,
        0.0,
        0.0,
        5.319321491317401,
        0.0,
        0.0
    ],
    "x_il_mccormick": [
        0.0,
        0.0,
        0.0,
        2.095597772258362,
        4.536617382652994,
        0.6692202676676517,
        0.0,
        0.0,
        1.3171474349894188,
        0.785855423340993,
        0.0,
        3.0,
        0.0,
        0.0,
        3.0,
        0.0,
        0.0,
        1.6809649392545634,
        4.999999999999999,
        0.0,
        0.547368895144166,
        0.7122463350847549,
        3.0,
        0.8394343147039218,
        2.160565685296078,
        0.0,
        3.0,
        0.0,
        1.691196559974003,
        0.7095493924889843,
        1.4228223988392326,
        0.0,
        0.0,
        0.0,
        0.0,
        0.0,
        0.0,
        0.0,
        0.6806785086825986,
        0.0,
        0.0,
        0.0,
        2.8981448290408873,
        0.0,
        0.0,
        2.077040673362925,
        0.0,
        2.9680640965127236,
        0.0,
        0.0,
        0.0,
        0.0,
        0.0,
        0.0,
        2.3944101530037,
        0.0,
        0.0,
        0.0,
        0.0,
        0.0,
        0.0,
        0.0,
        0.0,
        0.0,
        0.0,
        0.0,
        0.0,
        1.5222868797145033,
        1.158391628968095,
        0.0,
        7.590090164639713
    ],
    "x_lj_mccormick": [
        2.0,
        4.590090164639713,
        0.0,
        1.0,
        0.38146660275240657,
        1.0,
        0.0,
        0.0,
        2.0,
        0.304275594438587,
        0.5771776011607674,
        1.7484817936078092,
        1.0,
        0.2515182063921908,
        1.4396783535818123,
        0.0,
        0.0,
        0.0,
        0.2515182063921908,
        1.6809649392545634,
        0.0,
        2.0,
        0.9164749880668469,
        0.7095493924889843,
        0.0,
        0.0,
        5.132371791328217,
        2.835692305184506,
        0.0,
        0.03193590348727651,
        2.0,
        0.9680640965127235,
        0.0,
        2.0,
        6.0,
        0.0,
        1.8981448290408873,
        1.0,
        0.0,
        0.0,
        1.0390892794436108,
        1.855504254789497,
        0.04718551391475834,
        1.2647678358223162,
        3.271849546830678,
        1.158391628968095,
        1.9528144860852417,
        0.0,
        0.0,
        1.0471855139147583,
        1.4228223988392326,
        0.6806785086825986,
        0.0
    ],
    "q_mccormick": [
        0.0,
        0.0,
        0.0,
        0.6985325907527873,
        0.8069347285053174,
        0.2877536649152451,
        0.0,
        0.0,
        0.16464342937367735,
        0.3014674092472128,
        0.0,
        1.0,
        0.0,
        0.0,
        0.375,
        0.0,
        0.0,
        0.28016082320909386,
        0.6249999999999999,
        0.0,
        0.09122814919069433,
        0.7122463350847549,
        1.0,
        0.307653108879025,
        0.27007071066200977,
        0.0,
        0.375,
        0.0,
        0.7198391767909061,
        1.0,
        0.8865535818862336,
        0.0,
        0.0,
        0.0,
        0.0,
        0.0,
        0.0,
        0.0,
        0.11344641811376643,
        0.0,
        0.0,
        0.0,
        1.0,
        0.0,
        0.0,
        0.692346891120975,
        0.0,
        1.0,
        0.0,
        0.0,
        0.0,
        0.0,
        0.0,
        0.0,
        0.9087718508093057,
        0.0,
        0.0,
        0.0,
        0.0,
        0.0,
        0.0,
        0.0,
        0.0,
        0.0,
        0.0,
        0.0,
        0.0,
        0.1902858599643129,
        0.19306527149468253,
        0.0,
        1.0
    ],