{
    "x_ij_mccormick": [
        0.0,
        0.0,
        0.350734711584673,
        0.0,
        0.36427595607231855,
        0.0,
        1.4953033548818264,
        0.0,
        0.0,
        0.0,
        0.0,
        0.0,
        0.0,
        0.0,
        0.0,
        0.0,
        0.0,
        0.0,
        0.0,
        0.0,
        0.0,
        0.0,
        0.0,
        0.0,
        0.05304481164400232,
        0.0,
        0.0,
        2.0,
        0.0,
        0.0,
        0.0,
        0.0,
        0.0,
        0.0,
        0.0,
        0.0,
        0.0,
        0.0,
        0.0,
        0.0,
        0.0,
        0.0,
        0.0,
        0.8589234356637724,
        0.0,
        0.0,
        0.0,
        0.0,
        0.0,
        0.0,
        0.0,
        0.0,
        0.0,
        0.0,
        0.0,
        0.0,
        0.0,
        0.3790741336172436,
        0.12271020190207538,
        0.30559439651102327,
        0.0,
        0.0,
        0.0,
        0.0,
        6.0,
        0.0,
        0.0,
        0.0,
        0.0,
        0.8010831730832354,
        0.0,
        0.0,
        0.0,
        0.0,
        0.0,
        0.0,
        0.18222418352051384,
        0.43985466804035256,
        0.0,
        0.0,
        0.0,
        0.0,
        0.0,
        0.0,
        0.0,
        0.0,
        0.0,
        0.0777398243592422,
        0.0,
        0.0,
        0.0,
        0.0,
        0.0,
        0.0,
        0.0,
        0.0,
        0.0,
        0.7965521294675822,
        0.0,
        0.1064760829740331,
        0.0,
        0.0,
        0.0,
        0.0,
        0.0,
        0.0,
        0.0,
        0.0,
        0.0,
        0.0,
        0.0,
        0.0,
        0.0,
        5.225047636208514,
        0.0,
        0.0
    ],
    "x_il_mccormick": [
        0.0,
        0.0,
        0.0,
        2.205800889573967,
        2.0930426133015305,
        0.5748207841567466,
        0.0,
        0.0,
        1.0773003049490244,
        0.7329139441497735,
        0.0,
        3.0,
        0.0,
        0.0,
        3.0,
        0.0,
        0.0,
        0.0,
        6.839806063573027,
        0.0,
        0.0,
        0.7476516774409132,
        3.0,
        0.9065356427303751,
        2.093464357269625,
        0.0,
        1.1601939364269724,
        0.0,
        3.0,
        1.2502700106685785,
        1.2479456538121023,
        0.0,
        0.0,
        0.0,
        0.0,
        0.0,
        0.0,
        0.0,
        0.6159847332419832,
        0.2129521659480662,
        0.0,
        0.0,
        2.9222601756407576,
        0.0,
        0.0,
        2.01868875278831,
        0.0,
        2.9456138570288593,
        0.0,
        0.0,
        0.0,
        0.0,
        0.0,
        0.0,
        5.181071198342404,
        0.0,
        0.0,
        2.919686672237735,
        0.0,
        0.0,
        0.0,
        0.0,
        0.0,
        0.05438614297114075,
        0.6430524197371628,
        0.0,
        0.0,
        1.82923533778135,
        0.9457170260101357,
        0.0,
        7.148191336207735
    ],
    "x_lj_mccormick": [
        1.6357240439276814,
        4.831895541202153,
        0.0,
        0.8935239170259669,
        0.5046966451181737,
        0.8177758164794862,
        0.0,
        0.0,
        1.9469551883559977,
        0.20344787053241778,
        0.788311774835325,
        1.5411833107097546,
        1.0,
        0.45881668929024566,
        2.0,
        0.0,
        0.0,
        0.0,
        0.45881668929024544,
        0.5411833107097546,
        0.0,
        2.0,
        0.9252243955186853,
        1.6944056034889767,
        0.19891682691676457,
        0.0,
        5.620925866382756,
        2.3790741336172436,
        0.0,
        0.0,
        1.9637425713525727,
        0.8772897980979246,
        0.15896763054950247,
        2.0,
        6.0,
        0.0,
        1.9222601756407578,
        1.0,
        0.0,
        0.0,
        1.5601453319596474,
        3.6209258663827564,
        0.0,
        0.7903418527515546,
        4.458816689290245,
        0.7092877695076019,
        2.0,
        0.0,
        0.0,
        1.0,
        1.211688225164675,
        0.6159847332419832,
        0.036257428647427314
    ],
    "q_mccormick": [
        0.0,
        0.0,
        0.0,
        0.7352669631913221,
        0.3951709263757773,
        0.25234832255908685,
        0.0,
        0.0,
        0.13466253811862805,
        0.2647330368086779,
        0.0,
        1.0,
        0.0,
        0.0,
        0.375,
        0.0,
        0.0,
        0.0,
        0.8549757579466286,
        0.0,
        0.21992733402017628,
        0.7476516774409132,
        1.0,
        0.3271037490705633,
        0.26168304465870307,
        0.0,
        0.1450242420533714,
        0.0,
        1.0,
        0.6784737901314186,
        0.8973358777930028,
        0.0,
        0.0,
        0.0,
        0.0,
        0.0,
        0.0,
        0.0,
        0.10266412220699721,
        0.1064760829740331,
        0.0,
        0.0,
        1.0,
        0.0,
        0.0,
        0.6728962509294367,
        0.0,
        0.9818712856762863,
        0.0,
        0.0,
        0.0,
        0.0,
        0.0,
        0.0,
        0.7800726659798237,
        0.0,
        0.0,
        0.4866144453729558,
        0.0,
        0.0,
        0.0,
        0.0,
        0.0,
        0.018128714323713584,
        0.3215262098685814,
        0.0,
        0.0,
        0.22865441722266888,
        0.11821462825126698,
        0.0,
        0.8935239170259669
    ],