{
    "x_ij_mccormick": [
        0.0,
        0.42216174377757465,
        0.0,
        0.0,
        0.0,
        0.0,
        1.9262723525094374,
        0.0,
        0.0,
        0.0,
        0.0,
        0.0,
        0.0,
        0.0,
        0.0,
        0.0,
        0.0,
        0.0,
        0.0,
        0.0,
        0.0,
        0.0,
        0.0,
        0.0,
        0.0,
        0.0,
        0.0,
        2.0,
        0.0,
        0.26392435361701094,
        0.0,
        0.0,
        0.0,
        0.0,
        0.0,
        0.0,
        0.0,
        0.0,
        0.0,
        0.0,
        0.0,
        0.0,
        0.0,
        0.8114253777874403,
        0.0,
        0.0,
        0.0,
        0.0,
        0.0,
        0.0,
        0.0,
        0.0,
        0.0,
        0.0,
        0.0,
        0.0,
        0.0,
        0.5077068736940724,
        0.07126009638442898,
        0.1408370845932847,
        0.0,
        0.0,
        0.0,
        0.0,
        6.0,
        0.0,
        0.0,
        0.0,
        0.0,
        0.815713233697618,
        0.0,
        0.0,
        0.0,
        0.0,
        0.0,
        0.0,
        0.0,
        0.7075154681148548,
        0.0,
        0.0,
        0.0,
        0.0,
        0.0,
        0.0,
        0.0,
        0.0,
        0.0,
        0.0,
        0.0,
        0.0,
        0.0,
        0.0,
        0.0,
        0.0,
        0.0,
        0.0,
        0.0,
        0.8648499814146537,
        0.0,
        0.1143441252992391,
        0.0,
        0.0,
        0.0,
        0.0,
        0.0,
        0.0,
        0.0,
        0.0,
        0.0,
        0.0,
        0.0,
        0.0,
        0.023769320389868676,
        4.536821374090062,
        0.0,
        0.0
    ],
    "x_il_mccormick": [
        0.0,
        0.6891605462444652,
        0.0,
        2.2910114203015364,
        4.131422655814276,
        0.3845671012460975,
        0.0,
        0.0,
        0.7116838815110871,
        0.6078090717176554,
        0.0,
        3.0,
        0.0,
        0.0,
        2.736075646382989,
        0.0,
        0.0,
        1.08327212576527,
        5.0,
        0.0,
        0.6308701572152202,
        0.0,
        3.0,
        1.0514237840693903,
        1.9485762159306097,
        0.0,
        3.0,
        0.0,
        3.0,
        1.272640359371466,
        1.1483926705500327,
        0.0,
        0.0,
        0.0,
        0.0,
        0.0,
        0.0,
        0.0,
        1.479855385541631,
        0.2286882505984782,
        0.0,
        0.0,
        3.0,
        0.0,
        0.0,
        1.8565138938662393,
        0.0,
        3.0,
        0.0,
        0.0,
        0.0,
        0.0,
        0.0,
        0.0,
        4.153907500975853,
        0.0,
        0.0,
        0.0,
        0.0,
        0.0,
        0.0,
        0.0,
        0.0,
        0.0,
        0.7708093223376316,
        0.0,
        0.0,
        2.6036642561753145,
        0.8357450493447552,
        0.0,
        7.085246997606086
    ],
    "x_lj_mccormick": [
        2.0,
        4.428279373503804,
        0.0,
        0.8856558747007609,
        0.07372764749056265,
        1.0,
        0.0,
        0.0,
        2.0,
        0.13515001858534625,
        0.7636704734338455,
        1.5517180968554387,
        0.9762306796101313,
        0.47205122353443,
        1.5778382562224254,
        0.0,
        0.0,
        0.0,
        0.44828190314456134,
        2.0571519663982833,
        0.0,
        2.0,
        0.9079376779356294,
        1.8591629154067153,
        0.18428676630238205,
        0.0,
        5.492293126305928,
        2.5077068736940724,
        0.0,
        0.0,
        2.0,
        0.928739903615571,
        0.07126009638442898,
        2.0,
        6.0,
        0.0,
        2.0,
        1.0,
        0.0,
        0.0,
        1.2924845318851452,
        3.4922931263059276,
        0.0,
        1.1885746222125597,
        2.9428480336017167,
        0.8357450493447552,
        2.0,
        0.0,
        0.0,
        1.0,
        1.2363295265661545,
        1.3919185295255092,
        0.0
    ],
    "q_mccormick": [
        0.0,
        0.6891605462444652,
        0.0,
        0.7636704734338454,
        0.8607091584425408,
        0.31083945375553484,
        0.0,
        0.0,
        0.08896048518888588,
        0.23632952656615455,
        0.0,
        1.0,
        0.0,
        0.0,
        0.3420094557978737,
        0.0,
        0.0,
        0.21108087188878732,
        0.625,
        0.0,
        0.3537577340574274,
        0.0,
        1.0,
        0.38116203537792026,
        0.2435720269913262,
        0.0,
        0.375,
        0.0,
        0.7889191281112127,
        0.6145953388311842,
        0.7680135784124151,
        0.0,
        0.0,
        0.0,
        0.0,
        0.0,
        0.0,
        0.0,
        0.23198642158758487,
        0.1143441252992391,
        0.0,
        0.0,
        1.0,
        0.0,
        0.0,
        0.6188379646220797,
        0.0,
        1.0,
        0.0,
        0.0,
        0.0,
        0.0,
        0.0,
        0.0,
        0.6462422659425726,
        0.0,
        0.0,
        0.0,
        0.0,
        0.0,
        0.0,
        0.0,
        0.0,
        0.0,
        0.3854046611688158,
        0.0,
        0.0,
        0.32545803202191426,
        0.13929084155745922,
        0.0,
        0.8856558747007609
    ],