{
    "x_ij_mccormick": [
        0.0,
        0.2188309699312292,
        0.0,
        0.0,
        0.558675858560828,
        0.0,
        1.2713479186880958,
        0.0,
        0.0,
        0.0,
        0.0,
        0.0,
        0.0,
        0.0,
        0.0,
        0.0,
        0.0,
        0.0,
        0.2641018358728904,
        0.0,
        0.0,
        0.0,
        0.0,
        0.0,
        0.0,
        0.0,
        0.0,
        2.0,
        0.0,
        0.0,
        0.0,
        0.0,
        0.0,
        0.0,
        0.0,
        0.0,
        0.0,
        0.0,
        0.0,
        0.0,
        0.0,
        0.0,
        0.0,
        0.7472084044980556,
        0.0,
        0.0,
        0.0,
        0.0,
        0.0,
        0.0,
        0.0,
        0.0,
        0.0,
        0.0,
        0.0,
        0.9132492089069828,
        0.0,
        0.14413635664928748,
        0.0,
        1.9478514856802494,
        0.0,
        0.0,
        0.0,
        0.0,
        6.0,
        0.0,
        0.0,
        0.0,
        0.0,
        0.7358981641271096,
        0.0,
        0.0,
        0.0,
        0.0,
        0.0,
        0.0,
        0.04220689986145465,
        0.48776462021345424,
        0.0,
        0.0,
        0.0,
        0.0,
        0.0,
        0.0,
        0.0,
        0.0,
        0.0,
        0.0,
        0.0,
        0.0,
        0.0,
        0.0,
        0.0,
        0.0,
        0.0,
        0.0,
        0.0,
        0.4659895734070427,
        0.0,
        0.17398556438339008,
        0.0,
        0.0,
        0.0,
        0.0,
        0.0,
        0.0,
        0.0,
        0.0,
        0.0,
        0.0,
        0.0,
        0.0,
        0.08158371563205935,
        3.452486865814614,
        0.0,
        0.0
    ],
    "x_il_mccormick": [
        0.0,
        0.0,
        0.0,
        2.2291522033638533,
        4.3484164128171,
        1.6864451814504497,
        0.0,
        0.0,
        0.0,
        0.7044791964069098,
        0.0,
        3.0,
        0.0,
        0.0,
        3.0,
        0.0,
        0.0,
        0.8753238797249168,
        5.461726223811013,
        0.0,
        0.0,
        0.0,
        3.0,
        0.7505361116342452,
        2.2494638883657547,
        0.0,
        2.538273776188987,
        0.0,
        2.086750791093017,
        0.0,
        2.8558636433507125,
        0.0,
        0.0,
        0.0,
        0.0,
        0.0,
        0.0,
        0.0,
        1.1988629195334177,
        0.26872296785322575,
        0.0,
        0.0,
        3.0,
        0.0,
        0.0,
        2.1795157077967815,
        0.0,
        3.0,
        0.0,
        0.0,
        0.0,
        0.0,
        0.0,
        0.0,
        4.548015412353726,
        0.0,
        0.0,
        0.0,
        0.0,
        0.0,
        0.0,
        0.0,
        0.0,
        0.0,
        0.05214851431975076,
        0.0,
        0.0,
        2.7505361116342453,
        1.7153933069190814,
        0.0,
        6.925108128587096
    ],
    "x_lj_mccormick": [
        1.441324141439172,
        4.92649251938454,
        0.0,
        0.8260144356166099,
        0.7286520813119043,
        0.9577931001385454,
        0.0,
        0.0,
        2.0,
        0.5340104265929573,
        0.39962097317780576,
        1.4755872690445244,
        0.9184162843679406,
        0.6059964465875352,
        1.7811690300687708,
        0.0,
        0.0,
        0.0,
        0.5244127309554756,
        0.6564929097936876,
        0.0,
        2.0,
        0.9300518194310269,
        0.05214851431975076,
        0.0,
        0.0,
        5.8558636433507125,
        2.050970758525837,
        0.0,
        0.09316559812345043,
        2.0,
        0.9068344018765496,
        0.09316559812345038,
        2.0,
        6.0,
        0.0,
        2.0,
        1.0,
        0.0,
        0.0,
        1.5122353797865458,
        3.03578003256718,
        0.0,
        1.2527915955019444,
        4.343507090206312,
        0.46751103402792443,
        2.0,
        0.0,
        0.0,
        1.0,
        1.6003790268221942,
        2.4543475360619356,
        0.0
    ],
    "q_mccormick": [
        0.0,
        0.04220689986145465,
        0.0,
        0.7430507344546178,
        0.7855758366351149,
        0.9577931001385454,
        0.0,
        0.0,
        0.0,
        0.2569492655453823,
        0.0,
        1.0,
        0.0,
        0.0,
        0.375,
        0.0,
        0.0,
        0.1094154849656146,
        0.6827157779763766,
        0.0,
        0.24388231010672712,
        0.0,
        1.0,
        0.2734947640677394,
        0.28118298604571934,
        0.0,
        0.3172842220236234,
        0.0,
        0.8905845150343854,
        0.9739257428401247,
        0.8001895134110971,
        0.0,
        0.0,
        0.0,
        0.0,
        0.0,
        0.0,
        0.0,
        0.19981048658890288,
        0.13436148392661287,
        0.0,
        0.0,
        1.0,
        0.0,
        0.0,
        0.7265052359322606,
        0.0,
        1.0,
        0.0,
        0.0,
        0.0,
        0.0,
        0.0,
        0.0,
        0.7561176898932729,
        0.0,
        0.0,
        0.0,
        0.0,
        0.0,
        0.0,
        0.0,
        0.0,
        0.0,
        0.02607425715987538,
        0.0,
        0.0,
        0.34381701395428066,
        0.21442416336488518,
        0.0,
        0.8656385160733872
    ],