{
    "x_ij_mccormick": [
        0.0,
        0.21245424518309064,
        0.0,
        0.0,
        0.0,
        0.0,
        1.6785240622643611,
        0.0,
        0.0,
        0.0,
        0.0,
        0.0,
        0.0,
        0.0,
        0.0,
        0.0,
        0.0,
        0.0,
        0.22208933394405272,
        0.0,
        0.0,
        0.0,
        0.0,
        0.0,
        0.0,
        0.0,
        0.0,
        2.0,
        0.0,
        0.0,
        0.0,
        0.0,
        0.0,
        0.0,
        0.0,
        0.0,
        0.0,
        0.0,
        0.0,
        0.0,
        0.0,
        0.0,
        0.0,
        0.8593559270780152,
        0.0,
        0.0,
        0.0,
        0.0,
        0.0,
        0.0,
        0.0,
        0.0,
        0.0,
        0.0,
        0.0,
        1.2124542451830906,
        0.0,
        0.0,
        0.056019192007480845,
        1.573164747428923,
        0.0,
        0.0,
        0.0,
        0.0,
        6.0,
        0.0,
        0.0,
        0.0,
        0.0,
        0.7779106660559473,
        0.0,
        0.0,
        0.0,
        0.0,
        0.0,
        0.0,
        0.0,
        1.0099200013432157,
        0.0,
        0.0,
        0.0,
        0.0,
        0.0,
        0.0,
        0.0,
        0.0,
        0.0,
        0.0,
        0.0,
        0.0,
        0.0,
        0.0,
        0.0,
        0.0,
        0.0,
        0.0,
        0.0,
        0.8371388261438134,
        0.0,
        0.0,
        0.0,
        0.0,
        0.0,
        0.0,
        0.0,
        0.0,
        0.0,
        0.0,
        0.0,
        0.0,
        0.0,
        0.0,
        0.0,
        2.416558209242068,
        0.0,
        0.0
    ],
    "x_il_mccormick": [
        0.0,
        0.0,
        0.0,
        2.2936512539768943,
        4.248546912815527,
        0.7638429172242683,
        0.0,
        0.0,
        0.0,
        0.5913185119855431,
        0.0,
        3.0,
        0.0,
        0.0,
        3.0,
        0.0,
        0.0,
        0.21245424518309064,
        6.516989942150822,
        0.0,
        1.0426961756438362,
        0.5576330205113704,
        3.0,
        0.8795436537802203,
        2.12045634621978,
        0.0,
        1.483010057849178,
        0.0,
        1.7875457548169094,
        0.30499257766707233,
        2.6389882303254466,
        0.0,
        0.0,
        0.0,
        0.0,
        0.0,
        0.0,
        0.0,
        2.1663257763187533,
        0.0,
        0.0,
        0.0,
        3.0,
        0.0,
        0.0,
        2.0345267369829094,
        0.0,
        3.0,
        0.0,
        0.0,
        0.0,
        0.0,
        0.0,
        0.0,
        2.796572545501634,
        0.0,
        0.0,
        0.0,
        0.0,
        0.0,
        0.0,
        0.0,
        0.0,
        0.0,
        0.12184267490400477,
        0.0,
        0.0,
        2.8795436537802215,
        2.7038981369777106,
        0.0,
        7.914101810273879
    ],
    "x_lj_mccormick": [
        2.0,
        4.914101810273879,
        0.0,
        1.0,
        0.32147593773563876,
        1.0,
        0.0,
        0.0,
        2.0,
        0.1628611738561866,
        0.7221085921062511,
        1.7875457548169094,
        1.0,
        0.21245424518309086,
        1.7875457548169094,
        0.0,
        0.0,
        0.0,
        0.21245424518309064,
        0.0,
        0.0,
        2.0,
        0.9140703907631296,
        0.42683525257107713,
        0.0,
        0.0,
        6.0,
        2.0,
        0.0,
        0.0,
        2.0,
        0.9439808079925192,
        0.056019192007480845,
        2.0,
        6.0,
        0.0,
        2.0,
        1.0,
        0.0,
        0.0,
        0.9900799986567843,
        2.787545754816909,
        0.06164296767177668,
        1.1406440729219849,
        4.9383570323282235,
        0.8734439445430301,
        1.9383570323282233,
        0.0,
        0.0,
        1.0616429676717767,
        1.2778914078937489,
        3.527422598750451,
        0.0
    ],
    "q_mccormick": [
        0.0,
        0.0,
        0.0,
        0.7645504179922981,
        0.6620127328777862,
        0.4423669794886296,
        0.0,
        0.0,
        0.0,
        0.2354495820077019,
        0.0,
        1.0,
        0.0,
        0.0,
        0.375,
        0.0,
        0.0,
        0.10622712259154532,
        0.8146237427688527,
        0.0,
        0.5049600006716078,
        0.5576330205113704,
        1.0,
        0.3218244210056969,
        0.2650570432774724,
        0.0,
        0.18537625723114726,
        0.0,
        0.8937728774084547,
        0.9390786625479977,
        0.6389457039468744,
        0.0,
        0.0,
        0.0,
        0.0,
        0.0,
        0.0,
        0.0,
        0.36105429605312556,
        0.0,
        0.0,
        0.0,
        1.0,
        0.0,
        0.0,
        0.6781755789943031,
        0.0,
        1.0,
        0.0,
        0.0,
        0.0,
        0.0,
        0.0,
        0.0,
        0.49503999932839216,
        0.0,
        0.0,
        0.0,
        0.0,
        0.0,
        0.0,
        0.0,
        0.0,
        0.0,
        0.060921337452002386,
        0.0,
        0.0,
        0.3599429567225276,
        0.33798726712221383,
        0.0,
        1.0
    ],