{
    "x_ij_mccormick": [
        0.0,
        0.2553646324493668,
        0.0,
        0.0,
        0.8003651804024354,
        0.0,
        1.8630121655667522,
        0.0,
        0.0,
        0.0,
        0.0,
        0.0,
        0.0,
        0.0,
        0.0,
        0.0,
        0.0,
        0.0,
        0.24153427795859128,
        0.0,
        0.0,
        0.0,
        0.0,
        0.0,
        0.0,
        0.0,
        0.0,
        2.0,
        0.0,
        0.19386070937834748,
        0.0,
        0.0,
        0.0,
        0.0,
        0.0,
        0.0,
        0.0,
        0.0,
        0.0,
        0.0,
        0.0,
        0.0,
        0.0,
        0.8141100639841143,
        0.0,
        0.0,
        0.0,
        0.0,
        0.0,
        0.0,
        0.0,
        0.0,
        0.0,
        0.0,
        0.0,
        0.0,
        0.0,
        0.6336043441609709,
        0.0,
        0.7512408691675334,
        0.0,
        0.0,
        0.0,
        0.0,
        6.0,
        0.0,
        0.0,
        0.0,
        0.0,
        0.7584657220414087,
        0.0,
        0.0,
        0.0,
        0.0,
        0.0,
        0.0,
        0.0,
        0.5674659957561341,
        0.0,
        0.0,
        0.0,
        0.0,
        0.0,
        0.0,
        0.0,
        0.0,
        0.0,
        0.0,
        0.0,
        0.0,
        0.0,
        0.0,
        0.0,
        0.0,
        0.0,
        0.0,
        0.0,
        0.6246817757606472,
        0.0,
        0.1996348195975638,
        0.0,
        0.0,
        0.0,
        0.0,
        0.0,
        0.0,
        0.0,
        0.0,
        0.0,
        0.0,
        0.0,
        0.0,
        0.0,
        5.253016988258149,
        0.0,
        0.0
    ],
    "x_il_mccormick": [
        0.0,
        0.0,
        0.0,
        2.2178917798097273,
        2.8632282496369545,
        0.47267286078364157,
        0.0,
        0.0,
        0.4530213081661387,
        0.7033726279116569,
        0.0,
        3.0,
        0.0,
        0.0,
        2.8061392906216525,
        0.0,
        0.0,
        0.3197047603535754,
        5.317645545620746,
        0.0,
        0.0,
        0.6643149736496062,
        3.0,
        0.6038519631887302,
        2.3961480368112698,
        0.0,
        2.682354454379254,
        0.0,
        3.0,
        0.9123418393210605,
        1.4540538165179684,
        0.0,
        0.0,
        0.0,
        0.0,
        0.0,
        0.0,
        0.0,
        0.7469830117418512,
        0.3253645563662504,
        0.0,
        0.0,
        3.0,
        0.0,
        0.0,
        2.3405625766435354,
        0.0,
        2.967717282212276,
        0.0,
        0.0,
        0.0,
        0.0,
        0.0,
        0.0,
        4.918707439214669,
        0.0,
        0.0,
        2.040038544611431,
        0.0,
        0.0,
        0.0,
        0.0,
        0.0,
        0.0,
        0.3364172915114061,
        0.0,
        0.0,
        2.3446913644009393,
        0.402291647340912,
        0.0,
        6.698541774534999
    ],
    "x_lj_mccormick": [
        1.1996348195975646,
        5.023906330901249,
        0.0,
        0.8003651804024362,
        0.13698783443324783,
        1.0,
        0.0,
        0.0,
        2.0,
        0.3753182242393528,
        0.5459461834820316,
        1.6200586876205083,
        1.0,
        0.3799413123794919,
        1.7446353675506332,
        0.0,
        0.0,
        0.0,
        0.3799413123794917,
        1.1951280804234505,
        0.0,
        2.0,
        0.9444145398322656,
        1.2487591308324666,
        0.0,
        0.0,
        5.366395655839029,
        2.601321626373247,
        0.0,
        0.032282717787723694,
        2.0,
        0.9677172822122763,
        0.0,
        2.0,
        6.0,
        0.0,
        2.0,
        1.0,
        0.0,
        0.0,
        1.432534004243866,
        3.398678373626753,
        0.08749506134404972,
        1.1858899360158857,
        3.7173768582325,
        0.402291647340912,
        1.9125049386559503,
        0.0,
        0.0,
        1.0874950613440497,
        1.4540538165179684,
        0.7469830117418512,
        0.0
    ],
    "q_mccormick": [
        0.0,
        0.0,
        0.0,
        0.7392972599365758,
        0.5929449680079428,
        0.33568502635039377,
        0.0,
        0.0,
        0.05662766352076734,
        0.2607027400634242,
        0.0,
        1.0,
        0.0,
        0.0,
        0.3507674113277066,
        0.0,
        0.0,
        0.1276823162246834,
        0.6647056932025933,
        0.0,
        0.0,
        0.6643149736496062,
        1.0,
        0.21981247445215488,
        0.2995185046014087,
        0.0,
        0.33529430679740674,
        0.0,
        0.8723176837753166,
        0.45617091966053025,
        0.8755028313763581,
        0.0,
        0.0,
        0.0,
        0.0,
        0.0,
        0.0,
        0.0,
        0.12449716862364187,
        0.1626822781831252,
        0.0,
        0.0,
        1.0,
        0.0,
        0.0,
        0.7801875255478451,
        0.0,
        1.0,
        0.0,
        0.0,
        0.0,
        0.0,
        0.0,
        0.0,
        1.0,
        0.0,
        0.0,
        0.3400064241019052,
        0.0,
        0.0,
        0.0,
        0.0,
        0.0,
        0.0,
        0.5438290803394698,
        0.0,
        0.0,
        0.29308642055011735,
        0.067048607890152,
        0.0,
        0.8373177218168748
    ],