{
    "x_ij_mccormick": [
        0.0,
        0.4915537735092621,
        0.0,
        0.0,
        0.0,
        0.0,
        1.4236891249898571,
        0.0,
        0.0,
        0.0,
        0.0,
        0.0,
        0.0,
        0.0,
        0.0,
        0.0,
        0.0,
        0.0,
        0.2366588609781317,
        0.0,
        0.0,
        0.0,
        0.0,
        0.0,
        0.0,
        0.0,
        0.0,
        2.0,
        0.0,
        0.0,
        0.0,
        0.0,
        0.0,
        0.0,
        0.0,
        0.0,
        0.0,
        0.0,
        0.0,
        0.0,
        0.0,
        0.0,
        0.0,
        0.7166269389727695,
        0.0,
        0.0,
        0.0,
        0.0,
        0.0,
        0.0,
        0.0,
        0.0,
        0.0,
        0.0,
        0.0,
        0.0,
        0.0,
        1.3545152050177003,
        0.0,
        1.8832086479132226,
        0.0,
        0.0,
        0.0,
        0.0,
        6.0,
        0.0,
        0.0,
        0.0,
        0.0,
        0.7633411390218683,
        0.0,
        0.0,
        0.0,
        0.0,
        0.0,
        0.0,
        0.0,
        0.956307681556257,
        0.0,
        0.0,
        0.0,
        0.0,
        0.0,
        0.0,
        0.0,
        0.0,
        0.0,
        0.0,
        0.0,
        0.0,
        0.0,
        0.0,
        0.0,
        0.0,
        0.0,
        0.0,
        0.0,
        0.6072606273978287,
        0.0,
        0.0,
        0.0,
        0.0,
        0.0,
        0.0,
        0.0,
        0.0,
        0.0,
        0.0,
        0.0,
        0.0,
        0.0,
        0.0,
        0.040872926010626975,
        4.086442306227664,
        0.0,
        0.0
    ],
    "x_il_mccormick": [
        0.0,
        0.0,
        0.0,
        2.280043688291391,
        4.250410662054186,
        1.1947416884293056,
        0.0,
        0.0,
        0.0,
        0.6704459987345779,
        0.0,
        3.0,
        0.0,
        0.0,
        3.0,
        0.0,
        0.0,
        0.9193134178065302,
        5.0,
        0.0,
        1.2005705877350112,
        0.3815691865808373,
        3.0,
        0.9351861549247177,
        2.064813845075282,
        0.0,
        3.0,
        0.0,
        3.0,
        0.0,
        1.6454847949822997,
        0.0,
        0.0,
        0.0,
        0.0,
        0.0,
        0.0,
        0.0,
        1.6732509432713933,
        0.0,
        0.0,
        0.0,
        3.0,
        0.0,
        0.0,
        1.9777040688043632,
        0.0,
        3.0,
        0.0,
        0.0,
        0.0,
        0.0,
        0.0,
        0.0,
        2.60534944511768,
        0.0,
        0.0,
        0.0,
        0.0,
        0.0,
        0.0,
        0.0,
        0.0,
        0.0,
        0.11679135208677746,
        0.0,
        0.0,
        2.935186154924718,
        0.9374986128369878,
        0.0,
        7.564052390477835
    ],
    "x_lj_mccormick": [
        2.0,
        4.564052390477835,
        0.0,
        1.0,
        0.5763108750101429,
        1.0,
        0.0,
        0.0,
        2.0,
        0.39273937260217123,
        0.5577503144237977,
        1.5424239293254498,
        0.959127073989373,
        0.49844899668517717,
        1.508446226490738,
        0.0,
        0.0,
        0.0,
        0.4575760706745502,
        1.953291120641242,
        0.0,
        2.0,
        0.9128902237290808,
        0.11679135208677746,
        0.0,
        0.0,
        4.6454847949823,
        3.317443563922854,
        0.0,
        0.03707164109484595,
        2.0,
        0.962928358905154,
        0.03707164109484595,
        2.0,
        6.0,
        0.0,
        2.0,
        1.0,
        0.0,
        0.0,
        1.043692318443743,
        2.682556436077146,
        0.0796712783318021,
        1.2833730610272305,
        2.9670376010269557,
        0.9374986128369878,
        1.920328721668198,
        0.0,
        0.0,
        1.079671278331802,
        1.4422496855762024,
        1.8764860526774907,
        0.0
    ],
    "q_mccormick": [
        0.0,
        0.0,
        0.0,
        0.7600145627637971,
        0.8437502311938354,
        0.6184308134191627,
        0.0,
        0.0,
        0.0,
        0.2399854372362029,
        0.0,
        1.0,
        0.0,
        0.0,
        0.375,
        0.0,
        0.0,
        0.24577688675463105,
        0.625,
        0.0,
        0.4781538407781285,
        0.3815691865808373,
        1.0,
        0.34076531039854563,
        0.2581017306344102,
        0.0,
        0.375,
        0.0,
        0.754223113245369,
        0.9416043239566113,
        0.7211248427881012,
        0.0,
        0.0,
        0.0,
        0.0,
        0.0,
        0.0,
        0.0,
        0.2788751572118988,
        0.0,
        0.0,
        0.0,
        1.0,
        0.0,
        0.0,
        0.6592346896014544,
        0.0,
        1.0,
        0.0,
        0.0,
        0.0,
        0.0,
        0.0,
        0.0,
        0.5218461592218715,
        0.0,
        0.0,
        0.0,
        0.0,
        0.0,
        0.0,
        0.0,
        0.0,
        0.0,
        0.05839567604338873,
        0.0,
        0.0,
        0.3668982693655897,
        0.15624976880616462,
        0.0,
        1.0
    ],