{
    "x_ij_mccormick": [
        0.0,
        0.11611697689519486,
        0.4671294853750199,
        0.0,
        0.0,
        0.0,
        1.537826427850743,
        0.0,
        0.0,
        0.0,
        0.0,
        0.0,
        0.0,
        0.0,
        0.0,
        0.0,
        0.0,
        0.0,
        0.24028689992773522,
        0.0,
        0.0,
        0.0,
        0.0,
        0.0,
        0.0,
        0.0,
        0.0,
        2.0,
        0.0,
        0.0,
        0.0,
        0.0,
        0.0,
        0.0,
        0.0,
        0.0,
        0.0,
        0.0,
        0.0,
        0.0,
        0.0,
        0.0,
        0.0,
        0.6562486031876765,
        0.0,
        0.0,
        0.0,
        0.0,
        0.0,
        0.0,
        0.0,
        0.0,
        0.0,
        0.0,
        0.0,
        0.6954285337247326,
        0.0,
        1.3115864806136444,
        0.02136207815473702,
        1.7643731397563958,
        0.0,
        0.0,
        0.0,
        0.0,
        6.0,
        0.0,
        0.0,
        0.0,
        0.0,
        0.7597131000722648,
        0.0,
        0.0,
        0.0,
        0.0,
        0.0,
        0.0,
        0.08091929287866839,
        0.9531528051218774,
        0.0,
        0.0,
        0.0,
        0.0,
        0.0,
        0.0,
        0.0,
        0.0,
        0.0,
        0.15135328562050954,
        0.0,
        0.0,
        0.0,
        0.0,
        0.0,
        0.0,
        0.0,
        0.0,
        0.0,
        0.615763960405911,
        0.0,
        0.1487486301916292,
        0.0,
        0.0,
        0.0,
        0.0,
        0.0,
        0.0,
        0.0,
        0.0,
        0.0,
        0.0,
        0.0,
        0.0,
        0.0856736257725147,
        5.5639282848897755,
        0.0,
        0.0
    ],
    "x_il_mccormick": [
        0.0,
        0.7689132139253715,
        0.0,
        2.282620554648496,
        2.81138968150819,
        0.612341065345217,
        0.0,
        0.0,
        0.4186082747676604,
        0.6701909039575787,
        0.0,
        3.0,
        0.0,
        0.0,
        3.0,
        0.0,
        0.0,
        0.11611697689519501,
        5.0,
        0.0,
        0.7656868624745079,
        0.0,
        3.0,
        0.7690063641053705,
        2.2309936358946296,
        0.0,
        3.0,
        0.0,
        2.3045714662752674,
        0.23562686024360435,
        1.4314245809880142,
        0.0,
        0.0,
        0.0,
        0.0,
        0.0,
        0.0,
        0.0,
        0.43607171511022447,
        0.2974972603832584,
        0.0,
        0.0,
        2.8486467143794902,
        0.0,
        0.0,
        2.1675996262913113,
        0.0,
        2.978637921845263,
        0.0,
        0.0,
        0.0,
        0.0,
        0.0,
        0.0,
        2.274145318065238,
        0.0,
        0.0,
        4.493512354250786,
        0.0,
        0.0,
        0.0,
        0.0,
        0.0,
        0.0,
        0.0,
        0.0,
        0.0,
        2.35039808933771,
        0.0,
        0.0,
        6.502994939265268
    ],
    "x_lj_mccormick": [
        2.0,
        3.9492408298401553,
        0.0,
        0.8512513698083708,
        0.462173572149257,
        0.9190807071213316,
        0.0,
        0.0,
        2.0,
        0.38423603959408903,
        0.5685754190119858,
        1.4631945799343429,
        0.9143263742274853,
        0.6224790458381717,
        1.8838830231048052,
        0.0,
        0.0,
        0.0,
        0.5368054200656572,
        0.0,
        0.0,
        2.0,
        0.9366059903966816,
        0.23562686024360435,
        0.0,
        0.0,
        4.688413519386356,
        3.311586480613644,
        0.0,
        0.0,
        2.0,
        0.978637921845263,
        0.0,
        2.0,
        6.0,
        0.0,
        1.8486467143794905,
        1.0,
        0.0,
        0.0,
        1.0468471948781226,
        1.9929849856616233,
        0.0,
        0.8766219114373035,
        5.0,
        1.428280124321673,
        2.0,
        0.0,
        0.0,
        1.0,
        1.4314245809880142,
        0.43607171511022447,
        0.0
    ],
    "q_mccormick": [
        0.0,
        0.7689132139253715,
        0.0,
        0.7608735182161653,
        0.43831095571865175,
        0.2310867860746285,
        0.0,
        0.0,
        0.05232603434595756,
        0.2391264817838347,
        0.0,
        1.0,
        0.0,
        0.0,
        0.375,
        0.0,
        0.0,
        0.05805848844759742,
        0.625,
        0.0,
        0.4765764025609387,
        0.0,
        1.0,
        0.27746679123622964,
        0.2788742044868287,
        0.0,
        0.375,
        0.0,
        0.9419415115524026,
        1.0,
        0.9273213808149626,
        0.0,
        0.0,
        0.0,
        0.0,
        0.0,
        0.0,
        0.0,
        0.07267861918503742,
        0.1487486301916292,
        0.0,
        0.0,
        1.0,
        0.0,
        0.0,
        0.7225332087637704,
        0.0,
        1.0,
        0.0,
        0.0,
        0.0,
        0.0,
        0.0,
        0.0,
        0.5234235974390613,
        0.0,
        0.0,
        0.5616890442813482,
        0.0,
        0.0,
        0.0,
        0.0,
        0.0,
        0.0,
        0.0,
        0.0,
        0.0,
        0.29379976116721374,
        0.0,
        0.0,
        0.8512513698083708
    ],