{
    "x_ij_mccormick": [
        0.0,
        0.4571239711197866,
        0.0,
        0.0,
        0.4929524799163285,
        0.0,
        1.268744217637844,
        0.0,
        0.0,
        0.0,
        0.0,
        0.0,
        0.0,
        0.0,
        0.0,
        0.0,
        0.0,
        0.0,
        0.0,
        0.0,
        0.0,
        0.0,
        0.0,
        0.0,
        0.0,
        0.0,
        0.0,
        2.0,
        0.0,
        0.0,
        0.0,
        0.0,
        0.0,
        0.0,
        0.0,
        0.0,
        0.0,
        0.0,
        0.0,
        0.0,
        0.0,
        0.0,
        0.0,
        0.6466031889256356,
        0.0,
        0.0,
        0.0,
        0.0,
        0.0,
        0.0,
        0.0,
        0.0,
        0.0,
        0.0,
        0.0,
        1.2198751120926274,
        0.0,
        0.2544042803297092,
        0.0,
        0.45175474290408224,
        0.0,
        0.0,
        0.0,
        0.0,
        6.0,
        0.0,
        0.0,
        0.0,
        0.0,
        0.7738694273101634,
        0.0,
        0.0,
        0.0,
        0.0,
        0.0,
        0.0,
        0.0,
        0.9970056403476111,
        0.0496531056355094,
        0.0,
        0.0,
        0.0,
        0.0,
        0.0,
        0.0,
        0.0,
        0.0,
        0.06061610270787532,
        0.0,
        1.4694463856205409,
        0.0,
        0.0,
        0.0,
        0.0,
        0.0,
        0.0,
        0.0,
        0.7430481301683185,
        0.0,
        0.0,
        0.0,
        0.0,
        0.0,
        0.0,
        0.0,
        0.0,
        0.0,
        0.0,
        0.0,
        0.0,
        0.0,
        0.0,
        0.0,
        4.560577190655627,
        0.0,
        0.0
    ],
    "x_il_mccormick": [
        0.0,
        0.0,
        0.0,
        2.1451840902566195,
        4.890781970503018,
        1.3529575469192703,
        0.0,
        0.0,
        0.0,
        0.618568396740206,
        0.0,
        3.0,
        0.0,
        0.0,
        3.0,
        0.0,
        0.0,
        0.0,
        5.0,
        0.0,
        1.080887199929742,
        0.3782982354428857,
        3.0,
        0.8072365626627278,
        2.1927634373372724,
        0.0,
        3.0,
        0.0,
        1.7801248879073726,
        1.2523963368354345,
        1.3357010408327397,
        0.15749834200211624,
        0.0,
        0.0,
        0.0,
        0.0,
        0.0,
        0.0,
        1.4394228093443735,
        0.1363264690112383,
        0.0,
        0.0,
        2.9393838972921245,
        0.0,
        0.0,
        2.1927634373372724,
        0.0,
        2.8892980945041105,
        0.0,
        0.0,
        0.0,
        0.0,
        0.0,
        0.0,
        2.570208256617115,
        0.0,
        0.0,
        0.0,
        0.0,
        0.0,
        0.0,
        0.0,
        0.0,
        0.0,
        0.5219794929503199,
        0.0,
        0.0,
        2.8072365626627276,
        0.6106148335846084,
        0.0,
        7.454694123955047
    ],
    "x_lj_mccormick": [
        1.5070475200836715,
        5.152136307388233,
        0.0,
        0.9318367654943809,
        0.731255782362156,
        1.0,
        0.0,
        0.0,
        2.0,
        0.2569518698316815,
        0.6642989591672603,
        1.762751140972841,
        1.0,
        0.2372488590271591,
        1.5428760288802135,
        0.0,
        0.0,
        0.0,
        0.2372488590271591,
        0.0,
        0.0,
        2.0,
        1.0,
        1.5482452570959178,
        0.22613057268983666,
        0.0,
        5.745595719670291,
        2.1437023748338193,
        0.0,
        0.11070190549588926,
        2.0,
        0.8892980945041107,
        0.0,
        1.9503468943644906,
        6.0,
        0.0496531056355094,
        1.9393838972921247,
        1.0,
        0.0,
        0.0,
        1.002994359652389,
        2.636422513073553,
        0.011678583820915567,
        1.303743705438855,
        3.587038265064163,
        0.6106148335846084,
        1.9883214161790845,
        0.06816323450561912,
        0.0,
        0.9435153493152963,
        1.3357010408327397,
        1.4394228093443735,
        0.0
    ],
    "q_mccormick": [
        0.0,
        0.0,
        0.0,
        0.7150613634188732,
        0.8982308610692319,
        0.6217017645571143,
        0.0,
        0.0,
        0.0,
        0.20618946558006868,
        0.0,
        1.0,
        0.0,
        0.0,
        0.375,
        0.0,
        0.0,
        0.22856198555989327,
        0.625,
        0.0,
        0.49850282017380554,
        0.3782982354428857,
        1.0,
        0.26907885422090927,
        0.27409542966715905,
        0.0,
        0.375,
        0.0,
        0.7714380144401067,
        0.7390102535248401,
        0.7600961984426045,
        0.07874917100105812,
        0.0,
        0.0,
        0.0,
        0.0,
        0.0,
        0.0,
        0.23990380155739557,
        0.06816323450561915,
        0.0,
        0.0,
        1.0,
        0.0,
        0.0,
        0.7309211457790907,
        0.0,
        1.0,
        0.0,
        0.0,
        0.0,
        0.0,
        0.0,
        0.0,
        0.5014971798261945,
        0.0,
        0.0,
        0.0,
        0.0,
        0.0,
        0.0,
        0.0,
        0.0,
        0.0,
        0.26098974647515993,
        0.0,
        0.0,
        0.350904570332841,
        0.10176913893076807,
        0.0,
        0.9318367654943809
    ],