{
    "x_ij_mccormick": [
        0.0,
        0.0,
        0.0,
        0.0,
        0.0,
        0.0,
        1.7343759898795157,
        0.0,
        0.0,
        0.0,
        0.0,
        0.0,
        0.0,
        0.0,
        0.0,
        0.0,
        0.0,
        0.0,
        0.21254242305551996,
        0.0,
        0.0,
        0.0,
        0.0,
        0.0,
        0.0,
        0.0,
        0.0,
        2.0,
        0.0,
        0.0,
        0.0,
        0.0,
        0.0,
        0.0,
        0.0,
        0.0,
        0.0,
        0.0,
        0.0,
        0.0,
        0.0,
        0.0,
        0.0,
        0.9322996934835679,
        0.0,
        0.0,
        0.0,
        0.0,
        0.0,
        0.0,
        0.0,
        0.0,
        0.0,
        0.0,
        0.0,
        0.5556794643228122,
        0.0,
        0.16716886069176784,
        0.16181898226817804,
        0.0,
        0.0,
        0.0,
        0.0,
        0.0,
        6.0,
        0.0,
        0.0,
        0.0,
        0.0,
        0.78745757694448,
        0.0,
        0.0,
        0.0,
        0.0,
        0.0,
        0.0,
        0.0,
        0.8941996281447202,
        0.0,
        0.0,
        0.0,
        0.0,
        0.0,
        0.0,
        0.0,
        0.0,
        0.0,
        0.0,
        0.0,
        1.7512594899062557,
        0.0,
        0.0,
        0.0,
        0.0,
        0.0,
        0.0,
        0.0,
        0.7860863731275737,
        0.0,
        0.0,
        0.0,
        0.0,
        0.0,
        0.0,
        0.0,
        0.0,
        0.0,
        0.0,
        0.0,
        0.0,
        0.0,
        0.0,
        0.0,
        5.4506355863268725,
        0.0,
        0.0
    ],
    "x_il_mccormick": [
        0.0,
        0.0,
        0.0,
        2.273772484698262,
        4.280116120473512,
        0.7106553784150829,
        0.0,
        0.0,
        1.5037228247309788,
        0.655183059662034,
        0.0,
        3.0,
        0.0,
        0.0,
        3.0,
        0.0,
        0.0,
        0.0,
        7.018515782663719,
        0.0,
        1.035396677840457,
        0.5549686317054013,
        3.0,
        0.7477708719150349,
        2.252229128084965,
        0.0,
        0.9814842173362814,
        0.0,
        2.4443205356771878,
        1.2820391399945552,
        1.3889730170454988,
        0.0,
        0.0,
        0.0,
        0.0,
        0.0,
        0.0,
        0.0,
        0.2835304968715806,
        0.0,
        0.0,
        0.0,
        3.0,
        0.0,
        0.0,
        2.182404482712542,
        0.0,
        2.843977598199947,
        0.0,
        0.0,
        0.0,
        0.0,
        0.0,
        0.0,
        3.383880065136907,
        0.0,
        0.0,
        0.0,
        0.0,
        0.0,
        0.0,
        0.0,
        0.0,
        0.1560224018000529,
        0.717960860005445,
        0.0,
        0.0,
        1.2440480471840578,
        1.3053163664890697,
        0.0,
        7.250363097833743
    ],
    "x_lj_mccormick": [
        2.0,
        4.250363097833743,
        0.0,
        1.0,
        0.2656240101204842,
        1.0,
        0.0,
        0.0,
        2.0,
        0.2139136268724263,
        0.71504191748787,
        1.5556794643228122,
        1.0,
        0.44432053567718777,
        2.0,
        0.0,
        0.0,
        0.0,
        0.44432053567718777,
        0.0,
        0.0,
        2.0,
        0.9301753546275768,
        2.0,
        0.0,
        0.0,
        5.832831139308232,
        2.167168860691768,
        0.0,
        0.0,
        1.8959850654666313,
        0.838181017731822,
        0.2658339168015469,
        2.0,
        6.0,
        0.0,
        2.0,
        1.0,
        0.0,
        0.0,
        1.1058003718552798,
        3.27715167498542,
        0.03632469613666456,
        1.067700306516432,
        3.21241581395708,
        1.3053163664890697,
        1.9636753038633354,
        0.0,
        0.0,
        1.0363246961366646,
        1.28495808251213,
        0.2835304968715806,
        0.10401493453336874
    ],
    "q_mccormick": [
        0.0,
        0.0,
        0.0,
        0.7579241615660874,
        0.7824472722518218,
        0.44503136829459866,
        0.0,
        0.0,
        0.18796535309137238,
        0.2420758384339125,
        0.0,
        1.0,
        0.0,
        0.0,
        0.375,
        0.0,
        0.0,
        0.0,
        0.8773144728329648,
        0.0,
        0.4470998140723601,
        0.5549686317054013,
        1.0,
        0.27253183909581935,
        0.2815286410106206,
        0.0,
        0.12268552716703518,
        0.0,
        1.0,
        0.6410195699972775,
        0.9527449171880699,
        0.0,
        0.0,
        0.0,
        0.0,
        0.0,
        0.0,
        0.0,
        0.0472550828119301,
        0.0,
        0.0,
        0.0,
        1.0,
        0.0,
        0.0,
        0.7274681609041806,
        0.0,
        0.9479925327333157,
        0.0,
        0.0,
        0.0,
        0.0,
        0.0,
        0.0,
        0.5529001859276399,
        0.0,
        0.0,
        0.0,
        0.0,
        0.0,
        0.0,
        0.0,
        0.0,
        0.052007467266684294,
        0.3589804300027225,
        0.0,
        0.0,
        0.15550600589800712,
        0.21755272774817827,
        0.0,
        1.0
    ],