{
    "x_ij_mccormick": [
        0.0,
        0.351856701816889,
        0.0,
        0.0,
        0.5029033383787476,
        0.0,
        1.730911256235965,
        0.0,
        0.0,
        0.0,
        0.0,
        0.0,
        0.0,
        0.0,
        0.0,
        0.0,
        0.0,
        0.0,
        0.2785561541524413,
        0.0,
        0.0,
        0.0,
        0.0,
        0.0,
        0.0,
        0.0,
        0.0,
        2.0,
        0.0,
        0.0,
        0.0,
        0.0,
        0.0,
        0.0,
        0.0,
        0.0,
        0.0,
        0.0,
        0.0,
        0.0,
        0.0,
        0.0,
        0.0,
        0.8255242736497743,
        0.0,
        0.0,
        0.0,
        0.0,
        0.0,
        0.0,
        0.0,
        0.0,
        0.0,
        0.0,
        0.0,
        0.8492363398992571,
        0.0,
        0.6189847512348026,
        0.0,
        1.440729406010619,
        0.0,
        0.0,
        0.0,
        0.0,
        6.0,
        0.0,
        0.0,
        0.0,
        0.0,
        0.7214438458475587,
        0.0,
        0.0,
        0.0,
        0.0,
        0.0,
        0.0,
        0.0,
        0.6871233757555069,
        0.0,
        0.0,
        0.0,
        0.0,
        0.0,
        0.0,
        0.0,
        0.0,
        0.0,
        0.22887926338963083,
        0.0,
        0.0,
        0.0,
        0.0,
        0.0,
        0.0,
        0.0,
        0.0,
        0.0,
        0.4288821153904815,
        0.0,
        0.14999562193923377,
        0.0,
        0.0,
        0.0,
        0.0,
        0.0,
        0.0,
        0.0,
        0.0,
        0.0,
        0.0,
        0.0,
        0.0,
        0.0,
        5.816804922862864,
        0.0,
        0.0
    ],
    "x_il_mccormick": [
        0.0,
        0.4346037995611809,
        0.0,
        2.1153243942014957,
        3.3867872093500253,
        0.8344849442028541,
        0.0,
        0.0,
        1.3261495547136317,
        0.8172439127693425,
        0.0,
        3.0,
        0.0,
        0.0,
        3.0,
        0.0,
        0.0,
        1.0555701054506672,
        5.372912748931843,
        0.0,
        0.0,
        0.0,
        3.0,
        0.7648902224509789,
        2.235109777549021,
        0.0,
        2.6270872510681578,
        0.0,
        2.150763660100743,
        0.559270593989381,
        1.8217446547758165,
        0.0,
        0.0,
        0.0,
        0.0,
        0.0,
        0.0,
        0.0,
        0.0,
        0.29999124387846765,
        0.0,
        0.0,
        2.771120736610369,
        0.0,
        0.0,
        2.171047073703907,
        0.0,
        2.945405944454814,
        0.0,
        0.0,
        0.0,
        0.0,
        0.0,
        0.0,
        3.8992495886556195,
        0.0,
        0.0,
        1.7321184115495334,
        0.0,
        0.0,
        0.0,
        0.0,
        0.0,
        0.0,
        0.0,
        0.0,
        0.0,
        1.4387406677373469,
        0.7444544093997894,
        0.0,
        6.800035024486129
    ],
    "x_lj_mccormick": [
        1.4970966616212524,
        4.752925228682578,
        0.0,
        0.8500043780607662,
        0.26908874376403497,
        1.0,
        0.0,
        0.0,
        2.0,
        0.5711178846095185,
        0.36145042236131975,
        1.4973796380823678,
        1.0,
        0.5026203619176322,
        1.648143298183111,
        0.0,
        0.0,
        0.0,
        0.5026203619176322,
        1.0555701054506672,
        0.0,
        2.0,
        0.9359372961548862,
        0.559270593989381,
        0.0,
        0.0,
        5.381015248765197,
        2.564390695689617,
        0.0,
        0.05459405554518581,
        2.0,
        0.9454059444548142,
        0.0,
        2.0,
        6.0,
        0.0,
        1.7711207366103692,
        1.0,
        0.0,
        0.0,
        1.3128766242444931,
        2.5863729644111264,
        0.0,
        1.1744757263502257,
        3.944429894549333,
        0.7444544093997895,
        2.0,
        0.0,
        0.0,
        1.0,
        1.6385495776386803,
        0.18319507713713623,
        0.0
    ],
    "q_mccormick": [
        0.0,
        0.4346037995611809,
        0.0,
        0.7051081314004986,
        0.5872378631751128,
        0.5653962004388191,
        0.0,
        0.0,
        0.16576869433920394,
        0.2948918685995014,
        0.0,
        1.0,
        0.0,
        0.0,
        0.375,
        0.0,
        0.0,
        0.1759283509084445,
        0.6716140936164804,
        0.0,
        0.34356168787775343,
        0.0,
        1.0,
        0.2763176420986976,
        0.27938872219362765,
        0.0,
        0.3283859063835196,
        0.0,
        0.8240716490915555,
        0.2796352969946905,
        1.0,
        0.0,
        0.0,
        0.0,
        0.0,
        0.0,
        0.0,
        0.0,
        0.0,
        0.14999562193923383,
        0.0,
        0.0,
        1.0,
        0.0,
        0.0,
        0.7236823579013024,
        0.0,
        1.0,
        0.0,
        0.0,
        0.0,
        0.0,
        0.0,
        0.0,
        0.6564383121222466,
        0.0,
        0.0,
        0.28868640192492223,
        0.0,
        0.0,
        0.0,
        0.0,
        0.0,
        0.0,
        0.7203647030053095,
        0.0,
        0.0,
        0.1798425834671683,
        0.12407573489996492,
        0.0,
        0.8500043780607662
    ],