{
    "x_ij_mccormick": [
        0.0,
        0.0,
        0.0,
        0.0,
        0.38932185108674444,
        0.0,
        1.4741233325346266,
        0.0,
        0.0,
        0.0,
        0.0,
        0.0,
        0.0,
        0.0,
        0.0,
        0.0,
        0.0,
        0.0,
        0.26150657921831755,
        0.0,
        0.0,
        0.0,
        0.0,
        0.0,
        0.0,
        0.0,
        0.0,
        2.0,
        0.0,
        0.0,
        0.0,
        0.0,
        0.0,
        0.0,
        0.0,
        0.0,
        0.0,
        0.0,
        0.0,
        0.0,
        0.0,
        0.0,
        0.0,
        0.866345909650692,
        0.0,
        0.0,
        0.0,
        0.0,
        0.0,
        0.0,
        0.0,
        0.0,
        0.0,
        0.0,
        0.0,
        0.5102382170622746,
        0.0,
        0.22155874480286653,
        0.010272040897143914,
        0.0,
        0.0,
        0.0,
        0.0,
        0.0,
        6.0,
        0.0,
        0.49940608779372286,
        0.0,
        0.0,
        0.7384934207816825,
        0.0,
        0.0,
        0.0,
        0.0,
        0.0,
        0.0,
        0.0,
        0.9631495419453915,
        0.0,
        0.0,
        0.0,
        0.0,
        0.0,
        0.0,
        0.0,
        0.0,
        0.0,
        0.0,
        0.0,
        0.32764078639665006,
        0.0,
        0.0,
        0.0,
        0.0,
        0.0,
        0.0,
        0.0,
        0.7652045218091076,
        0.0,
        0.1622005573141383,
        0.0,
        0.0,
        0.0,
        0.0,
        0.0,
        0.0,
        0.0,
        0.0,
        0.0,
        0.0,
        0.0,
        0.0,
        0.0,
        5.9350056474524,
        0.0,
        0.0
    ],
    "x_il_mccormick": [
        0.0,
        0.5841431692007728,
        0.0,
        2.2429053266905195,
        3.2183008670930175,
        0.9417334982646006,
        0.0,
        0.0,
        0.5809509886367303,
        0.6585770672487664,
        0.0,
        3.0,
        0.0,
        0.0,
        3.0,
        0.0,
        0.0,
        0.0,
        6.558070334806821,
        0.0,
        0.8028377954819352,
        0.0,
        3.0,
        0.6459453411843306,
        2.354054658815669,
        0.0,
        1.4419296651931788,
        0.0,
        2.4897617829377254,
        1.3698617775007822,
        1.3983074367992074,
        0.0,
        0.0,
        0.0,
        0.0,
        0.0,
        0.0,
        0.0,
        0.0,
        0.3063184643605785,
        0.0,
        0.0,
        3.0,
        0.0,
        0.0,
        2.299326109904853,
        0.0,
        2.989727959102856,
        0.0,
        0.0,
        0.0,
        0.0,
        0.0,
        0.0,
        3.0028096129138095,
        0.0,
        0.0,
        3.465383638602769,
        0.0,
        0.0,
        0.0,
        0.0,
        0.0,
        0.0,
        0.6301382224992178,
        0.0,
        0.0,
        2.0649943525476004,
        0.0,
        0.0,
        6.774726142557686
    ],
    "x_lj_mccormick": [
        1.6106781489132556,
        4.632567015319147,
        0.0,
        0.8377994426858617,
        0.5258766674653733,
        1.0,
        0.0,
        0.0,
        2.0,
        0.23479547819089244,
        0.6666869157483934,
        1.5102382170622746,
        1.0,
        0.48976178293772543,
        2.0,
        0.0,
        0.0,
        0.0,
        0.48976178293772543,
        0.0,
        0.0,
        2.0,
        0.9452714510891834,
        2.0,
        0.0,
        0.0,
        5.279035167403411,
        2.7209648325965894,
        0.0,
        0.0,
        2.0,
        0.989727959102856,
        0.0,
        2.0,
        6.0,
        0.0,
        2.0,
        1.0,
        0.0,
        0.0,
        1.0368504580546085,
        2.768796950341136,
        0.0,
        1.133654090349308,
        4.67235921360335,
        0.8776712017431282,
        2.0,
        0.0,
        0.0,
        1.0,
        1.3333130842516066,
        0.06499435254760044,
        0.0
    ],
    "q_mccormick": [
        0.0,
        0.5841431692007728,
        0.0,
        0.7476351088968398,
        0.566827045174654,
        0.4158568307992272,
        0.0,
        0.0,
        0.07261887357959129,
        0.2523648911031602,
        0.0,
        1.0,
        0.0,
        0.0,
        0.375,
        0.0,
        0.0,
        0.0,
        0.8197587918508527,
        0.0,
        0.48157477097269574,
        0.0,
        1.0,
        0.23355796336504903,
        0.29425683235195865,
        0.0,
        0.18024120814914735,
        0.0,
        1.0,
        0.6849308887503911,
        1.0,
        0.0,
        0.0,
        0.0,
        0.0,
        0.0,
        0.0,
        0.0,
        0.0,
        0.15315923218028926,
        0.0,
        0.0,
        1.0,
        0.0,
        0.0,
        0.7664420366349509,
        0.0,
        1.0,
        0.0,
        0.0,
        0.0,
        0.0,
        0.0,
        0.0,
        0.5184252290273043,
        0.0,
        0.0,
        0.433172954825346,
        0.0,
        0.0,
        0.0,
        0.0,
        0.0,
        0.0,
        0.3150691112496089,
        0.0,
        0.0,
        0.25812429406845006,
        0.0,
        0.0,
        0.8468407678197107
    ],