{
    "x_ij_mccormick": [
        0.0,
        0.21438792392946437,
        0.0,
        0.0,
        0.7079301296555853,
        0.0,
        1.6100290478393937,
        0.0,
        0.0,
        0.0,
        0.0,
        0.0,
        0.0,
        0.0,
        0.0,
        0.0,
        0.0,
        0.0,
        0.29068645501241075,
        0.0,
        0.0,
        0.0,
        0.0,
        0.0,
        0.0,
        0.0,
        0.0,
        2.0,
        0.0,
        0.0,
        0.0,
        0.0,
        0.0,
        0.0,
        0.0,
        0.0,
        0.0,
        0.0,
        0.0,
        0.0,
        0.0,
        0.0,
        0.0,
        0.8862977422583758,
        0.0,
        0.0,
        0.0,
        0.0,
        0.0,
        0.0,
        0.0,
        0.0,
        0.0,
        0.0,
        0.0,
        0.9355207776265406,
        0.0,
        0.16756872331739442,
        0.0,
        1.2512555572619164,
        0.0,
        0.0,
        0.0,
        0.0,
        6.0,
        0.0,
        0.0,
        0.0,
        0.0,
        0.7093135449875893,
        0.0,
        0.0,
        0.0,
        0.0,
        0.0,
        0.0,
        0.0,
        0.43565270730693473,
        0.0,
        0.0,
        0.0,
        0.0,
        0.0,
        0.0,
        0.0,
        0.0,
        0.0,
        0.0,
        0.0,
        0.0,
        0.0,
        0.0,
        0.0,
        0.0,
        0.0,
        0.0,
        0.0,
        0.7130725838835767,
        0.0,
        0.04875100268315613,
        0.0,
        0.0,
        0.0,
        0.0,
        0.0,
        0.0,
        0.0,
        0.0,
        0.0,
        0.0,
        0.0,
        0.0,
        0.0,
        3.2691884305149,
        0.0,
        0.0
    ],
    "x_il_mccormick": [
        0.0,
        0.0,
        0.0,
        2.165926326463828,
        4.37138155328094,
        0.8242461589368967,
        0.0,
        0.0,
        0.2231963453028293,
        0.7567119686628812,
        0.0,
        3.0,
        0.0,
        0.0,
        3.0,
        0.0,
        0.0,
        0.0,
        7.018938447966708,
        0.0,
        0.0,
        0.5657247932237095,
        3.0,
        0.7786972533253924,
        2.2213027466746076,
        0.0,
        0.981061552033292,
        0.0,
        2.0644792223734596,
        0.7487444427380836,
        2.0836868339445216,
        0.0,
        0.0,
        0.0,
        0.0,
        0.0,
        0.0,
        0.0,
        1.907132637030858,
        0.1646924842002076,
        0.0,
        0.0,
        3.0,
        0.0,
        0.0,
        2.1659149254212364,
        0.0,
        3.0,
        0.0,
        0.0,
        0.0,
        0.0,
        0.0,
        0.0,
        4.591078228205671,
        0.0,
        0.0,
        0.0,
        0.0,
        0.0,
        0.0,
        0.0,
        0.0,
        0.0,
        0.0,
        0.0,
        0.0,
        2.555500908022564,
        2.175310661462536,
        0.0,
        7.34123006319917
    ],
    "x_lj_mccormick": [
        1.2920698703444147,
        5.296198919155066,
        0.0,
        0.9176537578998962,
        0.3899709521606062,
        1.0,
        0.0,
        0.0,
        2.0,
        0.28692741611642325,
        0.6357108790102861,
        1.7211328536970762,
        1.0,
        0.27886714630292386,
        1.7856120760705356,
        0.0,
        0.0,
        0.0,
        0.27886714630292375,
        0.0,
        0.0,
        2.0,
        0.944612178746629,
        0.7487444427380836,
        0.0,
        0.0,
        5.832431276682605,
        2.06328750381796,
        0.0,
        0.10428121949943439,
        2.0,
        0.8957187805005656,
        0.10428121949943436,
        2.0,
        6.0,
        0.0,
        2.0,
        1.0,
        0.0,
        0.0,
        1.5643472926930653,
        3.001191718555499,
        0.02553921695710626,
        1.1137022577416242,
        5.008056022459842,
        0.4249339345420094,
        1.9744607830428937,
        0.03359523941694764,
        0.0,
        0.9919439775401586,
        1.3642891209897139,
        2.6265303499856656,
        0.0
    ],
    "q_mccormick": [
        0.0,
        0.0,
        0.0,
        0.7219754421546094,
        0.5568511288708121,
        0.4342752067762905,
        0.0,
        0.0,
        0.027899543162853663,
        0.2780245578453906,
        0.0,
        1.0,
        0.0,
        0.0,
        0.375,
        0.0,
        0.0,
        0.10719396196473219,
        0.8773673059958385,
        0.0,
        0.0,
        0.5657247932237095,
        1.0,
        0.27802835819292115,
        0.27766284333432595,
        0.0,
        0.12263269400416155,
        0.0,
        0.8928060380352678,
        1.0,
        0.6821445604948569,
        0.0,
        0.0,
        0.0,
        0.0,
        0.0,
        0.0,
        0.0,
        0.31785543950514306,
        0.0823462421001038,
        0.0,
        0.0,
        1.0,
        0.0,
        0.0,
        0.7219716418070788,
        0.0,
        1.0,
        0.0,
        0.0,
        0.0,
        0.0,
        0.0,
        0.0,
        1.0,
        0.0,
        0.0,
        0.15141941664243347,
        0.0,
        0.0,
        0.0,
        0.0,
        0.0,
        0.0,
        0.0,
        0.0,
        0.0,
        0.31943761350282035,
        0.2917294544867544,
        0.0,
        0.9176537578998962
    ],