{
    "x_ij_mccormick": [
        0.0,
        0.1381605326875841,
        0.0,
        0.0,
        1.121557400631227,
        0.0,
        1.5757214237083732,
        0.0,
        0.0,
        0.0,
        0.0,
        0.0,
        0.0,
        0.0,
        0.0,
        0.0,
        0.0,
        0.0,
        0.0,
        0.0,
        0.0,
        0.0,
        0.0,
        0.0,
        0.06649527735438698,
        0.0,
        0.0,
        2.0,
        0.0,
        0.0,
        0.0,
        0.0,
        0.0,
        0.0,
        0.0,
        0.0,
        0.0,
        0.0,
        0.0,
        0.0,
        0.0,
        0.0,
        0.0,
        0.8528226472310854,
        0.0,
        0.0,
        0.0,
        0.0,
        0.0,
        0.0,
        0.0,
        0.0,
        0.0,
        0.0,
        0.0,
        0.8648477571351307,
        0.0,
        0.7158974827669162,
        0.10402560230842851,
        0.7263001457867548,
        0.0,
        0.0,
        0.0,
        0.0,
        6.0,
        0.0,
        0.0,
        0.0,
        0.0,
        0.7997435340408032,
        0.0,
        0.0,
        0.0,
        0.0,
        0.0,
        0.0,
        0.0,
        1.0162397853521554,
        0.0,
        0.0,
        0.0,
        0.0,
        0.0,
        0.0,
        0.0,
        0.0,
        0.0,
        0.014550834093549181,
        0.0,
        1.5391455202317732,
        0.0,
        0.0,
        0.0,
        0.0,
        0.0,
        0.0,
        0.0,
        0.7998442593290085,
        0.0,
        0.2508905582296772,
        0.0,
        0.0,
        0.0,
        0.0,
        0.0,
        0.0,
        0.0,
        0.0,
        0.0,
        0.0,
        0.0,
        0.0,
        0.0,
        4.72168240853878,
        0.0,
        0.0
    ],
    "x_il_mccormick": [
        0.0,
        0.28088058575247676,
        0.0,
        2.196666000357385,
        4.608031832537142,
        1.14339799053915,
        0.0,
        0.0,
        0.0,
        0.7357117404327347,
        0.0,
        3.0,
        0.0,
        0.0,
        2.694397293842893,
        0.0,
        0.0,
        0.0,
        5.0,
        0.0,
        0.5934425725881394,
        0.0,
        3.0,
        0.8324474244233947,
        2.167552575576605,
        0.0,
        3.0,
        0.0,
        2.1351522428648693,
        0.9787941923981704,
        1.2012827225264853,
        0.0,
        0.0,
        0.0,
        0.0,
        0.0,
        0.0,
        0.0,
        1.174291989152791,
        0.1378600788110571,
        0.0,
        0.0,
        2.985449165906451,
        0.0,
        0.0,
        2.0831114618155104,
        0.0,
        3.0,
        0.0,
        0.0,
        0.0,
        0.0,
        0.0,
        0.0,
        2.8095724021576585,
        0.0,
        0.0,
        0.0,
        0.0,
        0.0,
        0.0,
        0.0,
        0.0,
        0.0,
        0.4951621277742715,
        0.0,
        0.0,
        3.1380501305805018,
        0.14026746088071818,
        0.0,
        7.076111725894867
    ],
    "x_lj_mccormick": [
        0.8784425993687729,
        5.586419763566829,
        0.0,
        0.7491094417703228,
        0.42427857629162685,
        1.0,
        0.0,
        0.0,
        1.933504722645613,
        0.20015574067099146,
        0.7987172774735147,
        1.7266872244475469,
        1.0,
        0.2733127755524529,
        1.861839467312416,
        0.0,
        0.0,
        0.0,
        0.27331277555245315,
        0.0,
        0.0,
        2.0,
        0.9155588862389051,
        1.2736998542132452,
        0.20025646595919674,
        0.0,
        5.284102517233084,
        2.7158974827669162,
        0.0,
        0.0,
        2.0,
        0.8959743976915715,
        0.1040256023084285,
        2.0,
        6.0,
        0.0,
        1.9854491659064508,
        1.0,
        0.0,
        0.0,
        0.9837602146478447,
        2.419254760097953,
        0.0,
        1.1471773527689146,
        3.460854479768227,
        0.14026746088071818,
        2.0,
        0.0,
        0.0,
        1.0,
        1.2012827225264853,
        1.174291989152791,
        0.0
    ],
    "q_mccormick": [
        0.0,
        0.28088058575247676,
        0.0,
        0.7322220001191282,
        0.9766220898532136,
        0.7191194142475232,
        0.0,
        0.0,
        0.0,
        0.2677779998808718,
        0.0,
        1.0,
        0.0,
        0.0,
        0.33679966173036163,
        0.0,
        0.0,
        0.06908026634379205,
        0.6250000000000001,
        0.0,
        0.5081198926760777,
        0.0,
        1.0,
        0.3056295127281632,
        0.27094407194707565,
        0.0,
        0.375,
        0.0,
        0.930919733656208,
        0.7524189361128643,
        0.8042846684745348,
        0.0,
        0.0,
        0.0,
        0.0,
        0.0,
        0.0,
        0.0,
        0.19571533152546516,
        0.06893003940552855,
        0.0,
        0.0,
        1.0,
        0.0,
        0.0,
        0.6943704872718368,
        0.0,
        1.0,
        0.0,
        0.0,
        0.0,
        0.0,
        0.0,
        0.0,
        0.49188010732392234,
        0.0,
        0.0,
        0.0,
        0.0,
        0.0,
        0.0,
        0.0,
        0.0,
        0.0,
        0.24758106388713574,
        0.0,
        0.0,
        0.3922562663225627,
        0.023377910146786363,
        0.0,
        0.9310699605944714
    ],