{
    "x_ij_mccormick": [
        0.0,
        0.4523135371710221,
        0.0,
        0.0,
        0.0,
        0.0,
        1.9260039209485982,
        0.0,
        0.0,
        0.0,
        0.0,
        0.0,
        0.0,
        0.0,
        0.0,
        0.0,
        0.0,
        0.0,
        0.21487204188282005,
        0.0,
        0.0,
        0.0,
        0.0,
        0.0,
        0.0,
        0.0,
        0.0,
        2.0,
        0.0,
        0.0,
        0.0,
        0.0,
        0.0,
        0.0,
        0.0,
        0.0,
        0.0,
        0.0,
        0.0,
        0.0,
        0.0,
        0.0,
        0.0,
        0.8177818028549848,
        0.0,
        0.0,
        0.0,
        0.0,
        0.0,
        0.0,
        0.0,
        0.0,
        0.0,
        0.0,
        0.0,
        0.0,
        0.0,
        0.8417010340272342,
        0.0,
        1.2851418276380473,
        0.0,
        0.0,
        0.0,
        0.0,
        6.0,
        0.0,
        0.0,
        0.0,
        0.0,
        0.78512795811718,
        0.0,
        0.0,
        0.0,
        0.0,
        0.0,
        0.0,
        0.0,
        0.7503903415293383,
        0.0,
        0.0,
        0.0,
        0.0,
        0.0,
        0.0,
        0.0,
        0.0,
        0.0,
        0.0,
        0.0,
        0.0,
        0.0,
        0.0,
        0.0,
        0.0,
        0.0,
        0.0,
        0.0,
        0.5502044100557308,
        0.0,
        0.06664206687678798,
        0.0,
        0.0,
        0.0,
        0.0,
        0.0,
        0.0,
        0.0,
        0.0,
        0.0,
        0.0,
        0.0,
        0.0,
        0.08967231476951754,
        4.765134177530644,
        0.0,
        0.0
    ],
    "x_il_mccormick": [
        0.0,
        0.0,
        0.0,
        2.269104748707351,
        4.039056758607594,
        0.28071283968623406,
        0.0,
        0.0,
        0.910805647688762,
        0.6666013640190402,
        0.0,
        3.0,
        0.0,
        0.0,
        3.0,
        0.0,
        0.0,
        1.3569406115130676,
        5.0,
        0.0,
        0.3356950605122426,
        0.7932832393651679,
        3.0,
        1.0766235336886893,
        1.9233764663113107,
        0.0,
        3.0,
        0.0,
        3.0,
        0.52601570227122,
        1.632283263701546,
        0.0,
        0.0,
        0.0,
        0.0,
        0.0,
        0.0,
        0.0,
        0.9376894691266517,
        0.13328413375357595,
        0.0,
        0.0,
        3.0,
        0.0,
        0.0,
        1.8216398818631148,
        0.0,
        2.822709320274498,
        0.0,
        0.0,
        0.0,
        0.0,
        0.0,
        0.0,
        4.263294632532427,
        0.0,
        0.0,
        0.0,
        0.0,
        0.0,
        0.0,
        0.0,
        0.0,
        0.17729067972550183,
        0.18884247009073266,
        0.0,
        0.0,
        2.1658178859999273,
        0.9793756216999111,
        0.0,
        7.052834651011334
    ],
    "x_lj_mccormick": [
        2.0,
        4.252760851641698,
        0.0,
        0.933357933123212,
        0.0739960790514019,
        1.0,
        0.0,
        0.0,
        2.0,
        0.4497955899442691,
        0.4859105227821219,
        1.3218087881111262,
        0.9103276852304825,
        0.7678635266583911,
        1.547686462828978,
        0.0,
        0.0,
        0.0,
        0.6781912118888738,
        2.131062936795216,
        0.0,
        2.0,
        0.898263415551804,
        0.7148581723619526,
        0.0,
        0.0,
        5.158298965972766,
        2.6627184671681983,
        0.0,
        0.17898256685903602,
        1.881806213516332,
        0.821017433140964,
        0.2971763533427041,
        2.0,
        6.0,
        0.0,
        2.0,
        1.0,
        0.0,
        0.0,
        1.2496096584706617,
        3.3372815328318017,
        0.012098501742205503,
        1.1822181971450152,
        2.856838561462579,
        0.9793756216999111,
        1.9879014982577945,
        0.0,
        0.0,
        1.0120985017422055,
        1.5140894772178781,
        0.9376894691266517,
        0.11819378648366796
    ],
    "q_mccormick": [
        0.0,
        0.0,
        0.0,
        0.756368249569117,
        0.8367707297166815,
        0.20671676063483213,
        0.0,
        0.0,
        0.11385070596109526,
        0.24363175043088303,
        0.0,
        1.0,
        0.0,
        0.0,
        0.375,
        0.0,
        0.0,
        0.22615676858551104,
        0.625,
        0.0,
        0.05594917675204044,
        0.7932832393651679,
        1.0,
        0.39278670604562843,
        0.24042205828891383,
        0.0,
        0.375,
        0.0,
        0.773843231414489,
        0.26300785113561,
        0.8437184218122247,
        0.0,
        0.0,
        0.0,
        0.0,
        0.0,
        0.0,
        0.0,
        0.1562815781877753,
        0.06664206687678798,
        0.0,
        0.0,
        1.0,
        0.0,
        0.0,
        0.6072132939543715,
        0.0,
        0.940903106758166,
        0.0,
        0.0,
        0.0,
        0.0,
        0.0,
        0.0,
        0.9440508232479595,
        0.0,
        0.0,
        0.0,
        0.0,
        0.0,
        0.0,
        0.0,
        0.0,
        0.059096893241833946,
        0.73699214886439,
        0.0,
        0.0,
        0.2707272357499909,
        0.16322927028331852,
        0.0,
        0.933357933123212
    ],