{
    "x_ij_mccormick": [
        0.0,
        0.5875352797094529,
        0.0,
        0.0,
        0.0,
        0.0,
        1.655851879048565,
        0.0,
        0.0,
        0.0,
        0.0,
        0.0,
        0.0,
        0.0,
        0.0,
        0.0,
        0.0,
        0.0,
        0.21121361367792246,
        0.0,
        0.0,
        0.0,
        0.0,
        0.0,
        0.0,
        0.0,
        0.0,
        2.0,
        0.0,
        0.0,
        0.0,
        0.0,
        0.0,
        0.0,
        0.0,
        0.0,
        0.0,
        0.0,
        0.0,
        0.0,
        0.0,
        0.0,
        0.0,
        0.27817341816493435,
        0.5561043558839343,
        0.0,
        0.0,
        0.0,
        0.0,
        0.0,
        0.0,
        0.0,
        0.0,
        0.0,
        0.0,
        0.0,
        0.0,
        1.2942758852597462,
        0.17445649230058824,
        1.8452616207412054,
        0.0,
        0.0,
        0.0,
        0.0,
        6.0,
        0.0,
        0.0,
        0.0,
        0.0,
        0.7887863863220775,
        0.0,
        0.0,
        0.0,
        0.0,
        0.0,
        0.0,
        0.0,
        0.9567389009941889,
        0.0,
        0.0,
        0.0,
        0.0,
        0.0,
        0.0,
        0.0,
        0.0,
        0.0,
        0.0,
        0.0,
        0.0,
        0.0,
        0.0,
        0.0,
        0.0,
        0.0,
        0.0,
        0.0,
        0.7595871052686689,
        0.0,
        0.0,
        0.0,
        0.0,
        0.0,
        0.0,
        0.0,
        0.0,
        0.0,
        0.0,
        0.0,
        0.0,
        0.0,
        0.0,
        0.0,
        3.967200185357746,
        0.0,
        0.0
    ],
    "x_il_mccormick": [
        0.0,
        0.0,
        0.0,
        2.240946185764725,
        3.902082784795536,
        0.667797773773704,
        0.0,
        0.0,
        0.4755909872684386,
        0.6507241323846955,
        0.0,
        3.0,
        0.0,
        0.0,
        3.0,
        0.0,
        0.0,
        0.0,
        7.7218265818350655,
        0.0,
        1.045387873598746,
        0.676350347177731,
        3.0,
        0.7755825764642621,
        2.224417423535738,
        0.0,
        0.27817341816493535,
        0.0,
        3.0,
        0.06513283805365178,
        1.466134784386014,
        0.0,
        0.0,
        0.0,
        0.0,
        0.0,
        0.0,
        0.0,
        1.7409511145375625,
        0.0,
        0.0,
        0.0,
        3.0,
        0.0,
        0.0,
        2.1590578419445663,
        0.0,
        2.992603978452962,
        0.0,
        0.0,
        0.0,
        0.0,
        0.0,
        0.0,
        2.745540252604815,
        0.0,
        0.0,
        0.0,
        0.0,
        0.0,
        0.0,
        0.0,
        0.0,
        0.007396021547037686,
        0.08960554120514275,
        0.0,
        0.0,
        2.2999915891958236,
        1.7328082254464305,
        0.0,
        7.901353023542216
    ],
    "x_lj_mccormick": [
        2.0,
        4.901353023542216,
        0.0,
        1.0,
        0.344148120951435,
        1.0,
        0.0,
        0.0,
        2.0,
        0.24041289473133115,
        0.6512574234180892,
        1.8392402863652613,
        1.0,
        0.16075971363473873,
        1.4124647202905471,
        0.0,
        0.0,
        0.0,
        0.16075971363473873,
        1.4267755660747141,
        0.0,
        2.0,
        0.9346404184088284,
        0.15473837925879452,
        0.0,
        0.0,
        4.705724114740254,
        3.2942758852597462,
        0.0,
        0.0,
        1.8826077921958968,
        0.8255435076994118,
        0.29184870010469144,
        2.0,
        5.443895644116066,
        0.5561043558839345,
        2.0,
        1.0,
        0.0,
        0.0,
        1.043261099005811,
        2.7057241147402538,
        0.04194291245749615,
        1.165722225951131,
        3.5312815214677897,
        0.9378872628230459,
        1.9580570875425038,
        0.0,
        0.0,
        1.0419429124574962,
        1.3487425765819108,
        1.7409511145375625,
        0.11739220780410328
    ],
    "q_mccormick": [
        0.0,
        0.0,
        0.0,
        0.746982061921575,
        0.7833989718191962,
        0.323649652822269,
        0.0,
        0.0,
        0.059448873408554814,
        0.25301793807842504,
        0.0,
        1.0,
        0.0,
        0.0,
        0.375,
        0.0,
        0.0,
        0.2937676398547264,
        0.9652283227293831,
        0.0,
        0.47836945049709445,
        0.676350347177731,
        1.0,
        0.28031405268514453,
        0.27805217794196724,
        0.0,
        0.03477167727061692,
        0.0,
        0.7062323601452736,
        0.9551972293974287,
        0.7098414809104063,
        0.0,
        0.0,
        0.0,
        0.0,
        0.0,
        0.0,
        0.0,
        0.2901585190895937,
        0.0,
        0.0,
        0.0,
        1.0,
        0.0,
        0.0,
        0.7196859473148555,
        0.0,
        0.9975346594843207,
        0.0,
        0.0,
        0.0,
        0.0,
        0.0,
        0.0,
        0.5216305495029055,
        0.0,
        0.0,
        0.0,
        0.0,
        0.0,
        0.0,
        0.0,
        0.0,
        0.002465340515679229,
        0.04480277060257137,
        0.0,
        0.0,
        0.28749894864947795,
        0.21660102818080382,
        0.0,
        1.0
    ],