{
    "x_ij_mccormick": [
        0.0,
        0.028623861892717706,
        0.6086298390028704,
        0.0,
        0.0,
        0.0,
        1.62564380686005,
        0.0,
        0.0,
        0.0,
        0.0,
        0.0,
        0.0,
        0.0,
        0.0,
        0.0,
        0.0,
        0.0,
        0.22746057427371058,
        0.0,
        0.0,
        0.0,
        0.0,
        0.0,
        0.0,
        0.0,
        0.0,
        2.0,
        0.0,
        0.0,
        0.0,
        0.0,
        0.0,
        0.0,
        0.0,
        0.0,
        0.0,
        0.0,
        0.0,
        0.0,
        0.0,
        0.0,
        0.0,
        0.6657055663724705,
        0.0,
        0.0,
        0.0,
        0.0,
        0.0,
        0.0,
        0.0,
        0.0,
        0.0,
        0.0,
        0.0,
        0.3748122909953997,
        0.0,
        0.4447573896946576,
        0.12640331168600283,
        0.2568576599663115,
        0.0,
        0.0,
        0.0,
        0.0,
        6.0,
        0.0,
        0.0,
        0.0,
        0.0,
        0.7725394257262894,
        0.0,
        0.0,
        0.0,
        0.0,
        0.0,
        0.0,
        0.0,
        0.8996669204639758,
        0.0,
        0.0,
        0.0,
        0.0,
        0.0,
        0.0,
        0.0,
        0.0,
        0.0,
        0.07807678968175624,
        0.0,
        0.0,
        0.0,
        0.0,
        0.0,
        0.0,
        0.0,
        0.0,
        0.0,
        0.7838553006311856,
        0.0,
        0.0,
        0.0,
        0.0,
        0.0,
        0.0,
        0.0,
        0.0,
        0.0,
        0.0,
        0.0,
        0.0,
        0.0,
        0.0,
        0.12314223956598036,
        5.770983197656067,
        0.0,
        0.0
    ],
    "x_il_mccormick": [
        0.0,
        0.0,
        0.0,
        2.2093157297408235,
        2.283802361721067,
        0.8719224824715097,
        0.0,
        0.0,
        0.6521803620562399,
        0.7072498872714474,
        0.0,
        3.0,
        0.0,
        0.0,
        3.0,
        0.0,
        0.0,
        0.028623861892717706,
        5.0,
        0.0,
        0.8638066249292331,
        0.5024337106684401,
        3.0,
        0.7580549248341928,
        2.241945075165807,
        0.0,
        3.0,
        0.0,
        2.6251877090046003,
        1.107186002178298,
        1.3216532964410417,
        0.0,
        0.0,
        0.0,
        0.0,
        0.0,
        0.0,
        0.0,
        0.08053927657343163,
        0.0,
        0.0,
        0.0,
        2.9219232103182438,
        0.0,
        0.0,
        2.176756633437617,
        0.0,
        2.966888678873252,
        0.0,
        0.0,
        0.0,
        0.0,
        0.0,
        0.0,
        3.520966340717232,
        0.0,
        0.0,
        5.097341621501363,
        0.0,
        0.0,
        0.0,
        0.0,
        0.0,
        0.033111321126748194,
        0.6359563378553904,
        0.0,
        0.0,
        2.105874562777953,
        0.0,
        0.0,
        6.434933372245716
    ],
    "x_lj_mccormick": [
        2.0,
        3.4349333722457156,
        0.0,
        1.0,
        0.3743561931399499,
        1.0,
        0.0,
        0.0,
        2.0,
        0.21614469936881445,
        0.700420917643457,
        1.3175645672099643,
        0.8768577604340196,
        0.8055776723560162,
        1.9713761381072823,
        0.0,
        0.0,
        0.0,
        0.6824354327900357,
        0.0,
        0.0,
        2.0,
        0.93481155827181,
        1.7431423400336885,
        0.0,
        0.0,
        5.555242610305342,
        2.444757389694658,
        0.0,
        0.0,
        1.9779257859155013,
        0.8735966883139972,
        0.14847752577050155,
        2.0,
        6.0,
        0.0,
        1.9219232103182438,
        1.0,
        0.0,
        0.0,
        1.1003330795360242,
        3.1804303193099424,
        0.10400956680049811,
        0.7256645946246592,
        4.895990433199502,
        1.7594889553982687,
        1.895990433199502,
        0.0,
        0.0,
        1.104009566800498,
        1.299579082356543,
        0.08053927657343163,
        0.022074214084498722
    ],
    "q_mccormick": [
        0.0,
        0.0,
        0.0,
        0.7364385765802747,
        0.3628322973123296,
        0.4975662893315599,
        0.0,
        0.0,
        0.08152254525702998,
        0.26356142341972527,
        0.0,
        1.0,
        0.0,
        0.0,
        0.375,
        0.0,
        0.0,
        0.014311930946358853,
        0.625,
        0.0,
        0.4498334602319879,
        0.5024337106684401,
        1.0,
        0.27441445552079424,
        0.280243134395726,
        0.0,
        0.375,
        0.0,
        0.9856880690536411,
        0.6820218310723047,
        0.9865767872377614,
        0.0,
        0.0,
        0.0,
        0.0,
        0.0,
        0.0,
        0.0,
        0.013423212762238604,
        0.0,
        0.0,
        0.0,
        1.0,
        0.0,
        0.0,
        0.7255855444792058,
        0.0,
        0.9889628929577506,
        0.0,
        0.0,
        0.0,
        0.0,
        0.0,
        0.0,
        0.5501665397680121,
        0.0,
        0.0,
        0.6371677026876704,
        0.0,
        0.0,
        0.0,
        0.0,
        0.0,
        0.011037107042249398,
        0.3179781689276952,
        0.0,
        0.0,
        0.26323432034724414,
        0.0,
        0.0,
        1.0
    ],