{
    "x_ij_mccormick": [
        0.0,
        1.3475465233206558,
        0.0,
        0.0,
        0.0,
        0.0,
        1.8858209817879115,
        0.0,
        0.0,
        0.0,
        0.0,
        0.0,
        0.0,
        0.0,
        0.0,
        0.0,
        0.0,
        0.0,
        0.2652365533189657,
        0.0,
        0.0,
        0.0,
        0.0,
        0.0,
        0.0,
        0.0,
        0.0,
        2.0,
        0.0,
        1.1488905360876718,
        0.0,
        0.0,
        0.0,
        0.0,
        0.0,
        0.0,
        0.0,
        0.0,
        0.0,
        0.0,
        0.0,
        0.0,
        0.0,
        0.6450365398342018,
        0.23960841835056357,
        0.0,
        0.0,
        0.0,
        0.0,
        0.0,
        0.0,
        0.0,
        0.0,
        0.0,
        0.0,
        0.0,
        0.0,
        0.32251826991710075,
        0.0,
        1.0586050195368282,
        0.0,
        0.0,
        0.0,
        0.0,
        6.0,
        0.0,
        0.0,
        0.0,
        0.0,
        0.7347634466810343,
        0.0,
        0.0,
        0.0,
        0.0,
        0.0,
        0.0,
        0.0,
        0.4048873318082209,
        0.0,
        0.0,
        0.0,
        0.0,
        0.0,
        0.0,
        0.0,
        0.0,
        0.0,
        0.0,
        0.0,
        0.0,
        0.0,
        0.0,
        0.0,
        0.0,
        0.0,
        0.0,
        0.0,
        0.3235701137839472,
        0.0,
        0.21867883674438737,
        0.0,
        0.0,
        0.0,
        0.0,
        0.0,
        0.0,
        0.0,
        0.0,
        0.0,
        0.0,
        0.0,
        0.0,
        0.0,
        5.488680200764913,
        0.0,
        0.0
    ],
    "x_il_mccormick": [
        0.0,
        0.6433270814850167,
        0.0,
        2.2364599731797603,
        3.9863315704493125,
        0.4708519367270718,
        0.0,
        0.0,
        2.2172878424593367,
        0.703883163416565,
        0.0,
        3.0,
        0.0,
        0.0,
        1.8511094639123282,
        0.0,
        0.0,
        0.0,
        7.3549634601657985,
        0.0,
        0.0,
        0.0,
        3.0,
        0.8537365099272207,
        2.146263490072779,
        0.0,
        0.6450365398342011,
        0.0,
        3.0,
        0.9413949804631718,
        1.7360867496197274,
        0.0,
        0.0,
        0.0,
        0.0,
        0.0,
        0.0,
        0.0,
        0.5113197992350873,
        0.43735767348877475,
        0.0,
        0.0,
        3.0,
        0.0,
        0.0,
        2.0763229225273427,
        0.0,
        2.996038553847475,
        0.0,
        0.0,
        0.0,
        0.0,
        0.0,
        0.0,
        5.276555844427204,
        0.0,
        0.0,
        0.0,
        0.0,
        0.0,
        0.0,
        0.0,
        0.0,
        0.0,
        0.0,
        0.0,
        0.0,
        1.7853392035555562,
        0.7259805956795311,
        0.0,
        6.250569306044901
    ],
    "x_lj_mccormick": [
        2.0,
        3.906605816278063,
        0.0,
        0.7813211632556126,
        0.1141790182120885,
        1.0,
        0.0,
        0.0,
        2.0,
        0.6764298862160528,
        0.2639132503802726,
        1.7814769480452657,
        1.0,
        0.21852305195473432,
        0.6524534766793442,
        0.0,
        0.0,
        0.0,
        0.21852305195473432,
        2.1290234713659215,
        0.0,
        2.0,
        0.9300594324545631,
        0.9413949804631718,
        0.0,
        0.0,
        5.677481730082899,
        2.3185568237645753,
        0.0,
        0.003961446152525219,
        2.0,
        0.9960385538474748,
        0.0,
        2.0,
        5.760391581649436,
        0.23960841835056398,
        2.0,
        1.0,
        0.0,
        0.0,
        1.595112668191779,
        3.6814431762354247,
        0.0,
        1.115355041815234,
        2.8709765286340785,
        0.7259805956795311,
        2.0,
        0.0,
        0.0,
        1.0,
        1.7360867496197274,
        0.5113197992350873,
        0.0
    ],
    "q_mccormick": [
        0.0,
        0.6433270814850167,
        0.0,
        0.7454866577265867,
        0.8790032340534115,
        0.3566729185149833,
        0.0,
        0.0,
        0.2771609803074171,
        0.25451334227341327,
        0.0,
        1.0,
        0.0,
        0.0,
        0.23138868298904114,
        0.0,
        0.0,
        0.625,
        0.9193704325207248,
        0.0,
        0.20244366590411045,
        0.0,
        1.0,
        0.30789235915755253,
        0.2682829362590974,
        0.0,
        0.08062956747927519,
        0.0,
        0.375,
        0.4706974902315859,
        0.9147800334608188,
        0.0,
        0.5293025097684141,
        0.0,
        0.0,
        0.0,
        0.0,
        0.0,
        0.08521996653918122,
        0.21867883674438737,
        0.0,
        0.0,
        1.0,
        0.0,
        0.0,
        0.6921076408424475,
        0.0,
        1.0,
        0.0,
        0.0,
        0.0,
        0.0,
        0.0,
        0.0,
        0.7975563340958896,
        0.0,
        0.0,
        0.0,
        0.0,
        0.0,
        0.0,
        0.0,
        0.0,
        0.0,
        0.0,
        0.0,
        0.0,
        0.2231674004444445,
        0.12099676594658852,
        0.0,
        0.7813211632556126
    ],