{
    "x_ij_mccormick": [
        0.0,
        0.0,
        0.0,
        0.0,
        0.07140644580341693,
        0.0,
        1.290659053133552,
        0.0,
        0.0,
        0.0,
        0.0,
        0.0,
        0.0,
        0.0,
        0.0,
        0.0,
        0.0,
        0.0,
        0.31117270938630803,
        0.0,
        1.2551762320507582,
        0.0,
        0.0,
        0.0,
        0.15632640537567744,
        0.0,
        0.0,
        2.0,
        0.0,
        0.0,
        0.0,
        0.0,
        0.0,
        0.0,
        0.0,
        0.0,
        0.0,
        0.0,
        0.0,
        0.0,
        0.0,
        0.0,
        0.0,
        0.6458355700889445,
        0.0,
        0.0,
        0.0,
        0.0,
        0.0,
        0.0,
        0.0,
        0.0,
        0.0,
        0.0,
        0.0,
        0.27351528197182784,
        0.0,
        0.8447393193962762,
        0.0,
        2.0,
        0.0,
        0.0,
        0.0,
        0.0,
        6.0,
        0.0,
        0.0,
        0.0,
        0.0,
        0.688827290613692,
        0.0,
        0.0,
        0.0,
        0.0,
        0.0,
        0.0,
        0.0,
        0.7546220646385047,
        0.11122273893329204,
        0.0,
        0.0,
        0.0,
        0.0,
        0.0,
        0.0,
        0.0,
        0.0,
        0.0,
        0.0,
        0.0,
        0.0,
        0.0,
        0.0,
        0.0,
        0.0,
        0.0,
        0.0,
        0.2897272742482435,
        0.0,
        0.11068922121004487,
        0.0,
        0.0,
        0.0,
        0.0,
        0.0,
        0.0,
        0.0,
        0.0,
        0.0,
        0.0,
        0.052496596840145654,
        0.0,
        0.04614725901303385,
        2.610010192304358,
        0.0,
        0.0
    ],
    "x_il_mccormick": [
        0.0,
        0.5364444161638915,
        0.0,
        2.1813196892223656,
        4.411815426973677,
        1.1728965307025565,
        0.0,
        0.0,
        0.0,
        0.8186803107776341,
        0.0,
        3.0,
        0.0,
        0.0,
        3.0,
        0.0,
        0.0,
        0.0,
        5.0,
        0.0,
        0.004482131947472823,
        0.0,
        3.0,
        0.750812004632773,
        2.249187995367227,
        0.0,
        3.0,
        0.0,
        2.726484718028172,
        0.0,
        2.1552606806037238,
        0.0,
        0.0,
        0.0,
        0.0,
        0.0,
        0.0,
        0.0,
        1.3381610388717633,
        0.22137844242008975,
        0.0,
        0.0,
        3.0,
        0.0,
        0.0,
        2.249187995367227,
        0.0,
        2.921255104739782,
        0.0,
        0.0,
        0.0,
        0.0,
        0.0,
        0.0,
        4.265482781751248,
        0.0,
        0.0,
        0.0,
        0.0,
        0.0,
        0.0,
        0.0,
        0.0,
        0.07874489526021822,
        0.0,
        0.0,
        0.0,
        2.750812004632773,
        2.5405339472096893,
        0.0,
        7.11448623031964
    ],
    "x_lj_mccormick": [
        1.928593554196583,
        4.517960339753191,
        0.0,
        0.8893107787899551,
        0.7093409468664479,
        1.0,
        0.0,
        0.0,
        1.8436735946243226,
        0.7102727257517565,
        0.44605367962392095,
        1.2735152819718276,
        0.9538527409869662,
        0.7726319770412062,
        2.0,
        0.0,
        0.0,
        0.0,
        0.7264847180281724,
        0.0,
        0.0,
        2.0,
        1.0,
        0.0,
        0.0,
        0.0,
        5.155260680603724,
        2.7018977396909465,
        0.0,
        0.1428415797053294,
        1.9475034031598544,
        0.8571584202946706,
        0.19533817654547503,
        1.888777261066708,
        6.0,
        0.11122273893329204,
        2.0,
        1.0,
        0.0,
        0.0,
        1.2453779353614953,
        3.0245869783372257,
        0.0,
        1.2429416909777635,
        5.0,
        0.7094076832056028,
        2.0,
        0.0,
        0.0,
        1.0,
        1.553946320376079,
        1.9394753990994082,
        0.0
    ],
    "q_mccormick": [
        0.0,
        0.5364444161638915,
        0.0,
        0.7271065630741221,
        0.6214708454888818,
        0.4635555838361085,
        0.0,
        0.0,
        0.0,
        0.27289343692587786,
        0.0,
        1.0,
        0.0,
        0.0,
        0.375,
        0.0,
        0.0,
        0.0,
        0.625,
        0.0,
        0.37731103231925234,
        0.0,
        1.0,
        0.2502706682109243,
        0.28114849942090336,
        0.0,
        0.375,
        0.0,
        1.0,
        1.0,
        0.7769731601880395,
        0.0,
        0.0,
        0.0,
        0.0,
        0.0,
        0.0,
        0.0,
        0.22302683981196048,
        0.11068922121004487,
        0.0,
        0.0,
        1.0,
        0.0,
        0.0,
        0.7497293317890756,
        0.0,
        0.9737517015799272,
        0.0,
        0.0,
        0.0,
        0.0,
        0.0,
        0.0,
        0.6226889676807477,
        0.0,
        0.0,
        0.06096241110990708,
        0.0,
        0.0,
        0.0,
        0.0,
        0.0,
        0.02624829842007274,
        0.0,
        0.0,
        0.0,
        0.34385150057909664,
        0.31756674340121116,
        0.0,
        0.8893107787899551
    ],