{
    "x_ij_mccormick": [
        0.0,
        0.36321442608211263,
        0.0,
        0.0,
        0.0,
        0.0,
        1.8115872654708516,
        0.0,
        0.0,
        0.0,
        0.0,
        0.0,
        0.0,
        0.0,
        0.0,
        0.0,
        0.0,
        0.0,
        0.24160528080375443,
        0.0,
        0.0,
        0.0,
        0.0,
        0.0,
        0.0,
        0.0,
        0.0,
        2.0,
        0.0,
        0.5956218416567762,
        0.0,
        0.0,
        0.0,
        0.0,
        0.0,
        0.0,
        0.0,
        0.0,
        0.0,
        0.0,
        0.0,
        0.0,
        0.0,
        0.8271566040252936,
        0.0,
        0.0,
        0.0,
        0.0,
        0.0,
        0.0,
        0.0,
        0.0,
        0.0,
        0.0,
        0.0,
        0.11848690312235433,
        0.0,
        0.781611261222606,
        0.0077107840728515885,
        0.9352956021449477,
        0.0,
        0.0,
        0.0,
        0.0,
        6.0,
        0.0,
        0.0,
        0.0,
        0.0,
        0.7583947191962456,
        0.0,
        0.0,
        0.0,
        0.0,
        0.0,
        0.0,
        0.16215410614275627,
        0.6598814348936466,
        0.0,
        0.0,
        0.0,
        0.0,
        0.0,
        0.0,
        0.0,
        0.0,
        0.0,
        0.0,
        0.0,
        0.0,
        0.0,
        0.0,
        0.0,
        0.0,
        0.0,
        0.0,
        0.0,
        0.7223444459210099,
        0.0,
        0.24021825314524314,
        0.0,
        0.0,
        0.0,
        0.0,
        0.0,
        0.0,
        0.0,
        0.0,
        0.0,
        0.0,
        0.0,
        0.0,
        0.04931937386505747,
        5.596548869562862,
        0.0,
        0.0
    ],
    "x_il_mccormick": [
        0.0,
        0.0,
        0.0,
        2.2365190452049735,
        3.175639507118156,
        1.0262586283863921,
        0.0,
        0.0,
        1.1701573896612076,
        0.6542415143443959,
        0.0,
        3.0,
        0.0,
        0.0,
        2.4043781583432238,
        0.0,
        0.0,
        0.0,
        5.2860467151516,
        0.0,
        0.0,
        0.0,
        3.0,
        0.9286673045765107,
        2.0713326954234894,
        0.0,
        2.7139532848484005,
        0.0,
        2.8815130968776455,
        0.8237829601749218,
        1.3868949945296207,
        0.0,
        0.0,
        0.0,
        0.0,
        0.0,
        0.0,
        0.0,
        0.403451130437138,
        0.4804365062904863,
        0.0,
        0.0,
        3.0,
        0.0,
        0.0,
        1.9944206067202137,
        0.0,
        2.9922892159271486,
        0.0,
        0.0,
        0.0,
        0.0,
        0.0,
        0.0,
        4.4400204007613935,
        0.0,
        0.0,
        3.3086264161011743,
        0.0,
        0.0,
        0.0,
        0.0,
        0.0,
        0.0,
        0.24092143768013047,
        0.0,
        0.0,
        2.3541317565720803,
        0.0,
        0.0,
        6.078253974838055
    ],
    "x_lj_mccormick": [
        2.0,
        3.798908734273784,
        0.0,
        0.7597817468547569,
        0.18841273452914833,
        0.8378458938572437,
        0.0,
        0.0,
        2.0,
        0.2776555540789901,
        0.6131050054703793,
        1.500777490163796,
        0.9506806261349425,
        0.5485418837012612,
        1.6367855739178874,
        0.0,
        0.0,
        0.0,
        0.499222509836204,
        0.7455050131235543,
        0.0,
        2.0,
        0.9230879112967243,
        1.0647043978550523,
        0.0,
        0.0,
        5.218388738777394,
        2.781611261222606,
        0.0,
        0.0,
        2.0,
        0.9922892159271484,
        0.0,
        2.0,
        6.0,
        0.0,
        2.0,
        1.0,
        0.0,
        0.0,
        1.3401185651063534,
        3.09990183565504,
        0.0,
        1.1728433959747064,
        4.254494986876446,
        1.0569275403681782,
        2.0,
        0.0,
        0.0,
        1.0,
        1.3868949945296207,
        0.403451130437138,
        0.0
    ],
    "q_mccormick": [
        0.0,
        0.16215410614275616,
        0.0,
        0.7455063484016577,
        0.5864216979873532,
        0.8378458938572438,
        0.0,
        0.0,
        0.14626967370765095,
        0.2544936515983422,
        0.0,
        1.0,
        0.0,
        0.0,
        0.3005472697929029,
        0.0,
        0.0,
        0.18160721304105631,
        0.66075583939395,
        0.0,
        0.3299407174468233,
        0.0,
        1.0,
        0.33519313109326215,
        0.2589165869279362,
        0.0,
        0.33924416060605006,
        0.0,
        0.8183927869589437,
        0.8795392811599347,
        0.9327581449271437,
        0.0,
        0.0,
        0.0,
        0.0,
        0.0,
        0.0,
        0.0,
        0.06724185507285634,
        0.24021825314524314,
        0.0,
        0.0,
        1.0,
        0.0,
        0.0,
        0.6648068689067379,
        0.0,
        1.0,
        0.0,
        0.0,
        0.0,
        0.0,
        0.0,
        0.0,
        0.6700592825531767,
        0.0,
        0.0,
        0.4135783020126468,
        0.0,
        0.0,
        0.0,
        0.0,
        0.0,
        0.0,
        0.12046071884006523,
        0.0,
        0.0,
        0.2942664695715099,
        0.0,
        0.0,
        0.7597817468547569
    ],