{
    "x_ij_mccormick": [
        0.0,
        0.4268945981586607,
        0.0,
        0.0,
        0.7473331419399261,
        0.0,
        1.5392319772107899,
        0.0,
        0.0,
        0.0,
        0.0,
        0.0,
        0.0,
        0.0,
        0.0,
        0.0,
        0.0,
        0.0,
        0.20053750326245678,
        0.0,
        0.0,
        0.0,
        0.0,
        0.0,
        0.0,
        0.0,
        0.0,
        2.0,
        0.0,
        0.0,
        0.0,
        0.0,
        0.0,
        0.0,
        0.0,
        0.0,
        0.0,
        0.0,
        0.0,
        0.0,
        0.0,
        0.0,
        0.0,
        0.8344227903829509,
        0.0,
        0.0,
        0.0,
        0.0,
        0.0,
        0.0,
        0.0,
        0.0,
        0.0,
        0.0,
        0.0,
        0.0,
        0.0,
        0.9033754865859498,
        0.06031868252583735,
        1.0905545916139396,
        0.0,
        0.0,
        0.0,
        0.0,
        6.0,
        0.0,
        0.0,
        0.0,
        0.0,
        0.7994624967375432,
        0.0,
        0.0,
        0.0,
        0.0,
        0.0,
        0.0,
        0.10971931030734061,
        0.8047011964268074,
        0.0,
        0.0,
        0.0,
        0.0,
        0.0,
        0.0,
        0.0,
        0.0,
        0.0,
        0.18682614250941598,
        0.0,
        0.0,
        0.0,
        0.0,
        0.0,
        0.0,
        0.0,
        0.0,
        0.0,
        0.7438037356259108,
        0.0,
        0.2523002191657072,
        0.0,
        0.0,
        0.0,
        0.0,
        0.0,
        0.0,
        0.0,
        0.0,
        0.0,
        0.0,
        0.0,
        0.0,
        0.0,
        5.4207052705366765,
        0.0,
        0.0
    ],
    "x_il_mccormick": [
        0.0,
        0.0,
        0.0,
        2.2730645997391288,
        3.9969168878415013,
        0.5814327238764745,
        0.0,
        0.0,
        0.573863376064196,
        0.6218632342125852,
        0.0,
        3.0,
        0.0,
        0.0,
        3.0,
        0.0,
        0.0,
        0.9564966841816025,
        5.0,
        0.0,
        0.2743914236643712,
        0.7696159886053949,
        3.0,
        0.7923028506488081,
        2.207697149351192,
        0.0,
        3.0,
        0.0,
        3.0,
        0.6750374004658379,
        1.3612684304223752,
        0.0,
        0.0,
        0.0,
        0.0,
        0.0,
        0.0,
        0.0,
        0.5792947294633235,
        0.19173985884968778,
        0.0,
        0.0,
        2.8131738574905842,
        0.0,
        0.0,
        2.140994870956191,
        0.0,
        2.9396813174741627,
        0.0,
        0.0,
        0.0,
        0.0,
        0.0,
        0.0,
        4.017531893322872,
        0.0,
        0.0,
        0.0,
        0.0,
        0.0,
        0.0,
        0.0,
        0.0,
        0.0,
        0.2344080079202223,
        0.0,
        0.0,
        2.218439474584612,
        0.3608552548787114,
        0.0,
        7.233040564601251
    ],
    "x_lj_mccormick": [
        1.252666858060074,
        5.424413784556572,
        0.0,
        0.7476997808342928,
        0.46076802278921014,
        0.8902806896926594,
        0.0,
        0.0,
        2.0,
        0.2561962643740891,
        0.6387315695776248,
        1.7852690394352841,
        1.0,
        0.21473096056471586,
        1.5731054018413393,
        0.0,
        0.0,
        0.0,
        0.21473096056471586,
        2.1686603217755476,
        0.0,
        2.0,
        0.9332977216049991,
        0.9094454083860603,
        0.0,
        0.0,
        5.09662451341405,
        2.90337548658595,
        0.0,
        0.0,
        2.0,
        0.9396813174741626,
        0.0,
        2.0,
        6.0,
        0.0,
        1.813173857490584,
        1.0,
        0.0,
        0.0,
        1.1952988035731926,
        3.09662451341405,
        0.0,
        1.1655772096170491,
        2.8313396782244524,
        0.3608552548787114,
        2.0,
        0.0,
        0.0,
        1.0,
        1.3612684304223752,
        0.5792947294633235,
        0.0
    ],
    "q_mccormick": [
        0.0,
        0.0,
        0.0,
        0.7576881999130429,
        0.9398574575202148,
        0.23038401139460504,
        0.0,
        0.0,
        0.0717329220080245,
        0.2423118000869571,
        0.0,
        1.0,
        0.0,
        0.0,
        0.375,
        0.0,
        0.0,
        0.21344729907933035,
        0.625,
        0.0,
        0.4023505982134037,
        0.7696159886053949,
        1.0,
        0.286335043014603,
        0.27596214366889904,
        0.0,
        0.375,
        0.0,
        0.7865527009206696,
        0.8827959960398889,
        0.9034508784227794,
        0.0,
        0.0,
        0.0,
        0.0,
        0.0,
        0.0,
        0.0,
        0.09654912157722058,
        0.09586992942484389,
        0.0,
        0.0,
        1.0,
        0.0,
        0.0,
        0.713664956985397,
        0.0,
        1.0,
        0.0,
        0.0,
        0.0,
        0.0,
        0.0,
        0.0,
        0.5976494017865963,
        0.0,
        0.0,
        0.0,
        0.0,
        0.0,
        0.0,
        0.0,
        0.0,
        0.0,
        0.11720400396011114,
        0.0,
        0.0,
        0.27730493432307646,
        0.06014254247978523,
        0.0,
        0.9041300705751562
    ],