{
    "x_ij_mccormick": [
        0.0,
        0.0,
        0.0,
        0.0,
        0.5080736607799583,
        0.0,
        1.8955113580393177,
        0.0,
        0.0,
        0.0,
        0.0,
        0.0,
        0.0,
        0.0,
        0.0,
        0.0,
        0.0,
        0.0,
        0.0,
        0.0,
        0.7866229047433086,
        0.0,
        0.0,
        0.0,
        0.0,
        0.0,
        0.0,
        2.0,
        0.0,
        0.0,
        0.0,
        0.0,
        0.0,
        0.0,
        0.0,
        0.0,
        0.0,
        0.0,
        0.0,
        0.0,
        0.0,
        0.0,
        0.0,
        0.8106423462659351,
        0.0,
        0.0,
        0.0,
        0.0,
        0.0,
        0.0,
        0.0,
        0.0,
        0.0,
        0.0,
        0.0,
        0.20457124015334083,
        0.0,
        0.5385133271638194,
        0.11432522938811218,
        1.348778158005466,
        0.0,
        0.0,
        0.0,
        0.0,
        6.0,
        0.0,
        0.0,
        0.0,
        0.0,
        0.7823317213894694,
        0.0,
        0.0,
        0.0,
        0.0,
        0.0,
        0.0,
        0.0,
        0.9870720225650651,
        0.0,
        0.0,
        0.0,
        0.0,
        0.0,
        0.0,
        0.0,
        0.0,
        0.0,
        0.0,
        0.0,
        0.0,
        0.0,
        0.0,
        0.0,
        0.0,
        0.0,
        0.0,
        0.0,
        0.7723636805033102,
        0.0,
        0.0,
        0.0,
        0.0,
        0.0,
        0.0,
        0.0,
        0.0,
        0.0,
        0.0,
        0.0,
        0.0,
        0.0,
        0.0,
        0.06125577478262967,
        3.356844546892523,
        0.0,
        0.0
    ],
    "x_il_mccormick": [
        0.0,
        0.0,
        0.0,
        2.188667115430348,
        4.510047246145993,
        0.5124357926477101,
        0.0,
        0.0,
        0.5153916779115982,
        0.5606978812233374,
        0.0,
        3.0,
        0.0,
        0.0,
        3.0,
        0.0,
        0.0,
        0.0,
        6.254362213264812,
        0.0,
        1.5999281699245835,
        0.5920528493129723,
        3.0,
        0.7617637927210562,
        2.238236207278944,
        0.0,
        1.7456377867351887,
        0.0,
        2.795428759846659,
        0.8688901206050645,
        1.3111813206121279,
        0.16709000223087608,
        0.0,
        0.0,
        0.0,
        0.0,
        0.0,
        0.0,
        1.7422073189760563,
        0.3659776462549277,
        0.0,
        0.0,
        3.0,
        0.0,
        0.0,
        2.178718624230196,
        0.0,
        3.0,
        0.0,
        0.0,
        0.0,
        0.0,
        0.0,
        0.0,
        2.746872827621411,
        0.0,
        0.0,
        0.0,
        0.0,
        0.0,
        0.0,
        0.0,
        0.0,
        0.0,
        0.0,
        0.0,
        0.0,
        2.246372114809458,
        2.335527563515389,
        0.0,
        6.536089414980289
    ],
    "x_lj_mccormick": [
        1.4919263392200417,
        4.662190002928911,
        0.0,
        0.747950719086264,
        0.10448864196068242,
        1.0,
        0.0,
        0.0,
        2.0,
        0.22763631949668983,
        0.6888186793878721,
        1.2045712401533408,
        0.9387442252173703,
        0.8566845346292888,
        2.0,
        0.0,
        0.0,
        0.0,
        0.7954287598466592,
        0.0,
        0.0,
        2.0,
        0.940482416951252,
        0.6512218419945339,
        0.21766827861053065,
        0.0,
        5.46148667283618,
        2.5385133271638196,
        0.0,
        0.0,
        2.0,
        0.8856747706118878,
        0.11432522938811229,
        2.0,
        6.0,
        0.0,
        2.0,
        1.0,
        0.0,
        0.0,
        1.012927977434935,
        3.2569154326828396,
        0.07695758742822023,
        1.1893576537340649,
        5.175091693485515,
        0.4811254624418,
        1.9230424125717798,
        0.252049280913736,
        0.0,
        0.8249083065144844,
        1.3111813206121279,
        1.7422073189760563,
        0.0
    ],
    "q_mccormick": [
        0.0,
        0.0,
        0.0,
        0.7295557051434495,
        0.6909329831544019,
        0.4079471506870277,
        0.0,
        0.0,
        0.06442395973894982,
        0.1868992937411125,
        0.0,
        1.0,
        0.0,
        0.0,
        0.375,
        0.0,
        0.0,
        0.0,
        0.7817952766581014,
        0.0,
        0.26665469498743055,
        0.5920528493129723,
        1.0,
        0.27376045858993475,
        0.279779525909868,
        0.0,
        0.21820472334189864,
        0.0,
        1.0,
        1.0,
        0.7096321135039907,
        0.08354500111543804,
        0.0,
        0.0,
        0.0,
        0.0,
        0.0,
        0.0,
        0.29036788649600936,
        0.18298882312746384,
        0.0,
        0.0,
        1.0,
        0.0,
        0.0,
        0.7262395414100653,
        0.0,
        1.0,
        0.0,
        0.0,
        0.0,
        0.0,
        0.0,
        0.0,
        0.7333453050125694,
        0.0,
        0.0,
        0.0,
        0.0,
        0.0,
        0.0,
        0.0,
        0.0,
        0.0,
        0.0,
        0.0,
        0.0,
        0.28079651435118214,
        0.3090670168455981,
        0.0,
        0.8170111768725361
    ],