{
    "x_ij_mccormick": [
        0.0,
        0.5069396522575635,
        0.0,
        0.0,
        0.5799044197116343,
        0.0,
        1.2413069345523984,
        0.0,
        0.0,
        0.0,
        0.0,
        0.0,
        0.0,
        0.0,
        0.0,
        0.0,
        0.0,
        0.0,
        0.3405114467018575,
        0.0,
        0.0,
        0.0,
        0.0,
        0.0,
        0.0,
        0.0,
        0.0,
        2.0,
        0.0,
        0.0,
        0.0,
        0.0,
        0.0,
        0.0,
        0.0,
        0.0,
        0.0,
        0.0,
        0.0,
        0.0,
        0.0,
        0.0,
        0.0,
        0.7035139315517951,
        0.0,
        0.0,
        0.0,
        0.0,
        0.0,
        0.0,
        0.0,
        0.0,
        0.0,
        0.0,
        0.0,
        1.5069396522575635,
        0.0,
        0.3655821860870496,
        0.0,
        1.029401980864988,
        0.0,
        0.0,
        0.0,
        0.0,
        6.0,
        0.0,
        0.0,
        0.0,
        0.0,
        0.6594885532981425,
        0.0,
        0.0,
        0.0,
        0.0,
        0.0,
        0.0,
        0.0,
        0.5068054478513964,
        0.0,
        0.0,
        0.0,
        0.0,
        0.0,
        0.0,
        0.0,
        0.0,
        0.0,
        0.0,
        0.0,
        0.0,
        0.0,
        0.0,
        0.0,
        0.0,
        0.0,
        0.0,
        0.0,
        0.44785754466433203,
        0.0,
        0.16854764208882778,
        0.0,
        0.0,
        0.0,
        0.0,
        0.0,
        0.0,
        0.0,
        0.0,
        0.0,
        0.0,
        0.0967522973749122,
        0.0,
        0.05045404611095172,
        4.686048584558736,
        0.0,
        0.0
    ],
    "x_il_mccormick": [
        0.0,
        0.21604828576643387,
        0.0,
        2.0133290776348094,
        4.7756671116755145,
        1.5426447796811678,
        0.0,
        0.0,
        0.0,
        0.8911376190678402,
        0.0,
        3.0,
        0.0,
        0.0,
        3.0,
        0.0,
        0.0,
        1.8141477539192343,
        5.396246250513686,
        0.0,
        0.0,
        0.0,
        3.0,
        0.6895115149635587,
        2.3104884850364416,
        0.0,
        2.603753749486314,
        0.0,
        1.4930603477424365,
        0.9705980191350121,
        1.6638197947779383,
        0.0,
        0.0,
        0.0,
        0.0,
        0.0,
        0.0,
        0.0,
        1.0569727241009448,
        0.1898228206832666,
        0.0,
        0.0,
        3.0,
        0.0,
        0.0,
        2.246695008525286,
        0.0,
        2.854871553937632,
        0.0,
        0.0,
        0.0,
        0.0,
        0.0,
        0.0,
        3.7647550716244775,
        0.0,
        0.0,
        0.0,
        0.0,
        0.0,
        0.0,
        0.0,
        0.0,
        0.14512844606236808,
        0.0,
        0.0,
        0.0,
        2.6895115149635584,
        0.4772335569918426,
        0.0,
        7.240708717266933
    ],
    "x_lj_mccormick": [
        1.4200955802883657,
        5.178983599750661,
        0.0,
        0.8314523579111722,
        0.7586930654476017,
        1.0,
        0.0,
        0.0,
        2.0,
        0.552142455335668,
        0.3523242413669816,
        1.706671202853456,
        0.9495459538890483,
        0.34378284325749564,
        1.4930603477424365,
        0.0,
        0.0,
        0.0,
        0.2933287971465439,
        1.5208189567726904,
        0.0,
        2.0,
        0.9362065234888446,
        0.9705980191350121,
        0.0,
        0.0,
        5.63441781391295,
        2.2214998282665626,
        0.0,
        0.14408235782048706,
        1.9032477026250878,
        0.8559176421795129,
        0.24083465519539926,
        2.0,
        6.0,
        0.0,
        2.0,
        1.0,
        0.0,
        0.0,
        1.4931945521486036,
        2.271560519475874,
        0.0,
        1.296486068448205,
        3.4791810432273094,
        0.4772335569918426,
        2.0,
        0.0,
        0.0,
        1.0,
        1.6476757586330184,
        1.0731167602458647,
        0.0
    ],
    "q_mccormick": [
        0.0,
        0.21604828576643387,
        0.0,
        0.6711096925449365,
        0.9204610738346929,
        0.7839517142335661,
        0.0,
        0.0,
        0.0,
        0.32889030745506354,
        0.0,
        1.0,
        0.0,
        0.0,
        0.375,
        0.0,
        0.0,
        0.25346982612878177,
        0.6745307813142107,
        0.0,
        0.2534027239256982,
        0.0,
        1.0,
        0.2511016638249047,
        0.2888110606295552,
        0.0,
        0.32546921868578926,
        0.0,
        0.7465301738712182,
        0.48529900956750605,
        0.8238378793165092,
        0.0,
        0.0,
        0.0,
        0.0,
        0.0,
        0.0,
        0.0,
        0.1761621206834908,
        0.0949114103416333,
        0.0,
        0.0,
        1.0,
        0.0,
        0.0,
        0.7488983361750954,
        0.0,
        0.9516238513125439,
        0.0,
        0.0,
        0.0,
        0.0,
        0.0,
        0.0,
        0.7465972760743018,
        0.0,
        0.0,
        0.0,
        0.0,
        0.0,
        0.0,
        0.0,
        0.0,
        0.0483761486874561,
        0.514700990432494,
        0.0,
        0.0,
        0.3361889393704448,
        0.0795389261653071,
        0.0,
        0.9050885896583667
    ],