{
    "x_ij_mccormick": [
        0.0,
        0.0,
        0.0,
        0.0,
        0.0,
        0.0,
        1.2229175190957864,
        0.0,
        0.0,
        0.0,
        0.0,
        0.0,
        0.0,
        0.0,
        0.0,
        0.0,
        0.0,
        0.0,
        0.2174324508794192,
        0.0,
        0.0,
        0.0,
        0.0,
        0.0,
        0.0,
        0.0,
        0.0,
        2.0,
        0.0,
        0.0,
        0.0,
        0.0,
        0.0,
        0.0,
        0.0,
        0.0,
        0.0,
        0.0,
        0.0,
        0.0,
        0.0,
        0.0,
        0.0,
        0.8898362345622877,
        0.0,
        0.0,
        0.0,
        0.0,
        0.0,
        0.0,
        0.0,
        0.0,
        0.0,
        0.0,
        0.0,
        0.11138488832551607,
        0.0,
        1.0328853915743874,
        0.10435023770608542,
        1.3377340196107022,
        0.0,
        0.0,
        0.0,
        0.0,
        6.0,
        0.0,
        0.0,
        0.0,
        0.0,
        0.7825675491205808,
        0.0,
        0.0,
        0.0,
        0.0,
        0.0,
        0.0,
        0.0,
        0.8151249006974055,
        0.0,
        0.0,
        0.0,
        0.0,
        0.0,
        0.0,
        0.0,
        0.0,
        0.0,
        0.06879860821181794,
        0.0,
        1.7308534197844807,
        0.0,
        0.0,
        0.0,
        0.0,
        0.0,
        0.0,
        0.0,
        0.7421289733502573,
        0.0,
        0.07726146263489275,
        0.0,
        0.0,
        0.0,
        0.0,
        0.0,
        0.0,
        0.0,
        0.0,
        0.0,
        0.0,
        0.0,
        0.0,
        0.11504704938221166,
        5.368085807147137,
        0.0,
        0.0
    ],
    "x_il_mccormick": [
        0.0,
        0.14330553102987742,
        0.0,
        2.312261053831953,
        4.379310345653232,
        1.6337769498743362,
        0.0,
        0.0,
        1.573365812511544,
        0.6168447833442816,
        0.0,
        3.0,
        0.0,
        0.0,
        3.0,
        0.0,
        0.0,
        0.0,
        5.433996897669595,
        0.0,
        0.0,
        0.0,
        3.0,
        0.9460236984257488,
        2.0539763015742514,
        0.0,
        2.566003102330405,
        0.0,
        2.888615111674484,
        0.533999181246019,
        1.3287651894735084,
        0.0,
        0.0,
        0.0,
        0.0,
        0.0,
        0.0,
        0.0,
        0.5275639551467775,
        0.1545229252697855,
        0.0,
        0.0,
        2.931201391788182,
        0.0,
        0.0,
        1.9521893342885877,
        0.0,
        3.0,
        0.0,
        0.0,
        0.0,
        0.0,
        0.0,
        0.0,
        4.040604819402692,
        0.0,
        0.0,
        0.0,
        0.0,
        0.0,
        0.0,
        0.0,
        0.0,
        0.0,
        0.12826679914327888,
        0.0,
        0.0,
        1.372657885914205,
        1.1442092575564462,
        0.0,
        6.62034419348218
    ],
    "x_lj_mccormick": [
        2.0,
        3.852128581386858,
        0.0,
        0.9227385373651072,
        0.7770824809042136,
        1.0,
        0.0,
        0.0,
        2.0,
        0.2578710266497427,
        0.6712348105264916,
        1.111384888325516,
        0.8849529506177883,
        1.0036621610566958,
        2.0,
        0.0,
        0.0,
        0.0,
        0.888615111674484,
        0.0,
        0.0,
        2.0,
        0.8982130327143366,
        0.6622659803892978,
        0.0,
        0.0,
        4.967114608425613,
        3.0328853915743874,
        0.0,
        0.0,
        2.0,
        0.8956497622939146,
        0.10435023770608542,
        2.0,
        6.0,
        0.0,
        1.931201391788182,
        1.0,
        0.0,
        0.0,
        1.1848750993025945,
        2.8557297201000966,
        0.0,
        1.1101637654377123,
        3.2691465802155193,
        1.1442092575564462,
        2.0,
        0.0,
        0.0,
        1.0,
        1.3287651894735084,
        0.5275639551467775,
        0.0
    ],
    "q_mccormick": [
        0.0,
        0.14330553102987742,
        0.0,
        0.770753684610651,
        0.8092984570739257,
        0.8566944689701226,
        0.0,
        0.0,
        0.196670726563943,
        0.2292463153893492,
        0.0,
        1.0,
        0.0,
        0.0,
        0.375,
        0.0,
        0.0,
        0.0,
        0.6792496122086994,
        0.0,
        0.40756245034870275,
        0.0,
        1.0,
        0.3492702219038041,
        0.2567470376967814,
        0.0,
        0.3207503877913006,
        0.0,
        1.0,
        0.9358666004283605,
        0.9120726741422037,
        0.0,
        0.0,
        0.0,
        0.0,
        0.0,
        0.0,
        0.0,
        0.08792732585779624,
        0.07726146263489275,
        0.0,
        0.0,
        1.0,
        0.0,
        0.0,
        0.6507297780961959,
        0.0,
        1.0,
        0.0,
        0.0,
        0.0,
        0.0,
        0.0,
        0.0,
        0.5924375496512972,
        0.0,
        0.0,
        0.0,
        0.0,
        0.0,
        0.0,
        0.0,
        0.0,
        0.0,
        0.06413339957163955,
        0.0,
        0.0,
        0.17158223573927556,
        0.19070154292607436,
        0.0,
        0.9227385373651072
    ],