{
    "x_ij_mccormick": [
        0.0,
        0.3363545851411587,
        0.0,
        0.0,
        0.5320097135614419,
        0.0,
        1.5056631863236527,
        0.0,
        0.0,
        0.0,
        0.0,
        0.0,
        0.0,
        0.0,
        0.0,
        0.0,
        0.0,
        0.0,
        0.2300743213234664,
        0.0,
        0.0,
        0.0,
        0.0,
        0.0,
        0.0,
        0.0,
        0.0,
        2.0,
        0.0,
        0.0,
        0.0,
        0.0,
        0.0,
        0.0,
        0.0,
        0.0,
        0.0,
        0.0,
        0.0,
        0.0,
        0.0,
        0.0,
        0.0,
        0.7677421773248414,
        0.0,
        0.0,
        0.0,
        0.0,
        0.0,
        0.0,
        0.0,
        0.0,
        0.0,
        0.0,
        0.0,
        1.3363545851411587,
        0.0,
        0.2665557676026298,
        0.0,
        0.1124462540069493,
        0.0,
        0.0,
        0.0,
        0.0,
        6.0,
        0.0,
        0.0,
        0.0,
        0.0,
        0.7699256786765336,
        0.0,
        0.0,
        0.0,
        0.0,
        0.0,
        0.0,
        0.0,
        0.6697925475108475,
        0.0,
        0.0,
        0.0,
        0.0,
        0.0,
        0.0,
        0.0,
        0.0,
        0.0,
        0.0,
        0.0,
        0.0,
        0.0,
        0.0,
        0.0,
        0.0,
        0.0,
        0.0,
        0.0,
        0.6958143916612829,
        0.0,
        0.07661672108859219,
        0.0,
        0.0,
        0.0,
        0.0,
        0.0,
        0.0,
        0.0,
        0.0,
        0.0,
        0.0,
        0.0,
        0.0,
        0.024490112678377085,
        5.349370426948635,
        0.0,
        0.0
    ],
    "x_il_mccormick": [
        0.0,
        0.0,
        0.0,
        2.189653229190789,
        3.5176843538289013,
        0.7918554421208583,
        0.0,
        0.0,
        1.1201529941847843,
        0.7148354783704599,
        0.0,
        3.0,
        0.0,
        0.0,
        3.0,
        0.0,
        0.0,
        1.2802965561445192,
        5.301604593619738,
        0.0,
        0.0,
        0.7024813715554888,
        3.0,
        1.0898520123310709,
        1.9101479876689291,
        0.0,
        2.6983954063802633,
        0.0,
        1.6636454148588413,
        1.333747331619902,
        1.3996969007774682,
        0.0,
        0.0,
        0.0,
        0.0,
        0.0,
        0.0,
        0.0,
        0.5371340506990783,
        0.1936692276750258,
        0.0,
        0.0,
        3.0,
        0.0,
        0.0,
        1.8112515088591223,
        0.0,
        3.0,
        0.0,
        0.0,
        0.0,
        0.0,
        0.0,
        0.0,
        3.9197341385215303,
        0.0,
        0.0,
        1.6467860897478217,
        0.0,
        0.0,
        0.0,
        0.0,
        0.0,
        0.0,
        0.5538064143731487,
        0.0,
        0.0,
        1.9696990181462861,
        0.6564404422267024,
        0.0,
        7.225323089299898
    ],
    "x_lj_mccormick": [
        1.4679902864385581,
        5.047836644373878,
        0.0,
        0.9031653861624871,
        0.4943368136763472,
        1.0,
        0.0,
        0.0,
        2.0,
        0.3041856083387171,
        0.6003030992225318,
        1.728767199278957,
        0.9755098873216229,
        0.29572291339942003,
        1.6636454148588413,
        0.0,
        0.0,
        0.0,
        0.27123280072104294,
        1.0090637554234763,
        0.0,
        2.0,
        0.9011035211901929,
        1.8875537459930507,
        0.0,
        0.0,
        5.73344423239737,
        2.1530602452503436,
        0.0,
        0.11349552235228666,
        2.0,
        0.8865044776477133,
        0.11349552235228666,
        2.0,
        6.0,
        0.0,
        2.0,
        1.0,
        0.0,
        0.0,
        1.3302074524891525,
        2.5105851696084978,
        0.07894151642388003,
        1.2322578226751586,
        3.9322126209015646,
        0.6564404422267024,
        1.92105848357612,
        0.02021789274892072,
        0.0,
        1.0587236236749593,
        1.3996969007774682,
        0.5371340506990783,
        0.0
    ],
    "q_mccormick": [
        0.0,
        0.0,
        0.0,
        0.729884409730263,
        0.6161289113375793,
        0.29751862844451116,
        0.0,
        0.0,
        0.14001912427309818,
        0.2701155902697369,
        0.0,
        1.0,
        0.0,
        0.0,
        0.375,
        0.0,
        0.0,
        0.16817729257057934,
        0.662700574202467,
        0.0,
        0.33489627375542375,
        0.7024813715554888,
        1.0,
        0.39624949704695933,
        0.23876849845861614,
        0.0,
        0.33729942579753297,
        0.0,
        0.8318227074294207,
        0.7230967928134256,
        0.9104776582168203,
        0.0,
        0.0,
        0.0,
        0.0,
        0.0,
        0.0,
        0.0,
        0.0895223417831797,
        0.0968346138375129,
        0.0,
        0.0,
        1.0,
        0.0,
        0.0,
        0.6037505029530407,
        0.0,
        1.0,
        0.0,
        0.0,
        0.0,
        0.0,
        0.0,
        0.0,
        0.6651037262445763,
        0.0,
        0.0,
        0.2744643482913036,
        0.0,
        0.0,
        0.0,
        0.0,
        0.0,
        0.0,
        0.27690320718657435,
        0.0,
        0.0,
        0.2462123772682858,
        0.10940674037111707,
        0.0,
        0.9031653861624871
    ],