{
    "x_ij_mccormick": [
        0.0,
        0.0,
        0.0,
        0.0,
        0.0,
        0.0,
        1.5149368835465948,
        0.0,
        0.0,
        0.0,
        0.0,
        0.0,
        0.0,
        0.0,
        0.0,
        0.0,
        0.0,
        0.0,
        0.0,
        0.0,
        0.0,
        0.0,
        0.0,
        0.0,
        0.0,
        0.0,
        0.0,
        2.0,
        0.0,
        0.0,
        0.0,
        0.0,
        0.0,
        0.0,
        0.0,
        0.0,
        0.0,
        0.0,
        0.0,
        0.0,
        0.0,
        0.0,
        0.0,
        0.6198976528683054,
        0.3559284081182712,
        0.0,
        0.0,
        0.0,
        0.0,
        0.0,
        0.0,
        0.0,
        0.0,
        0.0,
        0.0,
        0.0,
        0.0,
        0.8715232063008584,
        0.028941082665755496,
        1.3660862404629226,
        0.0,
        0.0,
        0.0,
        0.0,
        6.0,
        0.0,
        0.0,
        0.0,
        0.0,
        0.7823949602871076,
        0.0,
        0.0,
        0.0,
        0.0,
        0.0,
        0.0,
        0.0,
        0.5889849844868615,
        0.0,
        0.0,
        0.0,
        0.0,
        0.0,
        0.0,
        0.0,
        0.0,
        0.0,
        0.0,
        0.0,
        0.0,
        0.0,
        0.0,
        0.0,
        0.0,
        0.0,
        0.0,
        0.0,
        0.8355418062917015,
        0.0,
        0.0,
        0.0,
        0.0,
        0.0,
        0.0,
        0.0,
        0.0,
        0.0,
        0.0,
        0.0,
        0.0,
        0.0,
        0.0,
        0.0646372447690381,
        4.434015322172289,
        0.0,
        0.0
    ],
    "x_il_mccormick": [
        0.0,
        0.0,
        0.0,
        2.1203001603803173,
        3.2309069755653885,
        1.301262017541563,
        0.0,
        0.0,
        1.332922527928088,
        0.7509247534547536,
        0.0,
        3.0,
        0.0,
        0.0,
        3.0,
        0.0,
        0.0,
        0.0,
        7.380102347131694,
        0.0,
        0.0,
        0.18380109891184226,
        3.0,
        0.7241655570751918,
        2.275834442924808,
        0.0,
        0.619897652868306,
        0.0,
        3.0,
        0.8515187992499695,
        1.2480169117834166,
        0.0,
        0.0,
        0.0,
        0.0,
        0.0,
        0.0,
        0.0,
        1.6112010459175217,
        0.0,
        0.0,
        0.0,
        3.0,
        0.0,
        0.0,
        2.2053992459075014,
        0.0,
        2.9710589173342443,
        0.0,
        0.0,
        0.0,
        0.0,
        0.0,
        0.0,
        4.549842306225045,
        0.0,
        0.0,
        1.3448998800260545,
        0.0,
        0.0,
        0.0,
        0.0,
        0.0,
        0.0,
        0.0,
        0.0,
        0.0,
        1.3912430291471045,
        2.110104403911569,
        0.0,
        7.2632749377286085
    ],
    "x_lj_mccormick": [
        2.0,
        4.2632749377286085,
        0.0,
        1.0,
        0.4850631164534052,
        1.0,
        0.0,
        0.0,
        2.0,
        0.1644581937082985,
        0.7067667201267724,
        1.2968894273908569,
        0.9353627552309619,
        0.7677478173781813,
        2.0,
        0.0,
        0.0,
        0.0,
        0.7031105726091431,
        0.2968894273908569,
        0.0,
        2.0,
        0.9295648029826931,
        0.6339137595370773,
        0.2176050397128923,
        0.0,
        5.128476793699142,
        2.871523206300858,
        0.0,
        0.0,
        2.0,
        0.9710589173342445,
        0.0,
        2.0,
        5.644071591881729,
        0.35592840811827153,
        2.0,
        1.0,
        0.0,
        0.0,
        1.4110150155131385,
        3.128476793699142,
        0.010350497012764581,
        1.024173939013423,
        4.692760075596379,
        0.9689772448932105,
        1.9896495029872354,
        0.0,
        0.0,
        1.0103504970127646,
        1.2932332798732276,
        1.5659846778277107,
        0.0
    ],
    "q_mccormick": [
        0.0,
        0.0,
        0.0,
        0.7067667201267724,
        0.5120869695067115,
        0.8161989010881577,
        0.0,
        0.0,
        0.16661531599101098,
        0.29323327987322756,
        0.0,
        1.0,
        0.0,
        0.0,
        0.375,
        0.0,
        0.0,
        0.0,
        0.9225127933914617,
        0.0,
        0.29449249224343077,
        0.18380109891184226,
        1.0,
        0.2648669180308329,
        0.284479305365601,
        0.0,
        0.07748720660853821,
        0.0,
        1.0,
        1.0,
        0.7390025536953815,
        0.0,
        0.0,
        0.0,
        0.0,
        0.0,
        0.0,
        0.0,
        0.26099744630461846,
        0.0,
        0.0,
        0.0,
        1.0,
        0.0,
        0.0,
        0.735133081969167,
        0.0,
        1.0,
        0.0,
        0.0,
        0.0,
        0.0,
        0.0,
        0.0,
        0.7055075077565692,
        0.0,
        0.0,
        0.22414998000434241,
        0.0,
        0.0,
        0.0,
        0.0,
        0.0,
        0.0,
        0.0,
        0.0,
        0.0,
        0.17390537864338806,
        0.2637630504889461,
        0.0,
        1.0
    ],