{
    "x_ij_mccormick": [
        0.0,
        0.0,
        0.0,
        0.0,
        0.4143767049614149,
        0.0,
        1.576336106229068,
        0.0,
        0.0,
        0.0,
        0.0,
        0.0,
        0.0,
        0.0,
        0.0,
        0.0,
        0.0,
        0.0,
        0.3199196460132089,
        0.0,
        1.7376876004682213,
        0.0,
        0.0,
        0.0,
        0.0,
        0.0,
        0.0,
        2.0,
        0.0,
        0.38189283379355254,
        0.0,
        0.0,
        0.0,
        0.0,
        0.0,
        0.0,
        0.0,
        0.0,
        0.0,
        0.0,
        0.0,
        0.0,
        0.0,
        0.9174943656054241,
        0.0,
        0.0,
        0.0,
        0.0,
        0.0,
        0.0,
        0.0,
        0.0,
        0.0,
        0.0,
        0.0,
        0.7436274855619206,
        0.0,
        0.5332027942617525,
        0.0,
        1.8449805769806025,
        0.0,
        0.0,
        0.0,
        0.0,
        6.0,
        0.0,
        0.0,
        0.0,
        0.0,
        0.6800803539867911,
        0.0,
        0.0,
        0.0,
        0.0,
        0.0,
        0.0,
        0.0,
        0.6014170930055014,
        0.0,
        0.0,
        0.0,
        0.0,
        0.0,
        0.0,
        0.0,
        0.0,
        0.0,
        0.03447760461944638,
        0.0,
        0.0,
        0.0,
        0.0,
        0.0,
        0.0,
        0.0,
        0.0,
        0.0,
        0.5259902539079491,
        0.0,
        0.0,
        0.0,
        0.0,
        0.0,
        0.0,
        0.0,
        0.0,
        0.0,
        0.0,
        0.0,
        0.0,
        0.0,
        0.0,
        0.0,
        2.0733877497372495,
        0.0,
        0.0
    ],
    "x_il_mccormick": [
        0.0,
        0.0,
        0.0,
        1.9841447887347516,
        4.249402439641866,
        0.6940645957375431,
        0.0,
        0.0,
        0.0,
        0.9423927535185699,
        0.0,
        3.0,
        0.0,
        0.0,
        2.6181071662064475,
        0.0,
        0.0,
        0.0,
        6.45073805972288,
        0.0,
        0.0,
        0.729599298033389,
        3.0,
        1.0906651478850644,
        1.9093348521149356,
        0.0,
        1.5492619402771197,
        0.0,
        2.2563725144380795,
        0.15501942301939753,
        2.31177778271885,
        0.0,
        0.0,
        0.0,
        0.0,
        0.0,
        0.0,
        0.0,
        1.3575833884838115,
        0.22453104234149035,
        0.0,
        0.0,
        2.9655223953805536,
        0.0,
        0.0,
        1.8065235924895475,
        0.0,
        3.0,
        0.0,
        0.0,
        0.0,
        0.0,
        0.0,
        0.0,
        4.1887883096014225,
        0.0,
        0.0,
        0.0,
        0.0,
        0.0,
        0.0,
        0.0,
        0.0,
        0.0,
        0.0,
        0.0,
        0.0,
        3.472557981678616,
        2.4540542685841347,
        0.0,
        7.101875830634038
    ],
    "x_lj_mccormick": [
        1.5856232950385851,
        4.853049099107689,
        0.0,
        0.8877344788292548,
        0.42366389377093205,
        1.0,
        0.0,
        0.0,
        2.0,
        0.47400974609205093,
        0.45252779616127053,
        1.7436274855619205,
        1.0,
        0.2563725144380794,
        2.0,
        0.0,
        0.0,
        0.0,
        0.2563725144380795,
        0.0,
        0.0,
        2.0,
        0.8971887403746119,
        0.15501942301939753,
        0.0,
        0.0,
        5.4667972057382475,
        2.4661671118311554,
        0.0,
        0.06703568243059711,
        2.0,
        0.9329643175694029,
        0.0670356824305971,
        2.0,
        6.0,
        0.0,
        1.9655223953805536,
        1.0,
        0.0,
        0.0,
        1.3985829069944986,
        2.790205402606924,
        0.0,
        1.0825056343945758,
        5.112265521170745,
        0.5086855526606797,
        2.0,
        0.11226552117074518,
        0.0,
        0.8877344788292549,
        1.5474722038387294,
        2.1218889673639323,
        0.0
    ],
    "q_mccormick": [
        0.0,
        0.0,
        0.0,
        0.6613815962449168,
        0.6757718806794242,
        0.27040070196661103,
        0.0,
        0.0,
        0.0,
        0.33861840375508323,
        0.0,
        1.0,
        0.0,
        0.0,
        0.327263395775806,
        0.0,
        0.0,
        0.0,
        0.8063422574653601,
        0.0,
        0.3007085465027507,
        0.729599298033389,
        1.0,
        0.3978254691701509,
        0.23866685651436695,
        0.0,
        0.19365774253463985,
        0.0,
        1.0,
        0.07750971150969876,
        0.7737361019193647,
        0.0,
        0.9224902884903012,
        0.0,
        0.0,
        0.0,
        0.0,
        0.0,
        0.2262638980806353,
        0.11226552117074518,
        0.0,
        0.0,
        1.0,
        0.0,
        0.0,
        0.6021745308298492,
        0.0,
        1.0,
        0.0,
        0.0,
        0.0,
        0.0,
        0.0,
        0.0,
        0.6992914534972493,
        0.0,
        0.0,
        0.0,
        0.0,
        0.0,
        0.0,
        0.0,
        0.0,
        0.0,
        0.0,
        0.0,
        0.0,
        0.4340697477098271,
        0.32422811932057577,
        0.0,
        0.8877344788292548
    ],