{
    "x_ij_mccormick": [
        0.0,
        0.11075406886673012,
        0.0,
        0.0,
        0.2028538750327309,
        0.0,
        1.2945832769299561,
        0.0,
        0.0,
        0.0,
        0.0,
        0.0,
        0.0,
        0.0,
        0.0,
        0.0,
        0.0,
        0.0,
        0.24216211469506854,
        0.0,
        0.0,
        0.0,
        0.0,
        0.0,
        0.0,
        0.0,
        0.0,
        2.0,
        0.0,
        0.0,
        0.0,
        0.0,
        0.0,
        0.0,
        0.0,
        0.0,
        0.0,
        0.0,
        0.0,
        0.0,
        0.0,
        0.0,
        0.0,
        0.8921392808932032,
        0.0,
        0.0,
        0.0,
        0.0,
        0.0,
        0.0,
        0.0,
        0.0,
        0.0,
        0.0,
        0.0,
        0.596587684283234,
        0.0,
        0.0,
        0.0,
        2.0,
        0.0,
        0.0,
        0.0,
        0.0,
        6.0,
        0.0,
        0.0,
        0.0,
        0.0,
        0.7578378853049315,
        0.0,
        0.0,
        0.0,
        0.0,
        0.0,
        0.0,
        0.0,
        0.8515358537062288,
        0.0,
        0.0,
        0.0,
        0.0,
        0.0,
        0.0,
        0.0,
        0.0,
        0.0,
        0.1787136007463921,
        0.0,
        0.0,
        0.0,
        0.0,
        0.0,
        0.0,
        0.0,
        0.0,
        0.0,
        0.5966691431781488,
        0.0,
        0.0,
        0.0,
        0.0,
        0.0,
        0.0,
        0.0,
        0.0,
        0.0,
        0.0,
        0.0,
        0.0,
        0.0,
        0.0,
        0.012504186437508566,
        2.822585350814214,
        0.0,
        0.0
    ],
    "x_il_mccormick": [
        0.0,
        0.0,
        0.0,
        2.1874154340739023,
        4.1348924561227545,
        1.2037512877291643,
        0.0,
        0.0,
        0.44031378418441847,
        0.7565861237055409,
        0.0,
        3.0,
        0.0,
        0.0,
        3.0,
        0.0,
        0.0,
        0.0,
        6.994224212213891,
        0.0,
        1.2087582795829106,
        0.5016654353408797,
        3.0,
        0.9357131323207151,
        2.064286867679285,
        0.0,
        1.005775787786109,
        0.0,
        2.403412315716766,
        0.0,
        3.0,
        0.0,
        0.0,
        0.0,
        0.0,
        0.0,
        0.0,
        0.0,
        1.6220121028727756,
        0.1664849097272223,
        0.0,
        0.0,
        2.8212863992536077,
        0.0,
        0.0,
        1.9731451767901513,
        0.0,
        3.0,
        0.0,
        0.0,
        0.0,
        0.0,
        0.0,
        0.0,
        3.4312374592830386,
        0.0,
        0.0,
        0.0,
        0.0,
        0.0,
        0.0,
        0.0,
        0.0,
        0.0,
        0.0,
        0.0,
        0.0,
        2.4953993481362966,
        2.669511114611981,
        0.0,
        7.334060361091111
    ],
    "x_lj_mccormick": [
        1.797146124967269,
        4.786641600714675,
        0.0,
        0.9167575451363889,
        0.705416723070044,
        1.0,
        0.0,
        0.0,
        2.0,
        0.4033308568218512,
        0.540670700957592,
        1.4858336154165037,
        0.9874958135624914,
        0.5266705710210049,
        1.8892459311332699,
        0.0,
        0.0,
        0.0,
        0.5141663845834963,
        0.0,
        0.0,
        2.0,
        0.9088583091108666,
        0.0,
        0.0,
        0.0,
        6.0,
        1.9852681546445807,
        0.0,
        0.01473184535541927,
        2.0,
        0.9852681546445807,
        0.01473184535541927,
        2.0,
        6.0,
        0.0,
        1.821286399253608,
        1.0,
        0.0,
        0.0,
        1.1484641462937712,
        3.4181441610721848,
        0.07338743149999294,
        1.1078607191067968,
        5.009855023363618,
        0.6866878282643205,
        1.926612568500007,
        0.08324245486361118,
        0.0,
        0.9901449766363823,
        1.459329299042408,
        3.1626828038303674,
        0.0
    ],
    "q_mccormick": [
        0.0,
        0.0,
        0.0,
        0.729138478024634,
        0.6663111106735023,
        0.4983345646591203,
        0.0,
        0.0,
        0.05503922302305231,
        0.27086152197536595,
        0.0,
        1.0,
        0.0,
        0.0,
        0.375,
        0.0,
        0.0,
        0.05537703443336506,
        0.8742780265267364,
        0.0,
        0.20145971326381842,
        0.5016654353408797,
        1.0,
        0.3422849410699495,
        0.2580358584599106,
        0.0,
        0.12572197347326364,
        0.0,
        0.9446229655666349,
        1.0,
        0.729664649521204,
        0.0,
        0.0,
        0.0,
        0.0,
        0.0,
        0.0,
        0.0,
        0.270335350478796,
        0.08324245486361115,
        0.0,
        0.0,
        1.0,
        0.0,
        0.0,
        0.6577150589300504,
        0.0,
        1.0,
        0.0,
        0.0,
        0.0,
        0.0,
        0.0,
        0.0,
        0.7985402867361816,
        0.0,
        0.0,
        0.0,
        0.0,
        0.0,
        0.0,
        0.0,
        0.0,
        0.0,
        0.0,
        0.0,
        0.0,
        0.3119249185170371,
        0.33368888932649765,
        0.0,
        0.9167575451363889
    ],