{
    "x_ij_mccormick": [
        0.0,
        0.0,
        0.0,
        0.0,
        0.49170422661233504,
        0.0,
        1.5620460567329033,
        0.0,
        0.0,
        0.0,
        0.0,
        0.0,
        0.0,
        0.0,
        0.0,
        0.0,
        0.0,
        0.0,
        0.25484294690690534,
        0.0,
        0.0,
        0.0,
        0.0,
        0.0,
        0.0,
        0.0,
        0.0,
        2.0,
        0.0,
        0.0,
        0.0,
        0.0,
        0.0,
        0.0,
        0.0,
        0.0,
        0.0,
        0.0,
        0.0,
        0.0,
        0.0,
        0.0,
        0.0,
        0.9284181768480281,
        0.05942459585578419,
        0.0,
        0.0,
        0.0,
        0.0,
        0.0,
        0.0,
        0.0,
        0.0,
        0.0,
        0.0,
        0.17881409462287823,
        0.0,
        0.4642090884240142,
        0.0,
        2.0,
        0.0,
        0.0,
        0.0,
        0.0,
        6.0,
        0.0,
        0.0,
        0.0,
        0.0,
        0.7451570530930947,
        0.0,
        0.0,
        0.0,
        0.0,
        0.0,
        0.0,
        0.0,
        0.5122805203618472,
        0.0,
        0.0,
        0.0,
        0.0,
        0.0,
        0.0,
        0.0,
        0.0,
        0.0,
        0.0,
        0.0,
        0.0,
        0.0,
        0.0,
        0.0,
        0.0,
        0.0,
        0.0,
        0.0,
        0.434226018424159,
        0.0,
        0.09869916271112356,
        0.0,
        0.0,
        0.0,
        0.0,
        0.0,
        0.0,
        0.0,
        0.0,
        0.0,
        0.0,
        0.0,
        0.0,
        0.07792210539516331,
        3.86028801216702,
        0.0,
        0.0
    ],
    "x_il_mccormick": [
        0.0,
        0.0,
        0.0,
        2.1951732358644147,
        2.9892623582359117,
        1.2252079433930465,
        0.0,
        0.0,
        0.6985673284537501,
        0.7558241469529791,
        0.0,
        3.0,
        0.0,
        0.0,
        3.0,
        0.0,
        0.0,
        0.0,
        7.071581823151972,
        0.0,
        0.0,
        0.21274599987405032,
        3.0,
        0.7979409663050148,
        2.2020590336949852,
        0.0,
        0.9284181768480275,
        0.0,
        2.8211859053771215,
        0.0,
        2.535790911575986,
        0.0,
        0.0,
        0.0,
        0.0,
        0.0,
        0.0,
        0.0,
        1.1556702037246571,
        0.360069458241556,
        0.0,
        0.0,
        3.0,
        0.0,
        0.0,
        2.141440323022304,
        0.0,
        3.0,
        0.0,
        0.0,
        0.0,
        0.0,
        0.0,
        0.0,
        5.067183232313167,
        0.0,
        0.0,
        1.491716134671525,
        0.0,
        0.0,
        0.0,
        0.0,
        0.0,
        0.0,
        0.0,
        0.0,
        0.0,
        2.099373637851265,
        1.9624162445865512,
        0.0,
        6.559722167033776
    ],
    "x_lj_mccormick": [
        1.508295773387665,
        4.5915305810084455,
        0.0,
        0.819965270879222,
        0.4379539432670968,
        1.0,
        0.0,
        0.0,
        2.0,
        0.565773981575841,
        0.3852234012415525,
        1.1788140946228782,
        0.9220778946048367,
        0.8991080107722851,
        2.0,
        0.0,
        0.0,
        0.0,
        0.8211859053771218,
        0.0,
        0.0,
        2.0,
        0.9393812893273186,
        0.0,
        0.0,
        0.0,
        5.535790911575986,
        2.4011816171332296,
        0.0,
        0.06302747129078402,
        2.0,
        0.9369725287092159,
        0.06302747129078412,
        2.0,
        5.940575404144216,
        0.059424595855784634,
        2.0,
        1.0,
        0.0,
        0.0,
        1.4877194796381528,
        3.4200042882438924,
        0.15945946443112224,
        1.0121572272961872,
        4.921876101978532,
        0.5093614082192688,
        1.8405405355688778,
        0.08133556640965445,
        0.0,
        1.0781238980214678,
        1.6147765987584475,
        2.076684516542196,
        0.0
    ],
    "q_mccormick": [
        0.0,
        0.0,
        0.0,
        0.7317244119548049,
        0.5060786136480936,
        0.7872540001259497,
        0.0,
        0.0,
        0.08732091605671877,
        0.26827558804519525,
        0.0,
        1.0,
        0.0,
        0.0,
        0.375,
        0.0,
        0.0,
        0.0,
        0.8839477278939966,
        0.0,
        0.2561402601809236,
        0.21274599987405032,
        1.0,
        0.2861865589925654,
        0.27525737921187315,
        0.0,
        0.11605227210600344,
        0.0,
        1.0,
        0.0,
        0.8073882993792237,
        0.0,
        0.0,
        0.0,
        0.0,
        0.0,
        0.0,
        0.0,
        0.19261170062077626,
        0.180034729120778,
        0.0,
        0.0,
        1.0,
        0.0,
        0.0,
        0.7138134410074346,
        0.0,
        1.0,
        0.0,
        0.0,
        0.0,
        0.0,
        0.0,
        0.0,
        0.7438597398190764,
        0.0,
        0.0,
        0.24861935577858751,
        0.0,
        0.0,
        0.0,
        0.0,
        0.0,
        0.0,
        1.0,
        0.0,
        0.0,
        0.2624217047314081,
        0.2453020305733189,
        0.0,
        0.819965270879222
    ],