{
    "x_ij_mccormick": [
        0.0,
        0.5680952655643867,
        0.0,
        0.0,
        0.0,
        0.0,
        1.8254133355796838,
        0.0,
        0.0,
        0.0,
        0.0,
        0.0,
        0.0,
        0.0,
        0.0,
        0.0,
        0.0,
        0.0,
        0.22073349133905174,
        0.0,
        0.0,
        0.0,
        0.0,
        0.0,
        0.0,
        0.0,
        0.0,
        2.0,
        0.0,
        0.1834754107539437,
        0.0,
        0.0,
        0.0,
        0.0,
        0.0,
        0.0,
        0.0,
        0.0,
        0.0,
        0.0,
        0.0,
        0.0,
        0.0,
        0.8507561254085336,
        0.0,
        0.0,
        0.0,
        0.0,
        0.0,
        0.0,
        0.0,
        0.0,
        0.0,
        0.0,
        0.0,
        0.0,
        0.0,
        0.4746123365766559,
        0.0,
        1.517117623015067,
        0.0,
        0.0,
        0.0,
        0.0,
        6.0,
        0.0,
        0.0,
        0.0,
        0.0,
        0.7792665086609483,
        0.0,
        0.0,
        0.0,
        0.0,
        0.0,
        0.0,
        0.0,
        0.5365559161098312,
        0.0,
        0.0,
        0.0,
        0.0,
        0.0,
        0.0,
        0.0,
        0.0,
        0.0,
        0.2510353596684247,
        0.0,
        0.0,
        0.0,
        0.0,
        0.0,
        0.0,
        0.0,
        0.0,
        0.0,
        0.6502087540535726,
        0.0,
        0.0,
        0.0,
        0.0,
        0.0,
        0.0,
        0.0,
        0.0,
        0.0,
        0.0,
        0.0,
        0.0,
        0.10795738778110309,
        0.0,
        0.043398288931843054,
        3.3058099636461487,
        0.0,
        0.0
    ],
    "x_il_mccormick": [
        0.0,
        0.0,
        0.0,
        2.26573491094838,
        3.966865648896455,
        0.5565229361115818,
        0.0,
        0.0,
        0.21037715335852525,
        0.6735219608593457,
        0.0,
        3.0,
        0.0,
        0.0,
        2.816524589246056,
        0.0,
        0.0,
        0.0,
        5.788731156233954,
        0.0,
        0.0,
        0.6180637283087344,
        3.0,
        0.8180611186575155,
        2.1819388813424845,
        0.0,
        2.211268843766045,
        0.0,
        3.0,
        0.4828823769849331,
        2.042505286438411,
        0.0,
        0.0,
        0.0,
        0.0,
        0.0,
        0.0,
        0.0,
        1.7683968775838952,
        0.16283433663309776,
        0.0,
        0.0,
        2.7489646403315753,
        0.0,
        0.0,
        2.1011931880429393,
        0.0,
        2.838063918328345,
        0.0,
        0.0,
        0.0,
        0.0,
        0.0,
        0.0,
        5.298933892758816,
        0.0,
        0.0,
        0.0,
        0.0,
        0.0,
        0.0,
        0.0,
        0.0,
        0.16193608167165463,
        0.0,
        0.0,
        0.0,
        2.791159376052934,
        1.7516749835879715,
        0.0,
        7.348662653467609
    ],
    "x_lj_mccormick": [
        2.0,
        4.592914158417256,
        0.0,
        0.9185828316834511,
        0.17458666442031612,
        1.0,
        0.0,
        0.0,
        2.0,
        0.34979124594642735,
        0.5894656258612984,
        1.5297700273402823,
        0.956601711068157,
        0.5136282615915606,
        1.4319047344356133,
        0.0,
        0.0,
        0.0,
        0.47022997265971767,
        1.097865292904669,
        0.0,
        2.0,
        0.9192543067004546,
        0.4828823769849331,
        0.0,
        0.0,
        5.525387663423344,
        2.2887474778875125,
        0.0,
        0.18586485868914354,
        1.892042612218897,
        0.8141351413108564,
        0.29382224647024646,
        2.0,
        6.0,
        0.0,
        1.7489646403315753,
        1.0,
        0.0,
        0.0,
        1.4634440838901688,
        3.7112525221124875,
        0.12423728675615964,
        1.1492438745914664,
        3.85931458865572,
        0.70998216923724,
        1.8757627132438404,
        0.08141716831654888,
        0.0,
        1.0428201184396109,
        1.4105343741387015,
        2.400367789883605,
        0.0
    ],
    "q_mccormick": [
        0.0,
        0.0,
        0.0,
        0.7552449703161266,
        0.7810406270515036,
        0.38193627169126565,
        0.0,
        0.0,
        0.026297144169815656,
        0.24475502968387342,
        0.0,
        1.0,
        0.0,
        0.0,
        0.35206557365575714,
        0.0,
        0.0,
        0.28404763278219336,
        0.7235913945292444,
        0.0,
        0.0,
        0.6180637283087344,
        1.0,
        0.2996022706523536,
        0.27274236016781056,
        0.0,
        0.27640860547075563,
        0.0,
        0.7159523672178066,
        1.0,
        0.7052671870693508,
        0.0,
        0.0,
        0.0,
        0.0,
        0.0,
        0.0,
        0.0,
        0.29473281293064924,
        0.08141716831654888,
        0.0,
        0.0,
        1.0,
        0.0,
        0.2682779580549156,
        0.7003977293476464,
        0.0,
        0.9460213061094485,
        0.0,
        0.0,
        0.0,
        0.0,
        0.0,
        0.0,
        0.7317220419450844,
        0.0,
        0.0,
        0.0,
        0.0,
        0.0,
        0.0,
        0.0,
        0.0,
        0.05397869389055154,
        0.0,
        0.0,
        0.0,
        0.34889492200661676,
        0.21895937294849643,
        0.0,
        0.9185828316834511
    ],