{
    "x_ij_mccormick": [
        0.0,
        0.0298387997040388,
        0.0,
        0.0,
        0.0,
        0.0,
        1.5207676042487688,
        0.0,
        0.0,
        0.0,
        0.0,
        0.0,
        0.0,
        0.0,
        0.0,
        0.0,
        0.0,
        0.0,
        0.22633665990356877,
        0.0,
        0.0,
        0.0,
        0.0,
        0.0,
        0.0,
        0.0,
        0.0,
        2.0,
        0.0,
        0.0,
        0.0,
        0.0,
        0.0,
        0.0,
        0.0,
        0.0,
        0.0,
        0.0,
        0.0,
        0.0,
        0.0,
        0.0,
        0.0,
        0.9961170484631406,
        0.0,
        0.0,
        0.0,
        0.0,
        0.0,
        0.0,
        0.0,
        0.0,
        0.0,
        0.0,
        0.0,
        0.7682067613051276,
        0.0,
        1.1417040596246846,
        0.15396489484891362,
        1.9607439636658126,
        0.0,
        0.0,
        0.0,
        0.0,
        6.0,
        0.0,
        0.0,
        0.0,
        0.0,
        0.7736633400964312,
        0.0,
        0.0,
        0.0,
        0.0,
        0.0,
        0.0,
        0.0,
        0.8194641081306828,
        0.0,
        0.0,
        0.0,
        0.0,
        0.0,
        0.0,
        0.0,
        0.0,
        0.0,
        0.0,
        0.0,
        0.0,
        0.0,
        0.0,
        0.0,
        0.0,
        0.0,
        0.0,
        0.0,
        0.7452989477556117,
        0.0,
        0.0,
        0.0,
        0.0,
        0.0,
        0.0,
        0.0,
        0.0,
        0.0,
        0.0,
        0.0,
        0.0,
        0.0,
        0.0,
        0.0,
        3.8009893490710995,
        0.0,
        0.0
    ],
    "x_il_mccormick": [
        0.0,
        0.6849203692916197,
        0.0,
        2.2631454263830024,
        4.210175624222256,
        0.7943120264596115,
        0.0,
        0.0,
        1.209774503701411,
        0.6743627957504222,
        0.0,
        3.0,
        0.0,
        0.0,
        3.0,
        0.0,
        0.0,
        0.0,
        7.003882951536859,
        0.0,
        0.17280964231774454,
        0.0,
        3.0,
        0.7480322809003908,
        2.2519677190996092,
        0.0,
        0.996117048463141,
        0.0,
        2.2317932386948724,
        0.03925603633418737,
        1.6650750091922146,
        0.0,
        0.0,
        0.0,
        0.0,
        0.0,
        0.0,
        0.0,
        1.6971635769987359,
        0.0,
        0.0,
        0.0,
        3.0,
        0.0,
        0.0,
        2.1819030740114718,
        0.0,
        2.888933048941741,
        0.0,
        0.0,
        0.0,
        0.0,
        0.0,
        0.0,
        3.0978154286217605,
        0.0,
        0.0,
        0.0,
        0.0,
        0.0,
        0.0,
        0.0,
        0.0,
        0.11106695105825892,
        0.0,
        0.0,
        0.0,
        1.5382577771989796,
        2.660752873729921,
        0.0,
        7.871322415185771
    ],
    "x_lj_mccormick": [
        2.0,
        4.871322415185771,
        0.0,
        1.0,
        0.4792323957512312,
        1.0,
        0.0,
        0.0,
        2.0,
        0.2547010522443883,
        0.6828071698890363,
        1.7383679616010888,
        1.0,
        0.26163203839891147,
        1.9701612002959612,
        0.0,
        0.0,
        0.0,
        0.26163203839891125,
        0.0,
        0.0,
        2.0,
        0.9299353549118623,
        0.03925603633418737,
        0.0,
        0.0,
        4.858295940375315,
        3.1417040596246846,
        0.0,
        0.0,
        1.9259553659611608,
        0.8460351051510864,
        0.22800952888775283,
        2.0,
        6.0,
        0.0,
        2.0,
        1.0,
        0.0,
        0.0,
        1.1805358918693172,
        2.090089179070188,
        0.0,
        1.0038829515368595,
        5.0,
        0.8670455464153172,
        2.0,
        0.0,
        0.0,
        1.0,
        1.3171928301109637,
        1.9710011220411476,
        0.07404463403883921
    ],
    "q_mccormick": [
        0.0,
        0.6849203692916197,
        0.0,
        0.7543818087943341,
        0.6674058907837599,
        0.3150796307083803,
        0.0,
        0.0,
        0.15122181296267637,
        0.24561819120566586,
        0.0,
        1.0,
        0.0,
        0.0,
        0.375,
        0.0,
        0.0,
        0.0149193998520194,
        0.8754853689421074,
        0.0,
        0.028801607052957423,
        0.0,
        1.0,
        0.2726989753295095,
        0.2814959648874512,
        0.0,
        0.12451463105789262,
        0.0,
        0.9850806001479806,
        1.0,
        0.717139403833544,
        0.0,
        0.0,
        0.0,
        0.0,
        0.0,
        0.0,
        0.0,
        0.282860596166456,
        0.0,
        0.0,
        0.0,
        1.0,
        0.0,
        0.0,
        0.7273010246704905,
        0.0,
        0.9629776829805804,
        0.0,
        0.0,
        0.0,
        0.0,
        0.0,
        0.0,
        0.9711983929470426,
        0.0,
        0.0,
        0.0,
        0.0,
        0.0,
        0.0,
        0.0,
        0.0,
        0.037022317019419604,
        0.0,
        0.0,
        0.0,
        0.19228222214987248,
        0.33259410921624016,
        0.0,
        1.0
    ],