{
    "x_ij_mccormick": [
        0.0,
        0.6434818035646395,
        0.0,
        0.0,
        0.34197023800891424,
        0.0,
        1.4835639239127207,
        0.0,
        0.0,
        0.0,
        0.0,
        0.0,
        0.0,
        0.0,
        0.0,
        0.0,
        0.0,
        0.0,
        0.0,
        0.0,
        0.0,
        0.0,
        0.0,
        0.0,
        0.0,
        0.0,
        0.0,
        2.0,
        0.0,
        0.0,
        0.0,
        0.0,
        0.0,
        0.0,
        0.0,
        0.0,
        0.0,
        0.0,
        0.0,
        0.0,
        0.0,
        0.0,
        0.0,
        1.0919223829604512,
        0.0,
        0.0,
        0.0,
        0.0,
        0.0,
        0.0,
        0.0,
        0.0,
        0.0,
        0.0,
        0.0,
        0.0,
        0.0,
        0.5574293735241306,
        0.029848336365687168,
        1.454744981325991,
        0.0,
        0.0,
        0.0,
        0.0,
        6.0,
        0.0,
        0.0,
        0.0,
        0.0,
        0.8124760497093457,
        0.0,
        0.0,
        0.0,
        0.0,
        0.0,
        0.0,
        0.0,
        0.6324757808237118,
        0.0,
        0.0,
        0.0,
        0.0,
        0.0,
        0.0,
        0.0,
        0.0,
        0.0,
        0.0,
        0.0,
        0.0,
        0.0,
        0.0,
        0.0,
        0.0,
        0.0,
        0.0,
        0.0,
        0.8738499890928016,
        0.0,
        0.16191210659623367,
        0.0,
        0.0,
        0.0,
        0.0,
        0.0,
        0.0,
        0.0,
        0.0,
        0.0,
        0.0,
        0.0,
        0.0,
        0.11761486774260321,
        5.479551612215246,
        0.0,
        0.0
    ],
    "x_il_mccormick": [
        0.0,
        0.30021803114257534,
        0.0,
        2.381078764224059,
        2.338804091823207,
        0.7746541141309187,
        0.0,
        0.0,
        1.2704538558095315,
        0.0,
        0.0,
        3.0,
        0.0,
        0.0,
        3.0,
        0.0,
        0.0,
        0.0,
        6.908077617039549,
        0.0,
        0.021214976887707238,
        0.44156393081378503,
        3.0,
        0.9530724065236991,
        2.046927593476301,
        0.0,
        1.0919223829604525,
        0.0,
        3.0,
        0.7327789689646634,
        1.14117915305436,
        0.5387641680911588,
        0.0,
        0.0,
        0.0,
        0.0,
        0.0,
        0.0,
        0.5855763133223739,
        0.32382421319246735,
        0.0,
        0.0,
        3.0,
        0.0,
        0.0,
        1.9619785924381472,
        0.0,
        2.970151663634313,
        0.0,
        0.0,
        0.0,
        0.0,
        0.0,
        0.0,
        4.78887986876445,
        0.0,
        0.0,
        2.5555521795533713,
        0.0,
        0.0,
        0.0,
        0.0,
        0.0,
        0.0,
        0.0,
        0.0,
        0.0,
        1.6826185507141673,
        0.7202149693279826,
        0.0,
        6.704703147230131
    ],
    "x_lj_mccormick": [
        1.6580297619910858,
        4.532409705027746,
        0.0,
        0.8380878934037663,
        0.5164360760872792,
        1.0,
        0.0,
        0.0,
        2.0,
        0.12615001090719835,
        0.7936929214080197,
        1.370239542098331,
        0.8823851322573968,
        0.7473753256442718,
        1.3565181964353605,
        0.0,
        0.0,
        0.0,
        0.6297604579016689,
        1.0137213456629706,
        0.0,
        2.0,
        0.9150509989618463,
        0.5452550186740092,
        0.18752395029065425,
        0.0,
        5.442570626475869,
        2.5574293735241307,
        0.0,
        0.0,
        2.0,
        0.9701516636343128,
        0.0,
        2.0,
        6.0,
        0.0,
        2.0,
        1.0,
        0.0,
        0.0,
        1.3675242191762882,
        3.4425706264758693,
        0.0,
        0.9080776170395488,
        3.9862786543370294,
        0.7202149693279826,
        2.0,
        0.0,
        0.0,
        1.0,
        1.2063070785919803,
        0.5204483877847537,
        0.0
    ],
    "q_mccormick": [
        0.0,
        0.30021803114257534,
        0.0,
        0.7936929214080197,
        0.45403880851977446,
        0.2582180380436396,
        0.0,
        0.0,
        0.15880673197619144,
        0.0,
        0.0,
        1.0,
        0.0,
        0.0,
        0.375,
        0.0,
        0.0,
        0.0,
        0.8635097021299435,
        0.0,
        0.3162378904118559,
        0.44156393081378503,
        1.0,
        0.34600713585395093,
        0.25586594918453764,
        0.0,
        0.1364902978700565,
        0.0,
        1.0,
        1.0,
        0.9132586020358744,
        0.20630707859198022,
        0.0,
        0.0,
        0.0,
        0.0,
        0.0,
        0.0,
        0.08674139796412561,
        0.16191210659623367,
        0.0,
        0.0,
        1.0,
        0.0,
        0.0,
        0.6539928641460491,
        0.0,
        1.0,
        0.0,
        0.0,
        0.0,
        0.0,
        0.0,
        0.0,
        0.6837621095881441,
        0.0,
        0.0,
        0.42592536325889524,
        0.0,
        0.0,
        0.0,
        0.0,
        0.0,
        0.0,
        0.0,
        0.0,
        0.0,
        0.21032731883927092,
        0.12003582822133042,
        0.0,
        0.8380878934037663
    ],