{
    "x_ij_mccormick": [
        0.0,
        0.4426887560999484,
        0.0,
        0.0,
        0.0,
        0.0,
        1.8464585316693134,
        0.0,
        0.0,
        0.0,
        0.0,
        0.0,
        0.0,
        0.0,
        0.0,
        0.0,
        0.0,
        0.0,
        0.0,
        0.0,
        0.0,
        0.0,
        0.0,
        0.0,
        0.0,
        0.0,
        0.0,
        2.0,
        0.0,
        0.0,
        0.0,
        0.0,
        0.0,
        0.0,
        0.0,
        0.0,
        0.0,
        0.0,
        0.0,
        0.0,
        0.0,
        0.0,
        0.0,
        0.817940197060707,
        0.0,
        0.0,
        0.0,
        0.0,
        0.0,
        0.0,
        0.0,
        0.0,
        0.0,
        0.0,
        0.0,
        0.0,
        0.0,
        0.7559820079748505,
        0.15430944467134478,
        1.4817439787367868,
        0.0,
        0.0,
        0.0,
        0.0,
        6.0,
        0.0,
        0.0,
        0.0,
        0.0,
        0.7653009088198781,
        0.0,
        0.0,
        0.0,
        0.0,
        0.0,
        0.0,
        0.0,
        0.6590115535024448,
        0.0,
        0.0,
        0.0,
        0.0,
        0.0,
        0.0,
        0.0,
        0.0,
        0.0,
        0.0,
        0.0,
        0.0,
        0.0,
        0.0,
        0.0,
        0.0,
        0.0,
        0.0,
        0.0,
        0.7532001282662963,
        0.0,
        0.08294474068301405,
        0.0,
        0.0,
        0.0,
        0.0,
        0.0,
        0.0,
        0.0,
        0.0,
        0.0,
        0.0,
        0.0,
        0.0,
        0.0,
        4.401256155400243,
        0.0,
        0.0
    ],
    "x_il_mccormick": [
        0.0,
        0.41775655924691546,
        0.0,
        2.1750657619135283,
        3.348899025425806,
        0.7357849090837711,
        0.0,
        0.0,
        0.0,
        0.7513792866308173,
        0.0,
        3.0,
        0.0,
        0.0,
        2.8098737457351497,
        0.0,
        0.0,
        0.0,
        5.293084088515933,
        0.0,
        0.0,
        0.0,
        3.0,
        0.8161109409677784,
        2.1838890590322215,
        0.0,
        2.706915911484068,
        0.0,
        3.0,
        0.6947778811036198,
        1.3949306662501848,
        0.0,
        0.0,
        0.0,
        0.0,
        0.0,
        0.0,
        0.0,
        1.3698585568675856,
        0.1658894813660281,
        0.0,
        0.0,
        3.0,
        0.0,
        0.0,
        2.1107208195359544,
        0.0,
        2.88813623540876,
        0.0,
        0.0,
        0.0,
        0.0,
        0.0,
        0.0,
        4.585006438522704,
        0.0,
        0.0,
        2.2126890754614834,
        0.0,
        0.0,
        0.0,
        0.0,
        0.0,
        0.11186376459124014,
        0.05817723133971531,
        0.0,
        0.0,
        3.006237195232629,
        0.5925066493671283,
        0.0,
        7.336442074535885
    ],
    "x_lj_mccormick": [
        2.0,
        4.585276296584927,
        0.0,
        0.917055259316986,
        0.1535414683306866,
        1.0,
        0.0,
        0.0,
        2.0,
        0.24679987173370366,
        0.679645176810642,
        1.529158079598546,
        1.0,
        0.470841920401454,
        1.5573112439000516,
        0.0,
        0.0,
        0.0,
        0.470841920401454,
        0.9718468356984946,
        0.0,
        2.0,
        0.926831760503733,
        0.5182560212632132,
        0.2346990911801219,
        0.0,
        5.2440179920251495,
        2.7559820079748505,
        0.0,
        0.0,
        1.9254241569391732,
        0.8456905553286552,
        0.22888528773217143,
        2.0,
        6.0,
        0.0,
        2.0,
        1.0,
        0.0,
        0.0,
        1.3409884464975552,
        3.2440179920251495,
        0.0,
        1.182059802939293,
        4.028153164301505,
        0.9438817830136192,
        2.0,
        0.0,
        0.0,
        1.0,
        1.320354823189358,
        1.3698585568675856,
        0.07457584306082676
    ],
    "q_mccormick": [
        0.0,
        0.41775655924691546,
        0.0,
        0.7250219206378428,
        0.5910299014696465,
        0.5822434407530845,
        0.0,
        0.0,
        0.0,
        0.27497807936215724,
        0.0,
        1.0,
        0.0,
        0.0,
        0.3512342182168937,
        0.0,
        0.0,
        0.2213443780499742,
        0.6616355110644915,
        0.0,
        0.3295057767512224,
        0.0,
        1.0,
        0.29642639348801514,
        0.2729861323790277,
        0.0,
        0.3383644889355085,
        0.0,
        0.7786556219500258,
        0.9709113843301423,
        0.771690240522069,
        0.0,
        0.0,
        0.0,
        0.0,
        0.0,
        0.0,
        0.0,
        0.22830975947793095,
        0.08294474068301405,
        0.0,
        0.0,
        1.0,
        0.0,
        0.0,
        0.7035736065119849,
        0.0,
        0.9627120784695866,
        0.0,
        0.0,
        0.0,
        0.0,
        0.0,
        0.0,
        0.6704942232487776,
        0.0,
        0.0,
        0.3102189903024987,
        0.0,
        0.0,
        0.0,
        0.0,
        0.0,
        0.03728792153041338,
        0.029088615669857654,
        0.0,
        0.0,
        0.3757796494040786,
        0.09875110822785471,
        0.0,
        0.917055259316986
    ],