{
    "x_ij_mccormick": [
        0.0,
        0.0,
        0.0,
        0.0,
        0.4159154462275112,
        0.0,
        1.5079028428577956,
        0.0,
        0.0,
        0.0,
        0.0,
        0.0,
        0.0,
        0.0,
        0.0,
        0.0,
        0.0,
        0.0,
        0.268688839273865,
        0.0,
        0.0,
        0.0,
        0.0,
        0.0,
        0.0,
        0.0,
        0.0,
        2.0,
        0.0,
        0.0,
        0.0,
        0.0,
        0.0,
        0.0,
        0.0,
        0.0,
        0.0,
        0.0,
        0.0,
        0.0,
        0.0,
        0.0,
        0.0,
        0.826034687559549,
        0.0,
        0.0,
        0.0,
        0.0,
        0.0,
        0.0,
        0.0,
        0.0,
        0.0,
        0.0,
        0.0,
        0.31675527872795395,
        0.0,
        0.5350567343351411,
        0.0,
        1.8323284020011437,
        0.0,
        0.0,
        0.0,
        0.0,
        6.0,
        0.0,
        0.0,
        0.0,
        0.0,
        0.731311160726135,
        0.0,
        0.0,
        0.0,
        0.0,
        0.0,
        0.0,
        0.0,
        0.581490607199461,
        0.0,
        0.0,
        0.0,
        0.0,
        0.0,
        0.0,
        0.0,
        0.0,
        0.0,
        0.0,
        0.0,
        0.0,
        0.0,
        0.0,
        0.0,
        0.0,
        0.0,
        0.0,
        0.0,
        0.693965507389413,
        0.0,
        0.02388028890538002,
        0.0,
        0.0,
        0.0,
        0.0,
        0.0,
        0.0,
        0.0,
        0.0,
        0.0,
        0.0,
        0.0,
        0.0,
        0.044081492769166064,
        2.9980349626652156,
        0.0,
        0.0
    ],
    "x_il_mccormick": [
        0.0,
        0.0,
        0.0,
        2.103281806847224,
        3.7449270320149557,
        0.858851243705471,
        0.0,
        0.0,
        0.0,
        0.807152985607427,
        0.0,
        3.0,
        0.0,
        0.0,
        2.8425374426547556,
        0.0,
        0.0,
        0.0,
        5.592470456160521,
        0.0,
        0.0,
        0.6332459134367335,
        3.0,
        0.9452357679126542,
        2.054764232087346,
        0.0,
        2.407529543839478,
        0.0,
        2.683244721272046,
        0.0,
        2.464943265664859,
        0.0,
        0.0,
        0.0,
        0.0,
        0.0,
        0.0,
        0.0,
        1.813200899532192,
        0.24752264145444203,
        0.0,
        0.0,
        3.0,
        0.0,
        0.0,
        1.9709880458112405,
        0.0,
        3.0,
        0.0,
        0.0,
        0.0,
        0.0,
        0.0,
        0.0,
        4.820435065709349,
        0.0,
        0.0,
        1.0149819226287635,
        0.0,
        0.0,
        0.0,
        0.0,
        0.0,
        0.0,
        0.16767159799885642,
        0.0,
        0.0,
        3.102698325257898,
        1.85518521930772,
        0.0,
        7.009909434182233
    ],
    "x_lj_mccormick": [
        1.5840845537724888,
        4.797108842591407,
        0.0,
        0.876238679272779,
        0.4920971571422045,
        1.0,
        0.0,
        0.0,
        2.0,
        0.306034492610587,
        0.6044002998440641,
        1.316755278727954,
        0.9559185072308339,
        0.7273262140412122,
        2.0,
        0.0,
        0.0,
        0.0,
        0.683244721272046,
        0.0,
        0.0,
        2.0,
        0.9162238137238949,
        0.16767159799885642,
        0.0,
        0.0,
        5.464943265664859,
        2.4156361620414715,
        0.0,
        0.11942057229366966,
        2.0,
        0.8805794277063304,
        0.11942057229366965,
        2.0,
        6.0,
        0.0,
        2.0,
        1.0,
        0.0,
        0.0,
        1.418509392800539,
        3.267608559230575,
        0.1343171136782349,
        1.173965312440451,
        4.965563918143607,
        0.47556494336738075,
        1.8656828863217652,
        0.099881031821841,
        0.0,
        1.0344360818563936,
        1.395599700155936,
        2.8825444650411147,
        0.0
    ],
    "q_mccormick": [
        0.0,
        0.0,
        0.0,
        0.7010939356157414,
        0.5869826562202255,
        0.36675408656326647,
        0.0,
        0.0,
        0.0,
        0.2989060643842586,
        0.0,
        1.0,
        0.0,
        0.0,
        0.35531718033184456,
        0.0,
        0.0,
        0.0,
        0.6990588070200652,
        0.0,
        0.2907453035997305,
        0.6332459134367335,
        1.0,
        0.34300398472958643,
        0.25684552901091817,
        0.0,
        0.30094119297993477,
        0.0,
        1.0,
        0.0,
        0.697799850077968,
        0.0,
        0.0,
        0.0,
        0.0,
        0.0,
        0.0,
        0.0,
        0.30220014992203204,
        0.12376132072722101,
        0.0,
        0.0,
        1.0,
        0.0,
        0.0,
        0.6569960152704135,
        0.0,
        1.0,
        0.0,
        0.0,
        0.0,
        0.0,
        0.0,
        0.0,
        0.7092546964002695,
        0.0,
        0.0,
        0.1811191913663095,
        0.0,
        0.0,
        0.0,
        0.0,
        0.0,
        0.0,
        1.0,
        0.0,
        0.0,
        0.38783729065723727,
        0.231898152413465,
        0.0,
        0.876238679272779
    ],