{
    "x_ij_mccormick": [
        0.0,
        0.21065855576748804,
        0.0411930106630751,
        0.0,
        0.4818742122971875,
        0.0,
        1.2395313907201435,
        0.0,
        0.0,
        0.0,
        0.0,
        0.0,
        0.0,
        0.0,
        0.0,
        0.0,
        0.0,
        0.0,
        0.0,
        0.0,
        0.0,
        0.0,
        0.0,
        0.0,
        0.0,
        0.0,
        0.0,
        2.0,
        0.0,
        0.0,
        0.0,
        0.0,
        0.0,
        0.0,
        0.0,
        0.0,
        0.0,
        0.0,
        0.0,
        0.0,
        0.0,
        0.0,
        0.0,
        0.889156052705595,
        0.0,
        0.0,
        0.0,
        0.0,
        0.0,
        0.0,
        0.0,
        0.0,
        0.0,
        0.0,
        0.0,
        0.0,
        0.0,
        0.49891867416985836,
        0.01463576970272854,
        0.07203018336525258,
        0.0,
        0.0,
        0.0,
        0.0,
        6.0,
        0.0,
        0.0,
        0.0,
        0.0,
        0.7989708145040952,
        0.0,
        0.0,
        0.0,
        0.0,
        0.0,
        0.0,
        0.0,
        0.5500956297630588,
        0.0,
        0.0,
        0.0,
        0.0,
        0.0,
        0.0,
        0.0,
        0.0,
        0.0,
        0.23569999898529903,
        0.0,
        0.0,
        0.0,
        0.0,
        0.0,
        0.0,
        0.0,
        0.0,
        0.0,
        0.848056562684979,
        0.0,
        0.17126155950470046,
        0.0,
        0.0,
        0.0,
        0.0,
        0.0,
        0.0,
        0.0,
        0.0,
        0.0,
        0.0,
        0.0,
        0.0,
        0.0038819307848673157,
        5.441062466659109,
        0.0,
        0.0
    ],
    "x_il_mccormick": [
        0.0,
        0.0,
        0.0,
        2.316005801271853,
        2.5243564476624742,
        1.7604686092798565,
        0.0,
        0.0,
        0.2599442417883502,
        0.607939569800441,
        0.0,
        3.0,
        0.0,
        0.0,
        3.0,
        0.0,
        0.0,
        0.0,
        6.1680753037368214,
        0.0,
        0.0,
        0.0,
        3.0,
        0.7751325247379246,
        2.2248674752620756,
        0.0,
        1.8319246962631786,
        0.0,
        3.0,
        1.3338182736939783,
        1.1526272824334347,
        0.0,
        0.0,
        0.0,
        0.0,
        0.0,
        0.0,
        0.0,
        0.6343083171501834,
        0.3425231190094009,
        0.0,
        0.0,
        2.7643000010147007,
        0.0,
        0.0,
        2.1546539168988827,
        0.0,
        2.9853642302972716,
        0.0,
        0.0,
        0.0,
        0.0,
        0.0,
        0.0,
        5.0058989954296695,
        0.0,
        0.0,
        3.6104069686737814,
        0.0,
        0.0,
        0.0,
        0.0,
        0.0,
        0.0,
        0.7951807284366738,
        0.0,
        0.0,
        2.5151882829495746,
        0.03986731960644785,
        0.0,
        6.629907523962395
    ],
    "x_lj_mccormick": [
        1.5181257877028125,
        4.625566414773684,
        0.0,
        0.8287384404952995,
        0.7604686092798565,
        1.0,
        0.0,
        0.0,
        2.0,
        0.151943437315021,
        0.7720019337572727,
        1.528542763339219,
        0.9961180692151327,
        0.47533916744564797,
        1.789341444232512,
        0.0,
        0.0,
        0.0,
        0.471457236660781,
        0.739201319106707,
        0.0,
        2.0,
        0.9297864416368071,
        1.9279698166347474,
        0.2010291854959048,
        0.0,
        5.501081325830142,
        2.4989186741698584,
        0.0,
        0.0,
        2.0,
        0.9853642302972715,
        0.0,
        2.0,
        6.0,
        0.0,
        1.764300001014701,
        1.0,
        0.0,
        0.0,
        1.4499043702369412,
        3.5010813258301416,
        0.054913299362587153,
        1.06965093663133,
        4.205885381530706,
        0.8990944177806681,
        1.9450867006374128,
        0.0,
        0.0,
        1.0549132993625872,
        1.2279980662427272,
        0.5589375333408908,
        0.0
    ],
    "q_mccormick": [
        0.0,
        0.0,
        0.0,
        0.7720019337572901,
        0.534825468315665,
        1.0,
        0.0,
        0.0,
        0.03249303022354377,
        0.22799806624270996,
        0.0,
        1.0,
        0.0,
        0.0,
        0.375,
        0.0,
        0.0,
        0.10532927788374402,
        0.7710094129671027,
        0.0,
        0.2750478148815294,
        0.0,
        1.0,
        0.2817820277003725,
        0.27810843440775945,
        0.0,
        0.22899058703289732,
        0.0,
        0.894670722116256,
        0.6024096357816631,
        0.9068437444431848,
        0.0,
        0.0,
        0.0,
        0.0,
        0.0,
        0.0,
        0.0,
        0.09315625555681513,
        0.17126155950470046,
        0.0,
        0.0,
        1.0,
        0.0,
        0.0,
        0.7182179722996276,
        0.0,
        1.0,
        0.0,
        0.0,
        0.0,
        0.0,
        0.0,
        0.0,
        0.7249521851184706,
        0.0,
        0.0,
        0.45852997841659365,
        0.0,
        0.0,
        0.0,
        0.0,
        0.0,
        0.0,
        0.3975903642183369,
        0.0,
        0.0,
        0.3143985353686968,
        0.006644553267741308,
        0.0,
        0.8287384404952995
    ],