{
    "x_ij_mccormick": [
        0.0,
        0.5453222169507581,
        0.0,
        0.0,
        0.6740117877057805,
        0.0,
        1.933862962070584,
        0.0,
        0.0,
        0.0,
        0.0,
        0.0,
        0.0,
        0.0,
        0.0,
        0.0,
        0.0,
        0.0,
        0.2304147906987023,
        0.0,
        0.0,
        0.0,
        0.0,
        0.0,
        0.0,
        0.0,
        0.0,
        2.0,
        0.0,
        0.0,
        0.0,
        0.0,
        0.0,
        0.0,
        0.0,
        0.0,
        0.0,
        0.0,
        0.0,
        0.0,
        0.0,
        0.0,
        0.0,
        0.7208775882140324,
        0.0,
        0.0,
        0.0,
        0.0,
        0.0,
        0.0,
        0.0,
        0.0,
        0.0,
        0.0,
        0.0,
        1.034510219923865,
        0.0,
        0.43050485492562807,
        0.0,
        0.6571981440540655,
        0.0,
        0.0,
        0.0,
        0.0,
        6.0,
        0.0,
        0.0,
        0.0,
        0.0,
        0.7695852093012977,
        0.0,
        0.0,
        0.0,
        0.0,
        0.0,
        0.0,
        0.0,
        0.6371904195199256,
        0.0,
        0.0,
        0.0,
        0.0,
        0.0,
        0.0,
        0.0,
        0.0,
        0.0,
        0.0,
        0.0,
        0.0,
        0.0,
        0.0,
        0.0,
        0.0,
        0.0,
        0.0,
        0.0,
        0.5785000724438337,
        0.0,
        0.10763837482709213,
        0.0,
        0.0,
        0.0,
        0.0,
        0.0,
        0.0,
        0.0,
        0.0,
        0.0,
        0.0,
        0.0,
        0.0,
        0.0,
        5.406175122185677,
        0.0,
        0.0
    ],
    "x_il_mccormick": [
        0.0,
        0.0,
        0.0,
        2.309772001510352,
        4.692347074310105,
        0.23408741555156218,
        0.0,
        0.0,
        1.0698849592087412,
        0.6286456201012334,
        0.0,
        3.0,
        0.0,
        0.0,
        3.0,
        0.0,
        0.0,
        1.6359666508522739,
        5.01512934559445,
        0.0,
        0.0,
        0.8320496223778538,
        3.0,
        1.0643851807382172,
        1.9356148192617828,
        0.0,
        2.984870654405549,
        0.0,
        1.965489780076135,
        1.0450208067332325,
        1.5244743383411394,
        0.0,
        0.0,
        0.0,
        0.0,
        0.0,
        0.0,
        0.0,
        0.4208493572428448,
        0.3136593764070079,
        0.0,
        0.0,
        3.0,
        0.0,
        0.0,
        1.8324019756976542,
        0.0,
        2.9379119514051615,
        0.0,
        0.0,
        0.0,
        0.0,
        0.0,
        0.0,
        4.029377993805502,
        0.0,
        0.0,
        0.0,
        0.0,
        0.0,
        0.0,
        0.0,
        0.0,
        0.062088048594838074,
        0.297781049212702,
        0.0,
        0.0,
        1.9945002215294765,
        0.5993246562848465,
        0.0,
        6.745362494371967
    ],
    "x_lj_mccormick": [
        1.3259882122942195,
        4.88986334668826,
        0.0,
        0.843170311796496,
        0.06613703792941603,
        1.0,
        0.0,
        0.0,
        2.0,
        0.4214999275561663,
        0.516917694055419,
        1.489188002973107,
        1.0,
        0.510811997026893,
        1.454677783049242,
        0.0,
        0.0,
        0.0,
        0.510811997026893,
        1.6359666508522739,
        0.0,
        2.0,
        0.8967871564358714,
        1.3428018559459345,
        0.0,
        0.0,
        5.569495145074372,
        2.2989213667507076,
        0.0,
        0.13158348817491994,
        1.9586079676034416,
        0.8684165118250801,
        0.17297552057147836,
        2.0,
        6.0,
        0.0,
        2.0,
        1.0,
        0.0,
        0.0,
        1.3628095804800744,
        2.6665684133254275,
        0.0,
        1.2791224117859676,
        3.4132246625241374,
        0.5993246562848465,
        2.0,
        0.04919131337641183,
        0.0,
        0.9508086866235882,
        1.483082305944581,
        0.4208493572428448,
        0.04139203239655842
    ],
    "q_mccormick": [
        0.0,
        0.0,
        0.0,
        0.7699240005034507,
        0.9001125572858589,
        0.16795037762214615,
        0.0,
        0.0,
        0.13373561990109264,
        0.2300759994965494,
        0.0,
        1.0,
        0.0,
        0.0,
        0.375,
        0.0,
        0.0,
        0.27266110847537905,
        0.6268911681993062,
        0.0,
        0.3185952097599628,
        0.8320496223778538,
        1.0,
        0.3891993414341153,
        0.24195185240772285,
        0.0,
        0.37310883180069376,
        0.0,
        0.727338891524621,
        0.851109475393649,
        0.9298584404595258,
        0.0,
        0.0,
        0.0,
        0.0,
        0.0,
        0.0,
        0.0,
        0.07014155954047413,
        0.15682968820350396,
        0.0,
        0.0,
        1.0,
        0.0,
        0.0,
        0.6108006585658847,
        0.0,
        0.9793039838017207,
        0.0,
        0.0,
        0.0,
        0.0,
        0.0,
        0.0,
        0.6814047902400372,
        0.0,
        0.0,
        0.0,
        0.0,
        0.0,
        0.0,
        0.0,
        0.0,
        0.02069601619827936,
        0.148890524606351,
        0.0,
        0.0,
        0.24931252769118453,
        0.09988744271414109,
        0.0,
        0.843170311796496
    ],