{
    "x_ij_mccormick": [
        0.0,
        0.0,
        0.0,
        0.0,
        0.7846496082568504,
        0.0,
        1.4322671199688723,
        0.0,
        0.0,
        0.0,
        0.0,
        0.0,
        0.0,
        0.0,
        0.0,
        0.0,
        0.0,
        0.0,
        0.2312873703425602,
        0.0,
        0.0,
        0.0,
        0.0,
        0.0,
        0.0,
        0.0,
        0.0,
        2.0,
        0.0,
        0.0,
        0.0,
        0.0,
        0.0,
        0.0,
        0.0,
        0.0,
        0.0,
        0.0,
        0.0,
        0.0,
        0.0,
        0.0,
        0.0,
        0.901210700739747,
        0.0,
        0.0,
        0.0,
        0.0,
        0.0,
        0.0,
        0.0,
        0.0,
        0.0,
        0.0,
        0.0,
        0.5517573280855546,
        0.0,
        0.26032175614751374,
        0.0,
        1.640960952473,
        0.0,
        0.0,
        0.0,
        0.0,
        6.0,
        0.0,
        0.0,
        0.0,
        0.0,
        0.7687126296574398,
        0.0,
        0.0,
        0.0,
        0.0,
        0.0,
        0.0,
        0.0,
        0.46315325129561424,
        0.0,
        0.0,
        0.0,
        0.0,
        0.0,
        0.0,
        0.0,
        0.0,
        0.0,
        0.07542115965045015,
        0.0,
        0.0,
        0.0,
        0.0,
        0.0,
        0.0,
        0.0,
        0.0,
        0.0,
        0.6437297163314878,
        0.0,
        0.2271745271645219,
        0.0,
        0.0,
        0.0,
        0.0,
        0.0,
        0.0,
        0.0,
        0.0,
        0.0,
        0.0,
        0.0,
        0.0,
        0.0,
        2.972426511442345,
        0.0,
        0.0
    ],
    "x_il_mccormick": [
        0.0,
        0.47747112115311785,
        0.0,
        2.2964163504473962,
        4.268302051618928,
        1.0902617588780097,
        0.0,
        0.0,
        0.0,
        0.6566907341991766,
        0.0,
        3.0,
        0.0,
        0.0,
        2.822685036168361,
        0.0,
        0.0,
        0.0,
        6.772239515557391,
        0.0,
        0.0,
        0.0,
        3.0,
        0.8933521252495329,
        2.1066478747504673,
        0.0,
        1.2277604844426087,
        0.0,
        2.4482426719144454,
        0.17038975496289144,
        2.569288488889595,
        0.0,
        0.0,
        0.0,
        0.0,
        0.0,
        0.0,
        0.0,
        1.7905104029341814,
        0.19155394124986813,
        0.0,
        0.0,
        2.92457884034955,
        0.0,
        0.0,
        2.0331406378022043,
        0.0,
        3.0,
        0.0,
        0.0,
        0.0,
        0.0,
        0.0,
        0.0,
        4.795705460227136,
        0.0,
        0.0,
        0.0,
        0.0,
        0.0,
        0.0,
        0.0,
        0.0,
        0.0,
        0.1886492925641085,
        0.0,
        0.0,
        3.0706670890811716,
        1.9569063994764835,
        0.0,
        7.221960099579156
    ],
    "x_lj_mccormick": [
        1.2153503917431496,
        5.425338176250396,
        0.0,
        0.7728254728354781,
        0.5677328800311277,
        1.0,
        0.0,
        0.0,
        2.0,
        0.3562702836685122,
        0.5968368009780605,
        1.5517573280855546,
        1.0,
        0.44824267191444545,
        2.0,
        0.0,
        0.0,
        0.0,
        0.44824267191444545,
        0.0,
        0.0,
        2.0,
        0.9264927630517374,
        0.35903904752699994,
        0.0,
        0.0,
        5.739678243852486,
        2.1893839603916954,
        0.0,
        0.0709377957558182,
        2.0,
        0.9290622042441818,
        0.07093779575581816,
        2.0,
        6.0,
        0.0,
        1.9245788403495498,
        1.0,
        0.0,
        0.0,
        1.5368467487043858,
        3.25885871152275,
        0.0,
        1.098789299260253,
        5.0,
        0.12641915183515895,
        2.0,
        0.0,
        0.0,
        1.0,
        1.4031631990219395,
        2.9566356928018367,
        0.0
    ],
    "q_mccormick": [
        0.0,
        0.47747112115311785,
        0.0,
        0.7654721168157987,
        0.6949187920597792,
        0.5225288788468821,
        0.0,
        0.0,
        0.0,
        0.2345278831842013,
        0.0,
        1.0,
        0.0,
        0.0,
        0.35283562952104514,
        0.0,
        0.0,
        0.0,
        0.846529939444674,
        0.0,
        0.23157662564780712,
        0.0,
        1.0,
        0.32228645406593187,
        0.2633309843438084,
        0.0,
        0.15347006055532597,
        0.0,
        1.0,
        0.08519487748144572,
        0.7015815995109698,
        0.0,
        0.0,
        0.0,
        0.0,
        0.0,
        0.0,
        0.0,
        0.29841840048903023,
        0.09577697062493407,
        0.0,
        0.0,
        1.0,
        0.0,
        0.0,
        0.6777135459340682,
        0.0,
        1.0,
        0.0,
        0.0,
        0.0,
        0.0,
        0.0,
        0.0,
        0.7684233743521929,
        0.0,
        0.0,
        0.0,
        0.0,
        0.0,
        0.0,
        0.0,
        0.0,
        0.0,
        0.9148051225185543,
        0.0,
        0.0,
        0.3838333861351465,
        0.3050812079402208,
        0.0,
        0.9042230293750659
    ],