{
    "x_ij_mccormick": [
        0.0,
        0.20849302376687429,
        0.0,
        0.0,
        0.27700084576539785,
        0.0,
        1.4770639714256244,
        0.0,
        0.0,
        0.0,
        0.0,
        0.0,
        0.0,
        0.0,
        0.0,
        0.0,
        0.0,
        0.0,
        0.0,
        0.0,
        0.0,
        0.0,
        0.0,
        0.0,
        0.3444852337246189,
        0.13927715951259323,
        0.0,
        2.0,
        0.0,
        0.0,
        0.0,
        0.0,
        0.0,
        0.0,
        0.0,
        0.0,
        0.0,
        0.0,
        0.0,
        0.0,
        0.0,
        0.0,
        0.0,
        0.1463021429677236,
        0.5858711364734388,
        0.0,
        0.0,
        0.0,
        0.0,
        0.0,
        0.0,
        0.0,
        0.0,
        0.0,
        0.0,
        0.0,
        0.0,
        1.1182726891524997,
        0.1134158211731687,
        1.9528557720002382,
        0.0,
        0.0,
        0.0,
        0.0,
        6.0,
        0.0,
        0.0,
        0.0,
        0.0,
        0.7479261170884564,
        0.0,
        0.0,
        0.0,
        0.0,
        0.0,
        0.0,
        0.0,
        0.6666603304445469,
        0.0,
        0.0,
        0.0,
        0.0,
        0.0,
        0.0,
        0.0,
        0.0,
        0.0,
        0.0,
        0.0,
        0.0,
        0.0,
        0.0,
        0.0,
        0.0,
        0.0,
        0.0,
        0.0,
        0.0,
        0.0,
        0.07875009519684828,
        0.0,
        0.0,
        0.0,
        0.0,
        0.0,
        0.0,
        0.0,
        0.0,
        0.0,
        0.0,
        0.0,
        0.0,
        0.0,
        5.299271995674216,
        0.0,
        0.0
    ],
    "x_il_mccormick": [
        0.0,
        0.5660130581518497,
        0.0,
        2.5102129086593274,
        3.8308435344338942,
        0.9569229704225259,
        0.0,
        0.0,
        2.3010272423573737,
        0.48978709134067233,
        0.0,
        3.0,
        0.0,
        0.0,
        3.0,
        0.0,
        0.0,
        0.0,
        7.853697857032277,
        0.0,
        0.3707502424894531,
        0.0,
        3.0,
        0.6565154541062458,
        2.3434845458937543,
        0.0,
        0.14630214296772337,
        0.0,
        3.0,
        0.2520738829115436,
        1.5162376067627878,
        0.0,
        0.0,
        0.0,
        0.0,
        0.0,
        0.0,
        0.0,
        0.7007280043257842,
        0.15750019039369664,
        0.0,
        0.0,
        3.0,
        0.0,
        0.0,
        2.282601786988772,
        0.0,
        2.886584178826831,
        0.0,
        0.0,
        0.0,
        0.0,
        0.0,
        0.0,
        3.8443167379135,
        0.0,
        0.0,
        0.0,
        0.0,
        0.0,
        0.0,
        0.0,
        0.0,
        0.0,
        0.04714422799976183,
        0.0,
        0.0,
        0.355488211748872,
        2.345239792576912,
        0.0,
        7.369999238425215
    ],
    "x_lj_mccormick": [
        1.7229991542346021,
        4.883250369781157,
        0.0,
        0.9212499048031517,
        0.5229360285743756,
        1.0,
        0.0,
        0.0,
        1.655514766275381,
        0.8607228404874068,
        0.48376239323721215,
        1.7623898672568006,
        1.0,
        0.23761013274319942,
        1.7915069762331257,
        0.0,
        0.0,
        0.0,
        0.23761013274319942,
        0.9708828910236749,
        0.0,
        2.0,
        0.9391172410950182,
        0.04714422799976183,
        0.2520738829115436,
        0.0,
        4.8817273108475,
        3.1182726891524997,
        0.0,
        0.0,
        2.0,
        0.8865841788268313,
        0.0,
        2.0,
        5.414128863526561,
        0.5858711364734386,
        2.0,
        1.0,
        0.0,
        0.0,
        1.3333396695554531,
        2.8817273108475003,
        0.0,
        1.2678267205588378,
        4.029117108976325,
        0.8791394974756432,
        2.0,
        0.0,
        0.0,
        1.0,
        1.5162376067627878,
        0.7007280043257842,
        0.0
    ],
    "q_mccormick": [
        0.0,
        0.5660130581518497,
        0.0,
        0.836737636219776,
        0.706845025927886,
        0.43398694184815034,
        0.0,
        0.0,
        0.2876284052946717,
        0.16326236378022396,
        0.0,
        1.0,
        0.0,
        0.0,
        0.375,
        0.0,
        0.0,
        0.10424651188343714,
        0.9817122321290346,
        0.0,
        0.33333016522227343,
        0.0,
        1.0,
        0.23913273767040924,
        0.2929355682367193,
        0.0,
        0.01828776787096542,
        0.0,
        0.8957534881165629,
        0.2520738829115436,
        0.8832119992790359,
        0.0,
        0.7243540030885754,
        0.0,
        0.0,
        0.0,
        0.0,
        0.0,
        0.11678800072096403,
        0.07875009519684832,
        0.0,
        0.0,
        1.0,
        0.0,
        0.0,
        0.7608672623295908,
        0.0,
        1.0,
        0.0,
        0.0,
        0.0,
        0.0,
        0.0,
        0.0,
        0.6666698347777266,
        0.0,
        0.0,
        0.0,
        0.0,
        0.0,
        0.0,
        0.0,
        0.0,
        0.0,
        0.023572113999880916,
        0.0,
        0.0,
        0.044436026468609,
        0.293154974072114,
        0.0,
        0.9212499048031517
    ],