{
    "x_ij_mccormick": [
        0.0,
        0.23091088233054324,
        0.0,
        0.0,
        0.16328815032158817,
        0.0,
        1.7259102691235921,
        0.0,
        0.0,
        0.0,
        0.0,
        0.0,
        0.0,
        0.0,
        0.0,
        0.0,
        0.0,
        0.0,
        0.2615033328120424,
        0.0,
        0.0,
        0.0,
        0.0,
        0.0,
        0.0,
        0.0,
        0.0,
        2.0,
        0.0,
        0.0,
        0.0,
        0.0,
        0.0,
        0.0,
        0.0,
        0.0,
        0.0,
        0.0,
        0.0,
        0.0,
        0.0,
        0.0,
        0.0,
        0.8912896631388646,
        0.0,
        0.0,
        0.0,
        0.0,
        0.0,
        0.0,
        0.0,
        0.0,
        0.0,
        0.0,
        0.0,
        0.7519292296988018,
        0.0,
        0.10908237762205175,
        0.09456969145626548,
        0.49141262925908724,
        0.0,
        0.0,
        0.0,
        0.0,
        6.0,
        0.0,
        0.0,
        0.0,
        0.0,
        0.7384966671879576,
        0.0,
        0.0,
        0.0,
        0.0,
        0.0,
        0.0,
        0.0,
        1.0496719952430742,
        0.0,
        0.0,
        0.0,
        0.0,
        0.0,
        0.0,
        0.0,
        0.0,
        0.0,
        0.0752296260009655,
        0.0,
        0.0,
        0.0,
        0.0,
        0.0,
        0.0,
        0.0,
        0.0,
        0.0,
        0.7356410699562541,
        0.0,
        0.0,
        0.0,
        0.0,
        0.0,
        0.0,
        0.0,
        0.0,
        0.0,
        0.0,
        0.0,
        0.0,
        0.0,
        0.0,
        0.007201673795843244,
        3.4871173625221914,
        0.0,
        0.0
    ],
    "x_il_mccormick": [
        0.0,
        0.0,
        0.0,
        2.2445231772679755,
        4.370106600361664,
        0.6021176150503686,
        0.0,
        0.0,
        0.566661522685079,
        0.7092112135790807,
        0.0,
        3.0,
        0.0,
        0.0,
        3.0,
        0.0,
        0.0,
        0.0,
        7.108710336861136,
        0.0,
        1.4869938353168475,
        0.6719721158260391,
        3.0,
        0.5985166821923755,
        2.4014833178076245,
        0.0,
        0.8912896631388643,
        0.0,
        2.248070770301198,
        1.0435820185920166,
        1.7527659123296662,
        0.0,
        0.0,
        0.0,
        0.0,
        0.0,
        0.0,
        0.0,
        1.9761715728885667,
        0.1366699170138369,
        0.0,
        0.0,
        2.9247703739990345,
        0.0,
        0.0,
        2.3456768261976824,
        0.0,
        3.0,
        0.0,
        0.0,
        0.0,
        0.0,
        0.0,
        0.0,
        2.6276387687363663,
        0.0,
        0.0,
        0.0,
        0.0,
        0.0,
        0.0,
        0.0,
        0.0,
        0.0,
        0.46500535214889616,
        0.0,
        0.0,
        2.0318551595072964,
        2.473825804174669,
        0.0,
        7.453320331944651
    ],
    "x_lj_mccormick": [
        1.8367118496784118,
        4.821613357786995,
        0.0,
        0.9316650414930815,
        0.27408973087640776,
        1.0,
        0.0,
        0.0,
        2.0,
        0.26435893004374594,
        0.6893754608033104,
        1.5210183473682586,
        0.9927983262041568,
        0.48618332642758477,
        1.7690891176694568,
        0.0,
        0.0,
        0.0,
        0.4789816526317414,
        0.0,
        0.0,
        2.0,
        0.944193508390058,
        1.5085873707409128,
        0.0,
        0.0,
        5.890917622377948,
        2.1090823776220518,
        0.0,
        0.0,
        2.0,
        0.9054303085437345,
        0.09456969145626548,
        2.0,
        6.0,
        0.0,
        1.9247703739990345,
        1.0,
        0.0,
        0.0,
        0.9503280047569258,
        3.1389883926791464,
        0.025316206617141734,
        1.1087103368611353,
        5.043018751889777,
        0.6922033157854202,
        1.9746837933828583,
        0.06833495850691851,
        0.0,
        0.9569812481102232,
        1.3106245391966898,
        2.418312946021543,
        0.0
    ],
    "q_mccormick": [
        0.0,
        0.0,
        0.0,
        0.7481743924226585,
        0.6907717744781664,
        0.3280278841739609,
        0.0,
        0.0,
        0.07083269033563483,
        0.2518256075773415,
        0.0,
        0.9999999999999999,
        0.0,
        0.0,
        0.375,
        0.0,
        0.0,
        0.11545544116527162,
        0.888588792107642,
        0.0,
        0.5248359976215371,
        0.6719721158260391,
        1.0,
        0.21810772460077255,
        0.30018541472595306,
        0.0,
        0.11141120789235792,
        0.0,
        0.8845445588347284,
        0.5217910092960083,
        0.6706380711852389,
        0.0,
        0.0,
        0.0,
        0.0,
        0.0,
        0.0,
        0.0,
        0.3293619288147611,
        0.0683349585069185,
        0.0,
        0.0,
        1.0,
        0.0,
        0.0,
        0.7818922753992275,
        0.0,
        1.0,
        0.0,
        0.0,
        0.0,
        0.0,
        0.0,
        0.0,
        0.4751640023784629,
        0.0,
        0.0,
        0.0,
        0.0,
        0.0,
        0.0,
        0.0,
        0.0,
        0.0,
        0.4782089907039917,
        0.0,
        0.0,
        0.25398189493841206,
        0.3092282255218336,
        0.0,
        0.9316650414930815
    ],