{
    "x_ij_mccormick": [
        0.0,
        0.3428952658706139,
        0.0,
        0.0,
        0.29192908157684716,
        0.0,
        1.2433339317910084,
        0.0,
        0.0,
        0.0,
        0.0,
        0.0,
        0.0,
        0.0,
        0.0,
        0.0,
        0.0,
        0.0,
        0.2177980628063897,
        0.0,
        0.0,
        0.0,
        0.0,
        0.0,
        0.0,
        0.0,
        0.0,
        2.0,
        0.0,
        0.0,
        0.0,
        0.0,
        0.0,
        0.0,
        0.0,
        0.0,
        0.0,
        0.0,
        0.0,
        0.0,
        0.0,
        0.0,
        0.0,
        0.8519925681227765,
        0.0,
        0.0,
        0.0,
        0.0,
        0.0,
        0.0,
        0.0,
        0.0,
        0.0,
        0.0,
        0.0,
        1.06723386664197,
        0.0,
        0.9045440050606476,
        0.025953031595135012,
        1.358724171352487,
        0.0,
        0.0,
        0.0,
        0.0,
        6.0,
        0.0,
        0.0,
        0.0,
        0.0,
        0.7822019371936103,
        0.0,
        0.0,
        0.0,
        0.0,
        0.0,
        0.0,
        0.0,
        1.0031221874444511,
        0.0,
        0.0,
        0.0,
        0.0,
        0.0,
        0.0,
        0.0,
        0.0,
        0.0,
        0.11141866778629983,
        0.0,
        1.595341424568329,
        0.0,
        0.0,
        0.0,
        0.0,
        0.0,
        0.0,
        0.0,
        0.7878177312499044,
        0.0,
        0.0,
        0.0,
        0.0,
        0.0,
        0.0,
        0.0,
        0.0,
        0.0,
        0.0,
        0.0,
        0.0,
        0.0,
        0.0,
        0.0,
        5.331868789735929,
        0.0,
        0.0
    ],
    "x_il_mccormick": [
        0.0,
        0.0,
        0.0,
        2.2515816609836103,
        4.606860569049427,
        1.3794430579271837,
        0.0,
        0.0,
        1.3023091221142336,
        0.6335126795480616,
        0.0,
        3.0,
        0.0,
        0.0,
        3.0,
        0.0,
        0.0,
        0.0,
        5.0,
        0.0,
        0.2889957535029237,
        0.377223010281808,
        3.0,
        1.0330994947800025,
        1.9669005052199975,
        0.0,
        3.0,
        0.0,
        1.93276613335803,
        0.4106809549613144,
        1.6588220083829033,
        0.0,
        0.0,
        0.0,
        0.0,
        0.0,
        0.0,
        0.0,
        0.3104440985044563,
        0.20197252736151694,
        0.0,
        0.0,
        2.8885813322137004,
        0.0,
        0.0,
        1.8719343133491024,
        0.0,
        3.0,
        0.0,
        0.0,
        0.0,
        0.0,
        0.0,
        0.0,
        2.7828958892902325,
        0.0,
        0.0,
        0.0,
        0.0,
        0.0,
        0.0,
        0.0,
        0.0,
        0.0,
        0.2305948736861988,
        0.0,
        0.0,
        1.7307903726657692,
        0.9373408375983017,
        0.0,
        7.1921098905539305
    ],
    "x_lj_mccormick": [
        1.7080709184231528,
        4.786997763173054,
        0.0,
        0.8990137363192415,
        0.7566660682089916,
        1.0,
        0.0,
        0.0,
        2.0,
        0.21218226875009566,
        0.6729120717815762,
        1.7243386007713561,
        1.0,
        0.27566139922864386,
        1.657104734129386,
        0.0,
        0.0,
        0.0,
        0.27566139922864386,
        0.0,
        0.0,
        2.0,
        0.9050338081291049,
        0.6412758286475132,
        0.0,
        0.0,
        5.0954559949393525,
        2.9045440050606475,
        0.0,
        0.0,
        2.0,
        0.9740469684048649,
        0.025953031595135068,
        2.0,
        6.0,
        0.0,
        1.8885813322137002,
        1.0,
        0.0,
        0.0,
        0.9968778125555489,
        2.0282221282973825,
        0.04679170194022486,
        1.1480074318772235,
        3.458853137172204,
        0.9373408375983017,
        1.9532082980597751,
        0.10098626368075847,
        0.0,
        0.9458054382594664,
        1.3270879282184238,
        0.6421781786689358,
        0.0
    ],
    "q_mccormick": [
        0.0,
        0.0,
        0.0,
        0.7505272203278701,
        0.8437765270669497,
        0.6227769897181921,
        0.0,
        0.0,
        0.1627886402642792,
        0.2494727796721298,
        0.0,
        1.0,
        0.0,
        0.0,
        0.375,
        0.0,
        0.0,
        0.17144763293530696,
        0.625,
        0.0,
        0.04816595891715395,
        0.377223010281808,
        1.0,
        0.37602189555029913,
        0.24586256315249969,
        0.0,
        0.375,
        0.0,
        0.828552367064693,
        0.8847025631569005,
        0.9482593169159239,
        0.0,
        0.0,
        0.0,
        0.0,
        0.0,
        0.0,
        0.0,
        0.051740683084076054,
        0.10098626368075848,
        0.0,
        0.0,
        1.0,
        0.0,
        0.0,
        0.6239781044497008,
        0.0,
        1.0,
        0.0,
        0.0,
        0.0,
        0.0,
        0.0,
        0.0,
        0.951834041082846,
        0.0,
        0.0,
        0.0,
        0.0,
        0.0,
        0.0,
        0.0,
        0.0,
        0.0,
        0.1152974368430994,
        0.0,
        0.0,
        0.2163487965832212,
        0.15622347293305028,
        0.0,
        0.8990137363192415
    ],