{
    "x_ij_mccormick": [
        0.0,
        0.2170393812911835,
        0.0,
        0.0,
        0.0,
        0.0,
        1.527544727214552,
        0.0,
        0.0,
        0.0,
        0.0,
        0.0,
        0.0,
        0.0,
        0.0,
        0.0,
        0.0,
        0.0,
        0.0,
        0.0,
        0.0,
        0.0,
        0.0,
        0.0,
        0.0,
        0.0,
        0.0,
        2.0,
        0.0,
        0.033445673113822516,
        0.0,
        0.0,
        0.0,
        0.0,
        0.0,
        0.0,
        0.0,
        0.0,
        0.0,
        0.0,
        0.0,
        0.0,
        0.0,
        0.7965123518524919,
        0.0,
        0.0,
        0.0,
        0.0,
        0.0,
        0.0,
        0.0,
        0.0,
        0.0,
        0.0,
        0.0,
        0.0,
        0.0,
        0.20547939552626526,
        0.10496017554070569,
        0.0,
        0.0,
        0.0,
        0.0,
        0.0,
        6.0,
        0.0,
        0.0,
        0.0,
        0.0,
        0.7916738625720856,
        0.0,
        0.0,
        0.0,
        0.0,
        0.0,
        0.0,
        0.0,
        0.8043708227683719,
        0.0,
        0.0,
        0.0,
        0.0,
        0.0,
        0.0,
        0.0,
        0.0,
        0.0,
        0.0,
        0.0,
        0.0,
        0.0,
        0.0,
        0.0,
        0.0,
        0.0,
        0.0,
        0.0,
        0.7869889667027516,
        0.0,
        0.0,
        0.0,
        0.0,
        0.0,
        0.0,
        0.0,
        0.0,
        0.0,
        0.0,
        0.0,
        0.0,
        0.0,
        0.0,
        0.0,
        4.569074969566204,
        0.0,
        0.0
    ],
    "x_il_mccormick": [
        0.0,
        0.0,
        0.0,
        2.227684828177375,
        3.2724833636278365,
        1.1459331984557197,
        0.0,
        0.0,
        1.388411393403905,
        0.6390330998917453,
        0.0,
        3.0,
        0.0,
        0.0,
        2.9665543268861776,
        0.0,
        0.0,
        0.0,
        5.632492260197122,
        0.0,
        1.139923817492643,
        0.3265220743297283,
        3.0,
        1.0862016345951764,
        1.9137983654048236,
        0.0,
        2.3675077398028788,
        0.0,
        3.0,
        1.4126846186091762,
        1.1880210957032664,
        0.08885471462058647,
        0.0,
        0.0,
        0.0,
        0.0,
        0.0,
        0.0,
        1.3953821497973657,
        0.08648963540413136,
        0.0,
        0.0,
        3.0,
        0.0,
        0.0,
        1.8091745894222593,
        0.0,
        3.0,
        0.0,
        0.0,
        0.0,
        0.0,
        0.0,
        0.0,
        3.9757547659501276,
        0.0,
        0.0,
        1.1147702184609485,
        0.0,
        0.0,
        0.0,
        0.0,
        0.0,
        0.0,
        0.7956415188187382,
        0.0,
        0.0,
        1.7312359143050933,
        1.6996891161287029,
        0.0,
        7.654041458383475
    ],
    "x_lj_mccormick": [
        2.0,
        4.783775911489672,
        0.0,
        0.9567551822979343,
        0.472455272785448,
        1.0,
        0.0,
        0.0,
        2.0,
        0.2130110332972484,
        0.7425616093924583,
        1.7071291729052303,
        1.0,
        0.29287082709476975,
        1.7829606187088165,
        0.0,
        0.0,
        0.0,
        0.29287082709476975,
        0.924168554196414,
        0.0,
        2.0,
        0.8953762240174357,
        2.0,
        0.20832613742791437,
        0.0,
        5.7945206044737345,
        2.2054793955262655,
        0.0,
        0.0,
        2.0,
        0.8950398244592943,
        0.10496017554070569,
        2.0,
        6.0,
        0.0,
        2.0,
        1.0,
        0.0,
        0.0,
        1.195629177231628,
        3.7945206044737345,
        0.12552880173740766,
        1.203487648147508,
        3.993547461768244,
        0.8899075883017361,
        1.8744711982625923,
        0.043244817702065674,
        0.0,
        1.082283984035342,
        1.2574383906075417,
        1.3259648548930905,
        0.0
    ],
    "q_mccormick": [
        0.0,
        0.0,
        0.0,
        0.7425616093924584,
        0.601743824073754,
        0.6734779256702716,
        0.0,
        0.0,
        0.17355142417548822,
        0.2130110332972484,
        0.0,
        1.0,
        0.0,
        0.0,
        0.3708192908607722,
        0.0,
        0.0,
        0.10851969064559175,
        0.7040615325246402,
        0.0,
        0.1899873029154405,
        0.3265220743297283,
        1.0,
        0.3969418035259136,
        0.23922479567560295,
        0.0,
        0.29593846747535985,
        0.0,
        0.8914803093544083,
        0.6021792405906309,
        0.7790058575178183,
        0.044427357310293236,
        0.0,
        0.0,
        0.0,
        0.0,
        0.0,
        0.0,
        0.22099414248218174,
        0.04324481770206568,
        0.0,
        0.0,
        1.0,
        0.0,
        0.0,
        0.6030581964740864,
        0.0,
        1.0,
        0.0,
        0.0,
        0.0,
        0.0,
        0.0,
        0.0,
        0.8100126970845595,
        0.0,
        0.0,
        0.18579503641015807,
        0.0,
        0.0,
        0.0,
        0.0,
        0.0,
        0.0,
        0.3978207594093691,
        0.0,
        0.0,
        0.2164044892881367,
        0.2124611395160879,
        0.0,
        0.9567551822979343
    ],