{
    "x_ij_mccormick": [
        0.0,
        0.0,
        0.674015293978641,
        0.0,
        0.0,
        0.0,
        1.8327067852300503,
        0.0,
        0.0,
        0.0,
        0.0,
        0.0,
        0.0,
        0.0,
        0.0,
        0.0,
        0.0,
        0.0,
        0.29246105894956265,
        0.0,
        0.0,
        0.0,
        0.0,
        0.0,
        0.11524905321583301,
        0.0,
        0.0,
        2.0,
        0.0,
        0.0,
        0.0,
        0.0,
        0.0,
        0.0,
        0.0,
        0.0,
        0.0,
        0.0,
        0.0,
        0.0,
        0.0,
        0.0,
        0.0,
        0.6846965262977133,
        0.0,
        0.0,
        0.0,
        0.0,
        0.0,
        0.0,
        0.0,
        0.0,
        0.0,
        0.0,
        0.0,
        0.15438686076992836,
        0.0,
        0.3615068594037494,
        0.0,
        1.611940079144647,
        0.0,
        0.0,
        0.0,
        0.0,
        6.0,
        0.0,
        0.0,
        0.0,
        0.0,
        0.7075389410504374,
        0.0,
        0.0,
        0.0,
        0.0,
        0.0,
        0.0,
        0.0,
        0.48140524384819083,
        0.0,
        0.0,
        0.0,
        0.0,
        0.0,
        0.0,
        0.0,
        0.0,
        0.0,
        0.0,
        0.0,
        0.0,
        0.0,
        0.0,
        0.0,
        0.0,
        0.0,
        0.0,
        0.0,
        0.21470080923685386,
        0.0,
        0.0,
        0.0,
        0.0,
        0.0,
        0.0,
        0.0,
        0.0,
        0.0,
        0.0,
        0.0,
        0.0,
        0.0,
        0.0,
        0.07506056600153144,
        4.4807944046481785,
        0.0,
        0.0
    ],
    "x_il_mccormick": [
        0.0,
        0.0,
        0.0,
        2.196375668864204,
        2.048206144150395,
        0.2673331308008595,
        0.0,
        0.0,
        0.0,
        0.8036243311357965,
        0.0,
        3.0,
        0.0,
        0.0,
        3.0,
        0.0,
        0.0,
        0.0,
        6.089214927342877,
        0.0,
        0.0,
        0.8999600839690902,
        3.0,
        0.9610916040944772,
        2.0389083959055228,
        0.0,
        1.9107850726571218,
        0.0,
        2.8456131392300716,
        0.388059920855353,
        2.2504332197408976,
        0.0,
        0.0,
        0.0,
        0.0,
        0.0,
        0.0,
        0.0,
        0.7705090162311425,
        0.0,
        0.0,
        0.0,
        3.0,
        0.0,
        0.0,
        1.9523327894719797,
        0.0,
        2.871485314544734,
        0.0,
        0.0,
        0.0,
        0.0,
        0.0,
        0.0,
        5.171014532905224,
        0.0,
        0.0,
        4.790776047431001,
        0.0,
        0.0,
        0.0,
        0.0,
        0.0,
        0.1285146854552659,
        0.0,
        0.0,
        0.0,
        2.9610916040944772,
        0.48305342525581285,
        0.0,
        6.398578857654833
    ],
    "x_lj_mccormick": [
        2.0,
        3.398578857654833,
        0.0,
        1.0,
        0.16729321476994974,
        1.0,
        0.0,
        0.0,
        1.884750946784167,
        0.7852991907631461,
        0.32994986245268815,
        1.1543868607699281,
        0.9249394339984686,
        0.9206737052316034,
        2.0,
        0.0,
        0.0,
        0.0,
        0.8456131392300719,
        0.0,
        0.0,
        2.0,
        0.9134243935664571,
        0.388059920855353,
        0.0,
        0.0,
        5.638493140596251,
        2.193193362476656,
        0.0,
        0.168313496927093,
        1.9143235430298227,
        0.831686503072907,
        0.2539899538972703,
        2.0,
        6.0,
        0.0,
        2.0,
        1.0,
        0.0,
        0.0,
        1.5185947561518092,
        3.652419776753415,
        0.0,
        0.6412881797236456,
        5.0,
        1.680747437113563,
        2.0,
        0.0,
        0.0,
        1.0,
        1.6700501375473118,
        1.2652156414545512,
        0.08567645697017741
    ],
    "q_mccormick": [
        0.0,
        0.0,
        0.0,
        0.7321252229547346,
        0.3206440898618228,
        0.10003991603090978,
        0.0,
        0.0,
        0.0,
        0.26787477704526547,
        0.0,
        1.0,
        0.0,
        0.0,
        0.375,
        0.0,
        0.0,
        0.0,
        0.7611518659178597,
        0.0,
        0.24070262192409542,
        0.8999600839690902,
        1.0,
        0.34922240350934003,
        0.25486354948819034,
        0.0,
        0.23884813408214026,
        0.0,
        1.0,
        1.0,
        0.8715818306281429,
        0.0,
        0.0,
        0.0,
        0.0,
        0.0,
        0.0,
        0.0,
        0.1284181693718571,
        0.0,
        0.0,
        0.0,
        1.0,
        0.0,
        0.0,
        0.6507775964906599,
        0.0,
        0.9571617715149113,
        0.0,
        0.0,
        0.0,
        0.0,
        0.0,
        0.0,
        0.7592973780759046,
        0.0,
        0.0,
        0.5988470059288751,
        0.0,
        0.0,
        0.0,
        0.0,
        0.0,
        0.042838228485088635,
        0.0,
        0.0,
        0.0,
        0.37013645051180966,
        0.08050890420930214,
        0.0,
        1.0
    ],