{
    "x_ij_mccormick": [
        0.0,
        0.43206851865519,
        0.0,
        0.0,
        0.0,
        0.0,
        1.7990092851302164,
        0.0,
        0.0,
        0.0,
        0.0,
        0.0,
        0.0,
        0.0,
        0.0,
        0.0,
        0.0,
        0.0,
        0.2527013241037136,
        0.0,
        0.0,
        0.0,
        0.0,
        0.0,
        0.0,
        0.0,
        0.0,
        2.0,
        0.0,
        0.0,
        0.0,
        0.0,
        0.0,
        0.0,
        0.0,
        0.0,
        0.0,
        0.0,
        0.0,
        0.0,
        0.0,
        0.0,
        0.0,
        0.7529818654810374,
        0.0,
        0.0,
        0.0,
        0.0,
        0.0,
        0.0,
        0.0,
        0.0,
        0.0,
        0.0,
        0.0,
        0.0,
        0.0,
        0.33702783612134724,
        0.0,
        1.4277442500643858,
        0.0,
        0.0,
        0.0,
        0.0,
        6.0,
        0.0,
        0.0,
        0.0,
        0.0,
        0.7472986758962864,
        0.0,
        0.0,
        0.0,
        0.0,
        0.0,
        0.0,
        0.0,
        0.45231744756222114,
        0.0,
        0.0,
        0.0,
        0.0,
        0.0,
        0.0,
        0.0,
        0.0,
        0.0,
        0.0,
        0.0,
        0.0,
        0.0,
        0.0,
        0.0,
        0.0,
        0.0,
        0.0,
        0.0,
        0.7994748661305003,
        0.0,
        0.0,
        0.0,
        0.0,
        0.0,
        0.0,
        0.0,
        0.0,
        0.0,
        0.0,
        0.0,
        0.0,
        0.0,
        0.0,
        0.05885620534891689,
        3.293285597491335,
        0.0,
        0.0
    ],
    "x_il_mccormick": [
        0.0,
        0.0,
        0.0,
        2.212790342450743,
        3.969242260272128,
        0.8959826278415797,
        0.0,
        0.0,
        0.500564815612937,
        0.695724542618002,
        0.0,
        3.0,
        0.0,
        0.0,
        3.0,
        0.0,
        0.0,
        0.0,
        5.297989688187232,
        0.0,
        0.0,
        0.305008087028204,
        3.0,
        0.9559075787153243,
        2.0440924212846756,
        0.0,
        2.702010311812768,
        0.0,
        3.0,
        0.5722557499356143,
        2.0907164139430385,
        0.0,
        0.0,
        0.0,
        0.0,
        0.0,
        0.0,
        0.0,
        1.8284693997930035,
        0.0,
        0.0,
        0.0,
        3.0,
        0.0,
        0.0,
        1.9607368694317655,
        0.0,
        3.0,
        0.0,
        0.0,
        0.0,
        0.0,
        0.0,
        0.0,
        5.419111096037834,
        0.0,
        0.0,
        0.0,
        0.0,
        0.0,
        0.0,
        0.0,
        0.0,
        0.0,
        0.0,
        0.0,
        0.0,
        2.4553427631023874,
        2.1925154340573605,
        0.0,
        7.465418174037343
    ],
    "x_lj_mccormick": [
        2.0,
        4.465418174037343,
        0.0,
        1.0,
        0.20099071486978362,
        1.0,
        0.0,
        0.0,
        2.0,
        0.20052513386949966,
        0.7079897511992452,
        1.477389877940957,
        0.9411437946510831,
        0.5814663274079598,
        1.56793148134481,
        0.0,
        0.0,
        0.0,
        0.5226101220590429,
        0.9094583965961471,
        0.0,
        2.0,
        0.9166444481470898,
        0.5722557499356143,
        0.0,
        0.0,
        5.662972163878653,
        2.25748899854797,
        0.0,
        0.07953883757337764,
        2.0,
        0.9204611624266223,
        0.07953883757337765,
        2.0,
        6.0,
        0.0,
        2.0,
        1.0,
        0.0,
        0.0,
        1.5476825524377789,
        3.74251100145203,
        0.12891754214802487,
        1.2470181345189626,
        3.9616240612558284,
        0.9531154985546969,
        1.8710824578519751,
        0.0,
        0.0,
        1.1289175421480246,
        1.2920102488007548,
        2.6271755649352873,
        0.0
    ],
    "q_mccormick": [
        0.0,
        0.0,
        0.0,
        0.7375967808169143,
        0.7259355707428299,
        0.6949919129717961,
        0.0,
        0.0,
        0.06257060195161712,
        0.26240321918308573,
        0.0,
        1.0,
        0.0,
        0.0,
        0.375,
        0.0,
        0.0,
        0.216034259327595,
        0.662248711023404,
        0.0,
        0.22615872378111057,
        0.305008087028204,
        1.0,
        0.34642104352274483,
        0.25551155266058445,
        0.0,
        0.337751288976596,
        0.0,
        0.783965740672405,
        1.0,
        0.6952551000344994,
        0.0,
        0.0,
        0.0,
        0.0,
        0.0,
        0.0,
        0.0,
        0.3047448999655006,
        0.0,
        0.0,
        0.0,
        1.0,
        0.0,
        0.0,
        0.6535789564772552,
        0.0,
        1.0,
        0.0,
        0.0,
        0.0,
        0.0,
        0.0,
        0.0,
        0.7738412762188894,
        0.0,
        0.0,
        0.0,
        0.0,
        0.0,
        0.0,
        0.0,
        0.0,
        0.0,
        0.0,
        0.0,
        0.0,
        0.3069178453877984,
        0.27406442925717006,
        0.0,
        1.0
    ],