{
    "x_ij_mccormick": [
        0.0,
        0.49112931385674496,
        0.0006224702758627503,
        0.0,
        0.07657879889326247,
        0.0,
        1.6429341119751668,
        0.0,
        0.0,
        0.0,
        0.0,
        0.0,
        0.0,
        0.0,
        0.0,
        0.0,
        0.0,
        0.0,
        0.2955277441641062,
        0.0,
        0.0,
        0.0,
        0.0,
        0.0,
        0.11353004116427123,
        0.0,
        0.0,
        2.0,
        0.0,
        0.0,
        0.0,
        0.0,
        0.0,
        0.0,
        0.0,
        0.0,
        0.0,
        0.0,
        0.0,
        0.0,
        0.0,
        0.0,
        0.0,
        0.7784784087992617,
        0.0,
        0.0,
        0.0,
        0.0,
        0.0,
        0.0,
        0.0,
        0.0,
        0.0,
        0.0,
        0.0,
        0.0,
        0.0,
        0.5215102173326276,
        0.0,
        0.86285033279343,
        0.0,
        0.0,
        0.0,
        0.0,
        6.0,
        0.0,
        0.0,
        0.0,
        0.0,
        0.7044722558358938,
        0.0,
        0.0,
        0.0,
        0.0,
        0.0,
        0.0,
        0.0,
        0.7966365857606632,
        0.0,
        0.0,
        0.0,
        0.0,
        0.0,
        0.0,
        0.0,
        0.0,
        0.0,
        0.0,
        0.0,
        0.0,
        0.0,
        0.0,
        0.0,
        0.0,
        0.0,
        0.0,
        0.0,
        0.29244093772367674,
        0.0,
        0.15946252536768324,
        0.0,
        0.0,
        0.0,
        0.0,
        0.0,
        0.0,
        0.0,
        0.0,
        0.0,
        0.0,
        0.0,
        0.0,
        5.780185444759223e-05,
        4.961690831589805,
        0.0,
        0.0
    ],
    "x_il_mccormick": [
        0.0,
        0.22496146816513818,
        0.0,
        2.1923850263042457,
        3.334042316858339,
        0.5355988320372497,
        0.0,
        0.0,
        0.0,
        0.8076149736957543,
        0.0,
        3.0,
        0.0,
        0.0,
        2.96475945497848,
        0.0,
        0.0,
        0.0,
        5.0,
        0.0,
        0.8494244487845841,
        0.5965055878224452,
        3.0,
        1.0030108215342266,
        1.9969891784657734,
        0.0,
        3.0,
        0.0,
        3.0,
        0.8844607615553204,
        1.594029021112052,
        0.0,
        0.0,
        0.0,
        0.0,
        0.0,
        0.0,
        0.0,
        1.0383091684101953,
        0.3189250507353665,
        0.0,
        0.0,
        3.0,
        0.0,
        0.0,
        1.9012367890427406,
        0.0,
        2.9364561979014843,
        0.0,
        0.0,
        0.0,
        0.0,
        0.0,
        0.0,
        3.895972550220641,
        0.0,
        0.0,
        3.1164035163004975,
        0.0,
        0.0,
        0.0,
        0.0,
        0.0,
        0.0,
        0.25268890565124963,
        0.0,
        0.0,
        3.0382513665557473,
        0.0,
        0.0,
        6.724299797058535
    ],
    "x_lj_mccormick": [
        1.9234212011067375,
        4.279266172054847,
        0.0,
        0.8405374746323168,
        0.35706588802483313,
        1.0,
        0.0,
        0.0,
        1.8864699588357288,
        0.7075590622763233,
        0.4059709788879481,
        1.625655077248057,
        0.9999421981455524,
        0.3744027246063908,
        1.508870686143255,
        0.0,
        0.0,
        0.0,
        0.3743449227519431,
        1.1167843911048019,
        0.0,
        2.0,
        0.904247610576967,
        1.13714966720657,
        0.0,
        0.0,
        5.478489782667372,
        2.457966415234112,
        0.0,
        0.06354380209851562,
        2.0,
        0.9364561979014844,
        0.0,
        2.0,
        6.0,
        0.0,
        2.0,
        1.0,
        0.0,
        0.0,
        1.2033634142393368,
        3.542033584765888,
        0.0,
        1.2208991209248756,
        3.883215608895198,
        1.3463311033387626,
        2.0,
        0.0,
        0.0,
        1.0,
        1.594029021112052,
        1.0383091684101953,
        0.0
    ],
    "q_mccormick": [
        0.0,
        0.22496146816513818,
        0.0,
        0.7307950087680819,
        0.6104495604624378,
        0.17853294401241657,
        0.0,
        0.0,
        0.0,
        0.2692049912319181,
        0.0,
        1.0,
        0.0,
        0.0,
        0.37059493187231,
        0.0,
        0.0,
        0.24556465692837248,
        0.625,
        0.0,
        0.3983182928803316,
        0.5965055878224452,
        1.0,
        0.36625440365241985,
        0.24962364730822167,
        0.0,
        0.375,
        0.0,
        0.7544353430716275,
        0.8736555471743752,
        0.8269484719316341,
        0.0,
        0.0,
        0.0,
        0.0,
        0.0,
        0.0,
        0.0,
        0.17305152806836588,
        0.15946252536768324,
        0.0,
        0.0,
        1.0,
        0.0,
        0.0,
        0.6337455963475802,
        0.0,
        1.0,
        0.0,
        0.0,
        0.0,
        0.0,
        0.0,
        0.0,
        0.6016817071196684,
        0.0,
        0.0,
        0.3895504395375622,
        0.0,
        0.0,
        0.0,
        0.0,
        0.0,
        0.0,
        0.12634445282562481,
        0.0,
        0.0,
        0.3797814208194683,
        0.0,
        0.0,
        0.8405374746323168
    ],