{
    "x_ij_mccormick": [
        0.0,
        0.0,
        0.23651741374056323,
        0.0,
        0.38948369315171294,
        0.0,
        1.593717371064692,
        0.0,
        0.0,
        0.0,
        0.0,
        0.0,
        0.0,
        0.0,
        0.0,
        0.0,
        0.0,
        0.0,
        0.0,
        0.0,
        0.0,
        0.0,
        0.0,
        0.0,
        0.0,
        0.0,
        0.0,
        2.0,
        0.0,
        0.0,
        0.0,
        0.0,
        0.0,
        0.0,
        0.0,
        0.0,
        0.0,
        0.0,
        0.0,
        0.0,
        0.0,
        0.0,
        0.0,
        0.818123110872202,
        0.0,
        0.0,
        0.0,
        0.0,
        0.0,
        0.0,
        0.0,
        0.0,
        0.0,
        0.0,
        0.0,
        0.3807591089106097,
        0.0,
        0.644288662575697,
        0.06925471384953472,
        1.152419343214166,
        0.0,
        0.0,
        0.0,
        0.0,
        6.0,
        0.0,
        0.0,
        0.0,
        0.0,
        0.7844092568943765,
        0.0,
        0.0,
        0.0,
        0.0,
        0.0,
        0.0,
        0.0,
        0.645493312914198,
        0.0,
        0.0,
        0.0,
        0.0,
        0.0,
        0.0,
        0.0,
        0.0,
        0.0,
        0.0,
        0.0,
        0.0,
        0.0,
        0.0,
        0.0,
        0.0,
        0.0,
        0.0,
        0.0,
        0.7590249593593142,
        0.0,
        0.18291821162611877,
        0.0,
        0.0,
        0.0,
        0.0,
        0.0,
        0.0,
        0.0,
        0.0,
        0.0,
        0.0,
        0.0,
        0.0,
        0.0,
        5.746425910531758,
        0.0,
        0.0
    ],
    "x_il_mccormick": [
        0.0,
        0.6410151609792878,
        0.0,
        2.1676446958860027,
        2.7814379015489394,
        0.7652674679560203,
        0.0,
        0.0,
        0.5201702147818281,
        0.7384529730822352,
        0.0,
        3.0,
        0.0,
        0.0,
        3.0,
        0.0,
        0.0,
        0.0,
        5.807773222010306,
        0.0,
        0.0,
        0.0,
        3.0,
        0.77374430425007,
        2.2262556957499298,
        0.0,
        2.192226777989694,
        0.0,
        2.6192408910893903,
        0.9515792519023206,
        1.3348773716724476,
        0.0,
        0.0,
        0.0,
        0.0,
        0.0,
        0.0,
        0.0,
        0.2535740894682421,
        0.36583642325223753,
        0.0,
        0.0,
        3.0,
        0.0,
        0.0,
        2.1624863315946796,
        0.0,
        2.930745286150465,
        0.0,
        0.0,
        0.0,
        0.0,
        0.0,
        0.0,
        4.329458915599496,
        0.0,
        0.0,
        4.069788047727786,
        0.0,
        0.0,
        0.0,
        0.0,
        0.0,
        0.0,
        0.1115921479891369,
        0.0,
        0.0,
        2.253574089468242,
        0.0,
        0.0,
        6.53665430699105
    ],
    "x_lj_mccormick": [
        1.610516306848287,
        4.474892635021119,
        0.0,
        0.8170817883738812,
        0.4062826289353081,
        1.0,
        0.0,
        0.0,
        2.0,
        0.24097504064068578,
        0.6651226283275524,
        1.3807591089106097,
        1.0,
        0.6192408910893903,
        2.0,
        0.0,
        0.0,
        0.0,
        0.6192408910893903,
        0.0,
        0.0,
        2.0,
        0.9362306358447499,
        0.8475806567858339,
        0.2155907431056235,
        0.0,
        5.355711337424303,
        2.644288662575697,
        0.0,
        0.0,
        2.0,
        0.9307452861504653,
        0.0,
        2.0,
        6.0,
        0.0,
        2.0,
        1.0,
        0.0,
        0.0,
        1.354506687085802,
        2.9749522285136933,
        0.0,
        0.9453594753872347,
        5.0,
        0.9058664738894908,
        2.0,
        0.0,
        0.0,
        1.0,
        1.3348773716724476,
        0.2535740894682421,
        0.0
    ],
    "q_mccormick": [
        0.0,
        0.6410151609792878,
        0.0,
        0.7225482319620009,
        0.4726797376936174,
        0.3589848390207122,
        0.0,
        0.0,
        0.06502127684772852,
        0.277451768037999,
        0.0,
        1.0,
        0.0,
        0.0,
        0.375,
        0.0,
        0.0,
        0.0,
        0.7259716527512884,
        0.0,
        0.322746656457099,
        0.0,
        1.0,
        0.2791712228017734,
        0.2782819619687412,
        0.0,
        0.2740283472487116,
        0.0,
        1.0,
        0.9442039260054316,
        0.957737651755293,
        0.0,
        0.0,
        0.0,
        0.0,
        0.0,
        0.0,
        0.0,
        0.04226234824470702,
        0.18291821162611877,
        0.0,
        0.0,
        1.0,
        0.0,
        0.0,
        0.7208287771982266,
        0.0,
        1.0,
        0.0,
        0.0,
        0.0,
        0.0,
        0.0,
        0.0,
        0.677253343542901,
        0.0,
        0.0,
        0.5273202623063826,
        0.0,
        0.0,
        0.0,
        0.0,
        0.0,
        0.0,
        0.05579607399456845,
        0.0,
        0.0,
        0.28169676118353026,
        0.0,
        0.0,
        0.8170817883738812
    ],