{
    "x_ij_mccormick": [
        0.0,
        0.0,
        0.0,
        0.0,
        0.0,
        0.0,
        1.3516777379572897,
        0.0,
        0.0,
        0.0,
        0.0,
        0.0,
        0.0,
        0.0,
        0.0,
        0.0,
        0.0,
        0.0,
        0.22433364267711509,
        0.0,
        0.0,
        0.0,
        0.0,
        0.0,
        0.0,
        0.0,
        0.0,
        2.0,
        0.0,
        0.0,
        0.0,
        0.0,
        0.0,
        0.0,
        0.0,
        0.0,
        0.0,
        0.0,
        0.0,
        0.0,
        0.0,
        0.0,
        0.0,
        0.8913975909341155,
        0.0,
        0.0,
        0.0,
        0.0,
        0.0,
        0.0,
        0.0,
        0.0,
        0.0,
        0.0,
        0.0,
        0.19502803396007495,
        0.0,
        0.00926551002220849,
        0.14453288660639096,
        0.02438085627637343,
        0.0,
        0.0,
        0.0,
        0.0,
        6.0,
        0.0,
        0.0,
        0.0,
        0.0,
        0.7756663573228849,
        0.0,
        0.0,
        0.0,
        0.0,
        0.0,
        0.0,
        0.0,
        0.8764846634034862,
        0.0,
        0.0,
        0.0,
        0.0,
        0.0,
        0.0,
        0.0,
        0.0,
        0.0,
        0.0,
        0.0,
        1.6071742120414632,
        0.0,
        0.0,
        0.0,
        0.0,
        0.0,
        0.0,
        0.0,
        0.657045394327954,
        0.0,
        0.0,
        0.0,
        0.0,
        0.0,
        0.0,
        0.0,
        0.0,
        0.0,
        0.0,
        0.0,
        0.0,
        0.0,
        0.0,
        0.08730922511494799,
        4.738291933887652,
        0.0,
        0.0
    ],
    "x_il_mccormick": [
        0.0,
        0.37394264236505226,
        0.0,
        2.3342389963449293,
        4.501428197024421,
        1.274379619677658,
        0.0,
        0.0,
        0.7725839768795948,
        0.6074829946929274,
        0.0,
        3.0,
        0.0,
        0.0,
        3.0,
        0.0,
        0.0,
        0.0,
        7.108602409065885,
        0.0,
        1.59920600977174,
        0.0,
        3.0,
        0.7806544936263995,
        2.2193455063736005,
        0.0,
        0.8913975909341154,
        0.0,
        2.804971966039925,
        1.4159369263861121,
        1.4302646769852883,
        0.0,
        0.0,
        0.0,
        0.0,
        0.0,
        0.0,
        0.0,
        1.0881431171548588,
        0.0,
        0.0,
        0.0,
        3.0,
        0.0,
        0.0,
        2.153614102493892,
        0.0,
        2.956451906473352,
        0.0,
        0.0,
        0.0,
        0.0,
        0.0,
        0.0,
        3.32001578284249,
        0.0,
        0.0,
        0.0,
        0.0,
        0.0,
        0.0,
        0.0,
        0.0,
        0.043548093526648124,
        0.5596822173375144,
        0.0,
        0.0,
        2.0080705167468045,
        1.1663283242505957,
        0.0,
        6.94139048459453
    ],
    "x_lj_mccormick": [
        2.0,
        3.9413904845945305,
        0.0,
        1.0,
        0.6483222620427103,
        1.0,
        0.0,
        0.0,
        2.0,
        0.342954605672046,
        0.5987673853658106,
        1.195028033960075,
        0.912690774885052,
        0.8922811911548734,
        2.0,
        0.0,
        0.0,
        0.0,
        0.804971966039925,
        0.0,
        0.0,
        2.0,
        0.9342685961202917,
        1.9756191437236266,
        0.0,
        0.0,
        5.9907344899777915,
        2.0092655100222085,
        0.0,
        0.0,
        1.970967937648901,
        0.855467113393609,
        0.17356494895748975,
        2.0,
        6.0,
        0.0,
        2.0,
        1.0,
        0.0,
        0.0,
        1.1235153365965138,
        3.7957064560177165,
        0.0,
        1.1086024090658846,
        3.392825787958537,
        1.1663283242505957,
        2.0,
        0.0,
        0.0,
        1.0,
        1.4012326146341894,
        1.0881431171548588,
        0.029032062351098897
    ],
    "q_mccormick": [
        0.0,
        0.37394264236505226,
        0.0,
        0.7780796654483098,
        0.805611945958234,
        0.6260573576349477,
        0.0,
        0.0,
        0.09657299710994938,
        0.22192033455169025,
        0.0,
        1.0,
        0.0,
        0.0,
        0.375,
        0.0,
        0.0,
        0.0,
        0.8885753011332356,
        0.0,
        0.4382423317017431,
        0.0,
        1.0,
        0.2821286325020359,
        0.27741818829670006,
        0.0,
        0.11142469886676443,
        0.0,
        1.0,
        0.7201588913312428,
        0.8186428138075236,
        0.0,
        0.0,
        0.0,
        0.0,
        0.0,
        0.0,
        0.0,
        0.18135718619247646,
        0.0,
        0.0,
        0.0,
        1.0,
        0.0,
        0.0,
        0.7178713674979641,
        0.0,
        0.9854839688244506,
        0.0,
        0.0,
        0.0,
        0.0,
        0.0,
        0.0,
        0.5617576682982569,
        0.0,
        0.0,
        0.0,
        0.0,
        0.0,
        0.0,
        0.0,
        0.0,
        0.014516031175549374,
        0.2798411086687572,
        0.0,
        0.0,
        0.25100881459335056,
        0.19438805404176596,
        0.0,
        1.0
    ],