{
    "x_ij_mccormick": [
        0.0,
        0.14443253064761286,
        0.0,
        0.0,
        0.8825045486525513,
        0.0,
        1.4951453558007244,
        0.0,
        0.0,
        0.0,
        0.0,
        0.0,
        0.0,
        0.0,
        0.0,
        0.0,
        0.0,
        0.0,
        0.2712884747688725,
        0.0,
        0.0,
        0.0,
        0.0,
        0.0,
        0.0,
        0.0,
        0.0,
        2.0,
        0.0,
        0.0,
        0.0,
        0.0,
        0.0,
        0.0,
        0.0,
        0.0,
        0.0,
        0.0,
        0.0,
        0.0,
        0.0,
        0.0,
        0.0,
        0.818101890523935,
        0.0,
        0.0,
        0.0,
        0.0,
        0.0,
        0.0,
        0.0,
        0.0,
        0.0,
        0.0,
        0.0,
        1.1444325306476129,
        0.0,
        1.2492964434574902,
        0.0,
        1.8036983799872055,
        0.0,
        0.0,
        0.0,
        0.0,
        6.0,
        0.0,
        0.0,
        0.0,
        0.0,
        0.7287115252311275,
        0.0,
        0.0,
        0.0,
        0.0,
        0.0,
        0.0,
        0.031591300899201924,
        0.9582660722358836,
        0.0,
        0.0,
        0.0,
        0.0,
        0.0,
        0.0,
        0.0,
        0.0,
        0.0,
        0.10993532165026032,
        0.0,
        0.5168885669151111,
        0.0,
        0.0,
        0.0,
        0.0,
        0.0,
        0.0,
        0.0,
        0.5489433128349812,
        0.0,
        0.3088632343971295,
        0.0,
        0.0,
        0.0,
        0.0,
        0.0,
        0.0,
        0.0,
        0.0,
        0.0,
        0.0,
        0.0,
        0.0,
        0.0,
        5.732191292129291,
        0.0,
        0.0
    ],
    "x_il_mccormick": [
        0.0,
        0.0,
        0.0,
        2.0701948160115067,
        3.210703870989149,
        0.7256906653997115,
        0.0,
        0.0,
        0.4006787006429464,
        0.8264599346237969,
        0.0,
        3.0,
        0.0,
        0.0,
        3.0,
        0.0,
        0.0,
        0.14443253064761286,
        5.0,
        0.0,
        0.11560045250323858,
        0.7475726779003622,
        3.0,
        0.6684874085136556,
        2.3315125914863444,
        0.0,
        3.0,
        0.0,
        1.8555674693523871,
        0.1963016200127945,
        1.5544019365297153,
        0.0,
        0.0,
        0.0,
        0.0,
        0.0,
        0.0,
        0.0,
        0.26780870787070943,
        0.17610124558853446,
        0.0,
        0.0,
        2.8900646783497397,
        0.0,
        0.0,
        2.275718244235602,
        0.0,
        2.951411070690153,
        0.0,
        0.0,
        0.0,
        0.0,
        0.0,
        0.0,
        2.580993430465621,
        0.0,
        0.0,
        2.8381768776897953,
        0.0,
        0.0,
        0.0,
        0.0,
        0.0,
        0.0,
        0.0,
        0.0,
        0.0,
        2.267808707870709,
        0.0,
        0.0,
        7.1042272345961806
    ],
    "x_lj_mccormick": [
        1.1174954513474487,
        5.471696263234397,
        0.0,
        0.6911367656028705,
        0.5048546441992756,
        0.9684086991007981,
        0.0,
        0.0,
        2.0,
        0.45105668716501873,
        0.44559806347028474,
        1.8555674693523871,
        1.0,
        0.14443253064761286,
        1.8555674693523871,
        0.0,
        0.0,
        0.0,
        0.14443253064761286,
        0.0,
        0.0,
        2.0,
        0.9442056527492577,
        0.1963016200127945,
        0.0,
        0.0,
        4.7507035565425095,
        3.200707514147644,
        0.0,
        0.04858892930984678,
        2.0,
        0.9514110706901532,
        0.0,
        2.0,
        6.0,
        0.0,
        1.8900646783497397,
        1.0,
        0.0,
        0.0,
        1.0417339277641164,
        1.6548599552047432,
        0.0,
        1.181898109476065,
        4.483111433084889,
        0.3838712061179903,
        2.0,
        0.0,
        0.0,
        1.0,
        1.5544019365297153,
        0.26780870787070943,
        0.0
    ],
    "q_mccormick": [
        0.0,
        0.0,
        0.0,
        0.6900649386705022,
        0.5909490547380325,
        0.2524273220996378,
        0.0,
        0.0,
        0.0500848375803683,
        0.3099350613294978,
        0.0,
        1.0,
        0.0,
        0.0,
        0.375,
        0.0,
        0.0,
        0.07221626532380643,
        0.625,
        0.0,
        0.4791330361179418,
        0.7475726779003622,
        1.0,
        0.24142725192146597,
        0.29143907393579305,
        0.0,
        0.375,
        0.0,
        0.9277837346761936,
        1.0,
        0.9553652153548817,
        0.0,
        0.0,
        0.0,
        0.0,
        0.0,
        0.0,
        0.0,
        0.04463478464511824,
        0.08805062279426723,
        0.0,
        0.0,
        1.0,
        0.0,
        0.0,
        0.758572748078534,
        0.0,
        1.0,
        0.0,
        0.0,
        0.0,
        0.0,
        0.0,
        0.0,
        0.5208669638820582,
        0.0,
        0.0,
        0.4090509452619675,
        0.0,
        0.0,
        0.0,
        0.0,
        0.0,
        0.0,
        0.0,
        0.0,
        0.0,
        0.28347608848383865,
        0.0,
        0.0,
        0.9119493772057328
    ],