{
    "x_ij_mccormick": [
        0.0,
        0.589746787871027,
        0.0,
        0.0,
        0.6339858098337305,
        0.0,
        1.7456432239432946,
        0.0,
        0.0,
        0.0,
        0.0,
        0.0,
        0.0,
        0.0,
        0.0,
        0.0,
        0.0,
        0.0,
        0.0,
        0.0,
        0.0,
        0.0,
        0.0,
        0.0,
        0.0,
        0.0,
        0.0,
        2.0,
        0.0,
        0.0,
        0.0,
        0.0,
        0.0,
        0.0,
        0.0,
        0.0,
        0.0,
        0.0,
        0.0,
        0.0,
        0.0,
        0.0,
        0.0,
        0.21975953802667905,
        0.5660075681485903,
        0.0,
        0.0,
        0.0,
        0.0,
        0.0,
        0.0,
        0.0,
        0.0,
        0.0,
        0.0,
        0.0,
        0.0,
        1.326301449239213,
        0.05997994768763504,
        1.7694633146084184,
        0.0,
        0.0,
        0.0,
        0.0,
        6.0,
        0.0,
        0.0,
        0.0,
        0.0,
        0.7974263030780451,
        0.0,
        0.0,
        0.0,
        0.0,
        0.0,
        0.0,
        0.0,
        0.949447484585688,
        0.0,
        0.0,
        0.0,
        0.0,
        0.0,
        0.0,
        0.0,
        0.0,
        0.0,
        0.0,
        0.0,
        0.0,
        0.0,
        0.0,
        0.0,
        0.0,
        0.0,
        0.0,
        0.0,
        0.8327969036379894,
        0.0,
        0.19388771809553085,
        0.0,
        0.0,
        0.0,
        0.0,
        0.0,
        0.0,
        0.0,
        0.0,
        0.0,
        0.0,
        0.0,
        0.0,
        0.0,
        5.892767596433552,
        0.0,
        0.0
    ],
    "x_il_mccormick": [
        0.0,
        0.0,
        0.0,
        2.1636279105836396,
        3.125471732759725,
        0.6041669904603212,
        0.0,
        0.0,
        0.6287373238391932,
        0.7247844893062512,
        0.0,
        3.0,
        0.0,
        0.0,
        3.0,
        0.0,
        0.0,
        0.0,
        7.780240461973321,
        0.0,
        0.8789754530304754,
        0.6501897855963842,
        3.0,
        0.7359697274056403,
        2.2640302725943595,
        0.0,
        0.2197595380266799,
        0.0,
        3.0,
        0.4331103823135365,
        1.1806082207596156,
        0.0,
        0.0,
        0.0,
        0.0,
        0.0,
        0.0,
        0.0,
        0.20541487927895205,
        0.31378687374196734,
        0.0,
        0.0,
        3.0,
        0.0,
        0.0,
        2.2033852672238616,
        0.0,
        2.9400200523123647,
        0.0,
        0.0,
        0.0,
        0.0,
        0.0,
        0.0,
        2.940172317793239,
        0.0,
        0.0,
        2.5176047618420045,
        0.0,
        0.0,
        0.0,
        0.0,
        0.0,
        0.0,
        0.0,
        0.0,
        0.0,
        2.1072324035664476,
        0.0,
        0.0,
        6.744852505032131
    ],
    "x_lj_mccormick": [
        1.3660141901662695,
        4.886512906703359,
        0.0,
        0.8061122819044692,
        0.25435677605670537,
        1.0,
        0.0,
        0.0,
        2.0,
        0.16720309636201056,
        0.7212093035278799,
        1.6744591968144746,
        1.0,
        0.32554080318552536,
        1.410253212128973,
        0.0,
        0.0,
        0.0,
        0.32554080318552536,
        1.2642059846855016,
        0.0,
        2.0,
        0.9393549946295021,
        0.2305366853915816,
        0.2025736969219549,
        0.0,
        4.673698550760787,
        3.326301449239213,
        0.0,
        0.0,
        2.0,
        0.940020052312365,
        0.0,
        2.0,
        5.43399243185141,
        0.5660075681485899,
        2.0,
        1.0,
        0.0,
        0.0,
        1.050552515414312,
        2.673698550760787,
        0.0948967046486151,
        1.214232893824731,
        3.640897310665883,
        0.7879462901111153,
        1.905103295351385,
        0.0,
        0.0,
        1.094896704648615,
        1.27879069647212,
        0.10723240356644759,
        0.0
    ],
    "q_mccormick": [
        0.0,
        0.0,
        0.0,
        0.7212093035278798,
        0.6852994047697494,
        0.3498102144036158,
        0.0,
        0.0,
        0.07859216547989917,
        0.2787906964721203,
        0.0,
        1.0,
        0.0,
        0.0,
        0.375,
        0.0,
        0.0,
        0.2948733939355135,
        0.972530057746665,
        0.0,
        0.474723742292844,
        0.6501897855963842,
        1.0,
        0.26553824425871275,
        0.28300378407429494,
        0.0,
        0.027469942253335027,
        0.0,
        0.7051266060644865,
        1.0,
        0.9509087621437478,
        0.0,
        0.0,
        0.0,
        0.0,
        0.0,
        0.0,
        0.0,
        0.04909123785625223,
        0.15689343687098367,
        0.0,
        0.0,
        1.0,
        0.0,
        0.0,
        0.7344617557412872,
        0.0,
        1.0,
        0.0,
        0.0,
        0.0,
        0.0,
        0.0,
        0.0,
        0.525276257707156,
        0.0,
        0.0,
        0.31470059523025057,
        0.0,
        0.0,
        0.0,
        0.0,
        0.0,
        0.0,
        0.0,
        0.0,
        0.0,
        0.26340405044580595,
        0.0,
        0.0,
        0.8431065631290163
    ],