{
    "x_ij_mccormick": [
        0.0,
        0.0,
        0.0,
        0.0,
        0.22553489747217048,
        0.0,
        1.569626370985266,
        0.0,
        0.0,
        0.0,
        0.0,
        0.0,
        0.0,
        0.0,
        0.0,
        0.0,
        0.0,
        0.0,
        0.21030859587619866,
        0.0,
        0.0,
        0.0,
        0.0,
        0.0,
        0.0,
        0.0,
        0.0,
        2.0,
        0.0,
        0.0,
        0.0,
        0.0,
        0.0,
        0.0,
        0.0,
        0.0,
        0.0,
        0.0,
        0.0,
        0.0,
        0.0,
        0.0,
        0.0,
        0.8125425979804816,
        0.0,
        0.0,
        0.0,
        0.0,
        0.0,
        0.0,
        0.0,
        0.0,
        0.0,
        0.0,
        0.0,
        0.187632352278142,
        0.0,
        1.0548697624185228,
        0.0,
        2.0,
        0.0,
        0.0,
        0.0,
        0.0,
        6.0,
        0.0,
        0.4451302375814772,
        0.0,
        0.0,
        0.7896914041238013,
        0.0,
        0.0,
        0.0,
        0.0,
        0.0,
        0.0,
        0.0,
        1.0392994608815855,
        0.0,
        0.0,
        0.0,
        0.0,
        0.0,
        0.0,
        0.0,
        0.0,
        0.0,
        0.025787894508748188,
        0.0,
        0.8256151002445095,
        0.0,
        0.0,
        0.0,
        0.0,
        0.0,
        0.0,
        0.0,
        0.6587959081693129,
        0.0,
        0.15410542606898736,
        0.0,
        0.0,
        0.0,
        0.0,
        0.0,
        0.0,
        0.0,
        0.0,
        0.0,
        0.0,
        0.0,
        0.0,
        0.08044255789401111,
        3.6746694326768443,
        0.0,
        0.0
    ],
    "x_il_mccormick": [
        0.0,
        0.7029611553688487,
        0.0,
        2.2944358200820214,
        4.5586663748584835,
        0.7274124736458851,
        0.0,
        0.0,
        0.0,
        0.6237053031714996,
        0.0,
        3.0,
        0.0,
        0.0,
        3.0,
        0.0,
        0.0,
        0.0,
        5.0,
        0.0,
        0.16930884468604024,
        0.0,
        3.0,
        0.7895300552557218,
        2.210469944744278,
        0.0,
        3.0,
        0.0,
        2.812367647721858,
        0.0,
        1.9451302375814772,
        0.0,
        0.0,
        0.0,
        0.0,
        0.0,
        0.0,
        0.0,
        1.7308110942685015,
        0.30821085213797483,
        0.0,
        0.0,
        2.974212105491252,
        0.0,
        0.0,
        2.1338512669940584,
        0.0,
        3.0,
        0.0,
        0.0,
        0.0,
        0.0,
        0.0,
        0.0,
        3.1762115462045752,
        0.0,
        0.0,
        0.0,
        0.0,
        0.0,
        0.0,
        0.0,
        0.0,
        0.0,
        0.0,
        0.0,
        0.0,
        2.7895300552557223,
        1.4553579541734223,
        0.0,
        6.767156591448101
    ],
    "x_lj_mccormick": [
        1.7744651025278295,
        4.455007767127234,
        0.0,
        0.8458945739310126,
        0.43037362901473386,
        1.0,
        0.0,
        0.0,
        2.0,
        0.3412040918306871,
        0.5769370314228339,
        1.187632352278142,
        0.9195574421059889,
        0.892810205615869,
        2.0,
        0.0,
        0.0,
        0.0,
        0.812367647721858,
        0.0,
        0.0,
        2.0,
        0.9233813222497803,
        0.0,
        0.0,
        0.0,
        4.5,
        3.427547795949657,
        0.0,
        0.07245220405034261,
        2.0,
        0.9275477959496574,
        0.07245220405034261,
        2.0,
        6.0,
        0.0,
        1.9742121054912518,
        1.0,
        0.0,
        0.0,
        0.9607005391184144,
        2.384819851772201,
        0.0,
        1.1874574020195183,
        4.17438489975549,
        0.652182027256897,
        2.0,
        0.0,
        0.0,
        1.0,
        1.423062968577166,
        2.252878363272813,
        0.0
    ],
    "q_mccormick": [
        0.0,
        0.7029611553688487,
        0.0,
        0.7648119400273407,
        0.8180802557283222,
        0.29703884463115127,
        0.0,
        0.0,
        0.0,
        0.23518805997265935,
        0.0,
        1.0,
        0.0,
        0.0,
        0.37499999999999994,
        0.0,
        0.0,
        0.0,
        0.625,
        0.0,
        0.5196497304407928,
        0.0,
        1.0,
        0.28871624433531384,
        0.27630874309303477,
        0.0,
        0.375,
        0.0,
        1.0,
        0.0,
        0.711531484288583,
        0.0,
        0.0,
        0.0,
        0.0,
        0.0,
        0.0,
        0.0,
        0.28846851571141696,
        0.15410542606898742,
        0.0,
        0.0,
        1.0,
        0.0,
        0.0,
        0.7112837556646862,
        0.0,
        1.0,
        0.0,
        0.0,
        0.0,
        0.0,
        0.0,
        0.0,
        0.4803502695592072,
        0.0,
        0.0,
        0.0,
        0.0,
        0.0,
        0.0,
        0.0,
        0.0,
        0.0,
        1.0,
        0.0,
        0.0,
        0.3486912569069653,
        0.18191974427167779,
        0.0,
        0.8458945739310126
    ],