{
    "x_ij_mccormick": [
        0.0,
        0.0,
        0.0,
        0.0,
        0.1575968624558184,
        0.0,
        1.671526323867564,
        0.0,
        0.0,
        0.0,
        0.0,
        0.0,
        0.0,
        0.0,
        0.0,
        0.0,
        0.0,
        0.0,
        0.25156977120234647,
        0.0,
        0.0,
        0.0,
        0.0,
        0.0,
        0.0,
        0.0,
        0.0,
        2.0,
        0.0,
        0.0,
        0.0,
        0.0,
        0.0,
        0.0,
        0.0,
        0.0,
        0.0,
        0.0,
        0.0,
        0.0,
        0.0,
        0.0,
        0.0,
        0.8743606531568084,
        0.0,
        0.0,
        0.0,
        0.0,
        0.0,
        0.0,
        0.0,
        0.0,
        0.0,
        0.0,
        0.0,
        0.07556956883531418,
        0.0,
        0.8438194324634667,
        0.0,
        2.0,
        0.0,
        0.0,
        0.0,
        0.0,
        6.0,
        0.0,
        0.11279370482953954,
        0.0,
        0.0,
        0.7484302287976535,
        0.0,
        0.0,
        0.0,
        0.0,
        0.0,
        0.0,
        0.0,
        0.8433336454585487,
        0.03714819458232377,
        0.0,
        0.0,
        0.0,
        0.0,
        0.0,
        0.0,
        0.0,
        0.0,
        0.0,
        0.0,
        0.0,
        0.0,
        0.0,
        0.0,
        0.0,
        0.0,
        0.0,
        0.0,
        0.7384161077605774,
        0.0,
        0.15403769420584612,
        0.0,
        0.0,
        0.0,
        0.0,
        0.0,
        0.0,
        0.0,
        0.0,
        0.0,
        0.0,
        0.0,
        0.0,
        0.06973396365939603,
        3.2387576415916612,
        0.0,
        0.0
    ],
    "x_il_mccormick": [
        0.0,
        0.6092716074518074,
        0.0,
        2.1316315518007922,
        4.278581463676104,
        0.4927105141986542,
        0.0,
        0.0,
        0.4075990484193448,
        0.7777838013688484,
        0.0,
        3.0,
        0.0,
        0.0,
        3.0,
        0.0,
        0.0,
        0.0,
        6.0867737254139875,
        0.0,
        0.38023639455402014,
        0.2264915544819745,
        3.0,
        0.6707705408341924,
        2.3292294591658074,
        0.0,
        1.913226274586013,
        0.0,
        2.924430431164686,
        0.0,
        2.1561805675365333,
        0.0,
        0.0,
        0.0,
        0.0,
        0.0,
        0.0,
        0.0,
        1.9434943827906541,
        0.30807538841169224,
        0.0,
        0.0,
        3.0,
        0.0,
        0.0,
        2.271284508423845,
        0.0,
        3.0,
        0.0,
        0.0,
        0.0,
        0.0,
        0.0,
        0.0,
        3.757983201010044,
        0.0,
        0.0,
        0.0,
        0.0,
        0.0,
        0.0,
        0.0,
        0.0,
        0.0,
        0.0,
        0.0,
        0.0,
        2.2631714924148483,
        2.4283369023340944,
        0.0,
        6.767698446353231
    ],
    "x_lj_mccormick": [
        1.8424031375441816,
        4.387408391426588,
        0.0,
        0.8459623057941539,
        0.3284736761324361,
        1.0,
        0.0,
        0.0,
        2.0,
        0.2615838922394226,
        0.6478314609302178,
        1.0755695688353142,
        0.930266036340604,
        0.9941643948240818,
        2.0,
        0.0,
        0.0,
        0.0,
        0.9244304311646858,
        0.0,
        0.0,
        2.0,
        0.9420550492580375,
        0.0,
        0.0,
        0.0,
        5.043386862706994,
        2.942877190142073,
        0.0,
        0.013735947150933625,
        2.0,
        0.9862640528490664,
        0.013735947150933625,
        1.9628518054176762,
        6.0,
        0.03714819458232421,
        2.0,
        1.0,
        0.0,
        0.0,
        1.1566663545414513,
        2.981553241022613,
        0.0,
        1.0884911522608673,
        5.0,
        0.6184272137493306,
        2.0,
        0.0,
        0.0,
        1.0,
        1.3521685390697822,
        2.747506411257405,
        0.0
    ],
    "q_mccormick": [
        0.0,
        0.6092716074518074,
        0.0,
        0.7105438506002639,
        0.6964578872082383,
        0.16423683806621805,
        0.0,
        0.0,
        0.050949881052418045,
        0.2894561493997361,
        0.0,
        1.0,
        0.0,
        0.0,
        0.375,
        0.0,
        0.0,
        0.0,
        0.7608467156767484,
        0.0,
        0.42166682272927436,
        0.22649155448197456,
        1.0,
        0.2429051638587183,
        0.2911536823957259,
        0.0,
        0.23915328432325159,
        0.0,
        1.0,
        0.0,
        0.6760842695348911,
        0.0,
        0.0,
        0.0,
        0.0,
        0.0,
        0.0,
        0.0,
        0.3239157304651089,
        0.15403769420584612,
        0.0,
        0.0,
        1.0,
        0.0,
        0.0,
        0.7570948361412817,
        0.0,
        1.0,
        0.0,
        0.0,
        0.0,
        0.0,
        0.0,
        0.0,
        0.5783331772707256,
        0.0,
        0.0,
        0.0,
        0.0,
        0.0,
        0.0,
        0.0,
        0.0,
        0.0,
        1.0,
        0.0,
        0.0,
        0.28289643655185603,
        0.30354211279176174,
        0.0,
        0.8459623057941539
    ],