{
    "x_ij_mccormick": [
        0.0,
        0.10730344635759437,
        0.0,
        0.0,
        0.7684868556219806,
        0.0,
        1.3908540402006515,
        0.0,
        0.0,
        0.0,
        0.0,
        0.0,
        0.0,
        0.0,
        0.0,
        0.0,
        0.0,
        0.0,
        0.0,
        0.0,
        0.47917923374656146,
        0.0,
        0.0,
        0.0,
        0.0,
        0.0,
        0.0,
        2.0,
        0.0,
        0.0,
        0.0,
        0.0,
        0.0,
        0.0,
        0.0,
        0.0,
        0.0,
        0.0,
        0.0,
        0.0,
        0.0,
        0.0,
        0.0,
        0.07533554880899626,
        0.5956124240598246,
        0.0,
        0.0,
        0.0,
        0.0,
        0.0,
        0.0,
        0.0,
        0.0,
        0.0,
        0.0,
        0.823789428758888,
        0.0,
        0.8689312128059079,
        0.058323920247596805,
        1.7168050971063475,
        0.0,
        0.0,
        0.0,
        0.0,
        6.0,
        0.0,
        0.0,
        0.0,
        0.0,
        0.8233791663923427,
        0.0,
        0.0,
        0.0,
        0.0,
        0.0,
        0.0,
        0.0,
        0.635843397469235,
        0.0,
        0.0,
        0.0,
        0.0,
        0.0,
        0.0,
        0.0,
        0.0,
        0.0,
        0.0,
        0.0,
        0.0,
        0.0,
        0.0,
        0.0,
        0.0,
        0.0,
        0.0,
        0.0,
        0.8831979352303733,
        0.0,
        0.23441310811618166,
        0.0,
        0.0,
        0.0,
        0.0,
        0.0,
        0.0,
        0.0,
        0.0,
        0.0,
        0.0,
        0.0,
        0.0,
        0.0,
        3.688654772951851,
        0.0,
        0.0
    ],
    "x_il_mccormick": [
        0.0,
        0.0,
        0.0,
        2.436599498862467,
        4.439423608860341,
        1.010245065472056,
        0.0,
        0.0,
        0.38165952509485535,
        0.0,
        0.0,
        3.0,
        0.0,
        0.0,
        3.0,
        0.0,
        0.0,
        0.0,
        7.924664451191004,
        0.0,
        0.07853242244350778,
        0.5989008943272924,
        3.0,
        0.6175503037607006,
        2.3824496962392994,
        0.0,
        0.07533554880899729,
        0.0,
        2.176210571241112,
        0.4598157365013097,
        1.120526731583922,
        0.4924023988612628,
        0.0,
        0.0,
        0.0,
        0.0,
        0.0,
        0.0,
        1.8411155085159656,
        0.17153514821933413,
        0.0,
        0.0,
        3.0,
        0.0,
        0.0,
        2.325430723239254,
        0.0,
        3.0,
        0.0,
        0.0,
        0.0,
        0.0,
        0.0,
        0.0,
        3.638168935470292,
        0.0,
        0.0,
        0.0,
        0.0,
        0.0,
        0.0,
        0.0,
        0.0,
        0.0,
        0.0,
        0.0,
        0.0,
        2.2358907786658464,
        2.075454448382302,
        0.0,
        7.310959443384501
    ],
    "x_lj_mccormick": [
        1.2315131443780194,
        5.485394555341998,
        0.0,
        0.7655868918838183,
        0.6091459597993485,
        1.0,
        0.0,
        0.0,
        2.0,
        0.11680206476962675,
        0.8121998329541029,
        1.7164859824012937,
        1.0,
        0.2835140175987061,
        1.8926965536424056,
        0.0,
        0.0,
        0.0,
        0.2835140175987063,
        0.0,
        0.0,
        2.0,
        0.9429810269999547,
        0.2831949028936524,
        0.1766208336076573,
        0.0,
        5.131068787194092,
        2.8689312128059083,
        0.0,
        0.0,
        2.0,
        0.9416760797524032,
        0.058323920247596805,
        2.0000000000000004,
        5.404387575940175,
        0.5956124240598248,
        2.0,
        1.0,
        0.0,
        0.0,
        1.364156602530765,
        2.3072793584352036,
        0.04526539694783138,
        1.329052027131179,
        4.954734603052168,
        0.23109142705929625,
        1.9547346030521686,
        0.0,
        0.0,
        1.0452653969478314,
        1.187800167045897,
        1.7738420730539906,
        0.0
    ],
    "q_mccormick": [
        0.0,
        0.0,
        0.0,
        0.812199832954182,
        0.6645260135655895,
        0.40109910567270757,
        0.0,
        0.0,
        0.04770744063685661,
        0.0,
        0.0,
        1.0,
        0.0,
        0.0,
        0.375,
        0.0,
        0.0,
        0.053651723178797184,
        0.9905830563988753,
        0.0,
        0.013088737073917963,
        0.5989008943272924,
        1.0,
        0.22485642558691532,
        0.2978062120299124,
        0.0,
        0.009416943601124661,
        0.0,
        0.9463482768212028,
        1.0,
        0.7043596544910016,
        0.18780016704581803,
        0.0,
        0.0,
        0.0,
        0.0,
        0.0,
        0.0,
        0.2956403455089984,
        0.08576757410966707,
        0.0,
        0.0,
        1.0,
        0.0,
        0.0,
        0.7751435744130847,
        0.0,
        1.0,
        0.0,
        0.0,
        0.0,
        0.0,
        0.0,
        0.02808014954724286,
        0.986911262926082,
        0.0,
        0.0,
        0.0,
        0.0,
        0.0,
        0.0,
        0.0,
        0.0,
        0.0,
        0.0,
        0.0,
        0.0,
        0.27948634733323074,
        0.30739383688716765,
        0.0,
        0.9142324258903329
    ],