{
    "x_ij_mccormick": [
        0.0,
        0.26495164014239636,
        0.0,
        0.0,
        0.0,
        0.0,
        1.5838179770335006,
        0.0,
        0.0,
        0.0,
        0.0,
        0.0,
        0.0,
        0.0,
        0.0,
        0.0,
        0.0,
        0.0,
        0.23480303619836174,
        0.0,
        0.0,
        0.0,
        0.0,
        0.0,
        0.0,
        0.0,
        0.0,
        2.0,
        0.0,
        0.0,
        0.0,
        0.0,
        0.0,
        0.0,
        0.0,
        0.0,
        0.0,
        0.0,
        0.0,
        0.0,
        0.0,
        0.0,
        0.0,
        0.9789298156845484,
        0.0,
        0.0,
        0.0,
        0.0,
        0.0,
        0.0,
        0.0,
        0.0,
        0.0,
        0.0,
        0.0,
        1.060729340619417,
        0.0,
        1.031321602661297,
        0.19010434161330647,
        2.0,
        0.0,
        0.0,
        0.0,
        0.0,
        6.0,
        0.0,
        0.0,
        0.0,
        0.0,
        0.7651969638016383,
        0.0,
        0.0,
        0.0,
        0.0,
        0.0,
        0.0,
        0.04111195016091229,
        0.9284812576072736,
        0.0,
        0.0,
        0.0,
        0.0,
        0.0,
        0.0,
        0.0,
        0.0,
        0.0,
        0.12469805881597007,
        0.0,
        1.611281747548676,
        0.0,
        0.0,
        0.0,
        0.0,
        0.0,
        0.0,
        0.0,
        0.30961267691725114,
        0.0,
        0.009874117984721598,
        0.0,
        0.0,
        0.0,
        0.0,
        0.0,
        0.0,
        0.0,
        0.0,
        0.0,
        0.0,
        0.0,
        0.0,
        0.0,
        5.146213500052132,
        0.0,
        0.0
    ],
    "x_il_mccormick": [
        0.0,
        0.7919089885167503,
        0.0,
        2.2312974571798785,
        4.409788436766776,
        0.5831610842888368,
        0.0,
        0.0,
        1.0706526393210023,
        0.7115399867681855,
        0.0,
        3.0,
        0.0,
        0.0,
        3.0,
        0.0,
        0.0,
        0.0,
        7.021070184315452,
        0.0,
        0.571442869331624,
        0.0,
        3.0,
        0.815970987226143,
        2.184029012773857,
        0.0,
        0.9789298156845474,
        0.0,
        1.939270659380583,
        0.0,
        1.7785740557253973,
        0.0,
        0.0,
        0.0,
        0.0,
        0.0,
        0.0,
        0.0,
        0.6326579817438492,
        0.019748235969443195,
        0.0,
        0.0,
        2.8753019411840297,
        0.0,
        0.0,
        2.113276121689511,
        0.0,
        2.953463735113931,
        0.0,
        0.0,
        0.0,
        0.0,
        0.0,
        0.0,
        2.408024929780389,
        0.0,
        0.0,
        0.0,
        0.0,
        0.0,
        0.0,
        0.0,
        0.0,
        0.04653626488606921,
        0.0,
        0.0,
        0.0,
        1.7453183479051404,
        1.108468152042728,
        0.0,
        7.657687194480128
    ],
    "x_lj_mccormick": [
        2.0,
        4.687309548434293,
        0.0,
        0.9901258820152784,
        0.41618202296649937,
        0.9588880498390877,
        0.0,
        0.0,
        2.0,
        0.6903873230827489,
        0.2524501208653154,
        1.7957777004770206,
        1.0,
        0.20422229952297943,
        1.7350483598576036,
        0.0,
        0.0,
        0.0,
        0.20422229952297943,
        0.0,
        0.0,
        2.0,
        0.9292471089156539,
        0.0,
        0.0,
        0.0,
        4.968678397338703,
        3.0313216026612966,
        0.0,
        0.0,
        1.9689758234092873,
        0.8098956583866935,
        0.22112851820401913,
        2.0,
        6.0,
        0.0,
        1.87530194118403,
        1.0,
        0.0,
        0.0,
        1.0715187423927264,
        1.9079490567192865,
        0.0,
        1.0210701843154517,
        3.3887182524513246,
        1.108468152042728,
        2.0,
        0.0,
        0.0,
        1.0,
        1.7475498791346846,
        0.6326579817438492,
        0.03102417659071266
    ],
    "q_mccormick": [
        0.0,
        0.7919089885167503,
        0.0,
        0.7437658190599594,
        0.8152553079928787,
        0.20809101148324968,
        0.0,
        0.0,
        0.1338315799151253,
        0.2562341809400405,
        0.0,
        1.0,
        0.0,
        0.0,
        0.375,
        0.0,
        0.0,
        0.13247582007119818,
        0.8776337730394315,
        0.0,
        0.4642406288036368,
        0.0,
        1.0,
        0.2955746261034964,
        0.2730036265967321,
        0.0,
        0.12236622696056854,
        0.0,
        0.8675241799288018,
        1.0,
        0.8945570030426918,
        0.0,
        0.0,
        0.0,
        0.0,
        0.0,
        0.0,
        0.0,
        0.1054429969573082,
        0.009874117984721598,
        0.0,
        0.0,
        1.0,
        0.0,
        0.0,
        0.7044253738965036,
        0.0,
        0.9844879117046437,
        0.0,
        0.0,
        0.0,
        0.0,
        0.0,
        0.0,
        0.5357593711963632,
        0.0,
        0.0,
        0.0,
        0.0,
        0.0,
        0.0,
        0.0,
        0.0,
        0.01551208829535633,
        0.0,
        0.0,
        0.0,
        0.2181647934881426,
        0.18474469200712132,
        0.0,
        0.9901258820152784
    ],