{
    "x_ij_mccormick": [
        0.0,
        0.5108873614428917,
        0.0,
        0.0,
        0.8248061240487186,
        0.0,
        1.9058257264449856,
        0.0,
        0.0,
        0.0,
        0.0,
        0.0,
        0.0,
        0.0,
        0.0,
        0.0,
        0.0,
        0.0,
        0.22644397351019807,
        0.0,
        0.0,
        0.0,
        0.0,
        0.0,
        0.0,
        0.0,
        0.0,
        2.0,
        0.0,
        0.04329248315855533,
        0.0,
        0.0,
        0.0,
        0.0,
        0.0,
        0.0,
        0.0,
        0.0,
        0.0,
        0.0,
        0.0,
        0.0,
        0.0,
        0.5715475084143673,
        0.0,
        0.0,
        0.0,
        0.0,
        0.0,
        0.0,
        0.0,
        0.0,
        0.0,
        0.0,
        0.0,
        0.0,
        0.0,
        0.04162499134836217,
        0.0,
        0.07538312372755662,
        0.0,
        0.0,
        0.0,
        0.0,
        6.0,
        0.0,
        0.0,
        0.0,
        0.0,
        0.7735560264898019,
        0.0,
        0.0,
        0.0,
        0.0,
        0.0,
        0.0,
        0.0,
        0.44551739367345355,
        0.14408901063781832,
        0.0,
        0.0,
        0.0,
        0.0,
        0.0,
        0.0,
        0.0,
        0.0,
        0.0,
        0.0,
        0.0,
        0.0,
        0.0,
        0.0,
        0.0,
        0.0,
        0.0,
        0.0,
        0.6963249208634048,
        0.0,
        0.17519387595128177,
        0.0,
        0.0,
        0.0,
        0.0,
        0.0,
        0.0,
        0.0,
        0.0,
        0.0,
        0.0,
        0.10094737521432795,
        0.0,
        0.04543149640032618,
        3.7308323861367785,
        0.0,
        0.0
    ],
    "x_il_mccormick": [
        0.0,
        0.0,
        0.0,
        2.2806924275116596,
        4.243768418521948,
        0.15356955531491756,
        0.0,
        0.0,
        0.0,
        0.6428700425732372,
        0.0,
        3.0,
        0.0,
        0.0,
        2.9567075168414445,
        0.0,
        0.0,
        0.0,
        5.0,
        0.0,
        0.4136655472716937,
        0.9406047182400967,
        3.0,
        0.7499625843379757,
        2.250037415662024,
        0.0,
        3.0,
        0.0,
        3.0,
        1.422835251797046,
        1.5355397568545919,
        0.0,
        0.0,
        0.0,
        0.0,
        0.0,
        0.0,
        0.0,
        1.8596621728449048,
        0.2961833177759807,
        0.0,
        0.0,
        3.0,
        0.0,
        0.0,
        2.250037415662024,
        0.0,
        2.848578937178508,
        0.0,
        0.0,
        0.0,
        0.0,
        0.0,
        0.0,
        5.252322985707585,
        0.0,
        0.0,
        0.0,
        0.0,
        0.0,
        0.0,
        0.0,
        0.0,
        0.15142106282149204,
        0.5017816244753974,
        0.0,
        0.0,
        2.7932550674965317,
        1.3295336747520357,
        0.0,
        6.815266728896077
    ],
    "x_lj_mccormick": [
        1.1751938759512814,
        5.111450046672058,
        0.0,
        0.8248061240487182,
        0.0941742735550143,
        1.0,
        0.0,
        0.0,
        2.0,
        0.3036750791365952,
        0.6198873909483016,
        1.520204681432428,
        0.9545685035996738,
        0.5252268149678982,
        1.4891126385571083,
        0.0,
        0.0,
        0.0,
        0.47979531856757207,
        1.0310920428753196,
        0.0,
        2.0,
        1.0,
        1.9246168762724434,
        0.0,
        0.0,
        5.958375008651638,
        1.888494073347267,
        0.0,
        0.15313091800109524,
        1.8990526247856718,
        0.8468690819989048,
        0.2540782932154233,
        1.8559109893621817,
        6.0,
        0.14408901063781832,
        2.0,
        1.0,
        0.0,
        0.0,
        1.5544826063265464,
        4.1115059266527325,
        0.0,
        1.2843634809478144,
        3.9689079571246806,
        0.3200306552014886,
        2.0,
        0.0,
        0.0,
        1.0,
        1.3801126090516984,
        2.015089320647798,
        0.0
    ],
    "q_mccormick": [
        0.0,
        0.0,
        0.0,
        0.7602308091705532,
        0.6421817404739072,
        0.05939528175990327,
        0.0,
        0.0,
        0.0,
        0.2397691908294468,
        0.0,
        1.0,
        0.0,
        0.0,
        0.36958843960518056,
        0.0,
        0.0,
        0.25544368072144585,
        0.6250000000000001,
        0.0,
        0.22275869683672678,
        0.9406047182400967,
        1.0,
        0.24998752811265856,
        0.281254676957753,
        0.0,
        0.375,
        0.0,
        0.7445563192785541,
        0.7491091877623013,
        0.6900563045258492,
        0.0,
        0.0,
        0.0,
        0.0,
        0.0,
        0.0,
        0.0,
        0.3099436954741508,
        0.14809165888799036,
        0.0,
        0.0,
        1.0,
        0.0,
        0.0,
        0.7500124718873414,
        0.0,
        0.949526312392836,
        0.0,
        0.0,
        0.0,
        0.0,
        0.0,
        0.0,
        0.7772413031632732,
        0.0,
        0.0,
        0.1895677562676683,
        0.0,
        0.0,
        0.0,
        0.0,
        0.0,
        0.050473687607164086,
        0.2508908122376987,
        0.0,
        0.0,
        0.34915688343706647,
        0.1682505032584245,
        0.0,
        0.8519083411120096
    ],