{
    "x_ij_mccormick": [
        0.0,
        0.0,
        0.0,
        0.0,
        0.4588894506486567,
        0.0,
        1.1684943128721752,
        0.0,
        0.0,
        0.0,
        0.0,
        0.0,
        0.0,
        0.0,
        0.0,
        0.0,
        0.0,
        0.0,
        0.16663037902549524,
        0.0,
        0.0,
        0.0,
        0.0,
        0.0,
        0.0,
        0.0,
        0.0,
        2.0,
        0.0,
        0.0,
        0.0,
        0.0,
        0.0,
        0.0,
        0.0,
        0.0,
        0.0,
        0.0,
        0.0,
        0.0,
        0.0,
        0.0,
        0.0,
        1.0220445417911208,
        0.0,
        0.0,
        0.0,
        0.0,
        0.0,
        0.0,
        0.0,
        0.0,
        0.0,
        0.0,
        0.0,
        0.2574711953188533,
        0.0,
        1.2135430050566676,
        0.0011042336083433302,
        1.4799761029800793,
        0.0,
        0.0,
        0.0,
        0.0,
        6.0,
        0.0,
        0.0,
        0.0,
        0.0,
        0.7768977690725404,
        0.0,
        0.0,
        0.0,
        0.0,
        0.0,
        0.0,
        0.0,
        1.002409083978059,
        0.0,
        0.0,
        0.0,
        0.0,
        0.0,
        0.0,
        0.0,
        0.0,
        0.0,
        0.15324582985313984,
        0.0,
        1.4426802108900267,
        0.0,
        0.0,
        0.0,
        0.0,
        0.0,
        0.0,
        0.0,
        0.8336561511860311,
        0.0,
        0.21070554819738896,
        0.0,
        0.0,
        0.0,
        0.0,
        0.0,
        0.0,
        0.0,
        0.0,
        0.0,
        0.0,
        0.0,
        0.0,
        0.09312307274449882,
        5.94796468914455,
        0.0,
        0.0
    ],
    "x_il_mccormick": [
        0.0,
        0.35517737299766594,
        0.0,
        2.2434712816505136,
        4.535275247318853,
        1.4763283141301589,
        0.0,
        0.0,
        1.4587117326081316,
        0.6706963277136264,
        0.0,
        3.0,
        0.0,
        0.0,
        3.0,
        0.0,
        0.0,
        0.0,
        6.977955458208879,
        0.0,
        0.6957042437872383,
        0.0,
        3.0,
        0.8328337417935636,
        2.1671662582064366,
        0.0,
        1.0220445417911215,
        0.0,
        2.7425288046811467,
        0.5764957489218849,
        1.2088570124131042,
        0.0,
        0.0,
        0.0,
        0.0,
        0.0,
        0.0,
        0.0,
        0.09535453789217452,
        0.36334570173240194,
        0.0,
        0.0,
        2.84675417014686,
        0.0,
        0.0,
        2.0873485652589565,
        0.0,
        2.998895766391657,
        0.0,
        0.0,
        0.0,
        0.0,
        0.0,
        0.0,
        2.830872471859182,
        0.0,
        0.0,
        0.0,
        0.0,
        0.0,
        0.0,
        0.0,
        0.0,
        0.0,
        0.0,
        0.0,
        0.0,
        1.3741220091854318,
        0.5847902289255192,
        0.0,
        6.546617193070388
    ],
    "x_lj_mccormick": [
        1.5411105493513433,
        4.579557893648835,
        0.0,
        0.789294451802611,
        0.8315056871278247,
        1.0,
        0.0,
        0.0,
        2.0,
        0.1663438488139689,
        0.7478237605501712,
        1.257471195318853,
        0.9068769272555012,
        0.8356518774256457,
        2.0,
        0.0,
        0.0,
        0.0,
        0.7425288046811469,
        0.0,
        0.0,
        2.0,
        0.9201823070525198,
        0.5200238970199206,
        0.056471851901964354,
        0.0,
        4.786456994943332,
        3.2135430050566676,
        0.0,
        0.0,
        2.0,
        0.9988957663916567,
        0.0,
        2.0,
        6.0,
        0.0,
        1.8467541701468602,
        1.0,
        0.0,
        0.0,
        0.9975909160219409,
        2.528985799624479,
        0.0,
        0.9779554582088792,
        3.5573197891099735,
        0.5847902289255192,
        2.0,
        0.0,
        0.0,
        1.0,
        1.2521762394498288,
        0.05203531085544988,
        0.0
    ],
    "q_mccormick": [
        0.0,
        0.35517737299766594,
        0.0,
        0.7478237605501712,
        0.9025349618457468,
        0.6448226270023341,
        0.0,
        0.0,
        0.18233896657601645,
        0.25217623944982875,
        0.0,
        1.0,
        0.0,
        0.0,
        0.375,
        0.0,
        0.0,
        0.0,
        0.8722444322761098,
        0.0,
        0.5012045419890295,
        0.0,
        1.0,
        0.3042171449136813,
        0.2708957822758046,
        0.0,
        0.12775556772389018,
        0.0,
        1.0,
        1.0,
        0.9783403864816377,
        0.0,
        0.0,
        0.0,
        0.0,
        0.0,
        0.0,
        0.0,
        0.02165961351836232,
        0.18167285086620097,
        0.0,
        0.0,
        1.0,
        0.0,
        0.0,
        0.6957828550863188,
        0.0,
        1.0,
        0.0,
        0.0,
        0.0,
        0.0,
        0.0,
        0.0,
        0.49879545801097047,
        0.0,
        0.0,
        0.0,
        0.0,
        0.0,
        0.0,
        0.0,
        0.0,
        0.0,
        0.0,
        0.0,
        0.0,
        0.17176525114817898,
        0.09746503815425321,
        0.0,
        0.818327149133799
    ],