{
    "x_ij_mccormick": [
        0.0,
        0.6131276477351006,
        0.0,
        0.0,
        0.2897162994907445,
        0.0,
        1.9254663917501527,
        0.0,
        0.0,
        0.0,
        0.0,
        0.0,
        0.0,
        0.0,
        0.0,
        0.0,
        0.0,
        0.0,
        0.22969137762822267,
        0.0,
        0.0,
        0.0,
        0.0,
        0.0,
        0.0,
        0.0,
        0.0,
        2.0,
        0.0,
        0.0,
        0.0,
        0.0,
        0.0,
        0.0,
        0.0,
        0.0,
        0.0,
        0.0,
        0.0,
        0.0,
        0.0,
        0.0,
        0.0,
        0.7532563045622287,
        0.0,
        0.0,
        0.0,
        0.0,
        0.0,
        0.0,
        0.0,
        0.0,
        0.0,
        0.0,
        0.0,
        0.0,
        0.0,
        0.5463773384183098,
        0.0,
        1.2932851101900393,
        0.0,
        0.0,
        0.0,
        0.0,
        6.0,
        0.0,
        0.0,
        0.0,
        0.0,
        0.7703086223717773,
        0.0,
        0.0,
        0.0,
        0.0,
        0.0,
        0.0,
        0.1578050843808777,
        0.6734497234257737,
        0.0,
        0.0,
        0.0,
        0.0,
        0.0,
        0.0,
        0.0,
        0.0,
        0.0,
        0.12065182431566357,
        0.0,
        0.0,
        0.0,
        0.0,
        0.0,
        0.0,
        0.0,
        0.0,
        0.0,
        0.7348886292865457,
        0.0,
        0.15926837771208435,
        0.0,
        0.0,
        0.0,
        0.0,
        0.0,
        0.0168783508577807,
        0.0,
        0.0,
        0.0,
        0.0,
        0.03915771810266907,
        0.0,
        0.0,
        3.5134182519103683,
        0.0,
        0.0
    ],
    "x_il_mccormick": [
        0.0,
        0.0,
        0.0,
        2.2307930787578685,
        4.363629040290096,
        0.07453360824984737,
        0.0,
        0.0,
        0.12274568952742732,
        0.6713698326902706,
        0.0,
        3.0,
        0.0,
        0.0,
        3.0,
        0.0,
        0.0,
        0.0,
        5.0,
        0.0,
        0.32882112922603746,
        0.8421949156191223,
        3.0,
        0.7935571230321392,
        2.206442876967861,
        0.0,
        3.0,
        0.0,
        3.0,
        0.7067148898099606,
        1.7469077717717294,
        0.0,
        0.0,
        0.0,
        0.0,
        0.0,
        0.0,
        0.0,
        1.911154622204054,
        0.3185367554241687,
        0.0,
        0.0,
        2.8793481756843367,
        0.0,
        0.0,
        2.1335083335228617,
        0.0,
        2.9159458965593252,
        0.0,
        0.0,
        0.0,
        0.0,
        0.0,
        0.0,
        4.586783553348592,
        0.0,
        0.0,
        0.0,
        0.0,
        0.0,
        0.0,
        0.0,
        0.0,
        0.08405410344067477,
        0.0,
        0.0,
        0.0,
        2.6708114335047117,
        1.7766125964822508,
        0.0,
        6.725852978303326
    ],
    "x_lj_mccormick": [
        1.7102837005092555,
        4.493374410930324,
        0.0,
        0.8407316222879156,
        0.07453360824984737,
        0.8421949156191223,
        0.0,
        0.0,
        2.0,
        0.26511137071345425,
        0.6370515407346848,
        0.9746512127535465,
        1.0,
        1.0253487872464535,
        1.3868723522648994,
        0.0,
        0.0,
        0.0,
        1.0253487872464535,
        0.5877788604886471,
        0.0,
        2.0,
        0.9270654565550009,
        0.7067148898099606,
        0.0,
        0.0,
        5.45362266158169,
        2.410945593999596,
        0.0,
        0.13543174441871342,
        1.9439639310395502,
        0.8645682555812866,
        0.1914678133791632,
        2.0,
        6.0,
        0.0,
        1.8793481756843364,
        1.0,
        0.0,
        0.0,
        1.3265502765742263,
        3.589054406000404,
        0.0,
        1.2467436954377713,
        4.412221139511352,
        0.4812768018232228,
        2.0,
        0.0,
        0.0,
        1.0,
        1.3629484592653152,
        2.2951139347104688,
        0.0
    ],
    "q_mccormick": [
        0.0,
        0.0,
        0.0,
        0.7435976929192895,
        0.7779234254397187,
        0.03726680412492368,
        0.0,
        0.0,
        0.015343211190928437,
        0.25640230708071055,
        0.0,
        1.0,
        0.0,
        0.0,
        0.375,
        0.0,
        0.0,
        0.3065638238675503,
        0.625,
        0.0,
        0.33672486171288685,
        0.9627331958750763,
        1.0,
        0.28883055549237946,
        0.2758053596209826,
        0.0,
        0.375,
        0.0,
        0.6934361761324497,
        1.0,
        0.6814742296326576,
        0.0,
        0.0,
        0.0,
        0.0,
        0.0,
        0.0,
        0.0,
        0.3185257703673424,
        0.15926837771208435,
        0.0,
        0.0,
        1.0,
        0.0,
        0.0,
        0.7111694445076205,
        0.0,
        0.9719819655197751,
        0.0,
        0.0,
        0.0,
        0.0,
        0.0,
        0.0,
        0.6632751382871132,
        0.0,
        0.0,
        0.0,
        0.0,
        0.0,
        0.0,
        0.0,
        0.0,
        0.028018034480224885,
        0.0,
        0.0,
        0.0,
        0.33385142918808897,
        0.22207657456028135,
        0.0,
        0.8407316222879156
    ],