{
    "x_ij_mccormick": [
        0.0,
        0.11577603143831694,
        0.0,
        0.0,
        0.8404934590564028,
        0.0,
        1.7529022875197817,
        0.0,
        0.0,
        0.0,
        0.0,
        0.0,
        0.0,
        0.0,
        0.0,
        0.0,
        0.0,
        0.0,
        0.0,
        0.0,
        0.0,
        0.0,
        0.0,
        0.0,
        0.0,
        0.0,
        0.0,
        2.0,
        0.0,
        0.0,
        0.0,
        0.0,
        0.0,
        0.0,
        0.0,
        0.0,
        0.0,
        0.0,
        0.0,
        0.0,
        0.0,
        0.0,
        0.0,
        0.7937317645923319,
        0.0,
        0.0,
        0.0,
        0.0,
        0.0,
        0.0,
        0.0,
        0.0,
        0.0,
        0.0,
        0.0,
        0.1635231647875911,
        0.0,
        0.519208755354156,
        0.0,
        1.4113647661135205,
        0.0,
        0.0,
        0.0,
        0.0,
        6.0,
        0.0,
        0.0,
        0.0,
        0.0,
        0.7982373260827312,
        0.0,
        0.0,
        0.0,
        0.0,
        0.0,
        0.0,
        0.0,
        0.5294524097932791,
        0.0,
        0.0,
        0.0,
        0.0,
        0.0,
        0.0,
        0.0,
        0.0,
        0.0,
        0.0,
        0.0,
        0.0,
        0.0,
        0.0,
        0.0,
        0.0,
        0.0,
        0.0,
        0.0,
        0.7551121877628081,
        0.0,
        0.15950654094359673,
        0.0,
        0.0,
        0.0,
        0.0,
        0.0,
        0.0,
        0.0,
        0.0,
        0.0,
        0.0,
        0.0,
        0.0,
        0.0,
        4.460460316602607,
        0.0,
        0.0
    ],
    "x_il_mccormick": [
        0.0,
        0.6616979882149978,
        0.0,
        2.3101054825070726,
        3.192832553168259,
        0.5853997242652204,
        0.0,
        0.0,
        0.0,
        0.0,
        0.0,
        3.0,
        0.0,
        0.0,
        2.6998043277247894,
        0.0,
        0.0,
        0.0,
        5.242544825713429,
        0.0,
        0.0,
        0.0,
        3.0,
        0.9980094086981995,
        2.0019905913018006,
        0.0,
        2.75745517428657,
        0.0,
        2.836476835212409,
        0.5364444477093622,
        1.3213916466336058,
        0.6229551503028764,
        0.0,
        0.0,
        0.0,
        0.0,
        0.0,
        0.0,
        1.3953135383879545,
        0.2404522189467757,
        0.0,
        0.0,
        3.0,
        0.0,
        0.0,
        1.9151865785460374,
        0.0,
        2.9856532991904556,
        0.0,
        0.0,
        0.0,
        0.0,
        0.0,
        0.0,
        4.92247734786805,
        0.0,
        0.0,
        2.5412048700050267,
        0.0,
        0.0,
        0.0,
        0.0,
        0.0,
        0.014346700809544366,
        0.253953460094386,
        0.0,
        0.0,
        3.2982050809734105,
        0.24133460242398286,
        0.0,
        7.038191124212898
    ],
    "x_lj_mccormick": [
        1.1595065409435972,
        5.278643343159673,
        0.0,
        0.8404934590564033,
        0.24709771248021825,
        1.0,
        0.0,
        0.0,
        2.0,
        0.2448878122371919,
        0.6881728205727571,
        1.8006548230236794,
        1.0,
        0.19934517697632081,
        1.884223968561683,
        0.0,
        0.0,
        0.0,
        0.1993451769763206,
        0.7529076896744052,
        0.0,
        2.0,
        0.9131959872442369,
        0.5886352338864794,
        0.2017626739172688,
        0.0,
        5.480791244645844,
        2.3845470775510798,
        0.0,
        0.13466167780307628,
        1.9904355327936372,
        0.8653383221969237,
        0.1442261450094391,
        2.0,
        6.0,
        0.0,
        2.0,
        1.0,
        0.0,
        0.0,
        1.4705475902067209,
        3.451929757661329,
        0.0,
        1.2062682354076681,
        4.247092310325595,
        0.5220114798640063,
        2.0,
        0.0,
        0.0,
        1.0,
        1.311827179427243,
        1.3953135383879545,
        0.009564467206362837
    ],
    "q_mccormick": [
        0.0,
        0.6616979882149978,
        0.0,
        0.7700351608356908,
        0.6031341177038341,
        0.33830201178500213,
        0.0,
        0.0,
        0.0,
        0.0,
        0.0,
        1.0,
        0.0,
        0.0,
        0.3374755409655987,
        0.0,
        0.0,
        0.0,
        0.6553181032141787,
        0.0,
        0.26472620489663956,
        0.0,
        1.0,
        0.36160447381798755,
        0.25024882391272507,
        0.0,
        0.3446818967858213,
        0.0,
        1.0,
        0.873023269952807,
        0.7674477436020076,
        0.2299648391643092,
        0.0,
        0.0,
        0.0,
        0.0,
        0.0,
        0.0,
        0.2325522563979924,
        0.12022610947338785,
        0.0,
        0.0,
        1.0,
        0.0,
        0.0,
        0.6383955261820125,
        0.0,
        0.9952177663968186,
        0.0,
        0.0,
        0.0,
        0.0,
        0.0,
        0.0,
        0.7352737951033604,
        0.0,
        0.0,
        0.366699056993168,
        0.0,
        0.0,
        0.0,
        0.0,
        0.0,
        0.004782233603181418,
        0.126976730047193,
        0.0,
        0.0,
        0.4122756351216763,
        0.03016682530299797,
        0.0,
        0.8797738905266121
    ],