{
    "x_ij_mccormick": [
        0.0,
        0.09406710803787632,
        0.10394703923055659,
        0.0,
        0.7963781742928902,
        0.0,
        1.5325958356189984,
        0.0,
        0.0,
        0.0,
        0.0,
        0.0,
        0.0,
        0.0,
        0.0,
        0.0,
        0.0,
        0.0,
        0.0,
        0.0,
        0.0,
        0.0,
        0.0,
        0.0,
        0.0,
        0.0,
        0.0,
        2.0,
        0.0,
        0.0,
        0.0,
        0.0,
        0.0,
        0.0,
        0.0,
        0.0,
        0.0,
        0.0,
        0.0,
        0.0,
        0.0,
        0.0,
        0.0,
        0.9601732549416333,
        0.0,
        0.0,
        0.0,
        0.0,
        0.0,
        0.0,
        0.0,
        0.0,
        0.0,
        0.0,
        0.0,
        0.7242115103865974,
        0.0,
        0.5159870532765458,
        0.08312313450336048,
        0.6936480180932767,
        0.0,
        0.0,
        0.0,
        0.0,
        6.0,
        0.0,
        0.0,
        0.0,
        0.0,
        0.8066548374296029,
        0.0,
        0.0,
        0.0,
        0.0,
        0.0,
        0.0,
        0.01050001030211778,
        0.8834717055650303,
        0.0,
        0.0,
        0.0,
        0.0,
        0.0,
        0.0,
        0.0,
        0.0,
        0.0,
        0.0,
        0.0,
        0.0,
        0.0,
        0.0,
        0.0,
        0.0,
        0.0,
        0.0,
        0.0,
        0.8025188294081133,
        0.0,
        0.22809650459263364,
        0.0,
        0.0,
        0.0,
        0.0,
        0.0,
        0.0,
        0.0,
        0.0,
        0.0,
        0.0,
        0.0,
        0.0,
        0.0,
        5.696030869364554,
        0.0,
        0.0
    ],
    "x_il_mccormick": [
        0.0,
        0.7662979178094992,
        0.0,
        2.276689071486294,
        2.7435188233112404,
        0.6906062362693847,
        0.0,
        0.0,
        0.3577761907051289,
        0.6658068797154374,
        0.0,
        3.0,
        0.0,
        0.0,
        3.0,
        0.0,
        0.0,
        0.0,
        7.039826745058367,
        0.0,
        0.638232598092408,
        0.0,
        3.0,
        0.6617453213405748,
        2.338254678659425,
        0.0,
        0.9601732549416333,
        0.0,
        2.2757884896134026,
        1.1459045928299383,
        1.2549852193901554,
        0.0,
        0.0,
        0.0,
        0.0,
        0.0,
        0.0,
        0.0,
        0.30396913063544595,
        0.22669340971581034,
        0.0,
        0.0,
        3.0,
        0.0,
        0.0,
        2.2806040210869987,
        0.0,
        2.9168768654966395,
        0.0,
        0.0,
        0.0,
        0.0,
        0.0,
        0.0,
        3.2380971326794183,
        0.0,
        0.0,
        3.502585514012722,
        0.0,
        0.0,
        0.0,
        0.0,
        0.0,
        0.0,
        0.35379255164718204,
        0.0,
        0.0,
        2.303969130635446,
        0.0,
        0.0,
        7.068751682251235
    ],
    "x_lj_mccormick": [
        1.2036218257071098,
        5.319919770852569,
        0.0,
        0.7719034954073664,
        0.46740416438100163,
        0.9894999896978822,
        0.0,
        0.0,
        2.0,
        0.19748117059188675,
        0.7450147806098446,
        1.6301444023487208,
        1.0,
        0.3698555976512794,
        1.9059328919621237,
        0.0,
        0.0,
        0.0,
        0.3698555976512792,
        0.0,
        0.0,
        2.0,
        0.9423493424275735,
        1.3063519819067233,
        0.1933451625703971,
        0.0,
        5.484012946723454,
        2.515987053276546,
        0.0,
        0.0,
        2.0,
        0.9168768654966395,
        0.0,
        2.0,
        6.0,
        0.0,
        2.0,
        1.0,
        0.0,
        0.0,
        1.1165282944349697,
        2.759801436336857,
        0.0,
        0.9358797058278101,
        5.0,
        0.31022463149615204,
        2.0,
        0.0,
        0.0,
        1.0,
        1.2549852193901554,
        0.30396913063544595,
        0.0
    ],
    "q_mccormick": [
        0.0,
        0.7662979178094992,
        0.0,
        0.758896357162098,
        0.46793985291390505,
        0.23370208219050081,
        0.0,
        0.0,
        0.04472202383814117,
        0.24110364283790198,
        0.0,
        1.0,
        0.0,
        0.0,
        0.375,
        0.0,
        0.0,
        0.04703355401893816,
        0.879978343132296,
        0.0,
        0.44173585278251515,
        0.0,
        1.0,
        0.2397986596376671,
        0.2922818348324281,
        0.0,
        0.12002165686770405,
        0.0,
        0.9529664459810618,
        0.823103724176409,
        0.9493384782274257,
        0.0,
        0.0,
        0.0,
        0.0,
        0.0,
        0.0,
        0.0,
        0.050661521772574325,
        0.11334670485790517,
        0.0,
        0.0,
        1.0,
        0.0,
        0.0,
        0.7602013403623329,
        0.0,
        1.0,
        0.0,
        0.0,
        0.0,
        0.0,
        0.0,
        0.0,
        0.5582641472174849,
        0.0,
        0.0,
        0.532060147086095,
        0.0,
        0.0,
        0.0,
        0.0,
        0.0,
        0.0,
        0.17689627582359102,
        0.0,
        0.0,
        0.28799614132943074,
        0.0,
        0.0,
        0.8866532951420948
    ],