{
    "x_ij_mccormick": [
        0.0,
        0.016192211092871833,
        0.0,
        0.0,
        0.20581793217324362,
        0.0,
        1.3566690886767214,
        0.0,
        0.0,
        0.0,
        0.0,
        0.0,
        0.0,
        0.0,
        0.0,
        0.0,
        0.0,
        0.0,
        0.0,
        0.0,
        0.0,
        0.0,
        0.0,
        0.0,
        0.0,
        0.0,
        0.0,
        2.0,
        0.0,
        0.0,
        0.0,
        0.0,
        0.0,
        0.0,
        0.0,
        0.0,
        0.0,
        0.0,
        0.0,
        0.0,
        0.0,
        0.0,
        0.0,
        0.8114417984917073,
        0.0,
        0.0,
        0.0,
        0.0,
        0.0,
        0.0,
        0.0,
        0.0,
        0.0,
        0.0,
        0.0,
        0.0,
        0.0,
        0.38129982125709194,
        0.10999836612460512,
        0.10523485232230367,
        0.0,
        0.0,
        0.0,
        0.0,
        6.0,
        0.0,
        0.0,
        0.0,
        0.0,
        0.8139368018942659,
        0.0,
        0.0,
        0.0,
        0.0,
        0.0,
        0.0,
        0.0,
        0.432286841095209,
        0.0,
        0.0,
        0.0,
        0.0,
        0.0,
        0.0,
        0.0,
        0.0,
        0.0,
        0.0,
        0.0,
        0.0,
        0.0,
        0.0,
        0.0,
        0.0,
        0.0,
        0.0,
        0.0,
        0.84468887863039,
        0.0,
        0.0,
        0.0,
        0.0,
        0.0,
        0.0,
        0.0,
        0.0,
        0.0,
        0.0,
        0.0,
        0.0,
        0.0,
        0.0,
        0.0,
        4.563889604197609,
        0.0,
        0.0
    ],
    "x_il_mccormick": [
        0.0,
        0.0,
        0.0,
        2.2493863149725484,
        3.7566675912272864,
        1.2230059131185342,
        0.0,
        0.0,
        1.9556945626725248,
        0.655720244721246,
        0.0,
        3.0,
        0.0,
        0.0,
        3.0,
        0.0,
        0.0,
        0.048576633278615056,
        5.216426112866975,
        0.0,
        0.0,
        0.4203249982047442,
        3.0,
        0.9089531464308784,
        2.0910468535691216,
        0.0,
        2.7835738871330253,
        0.0,
        3.0,
        1.31633493105514,
        1.1923668815631625,
        0.0,
        0.0,
        0.0,
        0.0,
        0.0,
        0.0,
        0.0,
        1.3839497097904385,
        0.15520471326115204,
        0.0,
        0.0,
        3.0,
        0.0,
        0.0,
        2.0185490136224797,
        0.0,
        2.9768700070057452,
        0.0,
        0.0,
        0.0,
        0.0,
        0.0,
        0.0,
        5.3304794991233955,
        0.0,
        0.0,
        0.0,
        0.0,
        0.0,
        0.0,
        0.0,
        0.0,
        0.023129992994254778,
        0.7644934147282905,
        0.0,
        0.0,
        0.9532585837583536,
        2.482851812044038,
        0.0,
        7.37918114695539
    ],
    "x_lj_mccormick": [
        1.7941820678267564,
        4.817806149020362,
        0.0,
        0.922397643369424,
        0.6433309113232786,
        1.0,
        0.0,
        0.0,
        2.0,
        0.15531112136961003,
        0.7497954383241845,
        1.593241594880653,
        1.0,
        0.4067584051193469,
        1.9838077889071282,
        0.0,
        0.0,
        0.0,
        0.4067584051193469,
        0.6580104392521398,
        0.0,
        2.0,
        0.9275021600533583,
        1.8947651476776963,
        0.18606319810573416,
        0.0,
        5.618700178742908,
        2.3812998212570915,
        0.0,
        0.0,
        1.9845800046704967,
        0.8900016338753949,
        0.12541836145410867,
        2.0,
        6.0,
        0.0,
        2.0,
        1.0,
        0.0,
        0.0,
        1.567713158904791,
        3.6187001787429085,
        0.14406616147569618,
        1.1885582015082927,
        4.27552575590274,
        0.7754354458602913,
        1.8559338385243038,
        0.07760235663057602,
        0.0,
        1.06646380484512,
        1.2502045616758155,
        1.3106920343482824,
        0.015419995329503333
    ],
    "q_mccormick": [
        0.0,
        0.0,
        0.0,
        0.7497954383241819,
        0.5942791007541464,
        0.5796750017952558,
        0.0,
        0.0,
        0.2444618203340656,
        0.250204561675818,
        0.0,
        1.0,
        0.0,
        0.0,
        0.375,
        0.0,
        0.0,
        0.008096105546435917,
        0.6520532641083718,
        0.0,
        0.0,
        0.4203249982047442,
        1.0,
        0.3271503287925067,
        0.2613808566961402,
        0.0,
        0.34794673589162817,
        0.0,
        0.9919038944535641,
        0.6177532926358548,
        0.7815513276086196,
        0.0,
        0.0,
        0.0,
        0.0,
        0.0,
        0.0,
        0.0,
        0.2184486723913804,
        0.07760235663057602,
        0.0,
        0.0,
        1.0,
        0.0,
        0.0,
        0.6728496712074933,
        0.0,
        0.9922900023352483,
        0.0,
        0.0,
        0.0,
        0.0,
        0.0,
        0.0,
        1.0,
        0.0,
        0.0,
        0.0,
        0.0,
        0.0,
        0.0,
        0.0,
        0.0,
        0.007709997664751593,
        0.38224670736414523,
        0.0,
        0.0,
        0.1191573229697942,
        0.40572089924585364,
        0.0,
        0.922397643369424
    ],