{
    "x_ij_mccormick": [
        0.0,
        0.2011902468295106,
        0.0,
        0.0,
        0.5158911048867021,
        0.0,
        1.505596159892946,
        0.0,
        0.0,
        0.0,
        0.0,
        0.0,
        0.0,
        0.0,
        0.0,
        0.0,
        0.0,
        0.0,
        0.29988849533339124,
        0.0,
        0.0,
        0.0,
        0.0,
        0.0,
        0.0,
        0.0,
        0.0,
        2.0,
        0.0,
        0.0,
        0.0,
        0.0,
        0.0,
        0.0,
        0.0,
        0.0,
        0.0,
        0.0,
        0.0,
        0.0,
        0.0,
        0.0,
        0.0,
        0.5968119621376842,
        0.0,
        0.0,
        0.0,
        0.0,
        0.0,
        0.0,
        0.0,
        0.0,
        0.0,
        0.0,
        0.0,
        0.6884098828556833,
        0.0,
        0.41821890156307795,
        0.0,
        1.5226533881246818,
        0.0,
        0.0,
        0.0,
        0.0,
        6.0,
        0.0,
        0.0,
        0.0,
        0.0,
        0.7001115046666088,
        0.0,
        0.0,
        0.0,
        0.0,
        0.0,
        0.0,
        0.0,
        0.5395943930488758,
        0.1604556284633627,
        0.0,
        0.0,
        0.0,
        0.0,
        0.0,
        0.0,
        0.0,
        0.0,
        0.0,
        0.0,
        0.0,
        0.0,
        0.0,
        0.0,
        0.0,
        0.0,
        0.0,
        0.0,
        0.6708159178439225,
        0.0,
        0.02456421620856919,
        0.0,
        0.0,
        0.0,
        0.0,
        0.0,
        0.0,
        0.0,
        0.0,
        0.0,
        0.0,
        0.0325812393781455,
        0.004534052102981231,
        0.021392831246784372,
        3.0206498917762548,
        0.0,
        0.0
    ],
    "x_il_mccormick": [
        0.0,
        0.0,
        0.0,
        2.1026198293893286,
        4.462147058912221,
        0.9119155917099284,
        0.0,
        0.0,
        0.0,
        0.843299575968954,
        0.0,
        3.0,
        0.0,
        0.0,
        3.0,
        0.0,
        0.0,
        0.0,
        5.473360386017447,
        0.0,
        0.0,
        0.5824882483971257,
        3.0,
        0.704831738853785,
        2.295168261146215,
        0.0,
        2.526639613982554,
        0.0,
        2.3115901171443167,
        0.24767604876181037,
        2.3341050496751117,
        0.0,
        0.0,
        0.0,
        0.0,
        0.0,
        0.0,
        0.0,
        1.8502059696066149,
        0.20014077862847052,
        0.0,
        0.0,
        2.995465947897019,
        0.0,
        0.0,
        2.295168261146215,
        0.0,
        2.9511281409327816,
        0.0,
        0.0,
        0.0,
        0.0,
        0.0,
        0.0,
        4.589868272308241,
        0.0,
        0.0,
        0.0,
        0.0,
        0.0,
        0.0,
        0.0,
        0.0,
        0.04887185906721836,
        0.22967056311350784,
        0.0,
        0.0,
        2.7048317388537853,
        2.21601024664205,
        0.0,
        7.199436885486119
    ],
    "x_lj_mccormick": [
        1.484108895113298,
        5.015539158315526,
        0.0,
        0.8999296106857647,
        0.494403840107054,
        1.0,
        0.0,
        0.0,
        2.0,
        0.32918408215607753,
        0.6167353232022048,
        1.4872196360261725,
        0.9786071687532156,
        0.5341731952206119,
        1.7988097531704894,
        0.0,
        0.0,
        0.0,
        0.5127803639738275,
        0.0,
        0.0,
        2.0,
        1.0,
        0.47734661187531824,
        0.0,
        0.0,
        5.581781098436922,
        2.2724963752014093,
        0.0,
        0.1457225263616687,
        1.9674187606218545,
        0.8542774736383313,
        0.1783037657398141,
        1.8395443715366373,
        6.0,
        0.1604556284633627,
        1.9954659478970187,
        1.0,
        0.0,
        0.0,
        1.4604056069511242,
        3.0390937419429074,
        0.09036892341420999,
        1.2427324093989531,
        4.985137249691456,
        0.45028764646386166,
        1.90963107658579,
        0.0755061731056661,
        0.0,
        1.014862750308544,
        1.3832646767977952,
        2.8010463424839314,
        0.0
    ],
    "q_mccormick": [
        0.0,
        0.0,
        0.0,
        0.7008732764631096,
        0.705712899970302,
        0.41751175160287435,
        0.0,
        0.0,
        0.0,
        0.2991267235368905,
        0.0,
        1.0,
        0.0,
        0.0,
        0.375,
        0.0,
        0.0,
        0.1005951234147553,
        0.6841700482521805,
        0.0,
        0.2697971965244379,
        0.5824882483971257,
        1.0,
        0.23494391295126166,
        0.2868960326432769,
        0.0,
        0.31582995174781947,
        0.0,
        0.8994048765852447,
        0.8851647184432461,
        0.6916323383988976,
        0.0,
        0.0,
        0.0,
        0.0,
        0.0,
        0.0,
        0.0,
        0.3083676616011024,
        0.10007038931423526,
        0.0,
        0.0,
        1.0,
        0.0,
        0.0,
        0.7650560870487384,
        0.0,
        0.9837093803109273,
        0.0,
        0.0,
        0.0,
        0.0,
        0.0,
        0.0,
        0.7302028034755621,
        0.0,
        0.0,
        0.0,
        0.0,
        0.0,
        0.0,
        0.0,
        0.0,
        0.01629061968907275,
        0.11483528155675392,
        0.0,
        0.0,
        0.33810396735672316,
        0.2942871000296981,
        0.0,
        0.8999296106857647
    ],