{
    "x_ij_mccormick": [
        0.0,
        0.37200707847315795,
        0.0,
        0.0,
        0.0,
        0.0,
        1.8438606846040253,
        0.0,
        0.0,
        0.0,
        0.0,
        0.0,
        0.0,
        0.0,
        0.0,
        0.0,
        0.0,
        0.0,
        0.0,
        0.0,
        1.0842131466249199,
        0.0,
        0.0,
        0.0,
        0.13891976267712747,
        0.0,
        0.0,
        2.0,
        0.0,
        0.0,
        0.0,
        0.0,
        0.0,
        0.0,
        0.0,
        0.0,
        0.0,
        0.0,
        0.0,
        0.0,
        0.0,
        0.0,
        0.0,
        0.7982796410364625,
        0.0,
        0.0,
        0.0,
        0.0,
        0.0,
        0.0,
        0.0,
        0.0,
        0.0,
        0.0,
        0.0,
        0.0,
        0.0,
        0.8010512647574188,
        0.125067035283434,
        1.6133101454370897,
        0.0,
        0.0,
        0.0,
        0.0,
        6.0,
        0.0,
        0.0,
        0.0,
        0.0,
        0.7694497290266379,
        0.0,
        0.0,
        0.0,
        0.0,
        0.0,
        0.0,
        0.0,
        0.9471761101839011,
        0.0,
        0.0,
        0.0,
        0.0,
        0.0,
        0.0,
        0.0,
        0.0,
        0.0,
        0.0,
        0.0,
        1.0210249740601487,
        0.0,
        0.0,
        0.0,
        0.0,
        0.0,
        0.0,
        0.0,
        0.40443866289999764,
        0.0,
        0.05902530088687352,
        0.0,
        0.0,
        0.0,
        0.0,
        0.0,
        0.0,
        0.0,
        0.0,
        0.0,
        0.0,
        0.0,
        0.0,
        0.07082579513673737,
        4.005332141150247,
        0.0,
        0.0
    ],
    "x_il_mccormick": [
        0.0,
        0.44823705454273427,
        0.0,
        2.1741030640458763,
        4.352309065521565,
        0.23420897309396213,
        0.0,
        0.0,
        0.0,
        0.8258969359541237,
        0.0,
        3.0,
        0.0,
        0.0,
        3.0,
        0.0,
        0.0,
        0.0,
        5.0,
        0.0,
        0.8918410441721476,
        0.4736932877592784,
        3.0,
        0.8867223409887149,
        2.113277659011285,
        0.0,
        3.0,
        0.0,
        3.0,
        0.6172401255362723,
        1.456641574422875,
        0.0,
        0.0,
        0.0,
        0.0,
        0.0,
        0.0,
        0.0,
        0.7853876769413994,
        0.11805060177374704,
        0.0,
        0.0,
        3.0,
        0.0,
        0.0,
        2.024753217337253,
        0.0,
        3.0,
        0.0,
        0.0,
        0.0,
        0.0,
        0.0,
        0.0,
        3.359931580886532,
        0.0,
        0.0,
        0.0,
        0.0,
        0.0,
        0.0,
        0.0,
        0.0,
        0.0,
        0.0,
        0.0,
        0.0,
        2.8867223409887153,
        1.0371197227243005,
        0.0,
        7.171357820387006
    ],
    "x_lj_mccormick": [
        2.0,
        4.348433723047627,
        0.0,
        0.9409746991131265,
        0.15613931539597475,
        1.0,
        0.0,
        0.0,
        1.8610802373228725,
        0.5955613371000024,
        0.5433584255771251,
        1.4563792409086653,
        0.9291742048632626,
        0.6144465542280719,
        1.627992921526842,
        0.0,
        0.0,
        0.0,
        0.5436207590913347,
        0.8283863193818233,
        0.0,
        2.0,
        0.9114755583259682,
        0.38668985456291016,
        0.23055027097336214,
        0.0,
        5.198948735242581,
        2.801051264757419,
        0.0,
        0.0,
        2.0,
        0.874932964716566,
        0.12506703528343388,
        2.0,
        6.0,
        0.0,
        2.0,
        1.0,
        0.0,
        0.0,
        1.0528238898160989,
        3.198948735242581,
        0.0,
        1.2017203589635375,
        3.150588706558028,
        1.0371197227243005,
        2.0,
        0.0,
        0.0,
        1.0,
        1.456641574422875,
        0.7853876769413994,
        0.0
    ],
    "q_mccormick": [
        0.0,
        0.44823705454273427,
        0.0,
        0.7247010213486255,
        0.8271467128792832,
        0.07806965769798738,
        0.0,
        0.0,
        0.0,
        0.27529897865137454,
        0.0,
        1.0,
        0.0,
        0.0,
        0.375,
        0.0,
        0.0,
        0.18600353923657897,
        0.625,
        0.0,
        0.14864017402869126,
        0.4736932877592784,
        1.0,
        0.32508226088758224,
        0.2641597073764106,
        0.0,
        0.375,
        0.0,
        0.813996460763421,
        0.23055027097336214,
        0.8691020538431001,
        0.0,
        0.0,
        0.0,
        0.0,
        0.0,
        0.0,
        0.0,
        0.1308979461568999,
        0.05902530088687352,
        0.0,
        0.0,
        1.0,
        0.0,
        0.0,
        0.6749177391124177,
        0.0,
        1.0,
        0.0,
        0.0,
        0.0,
        0.0,
        0.0,
        0.0,
        0.8513598259713088,
        0.0,
        0.0,
        0.0,
        0.0,
        0.0,
        0.0,
        0.0,
        0.0,
        0.0,
        0.7694497290266379,
        0.0,
        0.0,
        0.3608402926235894,
        0.17285328712071676,
        0.0,
        0.9409746991131265
    ],