{
    "x_ij_mccormick": [
        0.0,
        0.0,
        0.0,
        0.0,
        0.0,
        0.0,
        1.4906565868949277,
        0.0,
        0.0,
        0.0,
        0.0,
        0.0,
        0.0,
        0.0,
        0.0,
        0.0,
        0.0,
        0.0,
        0.1363503138571815,
        0.0,
        0.0,
        0.0,
        0.0,
        0.0,
        0.019268161547579377,
        0.0,
        0.0,
        2.0,
        0.0,
        0.0,
        0.0,
        0.0,
        0.0,
        0.0,
        0.0,
        0.0,
        0.0,
        0.0,
        0.0,
        0.0,
        0.0,
        0.0,
        0.0,
        0.14363679974494814,
        0.5898681432057895,
        0.0,
        0.0,
        0.0,
        0.0,
        0.0,
        0.0,
        0.0,
        0.0,
        0.0,
        0.0,
        0.0,
        0.0,
        0.9548102351504415,
        0.015414705343909874,
        1.362684493632701,
        0.0,
        0.0,
        0.0,
        0.0,
        6.0,
        0.0,
        0.0,
        0.0,
        0.0,
        0.7624803406473688,
        0.0,
        0.0,
        0.0,
        0.0,
        0.0,
        0.0,
        0.0,
        0.7570740875848314,
        0.0,
        0.0,
        0.0,
        0.0,
        0.0,
        0.0,
        0.0,
        0.0,
        0.0,
        0.0,
        0.0,
        1.0721736135105426,
        0.0,
        0.0,
        0.0,
        0.0,
        0.0,
        0.0,
        0.0,
        0.8256071229378927,
        0.0,
        0.0,
        0.0,
        0.0,
        0.0,
        0.0,
        0.0,
        0.0,
        0.0,
        0.0,
        0.0,
        0.0,
        0.0,
        0.0,
        0.0,
        5.969342678429258,
        0.0,
        0.0
    ],
    "x_il_mccormick": [
        0.0,
        0.3049659035033295,
        0.0,
        2.160296857140788,
        3.6989624710759657,
        1.2043775096017428,
        0.0,
        0.0,
        2.0463234027490858,
        0.7341949723015821,
        0.0,
        3.0,
        0.0,
        0.0,
        3.0,
        0.0,
        0.0,
        0.0,
        7.856363200255052,
        0.0,
        0.9026893633260595,
        0.0,
        3.0,
        0.6405274271768419,
        2.359472572823158,
        0.0,
        0.1436367997449497,
        0.0,
        3.0,
        0.7384848518627487,
        1.2912902076429,
        0.0,
        0.0,
        0.0,
        0.0,
        0.0,
        0.0,
        0.0,
        0.0,
        0.0,
        0.0,
        0.0,
        3.0,
        0.0,
        0.0,
        2.302399975101307,
        0.0,
        2.9845852946560902,
        0.0,
        0.0,
        0.0,
        0.0,
        0.0,
        0.0,
        3.3854263139386678,
        0.0,
        0.0,
        0.7640615317092265,
        0.0,
        0.0,
        0.0,
        0.0,
        0.0,
        0.0,
        0.0,
        0.0,
        0.0,
        0.5942040244277562,
        1.436453297142986,
        0.0,
        7.294844143610542
    ],
    "x_lj_mccormick": [
        2.0,
        4.294844143610542,
        0.0,
        1.0,
        0.5093434131050724,
        1.0,
        0.0,
        0.0,
        1.9807318384524206,
        0.1743928770621072,
        0.7393671139278422,
        1.731297440753527,
        1.0,
        0.2687025592464729,
        2.0,
        0.0,
        0.0,
        0.0,
        0.2687025592464729,
        0.7312974407535271,
        0.0,
        2.0,
        0.9429274022781489,
        0.6373155063672991,
        0.10116934549544965,
        0.0,
        5.0451897648495585,
        2.9548102351504415,
        0.0,
        0.0,
        2.0,
        0.9845852946560901,
        0.0,
        2.0,
        5.4101318567942105,
        0.5898681432057896,
        2.0,
        1.0,
        0.0,
        0.0,
        1.2429259124151686,
        3.0451897648495585,
        0.0,
        1.2664950570492624,
        3.19652894573593,
        1.436453297142986,
        2.0,
        0.0,
        0.0,
        1.0,
        1.2606328860721578,
        0.03065732157074219,
        0.0
    ],
    "q_mccormick": [
        0.0,
        0.3049659035033295,
        0.0,
        0.7200989523802627,
        0.6332475285246312,
        0.6950340964966705,
        0.0,
        0.0,
        0.2557904253436357,
        0.27990104761973733,
        0.0,
        1.0,
        0.0,
        0.0,
        0.375,
        0.0,
        0.0,
        0.0,
        0.9820454000318812,
        0.0,
        0.3785370437924157,
        0.0,
        1.0,
        0.23253334163289763,
        0.2949340716028948,
        0.0,
        0.01795459996811884,
        0.0,
        1.0,
        1.0,
        1.0,
        0.0,
        0.0,
        0.0,
        0.0,
        0.0,
        0.0,
        0.0,
        0.0,
        0.0,
        0.0,
        0.0,
        1.0,
        0.0,
        0.0,
        0.7674666583671024,
        0.0,
        1.0,
        0.0,
        0.0,
        0.0,
        0.0,
        0.0,
        0.0,
        0.6214629562075843,
        0.0,
        0.0,
        0.1273435886182044,
        0.0,
        0.0,
        0.0,
        0.0,
        0.0,
        0.0,
        0.0,
        0.0,
        0.0,
        0.07427550305346953,
        0.23940888285716433,
        0.0,
        1.0
    ],