{
    "x_ij_mccormick": [
        0.0,
        0.1925205980542477,
        0.0,
        0.0,
        0.716628874275367,
        0.0,
        1.5641751561301738,
        0.0,
        0.0,
        0.0,
        0.0,
        0.0,
        0.0,
        0.0,
        0.0,
        0.0,
        0.0,
        0.0,
        0.24068692502260935,
        0.0,
        0.0,
        0.0,
        0.0,
        0.0,
        0.0,
        0.0,
        0.0,
        2.0,
        0.0,
        0.0,
        0.0,
        0.0,
        0.0,
        0.0,
        0.0,
        0.0,
        0.0,
        0.0,
        0.0,
        0.0,
        0.0,
        0.0,
        0.0,
        0.921922197272664,
        0.0,
        0.0,
        0.0,
        0.0,
        0.0,
        0.0,
        0.0,
        0.0,
        0.0,
        0.0,
        0.0,
        0.7733260867131726,
        0.0,
        0.42574357728187895,
        0.0,
        1.9294045112438172,
        0.0,
        0.0,
        0.0,
        0.0,
        6.0,
        0.0,
        0.0,
        0.0,
        0.0,
        0.7593130749773906,
        0.0,
        0.0,
        0.0,
        0.0,
        0.0,
        0.0,
        0.0,
        0.7909717834002608,
        0.0,
        0.0,
        0.0,
        0.0,
        0.0,
        0.0,
        0.0,
        0.0,
        0.0,
        0.08700187479282429,
        0.0,
        0.0,
        0.0,
        0.0,
        0.0,
        0.0,
        0.0,
        0.0,
        0.0,
        0.6344653344261333,
        0.0,
        0.1395208239178426,
        0.0,
        0.0,
        0.0,
        0.0,
        0.0,
        0.0,
        0.0,
        0.0,
        0.0,
        0.0,
        0.0,
        0.0,
        0.0,
        3.089391124192225,
        0.0,
        0.0
    ],
    "x_il_mccormick": [
        0.0,
        0.48290745004877433,
        0.0,
        2.207513762731039,
        4.207466732038355,
        0.952917393821052,
        0.0,
        0.0,
        0.04314906306281907,
        0.7096644025882899,
        0.0,
        3.0,
        0.0,
        0.0,
        3.0,
        0.0,
        0.0,
        0.0,
        6.518373394642629,
        0.0,
        0.6159552630794574,
        0.0,
        3.0,
        0.7328194762926448,
        2.2671805237073555,
        0.0,
        1.481626605357371,
        0.0,
        2.2266739132868274,
        0.0,
        2.574256422718121,
        0.0,
        0.0,
        0.0,
        0.0,
        0.0,
        0.0,
        0.0,
        1.6549304992363865,
        0.20855720047441856,
        0.0,
        0.0,
        2.9129981252071757,
        0.0,
        0.0,
        2.1974107984852465,
        0.0,
        3.0,
        0.0,
        0.0,
        0.0,
        0.0,
        0.0,
        0.0,
        3.5237817436330348,
        0.0,
        0.0,
        0.0,
        0.0,
        0.0,
        0.0,
        0.0,
        0.0,
        0.0,
        0.07059548875618289,
        0.0,
        0.0,
        2.6896704132298246,
        2.220938462577951,
        0.0,
        7.165771198102326
    ],
    "x_lj_mccormick": [
        1.283371125724633,
        5.2304780967699545,
        0.0,
        0.8604791760821574,
        0.43582484386982634,
        1.0,
        0.0,
        0.0,
        2.0,
        0.36553466557386677,
        0.5516434997454621,
        1.5808054886589247,
        1.0,
        0.4191945113410753,
        1.8074794019457523,
        0.0,
        0.0,
        0.0,
        0.4191945113410753,
        0.0,
        0.0,
        2.0,
        0.9302302747778912,
        0.07059548875618289,
        0.0,
        0.0,
        5.574256422718121,
        2.2959651231740743,
        0.0,
        0.12977845410780492,
        2.0,
        0.8702215458921951,
        0.12977845410780486,
        1.9999999999999996,
        6.0,
        0.0,
        1.9129981252071757,
        1.0,
        0.0,
        0.0,
        1.2090282165997392,
        2.930708790112753,
        0.0,
        1.078077802727336,
        5.0,
        0.3503273918889702,
        2.0,
        0.0,
        0.0,
        1.0,
        1.4483565002545378,
        2.78083042169997,
        0.0
    ],
    "q_mccormick": [
        0.0,
        0.48290745004877433,
        0.0,
        0.7358379209103463,
        0.6882314882185032,
        0.5170925499512257,
        0.0,
        0.0,
        0.00539363288285255,
        0.26416207908965367,
        0.0,
        1.0,
        0.0,
        0.0,
        0.375,
        0.0,
        0.0,
        0.09626029902712385,
        0.8147966743303287,
        0.0,
        0.3954858917001304,
        0.0,
        1.0,
        0.2675297338382512,
        0.28339756546341943,
        0.0,
        0.18520332566967138,
        0.0,
        0.9037397009728761,
        0.0,
        0.7241782501272689,
        0.0,
        0.0,
        0.0,
        0.0,
        0.0,
        0.0,
        0.0,
        0.2758217498727311,
        0.10427860023720928,
        0.0,
        0.0,
        1.0,
        0.0,
        0.0,
        0.7324702661617488,
        0.0,
        1.0,
        0.0,
        0.0,
        0.0,
        0.0,
        0.0,
        0.0,
        0.6045141082998696,
        0.0,
        0.0,
        0.0,
        0.0,
        0.0,
        0.0,
        0.0,
        0.0,
        0.0,
        1.0,
        0.0,
        0.0,
        0.33620880165372813,
        0.31176851178149684,
        0.0,
        0.8957213997627907
    ],