{
    "x_ij_mccormick": [
        0.0,
        0.5220828217898674,
        0.0,
        0.0,
        0.0,
        0.0,
        1.576556152615436,
        0.0,
        0.0,
        0.0,
        0.0,
        0.0,
        0.0,
        0.0,
        0.0,
        0.0,
        0.0,
        0.0,
        0.0,
        0.0,
        0.0,
        0.0,
        0.0,
        0.0,
        0.0,
        0.0,
        0.0,
        2.0,
        0.0,
        0.0,
        0.0,
        0.0,
        0.0,
        0.0,
        0.0,
        0.0,
        0.0,
        0.0,
        0.0,
        0.0,
        0.0,
        0.0,
        0.0,
        0.7881253245929585,
        0.0,
        0.0,
        0.0,
        0.0,
        0.0,
        0.0,
        0.0,
        0.0,
        0.0,
        0.0,
        0.0,
        0.0,
        0.0,
        0.54512234521835,
        0.03367225306976753,
        1.1161955061267963,
        0.0,
        0.0,
        0.0,
        0.0,
        6.0,
        0.0,
        0.0,
        0.0,
        0.0,
        0.8003011453655937,
        0.0,
        0.0,
        0.0,
        0.0,
        0.0,
        0.0,
        0.0,
        0.9044561067098518,
        0.0,
        0.0,
        0.0,
        0.0,
        0.0,
        0.0,
        0.0,
        0.0,
        0.0,
        0.0,
        0.0,
        0.0,
        0.0,
        0.0,
        0.0,
        0.0,
        0.0,
        0.0,
        0.0,
        0.839076781782453,
        0.0,
        0.18619090665633697,
        0.0,
        0.0,
        0.0,
        0.0,
        0.0,
        0.0,
        0.0,
        0.0,
        0.0,
        0.0,
        0.0,
        0.0,
        0.08861422650419981,
        5.198629228936343,
        0.0,
        0.0
    ],
    "x_il_mccormick": [
        0.0,
        0.5199484566743963,
        0.0,
        2.362786891994796,
        3.375457021136283,
        0.9034953907101679,
        0.0,
        0.0,
        0.2818616578090367,
        0.0,
        0.0,
        3.0,
        0.0,
        0.0,
        3.0,
        0.0,
        0.0,
        0.09569300453317164,
        5.0,
        0.0,
        1.0539838273267028,
        0.0,
        3.0,
        0.7200607114286045,
        2.2799392885713954,
        0.0,
        3.0,
        0.0,
        3.0,
        0.6479257695834739,
        1.187547675240726,
        0.5857319568876826,
        0.0,
        0.0,
        0.0,
        0.0,
        0.0,
        0.0,
        0.8262274651579989,
        0.372381813312674,
        0.0,
        0.0,
        3.0,
        0.0,
        0.0,
        2.2194851785044447,
        0.0,
        2.9663277469302325,
        0.0,
        0.0,
        0.0,
        0.0,
        0.0,
        0.0,
        3.4964377207450954,
        0.0,
        0.0,
        2.786424643785315,
        0.0,
        0.0,
        0.0,
        0.0,
        0.0,
        0.0,
        0.4355775789241362,
        0.0,
        0.0,
        2.4381990536195675,
        0.27455749093988907,
        0.0,
        6.510472746749304
    ],
    "x_lj_mccormick": [
        2.0,
        4.069045466718316,
        0.0,
        0.813809093343663,
        0.4234438473845642,
        1.0,
        0.0,
        0.0,
        2.0,
        0.160923218217547,
        0.7875956306649319,
        1.4798771857513098,
        0.9113857734958002,
        0.60873704075289,
        1.4779171782101326,
        0.0,
        0.0,
        0.0,
        0.5201228142486902,
        1.0976530120743488,
        0.0,
        2.0,
        0.9395458899330491,
        0.8838044938732038,
        0.19969885463440626,
        0.0,
        5.45487765478165,
        2.54512234521835,
        0.0,
        0.0,
        2.0,
        0.9663277469302325,
        0.0,
        2.0,
        6.0,
        0.0,
        2.0,
        1.0,
        0.0,
        0.0,
        1.0955438932901482,
        3.45487765478165,
        0.0,
        1.2118746754070415,
        3.902346987925651,
        1.3222174925287944,
        2.0,
        0.0,
        0.0,
        1.0,
        1.2124043693350681,
        0.8013707710636568,
        0.0
    ],
    "q_mccormick": [
        0.0,
        0.5199484566743963,
        0.0,
        0.7875956306649321,
        0.6059373377035208,
        0.48005154332560374,
        0.0,
        0.0,
        0.03523270722612959,
        0.0,
        0.0,
        1.0,
        0.0,
        0.0,
        0.375,
        0.0,
        0.0,
        0.2610414108949337,
        0.625,
        0.0,
        0.17566397122111713,
        0.0,
        1.0,
        0.2601716071651851,
        0.2849924110714244,
        0.0,
        0.375,
        0.0,
        0.7389585891050663,
        0.782211210537932,
        0.8664382048227238,
        0.21240436933506784,
        0.0,
        0.0,
        0.0,
        0.0,
        0.0,
        0.0,
        0.13356179517727615,
        0.186190906656337,
        0.0,
        0.0,
        1.0,
        0.0,
        0.0,
        0.7398283928348148,
        0.0,
        1.0,
        0.0,
        0.0,
        0.0,
        0.0,
        0.0,
        0.0,
        0.8243360287788829,
        0.0,
        0.0,
        0.3483030804731644,
        0.0,
        0.0,
        0.0,
        0.0,
        0.0,
        0.0,
        0.2177887894620681,
        0.0,
        0.0,
        0.30477488170244593,
        0.04575958182331485,
        0.0,
        0.813809093343663
    ],