{
    "x_ij_mccormick": [
        0.0,
        0.5439391488063003,
        0.0,
        0.0,
        0.41253827510661556,
        0.0,
        1.6898325996168817,
        0.0,
        0.0,
        0.0,
        0.0,
        0.0,
        0.0,
        0.0,
        0.0,
        0.0,
        0.0,
        0.0,
        0.29801231290897745,
        0.0,
        0.0,
        0.0,
        0.0,
        0.0,
        0.0,
        0.0,
        0.0,
        2.0,
        0.0,
        0.0,
        0.0,
        0.0,
        0.0,
        0.0,
        0.0,
        0.0,
        0.0,
        0.0,
        0.0,
        0.0,
        0.0,
        0.0,
        0.0,
        0.7111788941091168,
        0.0,
        0.0,
        0.0,
        0.0,
        0.0,
        0.0,
        0.0,
        0.0,
        0.0,
        0.0,
        0.0,
        1.1760523866152057,
        0.0,
        1.3547795115306467,
        0.0,
        1.8998106293920622,
        0.0,
        0.0,
        0.0,
        0.0,
        6.0,
        0.0,
        0.0,
        0.0,
        0.0,
        0.7019876870910225,
        0.0,
        0.0,
        0.0,
        0.0,
        0.0,
        0.0,
        0.0,
        0.9154624059070244,
        0.0,
        0.0,
        0.0,
        0.0,
        0.0,
        0.0,
        0.0,
        0.0,
        0.0,
        0.10916447475696134,
        0.0,
        0.0,
        0.0,
        0.0,
        0.0,
        0.0,
        0.0,
        0.0,
        0.0,
        0.4062758996138188,
        0.0,
        0.0,
        0.0,
        0.0,
        0.0,
        0.0,
        0.0,
        0.0,
        0.0,
        0.0,
        0.0,
        0.0,
        0.0,
        0.0,
        0.0,
        5.580279425703708,
        0.0,
        0.0
    ],
    "x_il_mccormick": [
        0.0,
        0.0,
        0.0,
        2.1038238643870377,
        4.742488274248499,
        0.5443955889306107,
        0.0,
        0.0,
        1.1955338569898653,
        0.84467974752979,
        0.0,
        3.0,
        0.0,
        0.0,
        3.0,
        0.0,
        0.0,
        1.631817446418901,
        5.0,
        0.0,
        0.08354651422074655,
        0.7657718114525076,
        3.0,
        0.830846675859461,
        2.169153324140539,
        0.0,
        3.0,
        0.0,
        1.8239476133847943,
        0.0,
        1.6452204884693533,
        0.0,
        0.0,
        0.0,
        0.0,
        0.0,
        0.0,
        0.0,
        0.41972057429629217,
        0.22593311708976316,
        0.0,
        0.0,
        2.8908355252430384,
        0.0,
        0.0,
        2.100686394053677,
        0.0,
        2.9082755867396375,
        0.0,
        0.0,
        0.0,
        0.0,
        0.0,
        0.0,
        2.5893655387551036,
        0.0,
        0.0,
        0.0,
        0.0,
        0.0,
        0.0,
        0.0,
        0.0,
        0.0,
        0.10018937060793778,
        0.0,
        0.0,
        1.635312818869596,
        0.7844077554266962,
        0.0,
        7.096267531640949
    ],
    "x_lj_mccormick": [
        1.5874617248933844,
        4.847705482382209,
        0.0,
        0.8870334414551184,
        0.31016740038311824,
        1.0,
        0.0,
        0.0,
        2.0,
        0.5937241003861812,
        0.35477951153064663,
        1.6321132378089054,
        1.0,
        0.36788676219109456,
        1.4560608511936997,
        0.0,
        0.0,
        0.0,
        0.3678867621910946,
        1.631817446418901,
        0.0,
        2.0,
        0.9315330699131379,
        0.10018937060793778,
        0.0,
        0.0,
        4.645220488469353,
        3.263055098270285,
        0.0,
        0.09172441326036247,
        2.0,
        0.9082755867396375,
        0.0,
        2.0,
        6.0,
        0.0,
        1.8908355252430387,
        1.0,
        0.0,
        0.0,
        1.0845375940929756,
        1.5608925151145094,
        0.027481943768365102,
        1.2888211058908832,
        3.4536671683576157,
        0.7844077554266962,
        1.972518056231635,
        0.11296655854488158,
        0.0,
        0.9145153852234835,
        1.6452204884693533,
        0.41972057429629217,
        0.0
    ],
    "q_mccormick": [
        0.0,
        0.0,
        0.0,
        0.701274621462346,
        0.8692653740955506,
        0.2342281885474924,
        0.0,
        0.0,
        0.14944173212373316,
        0.29872537853765396,
        0.0,
        1.0,
        0.0,
        0.0,
        0.375,
        0.0,
        0.0,
        0.27196957440315017,
        0.625,
        0.0,
        0.4577312029535122,
        0.7657718114525076,
        1.0,
        0.2997712019821077,
        0.27114416551756737,
        0.0,
        0.375,
        0.0,
        0.7280304255968498,
        0.9499053146960311,
        0.9300465709506179,
        0.0,
        0.0,
        0.0,
        0.0,
        0.0,
        0.0,
        0.0,
        0.06995342904938202,
        0.11296655854488158,
        0.0,
        0.0,
        1.0,
        0.0,
        0.0,
        0.7002287980178923,
        0.0,
        1.0,
        0.0,
        0.0,
        0.0,
        0.0,
        0.0,
        0.0,
        0.5422687970464878,
        0.0,
        0.0,
        0.0,
        0.0,
        0.0,
        0.0,
        0.0,
        0.0,
        0.0,
        0.05009468530396889,
        0.0,
        0.0,
        0.2044141023586995,
        0.13073462590444937,
        0.0,
        0.8870334414551184
    ],