{
    "x_ij_mccormick": [
        0.0,
        0.0,
        0.0,
        0.0,
        0.0,
        0.0,
        1.6009361745068542,
        0.0,
        0.0,
        0.0,
        0.0,
        0.0,
        0.0,
        0.0,
        0.0,
        0.0,
        0.0,
        0.0,
        0.0,
        0.0,
        0.0,
        0.0,
        0.0,
        0.0,
        0.0,
        0.0,
        0.0,
        2.0,
        0.0,
        0.0,
        0.0,
        0.0,
        0.0,
        0.0,
        0.0,
        0.0,
        0.0,
        0.0,
        0.0,
        0.0,
        0.0,
        0.0,
        0.0,
        0.9776601509406215,
        0.0,
        0.0,
        0.0,
        0.0,
        0.0,
        0.0,
        0.0,
        0.0,
        0.0,
        0.0,
        0.0,
        0.38664899971165223,
        0.0,
        0.30133181518905006,
        0.09320594123080495,
        0.0,
        0.0,
        0.0,
        0.0,
        0.0,
        6.0,
        0.0,
        0.0,
        0.0,
        0.0,
        0.8164576056446168,
        0.0,
        0.0,
        0.0,
        0.0,
        0.0,
        0.0,
        0.0,
        0.9904295286386469,
        0.0,
        0.0,
        0.0,
        0.0,
        0.0,
        0.0,
        0.0,
        0.0,
        0.0,
        0.015082678010544415,
        0.0,
        0.769987220761694,
        0.0,
        0.0,
        0.0,
        0.0,
        0.0,
        0.0,
        0.0,
        0.8573064311666155,
        0.0,
        0.0,
        0.0,
        0.0,
        0.0,
        0.0,
        0.0,
        0.0,
        0.0,
        0.0,
        0.0,
        0.0,
        0.0,
        0.0,
        0.0,
        4.468633161617402,
        0.0,
        0.0
    ],
    "x_il_mccormick": [
        0.0,
        0.0,
        0.0,
        2.149746927468847,
        3.329535333155651,
        0.7148874092673873,
        0.0,
        0.0,
        0.3549959427083575,
        0.6711121583231655,
        0.0,
        3.0,
        0.0,
        0.0,
        3.0,
        0.0,
        0.0,
        0.0,
        7.022339849059378,
        0.0,
        1.2884759601479319,
        0.6841764162257584,
        3.0,
        0.8454888174914117,
        2.154511182508588,
        0.0,
        0.977660150940622,
        0.0,
        2.6133510002883478,
        1.3827330994798528,
        1.18431235190263,
        0.038416792197654356,
        0.0,
        0.0,
        0.0,
        0.0,
        0.0,
        0.0,
        1.5372662360928815,
        0.0,
        0.0,
        0.0,
        2.984917321989456,
        0.0,
        0.0,
        2.0836768145735425,
        0.0,
        3.0,
        0.0,
        0.0,
        0.0,
        0.0,
        0.0,
        0.0,
        3.063824502232431,
        0.0,
        0.0,
        1.892106489222321,
        0.0,
        0.0,
        0.0,
        0.0,
        0.0,
        0.0,
        0.8008092948755305,
        0.0,
        0.0,
        2.4904928747830537,
        1.0408739635995439,
        0.0,
        7.345775036112109
    ],
    "x_lj_mccormick": [
        2.0,
        4.345775036112109,
        0.0,
        1.0,
        0.3990638254931457,
        1.0,
        0.0,
        0.0,
        2.0,
        0.1426935688333845,
        0.7165823091562822,
        1.3866489997116525,
        1.0,
        0.6133510002883475,
        2.0,
        0.0,
        0.0,
        0.0,
        0.6133510002883475,
        0.0,
        0.0,
        2.0,
        0.9291656320649543,
        2.0,
        0.18354239435538325,
        0.0,
        5.69866818481095,
        2.30133181518905,
        0.0,
        0.0,
        2.0,
        0.906794058769195,
        0.09320594123080495,
        2.0,
        6.0,
        0.0,
        1.9849173219894556,
        1.0,
        0.0,
        0.0,
        1.0095704713613531,
        3.312019185099298,
        0.03071080591971187,
        1.0223398490593785,
        4.199301973318594,
        1.0408739635995439,
        1.9692891940802881,
        0.0,
        0.0,
        1.0307108059197119,
        1.2834176908437178,
        1.4381608971517936,
        0.0
    ],
    "q_mccormick": [
        0.0,
        0.0,
        0.0,
        0.7165823091562823,
        0.5111699245296892,
        0.3158235837742416,
        0.0,
        0.0,
        0.04437449283854469,
        0.2642092947448905,
        0.0,
        1.0,
        0.0,
        0.0,
        0.375,
        0.0,
        0.0,
        0.0,
        0.8777924811324223,
        0.0,
        0.21474599335798863,
        0.6841764162257584,
        1.0,
        0.30544106180881914,
        0.26931389781357357,
        0.0,
        0.12220751886757775,
        0.0,
        1.0,
        0.5995953525622347,
        0.7603065171413678,
        0.019208396098827178,
        0.0,
        0.0,
        0.0,
        0.0,
        0.0,
        0.0,
        0.23969348285863226,
        0.0,
        0.0,
        0.0,
        1.0,
        0.0,
        0.0,
        0.6945589381911809,
        0.0,
        1.0,
        0.0,
        0.0,
        0.0,
        0.0,
        0.0,
        0.0,
        0.7852540066420114,
        0.0,
        0.0,
        0.3153510815370535,
        0.0,
        0.0,
        0.0,
        0.0,
        0.0,
        0.0,
        0.40040464743776527,
        0.0,
        0.0,
        0.3113116093478818,
        0.1734789939332573,
        0.0,
        1.0
    ],