{
    "x_ij_mccormick": [
        0.0,
        0.0,
        0.0,
        0.0,
        0.8874276694109073,
        0.0,
        1.6700416512088943,
        0.0,
        0.0,
        0.0,
        0.0,
        0.0,
        0.0,
        0.0,
        0.0,
        0.0,
        0.0,
        0.0,
        0.15698081235446268,
        0.0,
        0.0,
        0.0,
        0.0,
        0.0,
        0.0,
        0.0,
        0.0,
        2.0,
        0.0,
        0.0,
        0.0,
        0.0,
        0.0,
        0.0,
        0.0,
        0.0,
        0.0,
        0.0,
        0.0,
        0.0,
        0.0,
        0.0,
        0.0,
        0.12026658492141203,
        0.5110798561601824,
        0.0,
        0.0,
        0.0,
        0.0,
        0.0,
        0.0,
        0.0,
        0.0,
        0.0,
        0.0,
        0.6435271226484303,
        0.0,
        1.3883326156994364,
        0.02570854816358792,
        2.0,
        0.0,
        0.0,
        0.0,
        0.0,
        6.0,
        0.0,
        0.0,
        0.0,
        0.0,
        0.7097917909601323,
        0.0,
        0.0,
        0.0,
        0.0,
        0.0,
        0.0,
        0.12537297943234482,
        0.9190059895470286,
        0.07025537761643141,
        0.0,
        0.0,
        0.0,
        0.0,
        0.0,
        0.0,
        0.0,
        0.0,
        0.0,
        0.0,
        1.3441699595973593,
        0.0,
        0.0,
        0.0,
        0.0,
        0.0,
        0.0,
        0.0,
        0.6967856704593003,
        0.0,
        0.09435372590495505,
        0.0,
        0.0,
        0.0,
        0.0,
        0.0,
        0.0,
        0.0,
        0.0,
        0.0,
        0.0,
        0.0,
        0.0,
        0.0,
        4.713183245485147,
        0.0,
        0.0
    ],
    "x_il_mccormick": [
        0.0,
        0.0,
        0.0,
        1.9494402691710202,
        4.59843406531722,
        0.3695645437543138,
        0.0,
        0.0,
        0.0,
        0.9010426209181088,
        0.0,
        3.0,
        0.0,
        0.0,
        3.0,
        0.0,
        0.0,
        0.0,
        7.879733415078588,
        0.0,
        0.7675891598659552,
        0.8350208256044471,
        3.0,
        0.674659064893542,
        2.325340935106458,
        0.0,
        0.12026658492141173,
        0.0,
        2.3564728773515697,
        0.13322739668540495,
        1.4527314394515707,
        0.0,
        0.0,
        0.0,
        0.0,
        0.0,
        0.0,
        0.0,
        1.2868167545148534,
        0.3064182052927432,
        0.0,
        0.0,
        3.0,
        0.0,
        0.0,
        2.269787876241653,
        0.0,
        2.974291451836412,
        0.0,
        0.0,
        0.0,
        0.0,
        0.0,
        0.0,
        2.2815451122391495,
        0.0,
        0.0,
        0.0,
        0.0,
        0.0,
        0.0,
        0.0,
        0.0,
        0.0,
        0.0,
        0.0,
        0.0,
        2.674659064893542,
        0.612157689621311,
        0.0,
        7.098963988805909
    ],
    "x_lj_mccormick": [
        1.1125723305890927,
        5.387163589414514,
        0.0,
        0.905646274095045,
        0.3299583487911058,
        0.8746270205676552,
        0.0,
        0.0,
        2.0,
        0.30321432954069977,
        0.5472685605484293,
        1.6435271226484303,
        1.0,
        0.35647287735156974,
        2.0,
        0.0,
        0.0,
        0.0,
        0.35647287735156974,
        0.0,
        0.0,
        2.0,
        0.944446941135195,
        0.0,
        0.13322739668540495,
        0.0,
        4.6116673843005636,
        3.3883326156994364,
        0.0,
        0.0,
        2.0,
        0.9742914518364121,
        0.0,
        1.9297446223835686,
        5.488920143839818,
        0.5813352337766144,
        2.0,
        1.0,
        0.0,
        0.0,
        1.0809940104529714,
        1.9681402616521333,
        0.0,
        1.2983981813019736,
        3.6558300404026407,
        0.2563635332339169,
        2.0,
        0.0,
        0.0,
        1.0,
        1.4527314394515707,
        1.2868167545148534,
        0.0
    ],
    "q_mccormick": [
        0.0,
        0.0,
        0.0,
        0.6498134230570067,
        0.9234802887973361,
        0.16497917439555287,
        0.0,
        0.0,
        0.0,
        0.35018657694299327,
        0.0,
        1.0,
        0.0,
        0.0,
        0.375,
        0.0,
        0.0,
        0.0,
        0.9849666768848234,
        0.0,
        0.4595029947735143,
        0.8350208256044471,
        1.0,
        0.24340404125278234,
        0.2906676168883072,
        0.0,
        0.015033323115176578,
        0.0,
        1.0,
        1.0,
        0.7855305409141911,
        0.0,
        0.0,
        0.0,
        0.0,
        0.0,
        0.0,
        0.0,
        0.21446945908580892,
        0.10213940176424774,
        0.0,
        0.0,
        1.0,
        0.0,
        0.0,
        0.7565959587472176,
        0.0,
        1.0,
        0.0,
        0.0,
        0.0,
        0.0,
        0.0,
        0.0,
        0.5404970052264857,
        0.0,
        0.0,
        0.0,
        0.0,
        0.0,
        0.0,
        0.0,
        0.0,
        0.0,
        0.0,
        0.0,
        0.0,
        0.3343323831116928,
        0.07651971120266388,
        0.0,
        0.8978605982357523
    ],