{
    "x_ij_mccormick": [
        0.0,
        0.4222348787336281,
        0.0,
        0.0,
        0.5645708164949228,
        0.0,
        1.4694595878919143,
        0.0,
        0.0,
        0.0,
        0.0,
        0.0,
        0.0,
        0.0,
        0.0,
        0.0,
        0.0,
        0.0,
        0.0,
        0.0,
        0.0,
        0.0,
        0.0,
        0.0,
        0.0,
        0.0,
        0.0,
        2.0,
        0.0,
        0.0,
        0.0,
        0.0,
        0.0,
        0.0,
        0.0,
        0.0,
        0.0,
        0.0,
        0.0,
        0.0,
        0.0,
        0.0,
        0.0,
        0.888891518052022,
        0.0,
        0.0,
        0.0,
        0.0,
        0.0,
        0.0,
        0.0,
        0.0,
        0.0,
        0.0,
        0.0,
        0.0,
        0.0,
        0.4045969492563142,
        0.13998010179189235,
        0.6029335185252662,
        0.0,
        0.0,
        0.0,
        0.0,
        6.0,
        0.0,
        0.0,
        0.0,
        0.0,
        0.8070855161143812,
        0.0,
        0.0,
        0.0,
        0.0,
        0.0,
        0.0,
        0.027115464605440343,
        0.47724190089125096,
        0.0,
        0.0,
        0.0,
        0.0,
        0.0,
        0.0,
        0.0,
        0.0,
        0.0,
        0.0,
        0.0,
        0.0,
        0.0,
        0.0,
        0.0,
        0.0,
        0.0,
        0.0,
        0.0,
        0.8371711188364236,
        0.0,
        0.23913753196813248,
        0.0,
        0.0,
        0.0,
        0.0,
        0.0,
        0.0,
        0.0,
        0.0,
        0.0,
        0.0,
        0.0,
        0.0,
        0.08771615107144702,
        4.8168121870917755,
        0.0,
        0.0
    ],
    "x_il_mccormick": [
        0.0,
        0.0,
        0.0,
        2.2439513162597233,
        2.8284405868374796,
        0.768695153556688,
        0.0,
        0.0,
        0.277787453167883,
        0.48848664349072923,
        0.0,
        3.0,
        0.0,
        0.0,
        3.0,
        0.0,
        0.0,
        0.0,
        6.024913488977313,
        0.0,
        0.0,
        0.7347297939459572,
        3.0,
        0.8619425537106323,
        2.1380574462893676,
        0.0,
        1.9750865110226874,
        0.0,
        3.0,
        1.0396470405620692,
        1.2374012148900262,
        0.17837469349969837,
        0.0,
        0.0,
        0.0,
        0.0,
        0.0,
        0.0,
        1.0578227241397316,
        0.27872747486906313,
        0.0,
        0.0,
        3.0,
        0.0,
        0.0,
        2.062746932875841,
        0.0,
        2.8672911650743758,
        0.0,
        0.0,
        0.0,
        0.0,
        0.0,
        0.0,
        5.12884839682242,
        0.0,
        0.0,
        2.283187133185546,
        0.0,
        0.0,
        0.0,
        0.0,
        0.0,
        0.13270883492562469,
        0.5503339247982835,
        0.0,
        0.0,
        2.584155100542749,
        0.5113165612940271,
        0.0,
        6.8850901005237475
    ],
    "x_lj_mccormick": [
        1.4354291835050772,
        4.967525923855866,
        0.0,
        0.7608624680318675,
        0.5305404121080856,
        0.9728845353945597,
        0.0,
        0.0,
        2.0,
        0.16282888116357638,
        0.7479837720865745,
        1.438729495897833,
        0.9122838489285531,
        0.648986655173614,
        1.577765121266372,
        0.0,
        0.0,
        0.0,
        0.5612705041021671,
        0.8609643746314609,
        0.0,
        2.0,
        0.9246894865864732,
        1.3970664814747338,
        0.1929144838856188,
        0.0,
        5.595403050743686,
        2.404596949256314,
        0.0,
        0.0,
        1.9115274433829168,
        0.8600198982081076,
        0.22845265840897544,
        2.0,
        6.0,
        0.0,
        2.0,
        1.0,
        0.0,
        0.0,
        1.522758099108749,
        3.595403050743686,
        0.010687246969984576,
        1.111108481947978,
        4.128348378398554,
        0.3834874209705204,
        1.9893127530300154,
        0.0,
        0.0,
        1.0106872469699846,
        1.2520162279134255,
        0.9547351544992491,
        0.0884725566170832
    ],
    "q_mccormick": [
        0.0,
        0.0,
        0.0,
        0.7479837720865744,
        0.555554240973989,
        0.2652702060540428,
        0.0,
        0.0,
        0.034723431645985375,
        0.16282888116357638,
        0.0,
        1.0,
        0.0,
        0.0,
        0.375,
        0.0,
        0.0,
        0.21111743936681404,
        0.7531141861221641,
        0.0,
        0.23862095044562548,
        0.7347297939459572,
        1.0,
        0.31241768904138634,
        0.26725718078617094,
        0.0,
        0.24688581387783592,
        0.0,
        0.788882560633186,
        0.7248330376008583,
        0.8408774742501252,
        0.08918734674984918,
        0.0,
        0.0,
        0.0,
        0.0,
        0.0,
        0.0,
        0.15912252574987484,
        0.13936373743453156,
        0.0,
        0.0,
        1.0,
        0.0,
        0.0,
        0.6875823109586137,
        0.0,
        0.9557637216914585,
        0.0,
        0.0,
        0.0,
        0.0,
        0.0,
        0.0,
        0.7613790495543745,
        0.0,
        0.0,
        0.3805311888642577,
        0.0,
        0.0,
        0.0,
        0.0,
        0.0,
        0.044236278308541564,
        0.27516696239914173,
        0.0,
        0.0,
        0.32301938756784365,
        0.0639145701617534,
        0.0,
        0.8606362625654684
    ],