{
    "x_ij_mccormick": [
        0.0,
        0.5277068786033701,
        0.0,
        0.0,
        0.0,
        0.0,
        1.411687923608456,
        0.0,
        0.0,
        0.0,
        0.0,
        0.0,
        0.0,
        0.0,
        0.0,
        0.0,
        0.0,
        0.0,
        0.08533523133373351,
        0.0,
        0.0,
        0.0,
        0.0,
        0.0,
        0.0,
        0.0,
        0.0,
        2.0,
        0.0,
        0.0,
        0.0,
        0.0,
        0.0,
        0.0,
        0.0,
        0.0,
        0.0,
        0.0,
        0.0,
        0.0,
        0.0,
        0.0,
        0.0,
        0.7396367962312975,
        0.0,
        0.0,
        0.0,
        0.0,
        0.0,
        0.0,
        0.0,
        0.0,
        0.0,
        0.0,
        0.0,
        1.503810293396413,
        0.0,
        0.17450419699939168,
        0.0,
        0.0,
        0.0,
        0.0,
        0.0,
        0.0,
        6.0,
        0.0,
        0.0,
        0.0,
        0.0,
        0.7728403269269263,
        0.0,
        0.0,
        0.0,
        0.0,
        0.0,
        0.0,
        0.09206819820054424,
        0.5659536702150789,
        0.0,
        0.0,
        0.0,
        0.0,
        0.0,
        0.0,
        0.0,
        0.0,
        0.0,
        0.03635285684042966,
        0.0,
        0.0,
        0.0,
        0.0,
        0.0,
        0.0,
        0.0,
        0.0,
        0.0,
        0.7537974999834723,
        0.0,
        0.061597433510737876,
        0.0,
        0.0,
        0.0,
        0.0,
        0.0,
        0.0,
        0.0,
        0.0,
        0.0,
        0.0,
        0.0,
        0.0,
        0.0812896089497952,
        4.6475183295964255,
        0.0,
        0.0
    ],
    "x_il_mccormick": [
        0.0,
        0.705843961804228,
        0.0,
        2.2002235838420567,
        4.63896277722191,
        0.7903999163867717,
        0.0,
        0.0,
        0.423218047921309,
        0.7084514480378857,
        0.0,
        3.0,
        0.0,
        0.0,
        3.0,
        0.0,
        0.0,
        1.9168742978745448,
        5.343488905894158,
        0.0,
        0.0,
        0.0,
        3.0,
        0.7147865912193443,
        2.2852134087806557,
        0.0,
        2.6565110941058414,
        0.0,
        1.496189706603587,
        1.4879683348640231,
        1.3375274681365852,
        0.0,
        0.0,
        0.0,
        0.0,
        0.0,
        0.0,
        0.0,
        1.3524816704035745,
        0.12319486702147575,
        0.0,
        0.0,
        2.9636471431595703,
        0.0,
        0.0,
        2.2304578260620103,
        0.0,
        2.9627317610154043,
        0.0,
        0.0,
        0.0,
        0.0,
        0.0,
        0.0,
        3.793000078373712,
        0.0,
        0.0,
        0.0,
        0.0,
        0.0,
        0.0,
        0.0,
        0.0,
        0.0,
        0.653856106875317,
        0.0,
        0.0,
        2.2915685432980357,
        0.9796235181557433,
        0.0,
        7.434924115827538
    ],
    "x_lj_mccormick": [
        2.0,
        4.619716416359752,
        0.0,
        0.9384025664892621,
        0.5883120763915439,
        0.9079318017994558,
        0.0,
        0.0,
        2.0,
        0.24620250001652766,
        0.6624725318634148,
        1.6423497527286086,
        0.9187103910502048,
        0.4389398562211866,
        1.47229312139663,
        0.0,
        0.0,
        0.0,
        0.3576502472713914,
        1.5831206358101104,
        0.0,
        2.0,
        0.9452444172813546,
        2.0,
        0.14182444173934017,
        0.0,
        5.825495803000608,
        2.137235958014796,
        0.0,
        0.03726823898459568,
        2.0,
        0.9627317610154044,
        0.0,
        1.9999999999999996,
        6.0,
        0.0,
        1.9636471431595703,
        1.0,
        0.0,
        0.0,
        1.434046329784921,
        2.358953748588791,
        0.0,
        1.2603632037687025,
        3.4168793641898896,
        0.9413437274190612,
        2.0,
        0.0,
        0.0,
        1.0,
        1.3375274681365852,
        1.3524816704035745,
        0.0
    ],
    "q_mccormick": [
        0.0,
        0.705843961804228,
        0.0,
        0.7334078612806856,
        0.8431093787634898,
        0.29415603819577196,
        0.0,
        0.0,
        0.05290225599016363,
        0.2665921387193144,
        0.0,
        1.0,
        0.0,
        0.0,
        0.375,
        0.0,
        0.0,
        0.26385343930168503,
        0.6679361132367698,
        0.0,
        0.28297683510753946,
        0.0,
        1.0,
        0.25651405797932997,
        0.28565167609758196,
        0.0,
        0.3320638867632302,
        0.0,
        0.736146560698315,
        0.6730719465623415,
        0.774586388266071,
        0.0,
        0.0,
        0.0,
        0.0,
        0.0,
        0.0,
        0.0,
        0.22541361173392907,
        0.061597433510737876,
        0.0,
        0.0,
        1.0,
        0.0,
        0.0,
        0.7434859420206701,
        0.0,
        1.0,
        0.0,
        0.0,
        0.0,
        0.0,
        0.0,
        0.0,
        0.7170231648924605,
        0.0,
        0.0,
        0.0,
        0.0,
        0.0,
        0.0,
        0.0,
        0.0,
        0.0,
        0.3269280534376585,
        0.0,
        0.0,
        0.28644606791225447,
        0.1568906212365102,
        0.0,
        0.9384025664892621
    ],