{
    "x_ij_mccormick": [
        0.0,
        0.3549548413011825,
        0.0959184154802953,
        0.0,
        0.20373069980519087,
        0.0,
        1.6603432871678063,
        0.0,
        0.0,
        0.0,
        0.0,
        0.0,
        0.0,
        0.0,
        0.0,
        0.0,
        0.0,
        0.0,
        0.2304394147725547,
        0.0,
        0.0,
        0.0,
        0.0,
        0.0,
        0.0,
        0.0,
        0.0,
        2.0,
        0.0,
        0.0,
        0.0,
        0.0,
        0.0,
        0.0,
        0.0,
        0.0,
        0.0,
        0.0,
        0.0,
        0.0,
        0.0,
        0.0,
        0.0,
        0.7272953941119579,
        0.0,
        0.0,
        0.0,
        0.0,
        0.0,
        0.0,
        0.0,
        0.0,
        0.0,
        0.0,
        0.0,
        0.0,
        0.0,
        0.45822719223205866,
        0.0,
        0.5312290567254223,
        0.0,
        0.0,
        0.0,
        0.0,
        6.0,
        0.0,
        0.0,
        0.0,
        0.0,
        0.7695605852274453,
        0.0,
        0.0,
        0.0,
        0.0,
        0.0,
        0.0,
        0.0,
        0.6057702888564784,
        0.0,
        0.0,
        0.0,
        0.0,
        0.0,
        0.0,
        0.0,
        0.0,
        0.0,
        0.0,
        0.0,
        0.0,
        0.0,
        0.0,
        0.0,
        0.0,
        0.0,
        0.0,
        0.0,
        0.7461651574532304,
        0.0,
        0.20754216822109672,
        0.0,
        0.0,
        0.0,
        0.0,
        0.0,
        0.0,
        0.0,
        0.0,
        0.0,
        0.0,
        0.0,
        0.0,
        0.10634293233831144,
        5.83510221421044,
        0.0,
        0.0
    ],
    "x_il_mccormick": [
        0.0,
        0.7679032290148737,
        0.0,
        2.221728714278842,
        3.256613319699533,
        0.5717534838173199,
        0.0,
        0.0,
        0.7312846327384087,
        0.7108310699995186,
        0.0,
        3.0,
        0.0,
        0.0,
        3.0,
        0.0,
        0.0,
        0.0,
        5.0,
        0.0,
        0.32664109592488044,
        0.0,
        3.0,
        0.7898394861896575,
        2.2101605138103424,
        0.0,
        3.0,
        0.0,
        3.0,
        1.0555999637099724,
        1.486172844057969,
        0.0,
        0.0,
        0.0,
        0.0,
        0.0,
        0.0,
        0.0,
        0.0,
        0.41508433644219356,
        0.0,
        0.0,
        3.0,
        0.0,
        0.0,
        2.1476774335229445,
        0.0,
        2.8874897985862384,
        0.0,
        0.0,
        0.0,
        0.0,
        0.0,
        0.0,
        4.721871624400344,
        0.0,
        0.0,
        3.292855238369013,
        0.0,
        0.0,
        0.0,
        0.0,
        0.0,
        0.0,
        0.41317097956460525,
        0.0,
        0.0,
        2.058554853451249,
        0.0,
        0.0,
        6.339662654231226
    ],
    "x_lj_mccormick": [
        1.7962693001948091,
        4.166019858699707,
        0.0,
        0.7924578317789033,
        0.3396567128321937,
        1.0,
        0.0,
        0.0,
        2.0,
        0.2538348425467695,
        0.6787249417315915,
        1.4330465437235926,
        0.8936570676616885,
        0.6732963886147186,
        1.6450451586988175,
        0.0,
        0.0,
        0.0,
        0.5669534562764074,
        0.7880013850247749,
        0.0,
        2.0,
        0.9375169197126016,
        1.4687709432745777,
        0.0,
        0.0,
        5.541772807767941,
        2.345716990818297,
        0.0,
        0.11251020141376165,
        2.0,
        0.8874897985862383,
        0.0,
        2.0,
        6.0,
        0.0,
        2.0,
        1.0,
        0.0,
        0.0,
        1.3942297111435216,
        3.654283009181703,
        0.0,
        1.1767861904077468,
        4.211998614975225,
        1.160683752685574,
        2.0,
        0.0,
        0.0,
        1.0,
        1.3212750582684085,
        0.16489778578956038,
        0.0
    ],
    "q_mccormick": [
        0.0,
        0.7679032290148737,
        0.0,
        0.7405762380929475,
        0.5883930952038734,
        0.23209677098512627,
        0.0,
        0.0,
        0.09141057909230109,
        0.2594237619070525,
        0.0,
        1.0,
        0.0,
        0.0,
        0.37500000000000006,
        0.0,
        0.0,
        0.0,
        0.625,
        0.0,
        0.3028851444282392,
        0.0,
        1.0,
        0.28410752215901863,
        0.2762700642262928,
        0.0,
        0.375,
        0.0,
        1.0,
        0.5277999818549862,
        1.0,
        0.0,
        0.0,
        0.0,
        0.0,
        0.0,
        0.0,
        0.0,
        0.0,
        0.20754216822109678,
        0.0,
        0.0,
        1.0,
        0.0,
        0.0,
        0.7158924778409814,
        0.0,
        1.0,
        0.0,
        0.0,
        0.0,
        0.0,
        0.0,
        0.0,
        0.6971148555717608,
        0.0,
        0.0,
        0.4116069047961266,
        0.0,
        0.0,
        0.0,
        0.0,
        0.0,
        0.0,
        0.4722000181450138,
        0.0,
        0.0,
        0.2573193566814061,
        0.0,
        0.0,
        0.7924578317789033
    ],