{
    "x_ij_mccormick": [
        0.0,
        0.511703224497041,
        0.0,
        0.0,
        0.0,
        0.0,
        1.7952010177215467,
        0.0,
        0.0,
        0.0,
        0.0,
        0.0,
        0.0,
        0.0,
        0.0,
        0.0,
        0.0,
        0.0,
        0.26755620697928184,
        0.0,
        0.0,
        0.0,
        0.0,
        0.0,
        0.0,
        0.0,
        0.0,
        2.0,
        0.0,
        0.0,
        0.0,
        0.0,
        0.0,
        0.0,
        0.0,
        0.0,
        0.0,
        0.0,
        0.0,
        0.0,
        0.0,
        0.0,
        0.0,
        0.8470382050849129,
        0.0,
        0.0,
        0.0,
        0.0,
        0.0,
        0.0,
        0.0,
        0.0,
        0.0,
        0.0,
        0.0,
        0.07914662666422712,
        0.0,
        0.49328835250464076,
        0.0,
        1.0309071094460633,
        0.0,
        0.0,
        0.0,
        0.0,
        6.0,
        0.0,
        0.0,
        0.0,
        0.0,
        0.7324437930207182,
        0.0,
        0.0,
        0.0,
        0.0,
        0.0,
        0.0,
        0.0,
        0.5144438769761912,
        0.0,
        0.0,
        0.0,
        0.0,
        0.0,
        0.0,
        0.0,
        0.0,
        0.0,
        0.055490466325641474,
        0.0,
        0.0,
        0.0,
        0.0,
        0.0,
        0.0,
        0.0,
        0.0,
        0.0,
        0.5478351230285925,
        0.0,
        0.1582964415144733,
        0.0,
        0.0,
        0.0,
        0.0,
        0.0,
        0.0,
        0.0,
        0.0,
        0.0,
        0.0,
        0.0,
        0.0,
        0.0,
        4.982641895499447,
        0.0,
        0.0
    ],
    "x_il_mccormick": [
        0.0,
        0.0,
        0.0,
        2.1607303836238927,
        4.081279116007117,
        0.38036149178692696,
        0.0,
        0.0,
        0.48864604876566914,
        0.7538157364060922,
        0.0,
        3.0,
        0.0,
        0.0,
        3.0,
        0.0,
        0.0,
        1.535109673491122,
        5.617852121423965,
        0.0,
        0.0,
        0.8244374904915264,
        3.0,
        0.6105055381098209,
        2.389494461890179,
        0.0,
        2.382147878576035,
        0.0,
        2.920853373335773,
        0.9690928905539367,
        1.5376187569414226,
        0.0,
        0.0,
        0.0,
        0.0,
        0.0,
        0.0,
        0.0,
        1.0173581045005529,
        0.3165928830289466,
        0.0,
        0.0,
        2.9445095336743585,
        0.0,
        0.0,
        2.3330739542641457,
        0.0,
        2.979183037676285,
        0.0,
        0.0,
        0.0,
        0.0,
        0.0,
        0.0,
        4.9339381061786565,
        0.0,
        0.0,
        0.0,
        0.0,
        0.0,
        0.0,
        0.0,
        0.0,
        0.0,
        0.0,
        0.0,
        0.0,
        2.121859489344152,
        0.8954986151564008,
        0.0,
        6.7336284678842135
    ],
    "x_lj_mccormick": [
        2.0,
        4.208517792427633,
        0.0,
        0.8417035584855267,
        0.20479898227845333,
        1.0,
        0.0,
        0.0,
        2.0,
        0.45216487697140756,
        0.46238124305857764,
        0.8601764457701162,
        1.0,
        1.1398235542298838,
        1.488296775502959,
        0.0,
        0.0,
        0.0,
        1.1398235542298838,
        1.8278427170940519,
        0.0,
        2.0,
        0.9435794923739662,
        0.9690928905539367,
        0.0,
        0.0,
        5.50671164749536,
        2.4724713901809254,
        0.0,
        0.020816962323714685,
        2.0,
        0.9791830376762853,
        0.0,
        2.0,
        6.0,
        0.0,
        1.9445095336743585,
        1.0,
        0.0,
        0.0,
        1.4855561230238088,
        3.4483819831548477,
        0.0,
        1.152961794915087,
        3.172157282905948,
        0.6516586533424831,
        2.0,
        0.0,
        0.0,
        1.0,
        1.5376187569414224,
        1.0173581045005529,
        0.0
    ],
    "q_mccormick": [
        0.0,
        0.0,
        0.0,
        0.7202434612079643,
        0.88806267310545,
        0.17556250950847363,
        0.0,
        0.0,
        0.06108075609570864,
        0.27975653879203566,
        0.0,
        1.0,
        0.0,
        0.0,
        0.37499999999999994,
        0.0,
        0.0,
        0.2558516122485205,
        0.7022315151779956,
        0.0,
        0.2572219384880956,
        0.8244374904915264,
        1.0,
        0.22230868191195158,
        0.2986868077362724,
        0.0,
        0.29776848482200435,
        0.0,
        0.7441483877514795,
        1.0,
        0.8304403159165745,
        0.0,
        0.0,
        0.0,
        0.0,
        0.0,
        0.0,
        0.0,
        0.16955968408342548,
        0.1582964415144733,
        0.0,
        0.0,
        1.0,
        0.0,
        0.0,
        0.7776913180880485,
        0.0,
        1.0,
        0.0,
        0.0,
        0.0,
        0.0,
        0.0,
        0.0,
        0.7427780615119044,
        0.0,
        0.0,
        0.0,
        0.0,
        0.0,
        0.0,
        0.0,
        0.0,
        0.0,
        0.0,
        0.0,
        0.0,
        0.265232436168019,
        0.1119373268945501,
        0.0,
        0.8417035584855267
    ],