{
    "x_ij_mccormick": [
        0.0,
        0.5656063833431821,
        0.0,
        0.0,
        0.0,
        0.0,
        1.3633777299001435,
        0.0,
        0.0,
        0.0,
        0.0,
        0.0,
        0.0,
        0.0,
        0.0,
        0.0,
        0.0,
        0.0,
        0.2318023210382132,
        0.0,
        0.0,
        0.0,
        0.0,
        0.0,
        0.0,
        0.0,
        0.0,
        2.0,
        0.0,
        0.0,
        0.0,
        0.0,
        0.0,
        0.0,
        0.0,
        0.0,
        0.0,
        0.0,
        0.0,
        0.0,
        0.0,
        0.0,
        0.0,
        0.7490590335885838,
        0.0,
        0.0,
        0.0,
        0.0,
        0.0,
        0.0,
        0.0,
        0.0,
        0.0,
        0.0,
        0.0,
        1.0714889850340883,
        0.0,
        0.4241451659029418,
        0.0,
        0.11236035324216642,
        0.0,
        0.0,
        0.0,
        0.0,
        6.0,
        0.0,
        0.0,
        0.0,
        0.0,
        0.7681976789617868,
        0.0,
        0.0,
        0.0,
        0.0,
        0.0,
        0.0,
        0.0038723111745143646,
        0.7581413661445711,
        0.0,
        0.0,
        0.0,
        0.0,
        0.0,
        0.0,
        0.0,
        0.0,
        0.0,
        0.059074362226206434,
        0.0,
        0.0,
        0.0,
        0.0,
        0.0,
        0.0,
        0.0,
        0.0,
        0.0,
        0.8102039506068777,
        0.0,
        0.039820210986033056,
        0.0,
        0.0,
        0.0,
        0.0,
        0.0,
        0.0,
        0.0,
        0.0,
        0.0,
        0.0,
        0.0,
        0.0,
        0.0,
        5.632766680384746,
        0.0,
        0.0
    ],
    "x_il_mccormick": [
        0.0,
        0.0,
        0.0,
        2.2212909960924856,
        4.554121816381869,
        0.9510610939752703,
        0.0,
        0.0,
        1.4931512928013078,
        0.6528182644039736,
        0.0,
        3.0,
        0.0,
        0.0,
        3.0,
        0.0,
        0.0,
        1.6968191500295469,
        5.0,
        0.0,
        0.1683318679299286,
        0.6816888649500717,
        3.0,
        0.6922582299229159,
        2.307741770077084,
        0.0,
        3.0,
        0.0,
        1.9285110149659117,
        1.2601680452003952,
        1.3156867888966632,
        0.0,
        0.0,
        0.0,
        0.0,
        0.0,
        0.0,
        0.0,
        0.3672333196152535,
        0.07964042197206611,
        0.0,
        0.0,
        2.940925637773794,
        0.0,
        0.0,
        2.247964866563052,
        0.0,
        2.91300307872217,
        0.0,
        0.0,
        0.0,
        0.0,
        0.0,
        0.0,
        3.6648895362662994,
        0.0,
        0.0,
        0.0,
        0.0,
        0.0,
        0.0,
        0.0,
        0.0,
        0.0,
        0.6274716015574384,
        0.0,
        0.0,
        1.1991069371216083,
        1.1681263824936454,
        0.0,
        7.218295586239162
    ],
    "x_lj_mccormick": [
        2.0,
        4.337756219197261,
        0.0,
        0.9601797890139669,
        0.6366222700998565,
        0.9961276888254856,
        0.0,
        0.0,
        2.0,
        0.1897960493931223,
        0.6843132111033368,
        1.5058826016909062,
        1.0,
        0.49411739830909385,
        1.4343936166568179,
        0.0,
        0.0,
        0.0,
        0.49411739830909385,
        1.6968191500295469,
        0.0,
        2.0,
        0.9402230964859677,
        1.8876396467578336,
        0.0,
        0.0,
        5.575854834097058,
        2.337148244625112,
        0.0,
        0.0869969212778302,
        2.0,
        0.9130030787221698,
        0.0,
        2.0,
        6.0,
        0.0,
        1.9409256377737936,
        1.0,
        0.0,
        0.0,
        1.241858633855429,
        2.5913627703407993,
        0.0,
        1.2509409664114162,
        3.3031808499704534,
        1.1681263824936454,
        2.0,
        0.0,
        0.0,
        1.0,
        1.3156867888966632,
        0.3672333196152535,
        0.0
    ],
    "q_mccormick": [
        0.0,
        0.0,
        0.0,
        0.7404303320308285,
        0.8053122695843924,
        0.31831113504992825,
        0.0,
        0.0,
        0.18664391160016347,
        0.2595696679691715,
        0.0,
        1.0,
        0.0,
        0.0,
        0.375,
        0.0,
        0.0,
        0.28280319167159107,
        0.6250000000000003,
        0.0,
        0.37907068307228553,
        0.6816888649500717,
        1.0,
        0.2506783778123161,
        0.2884677212596355,
        0.0,
        0.37499999999999967,
        0.0,
        0.7171968083284089,
        0.6862641992212808,
        0.938794446730791,
        0.0,
        0.0,
        0.0,
        0.0,
        0.0,
        0.0,
        0.0,
        0.06120555326920896,
        0.039820210986033056,
        0.0,
        0.0,
        1.0,
        0.0,
        0.0,
        0.7493216221876839,
        0.0,
        1.0,
        0.0,
        0.0,
        0.0,
        0.0,
        0.0,
        0.0,
        0.6209293169277145,
        0.0,
        0.0,
        0.0,
        0.0,
        0.0,
        0.0,
        0.0,
        0.0,
        0.0,
        0.3137358007787192,
        0.0,
        0.0,
        0.14988836714020104,
        0.19468773041560758,
        0.0,
        0.9601797890139669
    ],