{
    "x_ij_mccormick": [
        0.0,
        0.005332821944945998,
        0.0,
        0.0,
        0.7526828071992835,
        0.0,
        1.6311020199849464,
        0.0,
        0.0,
        0.0,
        0.0,
        0.0,
        0.0,
        0.0,
        0.0,
        0.0,
        0.0,
        0.0,
        0.0,
        0.0,
        0.0,
        0.0,
        0.0,
        0.0,
        0.0,
        0.0,
        0.0,
        2.0,
        0.0,
        0.0,
        0.0,
        0.0,
        0.0,
        0.0,
        0.0,
        0.0,
        0.0,
        0.0,
        0.0,
        0.0,
        0.0,
        0.0,
        0.0,
        0.5650245474020872,
        0.0,
        0.0,
        0.0,
        0.0,
        0.0,
        0.0,
        0.0,
        0.0,
        0.0,
        0.0,
        0.0,
        0.4422216623246551,
        0.0,
        0.22883887158436633,
        0.0,
        0.29063461511302413,
        0.0,
        0.0,
        0.0,
        0.0,
        6.0,
        0.0,
        0.0,
        0.0,
        0.0,
        0.7695101156219707,
        0.0,
        0.0,
        0.0,
        0.0,
        0.0,
        0.0,
        0.0,
        0.6242549389187648,
        0.1784020245446576,
        0.0,
        0.0,
        0.0,
        0.0,
        0.0,
        0.0,
        0.0,
        0.0,
        0.0,
        0.0,
        0.0,
        0.0,
        0.0,
        0.0,
        0.0,
        0.0,
        0.0,
        0.0,
        0.7660552156968978,
        0.0,
        0.24731719280071673,
        0.0,
        0.0,
        0.0,
        0.0,
        0.0,
        0.017188624485060977,
        0.0,
        0.0,
        0.0,
        0.0,
        0.0,
        0.0,
        0.0,
        3.860858483626789,
        0.0,
        0.0
    ],
    "x_il_mccormick": [
        0.0,
        0.48315446051797156,
        0.0,
        2.1342431033445166,
        4.026293712213021,
        0.5533469700225802,
        0.0,
        0.0,
        0.050652022096046544,
        0.7609736009256378,
        0.0,
        3.0,
        0.0,
        0.0,
        3.0,
        0.0,
        0.0,
        0.005332821944945887,
        5.0,
        0.0,
        0.4945380486732325,
        0.33239654947450165,
        3.0,
        0.7431876053556496,
        2.25681239464435,
        0.0,
        3.0,
        0.0,
        2.557778337675345,
        1.4183605715897083,
        1.3528005568259254,
        0.0,
        0.0,
        0.0,
        0.0,
        0.0,
        0.0,
        0.0,
        1.9838157599011574,
        0.2466741244768719,
        0.0,
        0.0,
        3.0,
        0.0,
        0.0,
        2.2568123946443506,
        0.0,
        2.9531083480829423,
        0.0,
        0.0,
        0.0,
        0.0,
        0.0,
        0.0,
        4.334211133692997,
        0.0,
        0.0,
        0.9552521745920035,
        0.0,
        0.0,
        0.0,
        0.0,
        0.0,
        0.04689165191705787,
        0.5214946976752968,
        0.0,
        0.0,
        2.6925355832596027,
        1.4466059331136085,
        0.0,
        7.013303502092513
    ],
    "x_lj_mccormick": [
        1.2473171928007165,
        5.259977626569385,
        0.0,
        0.7526828071992833,
        0.3688979800150535,
        1.0,
        0.0,
        0.0,
        2.0,
        0.23394478430310223,
        0.6612719199670523,
        1.431556018434763,
        1.0,
        0.5684439815652369,
        1.994667178055054,
        0.0,
        0.0,
        0.0,
        0.5684439815652369,
        0.0,
        0.0,
        2.0,
        1.0,
        1.7093653848869759,
        0.2304898843780293,
        0.0,
        5.771161128415634,
        2.104774216390351,
        0.0,
        0.12406465519401533,
        1.9687388987219614,
        0.8759353448059847,
        0.1553257564720538,
        1.8215979754553424,
        6.0,
        0.1784020245446576,
        2.0,
        1.0,
        0.0,
        0.0,
        1.3757450610812352,
        3.453004121284994,
        0.0,
        1.2565734280532552,
        5.0,
        0.1715783918653781,
        2.0,
        0.0,
        0.0,
        1.0,
        1.3387280800329477,
        1.9838157599011574,
        0.014072476792977628
    ],
    "q_mccormick": [
        0.0,
        0.48315446051797156,
        0.0,
        0.7114143677815056,
        0.6282867140266276,
        0.18444899000752674,
        0.0,
        0.0,
        0.006331502762005818,
        0.2885856322184944,
        0.0,
        1.0,
        0.0,
        0.0,
        0.375,
        0.0,
        0.0,
        0.002666410972472999,
        0.625,
        0.0,
        0.3121274694593824,
        0.33239654947450165,
        1.0,
        0.24772920178521654,
        0.2821015493305439,
        0.0,
        0.375,
        0.0,
        0.997333589027527,
        0.7392526511623516,
        0.6693640400164739,
        0.0,
        0.0,
        0.0,
        0.0,
        0.0,
        0.0,
        0.0,
        0.33063595998352613,
        0.12333706223843595,
        0.0,
        0.0,
        1.0,
        0.0,
        0.0,
        0.7522707982147835,
        0.0,
        0.9843694493609807,
        0.0,
        0.0,
        0.0,
        0.0,
        0.0,
        0.0,
        0.6878725305406176,
        0.0,
        0.0,
        0.15920869576533392,
        0.0,
        0.0,
        0.0,
        0.0,
        0.0,
        0.01563055063901929,
        0.2607473488376484,
        0.0,
        0.0,
        0.3365669479074504,
        0.21250459020803844,
        0.0,
        0.8766629377615641
    ],