{
    "x_ij_mccormick": [
        0.0,
        0.0,
        0.0,
        0.0,
        0.8009629919835244,
        0.0,
        1.871558023726598,
        0.0,
        0.0,
        0.0,
        0.0,
        0.0,
        0.0,
        0.0,
        0.0,
        0.0,
        0.0,
        0.0,
        0.0,
        0.0,
        0.0,
        0.0,
        0.0,
        0.0,
        0.0,
        0.0,
        0.0,
        2.0,
        0.0,
        0.0,
        0.0,
        0.0,
        0.0,
        0.0,
        0.0,
        0.0,
        0.0,
        0.0,
        0.0,
        0.0,
        0.0,
        0.0,
        0.0,
        1.013364393882828,
        0.0,
        0.0,
        0.0,
        0.0,
        0.0,
        0.0,
        0.0,
        0.0,
        0.0,
        0.0,
        0.0,
        0.3297158114608254,
        0.0,
        1.1925454458737281,
        0.05651277622866957,
        1.6940734813141913,
        0.0,
        0.0,
        0.0,
        0.0,
        6.0,
        0.0,
        0.0,
        0.0,
        0.0,
        0.791210390469316,
        0.0,
        0.0,
        0.0,
        0.0,
        0.0,
        0.0,
        0.0,
        0.9780470323752639,
        0.0,
        0.0,
        0.0,
        0.0,
        0.0,
        0.0,
        0.0,
        0.0,
        0.0,
        0.0,
        0.0,
        1.5652701691621445,
        0.0,
        0.0,
        0.0,
        0.0,
        0.0,
        0.0,
        0.0,
        0.8039680441863603,
        0.0,
        0.1990370080164755,
        0.0,
        0.0,
        0.0,
        0.0,
        0.0,
        0.0,
        0.0,
        0.0,
        0.0,
        0.0,
        0.0,
        0.0,
        0.0,
        5.572329906082885,
        0.0,
        0.0
    ],
    "x_il_mccormick": [
        0.0,
        0.0,
        0.0,
        2.1433572574123922,
        4.329548425825809,
        0.8925282654813287,
        0.0,
        0.0,
        0.8650290590547278,
        0.7671271175387117,
        0.0,
        3.0,
        0.0,
        0.0,
        3.0,
        0.0,
        0.0,
        0.0,
        6.986635606117172,
        0.0,
        0.5532429433604169,
        0.2359137107920733,
        3.0,
        0.93991030191795,
        2.06008969808205,
        0.0,
        1.0133643938828278,
        0.0,
        2.6702841885391746,
        0.5147161282164927,
        1.2362256496811097,
        0.0,
        0.0,
        0.0,
        0.0,
        0.0,
        0.0,
        0.0,
        0.4769920250985411,
        0.34102434653102287,
        0.0,
        0.0,
        3.0,
        0.0,
        0.0,
        1.9638533737793833,
        0.0,
        2.9434872237713305,
        0.0,
        0.0,
        0.0,
        0.0,
        0.0,
        0.0,
        3.0382657780589843,
        0.0,
        0.0,
        0.0,
        0.0,
        0.0,
        0.0,
        0.0,
        0.0,
        0.0,
        0.0,
        0.0,
        0.0,
        2.074881242863221,
        0.35278885105389385,
        0.0,
        6.635902613875909
    ],
    "x_lj_mccormick": [
        1.1990370080164756,
        4.9769269604069315,
        0.0,
        0.8009629919835245,
        0.1284419762734019,
        1.0,
        0.0,
        0.0,
        2.0,
        0.19603195581363972,
        0.7144524191374642,
        1.3297158114608254,
        1.0,
        0.6702841885391746,
        2.0,
        0.0,
        0.0,
        0.0,
        0.6702841885391746,
        0.0,
        0.0,
        2.0,
        0.9037636756973332,
        0.30592651868580867,
        0.208789609530684,
        0.0,
        4.807454554126272,
        3.192545445873728,
        0.0,
        0.0,
        2.0,
        0.9434872237713304,
        0.0,
        2.0,
        6.0,
        0.0,
        2.0,
        1.0,
        0.0,
        0.0,
        1.021952967624736,
        2.4777387426654465,
        0.09181701112921847,
        0.9866356061171719,
        3.342912819708637,
        0.35278885105389385,
        1.9081829888707815,
        0.0,
        0.0,
        1.0918170111292185,
        1.2855475808625358,
        0.42767009391711497,
        0.0
    ],
    "q_mccormick": [
        0.0,
        0.0,
        0.0,
        0.714452419137464,
        0.9412018581576844,
        0.7640862892079268,
        0.0,
        0.0,
        0.108128632381841,
        0.28554758086253595,
        0.0,
        1.0,
        0.0,
        0.0,
        0.375,
        0.0,
        0.0,
        0.0,
        0.8733294507646465,
        0.0,
        0.48902351618763196,
        0.2359137107920733,
        1.0,
        0.3453822087402056,
        0.25751121226025625,
        0.0,
        0.12667054923535348,
        0.0,
        1.0,
        1.0,
        0.9287216510138142,
        0.0,
        0.0,
        0.0,
        0.0,
        0.0,
        0.0,
        0.0,
        0.07127834898618583,
        0.17051217326551144,
        0.0,
        0.0,
        1.0,
        0.0,
        0.0,
        0.6546177912597944,
        0.0,
        1.0,
        0.0,
        0.0,
        0.0,
        0.0,
        0.0,
        0.0,
        0.510976483812368,
        0.0,
        0.0,
        0.0,
        0.0,
        0.0,
        0.0,
        0.0,
        0.0,
        0.0,
        0.0,
        0.0,
        0.0,
        0.25936015535790274,
        0.05879814184231564,
        0.0,
        0.8294878267344885
    ],