{
    "x_ij_mccormick": [
        0.0,
        0.49196661774271755,
        0.0,
        0.0,
        0.8183093788163442,
        0.0,
        1.629068235325909,
        0.0,
        0.0,
        0.0,
        0.0,
        0.0,
        0.0,
        0.0,
        0.0,
        0.0,
        0.0,
        0.0,
        0.24684099465934017,
        0.0,
        0.0,
        0.0,
        0.0,
        0.0,
        0.0,
        0.0,
        0.0,
        2.0,
        0.0,
        0.0,
        0.0,
        0.0,
        0.0,
        0.0,
        0.0,
        0.0,
        0.0,
        0.0,
        0.0,
        0.0,
        0.0,
        0.0,
        0.0,
        0.9805987134751678,
        0.0,
        0.0,
        0.0,
        0.0,
        0.0,
        0.0,
        0.0,
        0.0,
        0.0,
        0.0,
        0.0,
        0.0,
        0.0,
        1.2911736689617417,
        0.17167780147673017,
        2.0,
        0.0,
        0.0,
        0.0,
        0.0,
        6.0,
        0.0,
        0.0,
        0.0,
        0.0,
        0.7531590053406598,
        0.0,
        0.0,
        0.0,
        0.0,
        0.0,
        0.0,
        0.0,
        0.971055141216455,
        0.0,
        0.0,
        0.0,
        0.0,
        0.0,
        0.0,
        0.0,
        0.0,
        0.0,
        0.0,
        0.0,
        0.5387249181998734,
        0.0,
        0.0,
        0.0,
        0.0,
        0.0,
        0.0,
        0.0,
        0.5462938289018501,
        0.0,
        0.12956278870475424,
        0.0,
        0.0,
        0.0,
        0.0,
        0.0,
        0.0,
        0.0,
        0.0,
        0.0,
        0.0,
        0.055721538972850704,
        0.0,
        0.0,
        4.384046248235003,
        0.0,
        0.0
    ],
    "x_il_mccormick": [
        0.0,
        0.49915862400262634,
        0.0,
        2.2553910180615304,
        4.027503746696285,
        0.8717731406714648,
        0.0,
        0.0,
        0.0,
        0.6611666234750915,
        0.0,
        3.0,
        0.0,
        0.0,
        3.0,
        0.0,
        0.0,
        0.0,
        7.0194012865248325,
        0.0,
        0.9774231862572187,
        0.0,
        3.0,
        1.0093563006708202,
        1.9906436993291798,
        0.0,
        0.9805987134751675,
        0.0,
        3.0,
        0.0,
        1.537148529561528,
        0.0,
        0.0,
        0.0,
        0.0,
        0.0,
        0.0,
        0.0,
        1.3885544113154162,
        0.248684468557358,
        0.0,
        0.0,
        3.0,
        0.0,
        0.0,
        1.8931590338317583,
        0.0,
        2.916417691540724,
        0.0,
        0.0,
        0.0,
        0.0,
        0.0,
        0.0,
        2.7603480035645847,
        0.0,
        0.0,
        0.0,
        0.0,
        0.0,
        0.0,
        0.0,
        0.0,
        0.08358230845927617,
        0.0,
        0.0,
        0.0,
        3.00935630067082,
        0.550875912121327,
        0.0,
        7.213773455686172
    ],
    "x_lj_mccormick": [
        1.1816906211836558,
        5.410330091764629,
        0.0,
        0.8704372112952458,
        0.3709317646740911,
        1.0,
        0.0,
        0.0,
        2.0,
        0.4537061710981499,
        0.4628514704384721,
        1.7238773752173018,
        1.0,
        0.2761226247826982,
        1.5080333822572825,
        0.0,
        0.0,
        0.0,
        0.2761226247826982,
        1.2158439929600195,
        0.0,
        2.0,
        0.9025153345025784,
        0.0,
        0.0,
        0.0,
        4.708826331038258,
        3.2911736689617417,
        0.0,
        0.0,
        1.9442784610271493,
        0.8283221985232698,
        0.22739934044958088,
        2.0,
        6.0,
        0.0,
        2.0,
        1.0,
        0.0,
        0.0,
        1.028944858783545,
        2.7088263310382583,
        0.0,
        1.019401286524832,
        3.245431088840107,
        0.3135472834526727,
        2.0,
        0.0,
        0.0,
        1.0,
        1.537148529561528,
        1.3885544113154162,
        0.0
    ],
    "q_mccormick": [
        0.0,
        0.49915862400262634,
        0.0,
        0.7517970060205101,
        0.9311405109848341,
        0.5008413759973737,
        0.0,
        0.0,
        0.0,
        0.24820299397948983,
        0.0,
        1.0,
        0.0,
        0.0,
        0.375,
        0.0,
        0.0,
        0.24598330887135877,
        0.8774251608156041,
        0.0,
        0.4855275706082275,
        0.0,
        1.0,
        0.3689469887227473,
        0.24883046241614748,
        0.0,
        0.12257483918439593,
        0.0,
        0.7540166911286412,
        0.0,
        0.768574264780764,
        0.0,
        1.0,
        0.0,
        0.0,
        0.0,
        0.0,
        0.0,
        0.23142573521923604,
        0.09827831803922848,
        0.0,
        0.0,
        1.0,
        0.0,
        0.0,
        0.6310530112772528,
        0.0,
        0.9721392305135746,
        0.0,
        0.0,
        0.0,
        0.0,
        0.0,
        0.0,
        0.5144724293917725,
        0.0,
        0.0,
        0.0,
        0.0,
        0.0,
        0.0,
        0.0,
        0.0,
        0.02786076948642539,
        0.0,
        0.0,
        0.0,
        0.3761695375838525,
        0.06885948901516588,
        0.0,
        0.9017216819607715
    ],