{
    "x_ij_mccormick": [
        0.0,
        0.45872677852265564,
        0.0,
        0.0,
        0.3741595270349283,
        0.0,
        1.6223780461709452,
        0.0,
        0.0,
        0.0,
        0.0,
        0.0,
        0.0,
        0.0,
        0.0,
        0.0,
        0.0,
        0.0,
        0.22506693802088862,
        0.0,
        0.0,
        0.0,
        0.0,
        0.0,
        0.0,
        0.0,
        0.0,
        2.0,
        0.0,
        0.0,
        0.0,
        0.0,
        0.0,
        0.0,
        0.0,
        0.0,
        0.0,
        0.0,
        0.0,
        0.0,
        0.0,
        0.0,
        0.0,
        0.9953593725855969,
        0.0,
        0.0,
        0.0,
        0.0,
        0.0,
        0.0,
        0.0,
        0.0,
        0.0,
        0.0,
        0.0,
        0.0,
        0.0,
        0.49767968629279835,
        0.21867922359640912,
        1.525403413622527,
        0.0,
        0.0,
        0.0,
        0.0,
        6.0,
        0.0,
        0.0,
        0.0,
        0.0,
        0.7749330619791114,
        0.0,
        0.0,
        0.0,
        0.0,
        0.0,
        0.0,
        0.0643419987229924,
        0.6373016202877,
        0.0,
        0.0,
        0.0,
        0.0,
        0.0,
        0.0,
        0.0,
        0.0,
        0.0,
        0.0,
        0.0,
        0.0,
        0.0,
        0.0,
        0.0,
        0.0,
        0.0,
        0.0,
        0.0,
        0.34513991587955095,
        0.0,
        0.0998374176087995,
        0.0,
        0.0,
        0.0,
        0.0,
        0.0,
        0.0,
        0.0,
        0.0,
        0.0,
        0.0,
        0.0,
        0.0,
        0.0,
        5.1678600887342645,
        0.0,
        0.0
    ],
    "x_il_mccormick": [
        0.0,
        0.8111890230854726,
        0.0,
        2.3133326697612198,
        2.6848632921440254,
        0.5020909320205897,
        0.0,
        0.0,
        0.9238506297845173,
        0.6497256830829784,
        0.0,
        3.0,
        0.0,
        0.0,
        3.0,
        0.0,
        0.0,
        0.0,
        7.004640627414403,
        0.0,
        0.4068085138914639,
        0.0,
        3.0,
        0.9887249654656414,
        2.011275034534359,
        0.0,
        0.9953593725855971,
        0.0,
        3.0,
        0.47459658637747304,
        1.8090445037333194,
        0.0,
        0.0,
        0.0,
        0.0,
        0.0,
        0.0,
        0.0,
        0.4962179152122579,
        0.19967483521759888,
        0.0,
        0.0,
        3.0,
        0.0,
        0.0,
        1.9281338099139074,
        0.0,
        2.8241358413143973,
        0.0,
        0.0,
        0.0,
        0.0,
        0.0,
        0.0,
        4.458210179528038,
        0.0,
        0.0,
        2.2188125421721794,
        0.0,
        0.0,
        0.0,
        0.0,
        0.0,
        0.17586415868560268,
        0.0,
        0.0,
        0.0,
        2.0648743356811243,
        0.7672655755846116,
        0.0,
        7.201300659129604
    ],
    "x_lj_mccormick": [
        1.6258404729650717,
        4.87497243899093,
        0.0,
        0.9001625823912005,
        0.3776219538290548,
        0.9356580012770076,
        0.0,
        0.0,
        2.0,
        0.654860084120449,
        0.308198268723749,
        1.6422380145755426,
        1.0,
        0.35776198542445736,
        1.5412732214773444,
        0.0,
        0.0,
        0.0,
        0.35776198542445736,
        1.1009647930981983,
        0.0,
        2.0,
        0.9168587753795487,
        0.47459658637747304,
        0.0,
        0.0,
        5.502320313707202,
        2.4976796862927984,
        0.0,
        0.0,
        1.8827572275429316,
        0.7813207764035909,
        0.3359219960534776,
        2.0,
        6.0,
        0.0,
        2.0,
        1.0,
        0.0,
        0.0,
        1.3626983797123,
        3.5023203137072016,
        0.0,
        1.004640627414403,
        3.899035206901802,
        0.7672655755846121,
        2.0,
        0.0,
        0.0,
        1.0,
        1.691801731276251,
        0.4962179152122579,
        0.11724277245706838
    ],
    "q_mccormick": [
        0.0,
        0.8111890230854726,
        0.0,
        0.7711108899204066,
        0.5023203137072015,
        0.18881097691452742,
        0.0,
        0.0,
        0.11548132872306466,
        0.22888911007959348,
        0.0,
        1.0,
        0.0,
        0.0,
        0.375,
        0.0,
        0.0,
        0.22936338926132782,
        0.8755800784268004,
        0.0,
        0.31865081014385,
        0.0,
        1.0,
        0.35728873002869754,
        0.25140937931679486,
        0.0,
        0.12441992157319966,
        0.0,
        0.7706366107386722,
        1.0,
        0.9172970141312904,
        0.0,
        0.0,
        0.0,
        0.0,
        0.0,
        0.0,
        0.0,
        0.08270298586870965,
        0.09983741760879944,
        0.0,
        0.0,
        1.0,
        0.0,
        0.0,
        0.6427112699713025,
        0.0,
        0.9413786137714658,
        0.0,
        0.0,
        0.0,
        0.0,
        0.0,
        0.0,
        0.68134918985615,
        0.0,
        0.0,
        0.3698020903620299,
        0.0,
        0.0,
        0.0,
        0.0,
        0.0,
        0.058621386228534224,
        0.0,
        0.0,
        0.0,
        0.2581092919601405,
        0.1278775959307686,
        0.0,
        0.9001625823912005
    ],