{
    "x_ij_mccormick": [
        0.0,
        0.45266647504798074,
        0.0,
        0.0,
        0.7542089333962638,
        0.0,
        1.8097868586141366,
        0.0,
        0.0,
        0.0,
        0.0,
        0.0,
        0.0,
        0.0,
        0.0,
        0.0,
        0.0,
        0.0,
        0.23755320429192195,
        0.0,
        0.0,
        0.0,
        0.0,
        0.0,
        0.0,
        0.0,
        0.0,
        2.0,
        0.0,
        0.5667651234591282,
        0.0,
        0.0,
        0.0,
        0.0,
        0.0,
        0.0,
        0.0,
        0.0,
        0.0,
        0.0,
        0.0,
        0.0,
        0.0,
        0.9084395087622821,
        0.0,
        0.0,
        0.0,
        0.0,
        0.0,
        0.0,
        0.0,
        0.0,
        0.0,
        0.0,
        0.0,
        0.6571732385109157,
        0.0,
        0.6309346529022539,
        0.08722624048600858,
        1.2144164122847318,
        0.0,
        0.0,
        0.0,
        0.0,
        6.0,
        0.0,
        0.0,
        0.0,
        0.0,
        0.762446795708078,
        0.0,
        0.0,
        0.0,
        0.0,
        0.0,
        0.0,
        0.0,
        0.7467722708890181,
        0.0,
        0.0,
        0.0,
        0.0,
        0.0,
        0.0,
        0.0,
        0.0,
        0.0,
        0.0,
        0.0,
        0.0,
        0.0,
        0.0,
        0.0,
        0.0,
        0.0,
        0.0,
        0.0,
        0.5663334952362962,
        0.0,
        0.24579106660373629,
        0.0,
        0.0,
        0.0,
        0.0,
        0.0,
        0.0,
        0.0,
        0.0,
        0.0,
        0.0,
        0.0,
        0.0,
        0.0,
        5.95669062676366,
        0.0,
        0.0
    ],
    "x_il_mccormick": [
        0.0,
        0.0,
        0.0,
        2.2005522333217584,
        2.78889632161192,
        0.8286760025956263,
        0.0,
        0.0,
        1.6276486246716564,
        0.7368587525454758,
        0.0,
        3.0,
        0.0,
        0.0,
        2.4332348765408716,
        0.0,
        0.0,
        0.0,
        6.379370461521904,
        0.0,
        0.3288637460820678,
        0.3615371387902371,
        3.0,
        1.1041928744488685,
        1.8958071255511315,
        0.0,
        1.6206295384780958,
        0.0,
        2.3428267614890843,
        0.7855835877152682,
        1.4962555188964695,
        0.0,
        0.0,
        0.0,
        0.0,
        0.0,
        0.0,
        0.0,
        0.04330937323634032,
        0.42497217604956394,
        0.0,
        0.0,
        3.0,
        0.0,
        0.0,
        1.796485012035118,
        0.0,
        2.9127737595139913,
        0.0,
        0.0,
        0.0,
        0.0,
        0.0,
        0.0,
        3.7640340330381568,
        0.0,
        0.0,
        3.0875443963558844,
        0.0,
        0.0,
        0.0,
        0.0,
        0.0,
        0.0,
        0.0,
        0.0,
        0.0,
        2.0433093732363403,
        0.0,
        0.0,
        6.300111295801743
    ],
    "x_lj_mccormick": [
        1.2457910666037362,
        4.725083471851308,
        0.0,
        0.7542089333962637,
        0.19021314138586348,
        1.0,
        0.0,
        0.0,
        2.0,
        0.43366650476370383,
        0.5037444811035305,
        1.6540744653794741,
        1.0,
        0.34592553462052567,
        1.5473335249520193,
        0.0,
        0.0,
        0.0,
        0.3459255346205259,
        0.4495677019165393,
        0.0,
        2.0,
        0.9006778864839864,
        0.7855835877152682,
        0.0,
        0.0,
        5.369065347097746,
        2.630934652902254,
        0.0,
        0.0,
        2.0,
        0.9127737595139914,
        0.0,
        2.0,
        6.0,
        0.0,
        2.0,
        1.0,
        0.0,
        0.0,
        1.253227729110982,
        2.7118921085868304,
        0.1277779414224125,
        1.091560491237718,
        4.422654356661049,
        0.36222587006903795,
        1.8722220585775875,
        0.0,
        0.0,
        1.1277779414224125,
        1.4962555188964695,
        0.04330937323634032,
        0.0
    ],
    "q_mccormick": [
        0.0,
        0.0,
        0.0,
        0.7335174111072529,
        0.545780245618859,
        0.6384628612097629,
        0.0,
        0.0,
        0.20345607808395705,
        0.26648258889274706,
        0.0,
        1.0,
        0.0,
        0.0,
        0.30415435956760906,
        0.0,
        0.0,
        0.22633323752399037,
        0.797421307690238,
        0.0,
        0.37338613544450905,
        0.3615371387902371,
        1.0,
        0.4011716626549607,
        0.23697589069389144,
        0.0,
        0.20257869230976197,
        0.0,
        0.7736667624760096,
        1.0,
        0.9927817711272766,
        0.0,
        0.0,
        0.0,
        0.0,
        0.0,
        0.0,
        0.0,
        0.007218228872723387,
        0.21248608802478197,
        0.0,
        0.0,
        1.0,
        0.0,
        0.0,
        0.5988283373450394,
        0.0,
        1.0,
        0.0,
        0.0,
        0.0,
        0.0,
        0.0,
        0.0,
        0.626613864555491,
        0.0,
        0.0,
        0.45421975438114104,
        0.0,
        0.0,
        0.0,
        0.0,
        0.0,
        0.0,
        0.0,
        0.0,
        0.0,
        0.25541367165454243,
        0.0,
        0.0,
        0.787513911975218
    ],