{
    "x_ij_mccormick": [
        0.0,
        0.3183227730533562,
        0.0,
        0.0,
        0.0,
        0.0,
        1.8875014738170135,
        0.0,
        0.0,
        0.0,
        0.0,
        0.0,
        0.0,
        0.0,
        0.0,
        0.0,
        0.0,
        0.0,
        0.0,
        0.0,
        0.0,
        0.0,
        0.0,
        0.0,
        0.061221027864221345,
        0.0,
        0.0,
        2.0,
        0.0,
        0.0,
        0.0,
        0.0,
        0.0,
        0.0,
        0.0,
        0.0,
        0.0,
        0.0,
        0.0,
        0.0,
        0.0,
        0.0,
        0.0,
        0.7676793390652243,
        0.0,
        0.0,
        0.0,
        0.0,
        0.0,
        0.0,
        0.0,
        0.0,
        0.0,
        0.0,
        0.0,
        1.3183227730533562,
        0.0,
        0.35718964729310065,
        0.09807915346981122,
        0.0,
        0.0,
        0.0,
        0.0,
        0.0,
        6.0,
        0.0,
        0.0,
        0.0,
        0.0,
        0.794151816853413,
        0.0,
        0.0,
        0.0,
        0.0,
        0.0,
        0.0,
        0.0,
        1.0051557216109663,
        0.0,
        0.0,
        0.0,
        0.0,
        0.0,
        0.0,
        0.0,
        0.0,
        0.0,
        0.15243364103891222,
        0.0,
        1.5635040641881863,
        0.0,
        0.0,
        0.0,
        0.0,
        0.0,
        0.0,
        0.0,
        0.8513280067135458,
        0.0,
        0.0,
        0.0,
        0.0,
        0.0,
        0.0,
        0.0,
        0.0,
        0.0,
        0.0,
        0.0,
        0.0,
        0.0,
        0.0,
        0.07436676002226168,
        5.866491825216536,
        0.0,
        0.0
    ],
    "x_il_mccormick": [
        0.0,
        0.0,
        0.0,
        2.306178810828402,
        4.800531177085268,
        0.42630772003819856,
        0.0,
        0.0,
        0.96831526361178,
        0.6112194527341863,
        0.0,
        3.0,
        0.0,
        0.0,
        3.0,
        0.0,
        0.0,
        0.3183227730533563,
        5.0,
        0.0,
        0.7189138761335605,
        0.6861908061447879,
        3.0,
        1.0274566783729837,
        1.9725433216270163,
        0.0,
        3.0,
        0.0,
        1.6816772269466438,
        1.3746784973774433,
        1.1700527018596447,
        0.0,
        0.0,
        0.0,
        0.0,
        0.0,
        0.0,
        0.0,
        0.1335081747834641,
        0.26342916067735556,
        0.0,
        0.0,
        2.847566358961088,
        0.0,
        0.0,
        1.8729195169898485,
        0.0,
        2.9019208465301887,
        0.0,
        0.0,
        0.0,
        0.0,
        0.0,
        0.0,
        2.600417981909016,
        0.0,
        0.0,
        1.7804772211390687,
        0.0,
        0.0,
        0.0,
        0.0,
        0.0,
        0.0,
        0.8311696857691437,
        0.0,
        0.0,
        2.0591414147612035,
        0.0,
        0.0,
        6.43168950476928
    ],
    "x_lj_mccormick": [
        2.0,
        3.826833245785313,
        0.0,
        0.8682854196613222,
        0.11249852618298645,
        1.0,
        0.0,
        0.0,
        1.9387789721357787,
        0.14867199328645422,
        0.8299472981403553,
        1.6816772269466438,
        0.9256332399777383,
        0.3926895330756177,
        1.6816772269466438,
        0.0,
        0.0,
        0.0,
        0.3183227730533563,
        0.0,
        0.0,
        2.0,
        0.9003761953628321,
        2.0,
        0.20584818314658707,
        0.0,
        5.642810352706899,
        2.357189647293101,
        0.0,
        0.0,
        2.0,
        0.9019208465301888,
        0.0,
        2.0,
        6.0,
        0.0,
        1.8475663589610878,
        1.0,
        0.0,
        0.0,
        0.9948442783890338,
        2.324487579653543,
        0.0,
        1.2323206609347757,
        3.568210516150492,
        1.7804772211390687,
        2.0,
        0.13171458033867778,
        0.0,
        0.8682854196613222,
        1.1700527018596447,
        0.1335081747834641,
        0.0
    ],
    "q_mccormick": [
        0.0,
        0.0,
        0.0,
        0.7687262702761339,
        0.703253796476822,
        0.3138091938552121,
        0.0,
        0.0,
        0.1210394079514725,
        0.23127372972386606,
        0.0,
        1.0,
        0.0,
        0.0,
        0.375,
        0.0,
        0.0,
        0.1591613865266781,
        0.625,
        0.0,
        0.5025778608054832,
        0.6861908061447879,
        1.0,
        0.3756934943367172,
        0.24656791520337706,
        0.0,
        0.375,
        0.0,
        0.8408386134733219,
        0.5844151571154281,
        0.9777486375360893,
        0.0,
        0.0,
        0.0,
        0.0,
        0.0,
        0.0,
        0.0,
        0.022251362463910684,
        0.13171458033867778,
        0.0,
        0.0,
        1.0,
        0.0,
        0.0,
        0.6243065056632828,
        0.0,
        1.0,
        0.0,
        0.0,
        0.0,
        0.0,
        0.0,
        0.0,
        0.4974221391945169,
        0.0,
        0.0,
        0.2967462035231781,
        0.0,
        0.0,
        0.0,
        0.0,
        0.0,
        0.0,
        0.41558484288457187,
        0.0,
        0.0,
        0.25739267684515044,
        0.0,
        0.0,
        0.8682854196613222
    ],