{
    "x_ij_mccormick": [
        0.0,
        0.0,
        0.13930484955466832,
        0.0,
        0.1915283461977353,
        0.0,
        1.2819908077849425,
        0.0,
        0.0,
        0.0,
        0.0,
        0.0,
        0.0,
        0.0,
        0.0,
        0.0,
        0.0,
        0.0,
        0.0,
        0.0,
        0.0,
        0.0,
        0.0,
        0.0,
        0.0,
        0.0,
        0.0,
        2.0,
        0.0,
        0.0,
        0.0,
        0.0,
        0.0,
        0.0,
        0.0,
        0.0,
        0.0,
        0.0,
        0.0,
        0.0,
        0.0,
        0.0,
        0.0,
        0.9210826827928353,
        0.0,
        0.0,
        0.0,
        0.0,
        0.0,
        0.0,
        0.0,
        0.0,
        0.0,
        0.0,
        0.0,
        0.28422243376432865,
        0.0,
        0.9433857575158431,
        0.04799368048918473,
        1.4065688542291723,
        0.0,
        0.0,
        0.0,
        0.0,
        6.0,
        0.0,
        0.0,
        0.0,
        0.0,
        0.7880296529805826,
        0.0,
        0.0,
        0.0,
        0.0,
        0.0,
        0.0,
        0.0,
        0.9925586921451401,
        0.05327301292905906,
        0.0,
        0.0,
        0.0,
        0.0,
        0.0,
        0.0,
        0.0,
        0.0,
        0.0,
        0.0,
        0.0,
        0.0,
        0.0,
        0.0,
        0.0,
        0.0,
        0.0,
        0.0,
        0.8305326219969384,
        0.0,
        0.016164117738067696,
        0.0,
        0.0,
        0.0,
        0.0,
        0.0,
        0.0,
        0.0,
        0.0,
        0.0,
        0.0,
        0.0,
        0.0,
        0.07698220746255915,
        4.760105288514487,
        0.0,
        0.0
    ],
    "x_il_mccormick": [
        0.0,
        0.0,
        0.0,
        2.2230867314627067,
        2.64097385411206,
        1.7180091922150575,
        0.0,
        0.0,
        0.0,
        0.6874095570279236,
        0.0,
        3.0,
        0.0,
        0.0,
        2.584377297815218,
        0.0,
        0.0,
        0.0,
        7.078917317207164,
        0.0,
        0.870405671820458,
        0.0,
        3.0,
        0.7472898018381713,
        2.2527101981618287,
        0.0,
        0.9210826827928358,
        0.0,
        2.7157775662356713,
        0.8054014927902452,
        1.2032190692047267,
        0.0,
        0.0,
        0.0,
        0.0,
        0.0,
        0.0,
        0.0,
        1.2956467317932172,
        0.41175565969282996,
        0.0,
        0.0,
        3.0,
        0.0,
        0.0,
        2.2527101981618287,
        0.0,
        2.952006319510815,
        0.0,
        0.0,
        0.0,
        0.0,
        0.0,
        0.0,
        3.003525121644266,
        0.0,
        0.0,
        4.386082665165798,
        0.0,
        0.0,
        0.0,
        0.0,
        0.0,
        0.0,
        0.0,
        0.0,
        0.0,
        3.1629125040229535,
        0.0,
        0.0,
        6.35297736122868
    ],
    "x_lj_mccormick": [
        1.8084716538022647,
        4.16213919696566,
        0.0,
        0.794122170153585,
        0.7180091922150577,
        1.0,
        0.0,
        0.0,
        2.0,
        0.16946737800306158,
        0.7410289104875689,
        1.2842224337643287,
        0.9230177925374409,
        0.7927597736982306,
        2.0,
        0.0,
        0.0,
        0.0,
        0.7157775662356713,
        0.0,
        0.0,
        2.0,
        1.0,
        0.5934311457708278,
        0.21197034701941742,
        0.0,
        5.056614242484157,
        2.943385757515843,
        0.0,
        0.0,
        2.0,
        0.9520063195108153,
        0.0,
        1.946726987070941,
        6.0,
        0.05327301292905906,
        2.0,
        1.0,
        0.0,
        0.0,
        1.0074413078548599,
        2.7723918087198283,
        0.09409767689003604,
        0.8863394547234371,
        5.0956160352183115,
        1.0451010293361098,
        1.9059023231099639,
        0.1897137121083473,
        0.0,
        0.9043839647816887,
        1.258971089512431,
        1.2398947114855128,
        0.0
    ],
    "q_mccormick": [
        0.0,
        0.0,
        0.0,
        0.7410289104875689,
        0.44316972736171856,
        1.0,
        0.0,
        0.0,
        0.0,
        0.25897108951243103,
        0.0,
        1.0,
        0.0,
        0.0,
        0.3230471622269022,
        0.0,
        0.0,
        0.0,
        0.8848646646508955,
        0.0,
        0.49627934607257007,
        0.0,
        1.0,
        0.24909660061272376,
        0.2815887747702286,
        0.0,
        0.11513533534910447,
        0.0,
        1.0,
        1.0,
        0.7933508814190812,
        0.0,
        0.0,
        0.0,
        0.0,
        0.0,
        0.0,
        0.0,
        0.2066491185809188,
        0.20587782984641498,
        0.0,
        0.0,
        1.0,
        0.0,
        0.0,
        0.7509033993872762,
        0.0,
        1.0,
        0.0,
        0.0,
        0.0,
        0.0,
        0.0,
        0.0,
        0.5037206539274299,
        0.0,
        0.0,
        0.5568302726382814,
        0.0,
        0.0,
        0.0,
        0.0,
        0.0,
        0.0,
        0.0,
        0.0,
        0.0,
        0.39536406300286925,
        0.0,
        0.0,
        0.794122170153585
    ],