{
    "x_ij_mccormick": [
        0.0,
        0.0,
        0.0,
        0.0,
        0.2751536096828384,
        0.0,
        1.453063437064945,
        0.0,
        0.0,
        0.0,
        0.0,
        0.0,
        0.0,
        0.0,
        0.0,
        0.0,
        0.0,
        0.0,
        0.2712534551498994,
        0.0,
        0.0,
        0.0,
        0.0,
        0.0,
        0.0,
        0.0,
        0.0,
        2.0,
        0.0,
        0.0,
        0.0,
        0.0,
        0.0,
        0.0,
        0.0,
        0.0,
        0.0,
        0.0,
        0.0,
        0.0,
        0.0,
        0.0,
        0.0,
        0.7891487185064933,
        0.0,
        0.0,
        0.0,
        0.0,
        0.0,
        0.0,
        0.0,
        0.0,
        0.0,
        0.0,
        0.0,
        0.29374148340619266,
        0.0,
        0.8509323985240833,
        0.0,
        2.0,
        0.0,
        0.0,
        0.0,
        0.0,
        6.0,
        0.0,
        0.0,
        0.0,
        0.0,
        0.7287465448501006,
        0.0,
        0.0,
        0.0,
        0.0,
        0.0,
        0.0,
        0.13673197747482058,
        0.710447120674573,
        0.0,
        0.0,
        0.0,
        0.0,
        0.0,
        0.0,
        0.0,
        0.0,
        0.0,
        0.0,
        0.0,
        0.0,
        0.0,
        0.0,
        0.0,
        0.0,
        0.0,
        0.0,
        0.0,
        0.6090538152400161,
        0.0,
        0.12999569793353438,
        0.0,
        0.0,
        0.0,
        0.0,
        0.0,
        0.0,
        0.0,
        0.0,
        0.0,
        0.0,
        0.0,
        0.0,
        0.07087407157666364,
        3.6964906522193397,
        0.0,
        0.0
    ],
    "x_il_mccormick": [
        0.0,
        0.0,
        0.0,
        2.1770897785200156,
        4.294116126741283,
        0.6836728669277624,
        0.0,
        0.0,
        1.1677046647578173,
        0.7433354574985376,
        0.0,
        3.0,
        0.0,
        0.0,
        3.0,
        0.0,
        0.0,
        0.0,
        5.193946337233951,
        0.0,
        0.0,
        0.7265317185324724,
        3.0,
        0.8859124943952283,
        2.114087505604772,
        0.0,
        2.806053662766048,
        0.0,
        2.7062585165938073,
        0.0,
        2.1490676014759167,
        0.0,
        0.0,
        0.0,
        0.0,
        0.0,
        0.0,
        0.0,
        1.5884371537757083,
        0.25999139586706876,
        0.0,
        0.0,
        3.0,
        0.0,
        0.0,
        2.0358081755236874,
        0.0,
        3.0,
        0.0,
        0.0,
        0.0,
        0.0,
        0.0,
        0.0,
        4.181404538665617,
        0.0,
        0.0,
        0.0,
        0.0,
        0.0,
        0.0,
        0.0,
        0.0,
        0.0,
        0.0,
        0.0,
        0.0,
        1.7182078296374108,
        2.514427446566586,
        0.0,
        6.960034416531725
    ],
    "x_lj_mccormick": [
        1.7248463903171616,
        4.625175120015166,
        0.0,
        0.8700043020664656,
        0.5469365629350552,
        0.8632680225251794,
        0.0,
        0.0,
        2.0,
        0.3909461847599839,
        0.5294790512585694,
        1.2937414834061927,
        0.9291259284233364,
        0.7771325881704709,
        2.0,
        0.0,
        0.0,
        0.0,
        0.7062585165938073,
        0.0,
        0.0,
        2.0,
        0.9217206699189155,
        0.0,
        0.0,
        0.0,
        5.149067601475917,
        2.8144068572536174,
        0.0,
        0.036525541270465804,
        2.0,
        0.9634744587295342,
        0.03652554127046582,
        2.0,
        6.0,
        0.0,
        2.0,
        1.0,
        0.0,
        0.0,
        1.289552879325427,
        2.89185165934019,
        0.0,
        1.2108512814935066,
        5.0,
        0.5976922918143633,
        2.0,
        0.0,
        0.0,
        1.0,
        1.4705209487414306,
        2.2669838065101944,
        0.0
    ],
    "q_mccormick": [
        0.0,
        0.0,
        0.0,
        0.7256965928400052,
        0.6805441408746294,
        0.27346828146752766,
        0.0,
        0.0,
        0.14596308309472716,
        0.27430340715999474,
        0.0,
        1.0,
        0.0,
        0.0,
        0.375,
        0.0,
        0.0,
        0.0,
        0.649243292154244,
        0.0,
        0.3552235603372865,
        0.7265317185324724,
        1.0,
        0.32139727482543756,
        0.2642609382005965,
        0.0,
        0.35075670784575597,
        0.0,
        1.0,
        0.0,
        0.7352604743707153,
        0.0,
        1.0,
        0.0,
        0.0,
        0.0,
        0.0,
        0.0,
        0.2647395256292847,
        0.12999569793353438,
        0.0,
        0.0,
        1.0,
        0.0,
        0.0,
        0.6786027251745624,
        0.0,
        1.0,
        0.0,
        0.0,
        0.0,
        0.0,
        0.0,
        0.0,
        0.6447764396627135,
        0.0,
        0.0,
        0.0,
        0.0,
        0.0,
        0.0,
        0.0,
        0.0,
        0.0,
        0.0,
        0.0,
        0.0,
        0.21477597870467635,
        0.31945585912537056,
        0.0,
        0.8700043020664656
    ],