{
    "x_ij_mccormick": [
        0.0,
        0.47156980750281896,
        0.0,
        0.0,
        0.5499503177403762,
        0.0,
        1.3860491469984009,
        0.0,
        0.0,
        0.0,
        0.0,
        0.0,
        0.0,
        0.0,
        0.0,
        0.0,
        0.0,
        0.0,
        0.2171620666451628,
        0.0,
        0.0,
        0.0,
        0.0,
        0.0,
        0.0,
        0.0,
        0.0,
        2.0,
        0.0,
        0.0,
        0.0,
        0.0,
        0.0,
        0.0,
        0.0,
        0.0,
        0.0,
        0.0,
        0.0,
        0.0,
        0.0,
        0.0,
        0.0,
        0.9426452469414024,
        0.0,
        0.0,
        0.0,
        0.0,
        0.0,
        0.0,
        0.0,
        0.0,
        0.0,
        0.0,
        0.0,
        0.0,
        0.0,
        0.18143112762873215,
        0.029112382842730877,
        0.0,
        0.0,
        0.0,
        0.0,
        0.0,
        6.0,
        0.0,
        0.0,
        0.0,
        0.0,
        0.7828379333548372,
        0.0,
        0.0,
        0.0,
        0.0,
        0.0,
        0.0,
        0.0,
        0.8995416043492879,
        0.0,
        0.0,
        0.0,
        0.0,
        0.0,
        0.0,
        0.0,
        0.0,
        0.0,
        0.0,
        0.0,
        0.9307541813356939,
        0.0,
        0.0,
        0.0,
        0.0,
        0.0,
        0.0,
        0.0,
        0.6990096215520248,
        0.0,
        0.08216655089546876,
        0.0,
        0.0,
        0.0,
        0.0,
        0.0,
        0.0,
        0.0,
        0.0,
        0.0,
        0.0,
        0.0,
        0.0,
        0.0,
        5.936881514644095,
        0.0,
        0.0
    ],
    "x_il_mccormick": [
        0.0,
        0.0,
        0.0,
        2.2123563583030936,
        3.9303717122995714,
        1.0941407941147219,
        0.0,
        0.0,
        1.593776418332787,
        0.6958478579417996,
        0.0,
        3.0,
        0.0,
        0.0,
        3.0,
        0.0,
        0.0,
        0.0,
        7.057354753058598,
        0.0,
        1.544582633994572,
        0.5198100588868771,
        3.0,
        0.9506147473469226,
        2.049385252653077,
        0.0,
        0.9426452469414018,
        0.0,
        3.0,
        1.3966703273254553,
        1.3927861622030817,
        0.0,
        0.0,
        0.0,
        0.0,
        0.0,
        0.0,
        0.0,
        0.06311848535590503,
        0.22030678488602962,
        0.0,
        0.0,
        3.0,
        0.0,
        0.0,
        1.9637166902412542,
        0.0,
        2.970887617157269,
        0.0,
        0.0,
        0.0,
        0.0,
        0.0,
        0.0,
        3.4216270156283946,
        0.0,
        0.0,
        0.0,
        0.0,
        0.0,
        0.0,
        0.0,
        0.0,
        0.0,
        0.6033296726745447,
        0.0,
        0.0,
        1.3568383290141348,
        0.7062801563417701,
        0.0,
        7.1187728604558815
    ],
    "x_lj_mccormick": [
        1.4500496822596238,
        4.999183355525302,
        0.0,
        0.8898466075569853,
        0.613950853001599,
        1.0,
        0.0,
        0.0,
        2.0,
        0.30099037844797516,
        0.6072138377969184,
        1.705463511867072,
        1.0,
        0.294536488132928,
        1.528430192497181,
        0.0,
        0.0,
        0.0,
        0.294536488132928,
        1.177033319369891,
        0.0,
        2.0,
        0.9143314375881768,
        2.0,
        0.0,
        0.0,
        5.818568872371268,
        2.1814311276287324,
        0.0,
        0.0,
        2.0,
        0.9708876171572691,
        0.0,
        2.0,
        6.0,
        0.0,
        2.0,
        1.0,
        0.0,
        0.0,
        1.1004583956507121,
        3.8185688723712676,
        0.047182381600986645,
        1.0573547530585976,
        2.873016959240974,
        0.7062801563417701,
        1.9528176183990134,
        0.027986841547545938,
        0.0,
        1.0191955400534407,
        1.3927861622030817,
        0.06311848535590503,
        0.0
    ],
    "q_mccormick": [
        0.0,
        0.0,
        0.0,
        0.7374521194343646,
        0.882286640609705,
        0.48018994111312285,
        0.0,
        0.0,
        0.19922205229159837,
        0.26254788056563527,
        0.0,
        1.0,
        0.0,
        0.0,
        0.375,
        0.0,
        0.0,
        0.23578490375140948,
        0.8821693441323247,
        0.0,
        0.25743043899909535,
        0.5198100588868771,
        1.0,
        0.3454277699195819,
        0.2561731565816347,
        0.0,
        0.11783065586767523,
        0.0,
        0.7642150962485905,
        0.6983351636627276,
        0.9894802524406825,
        0.0,
        0.0,
        0.0,
        0.0,
        0.0,
        0.0,
        0.0,
        0.010519747559317505,
        0.11015339244301481,
        0.0,
        0.0,
        1.0,
        0.0,
        0.0,
        0.6545722300804181,
        0.0,
        1.0,
        0.0,
        0.0,
        0.0,
        0.0,
        0.0,
        0.0,
        0.7425695610009047,
        0.0,
        0.0,
        0.0,
        0.0,
        0.0,
        0.0,
        0.0,
        0.0,
        0.0,
        0.30166483633727237,
        0.0,
        0.0,
        0.1696047911267669,
        0.11771335939029502,
        0.0,
        0.8898466075569853
    ],