{
    "x_ij_mccormick": [
        0.0,
        0.1470952120562543,
        0.0,
        0.0,
        0.7534625671759176,
        0.0,
        1.826909275026844,
        0.0,
        0.0,
        0.0,
        0.0,
        0.0,
        0.0,
        0.0,
        0.0,
        0.0,
        0.0,
        0.0,
        0.22436370760817648,
        0.0,
        0.0,
        0.0,
        0.0,
        0.0,
        0.0,
        0.0,
        0.0,
        2.0,
        0.0,
        0.0,
        0.0,
        0.0,
        0.0,
        0.0,
        0.0,
        0.0,
        0.0,
        0.0,
        0.0,
        0.0,
        0.0,
        0.0,
        0.0,
        0.9198104770160995,
        0.0,
        0.0,
        0.0,
        0.0,
        0.0,
        0.0,
        0.0,
        0.0,
        0.0,
        0.0,
        0.0,
        0.6067883075637552,
        0.0,
        0.9800199970896228,
        0.15333856096272047,
        1.3653416667245089,
        0.0,
        0.0,
        0.0,
        0.0,
        6.0,
        0.0,
        0.0,
        0.0,
        0.0,
        0.7756362923918235,
        0.0,
        0.0,
        0.0,
        0.0,
        0.0,
        0.0,
        0.0,
        0.8084291855969385,
        0.0,
        0.0,
        0.0,
        0.0,
        0.0,
        0.0,
        0.0,
        0.0,
        0.0,
        0.0,
        0.0,
        0.0,
        0.0,
        0.0,
        0.0,
        0.0,
        0.0,
        0.0,
        0.0,
        0.722716058365855,
        0.0,
        0.135588009439763,
        0.0,
        0.0,
        0.0,
        0.0,
        0.0,
        0.0,
        0.0,
        0.0,
        0.0,
        0.0,
        0.0,
        0.0,
        0.026390205545944068,
        3.9839238620523876,
        0.0,
        0.0
    ],
    "x_il_mccormick": [
        0.0,
        0.5902772383184649,
        0.0,
        2.280520113754881,
        3.758636121282103,
        0.5828134866546909,
        0.0,
        0.0,
        0.45440242518986196,
        0.6569476314252027,
        0.0,
        3.0,
        0.0,
        0.0,
        3.0,
        0.0,
        0.0,
        0.0,
        5.407941020253412,
        0.0,
        0.0,
        0.0,
        3.0,
        0.8276101487357543,
        2.1723898512642457,
        0.0,
        2.5920589797465876,
        0.0,
        2.3932116924362448,
        0.4552360249789935,
        1.4114054169686632,
        0.0,
        0.0,
        0.0,
        0.0,
        0.0,
        0.0,
        0.0,
        1.7911483564702901,
        0.271176018879526,
        0.0,
        0.0,
        3.0,
        0.0,
        0.0,
        2.104429723032645,
        0.0,
        2.892616169228097,
        0.0,
        0.0,
        0.0,
        0.0,
        0.0,
        0.0,
        3.604762509749683,
        0.0,
        0.0,
        1.0628555628304763,
        0.0,
        0.0,
        0.0,
        0.0,
        0.0,
        0.10738383077190283,
        0.17942230829649763,
        0.0,
        0.0,
        2.3732077235458924,
        1.616478208855776,
        0.0,
        6.915295924481895
    ],
    "x_lj_mccormick": [
        1.2465374328240824,
        5.075522519977102,
        0.0,
        0.864411990560237,
        0.17309072497315586,
        1.0,
        0.0,
        0.0,
        2.0,
        0.27728394163414505,
        0.6601838035459386,
        1.4596930955075007,
        0.9736097944540559,
        0.5666971100384433,
        1.8529047879437457,
        0.0,
        0.0,
        0.0,
        0.5403069044924992,
        0.0,
        0.0,
        2.0,
        0.9320398717683996,
        0.6346583332754911,
        0.0,
        0.0,
        5.019980002910377,
        2.980019997089623,
        0.0,
        0.0,
        1.9284107794853982,
        0.8466614390372795,
        0.22492778147732229,
        2.0,
        6.0,
        0.0,
        2.0,
        1.0,
        0.0,
        0.0,
        1.1915708144030615,
        2.4131916953466215,
        0.0,
        1.0801895229839005,
        5.0,
        0.35778036998445506,
        2.0,
        0.0,
        0.0,
        1.0,
        1.3398161964540614,
        1.7911483564702901,
        0.07158922051460181
    ],
    "q_mccormick": [
        0.0,
        0.5902772383184649,
        0.0,
        0.7601733712516269,
        0.5400947614919502,
        0.4097227616815351,
        0.0,
        0.0,
        0.056800303148732745,
        0.23982662874837302,
        0.0,
        1.0,
        0.0,
        0.0,
        0.375,
        0.0,
        0.0,
        0.07354760602812715,
        0.6759926275316767,
        0.0,
        0.4042145927984693,
        0.0,
        1.0,
        0.2985234256557849,
        0.2715487314080307,
        0.0,
        0.32400737246832345,
        0.0,
        0.9264523939718728,
        0.22761801248949676,
        0.7014752739216183,
        0.0,
        0.0,
        0.0,
        0.0,
        0.0,
        0.0,
        0.0,
        0.2985247260783817,
        0.135588009439763,
        0.0,
        0.0,
        1.0,
        0.0,
        0.0,
        0.7014765743442151,
        0.0,
        0.9642053897426991,
        0.0,
        0.0,
        0.0,
        0.0,
        0.0,
        0.0,
        0.5957854072015307,
        0.0,
        0.0,
        0.25012226536282955,
        0.0,
        0.0,
        0.0,
        0.0,
        0.0,
        0.03579461025730091,
        0.7723819875105032,
        0.0,
        0.0,
        0.29665096544323655,
        0.20978297314522018,
        0.0,
        0.864411990560237
    ],