{
    "upper_bound_presolve": -615.0844137055947,
    "x_ij_presolve": [
        0.0,
        0.4550974025977252,
        1.4479960066852868,
        0.0,
        0.9095208077784988,
        0.0,
        1.2712223938940896,
        0.0,
        0.0,
        0.0,
        0.0,
        0.0,
        0.0,
        0.0,
        0.0,
        0.0,
        0.0,
        0.0,
        0.26826546400905155,
        0.0,
        0.0,
        0.0,
        0.0,
        0.0,
        0.0,
        0.0,
        0.0,
        2.0,
        0.0,
        0.0,
        0.0,
        0.0,
        0.0,
        0.0,
        0.0,
        0.0,
        0.0,
        0.0,
        0.0,
        0.0,
        0.0,
        0.0,
        1.2593483387525584,
        0.5520039933147132,
        0.0,
        0.0,
        0.0,
        0.0,
        0.0,
        0.0,
        0.0,
        0.0,
        0.0,
        0.0,
        0.0,
        0.9534896166899594,
        0.0,
        1.778066041564423,
        0.6108043607031083,
        2.0,
        0.0,
        0.0,
        0.0,
        0.0,
        6.0,
        0.0,
        0.0,
        0.0,
        0.0,
        0.7317345359909484,
        0.0,
        0.0,
        0.0,
        0.0,
        0.0,
        0.0,
        0.3034004308770885,
        0.750953710336286,
        0.0,
        0.0,
        0.0,
        0.0,
        0.0,
        0.0,
        0.0,
        0.0,
        0.0,
        0.0,
        0.0,
        0.0,
        0.0,
        0.0,
        0.0,
        0.0,
        0.0,
        0.0,
        0.0,
        0.15377858871694325,
        0.0,
        0.2399999962193357,
        0.0,
        0.0,
        0.0,
        0.0,
        0.0,
        1.032828931118657,
        0.0,
        0.0,
        0.0,
        0.0,
        0.22379220107965112,
        0.0,
        0.049558213629826785,
        4.1325745070985835,
        0.5868730725304986,
        0.0
    ],
    "x_il_presolve": [
        0.0,
        0.0,
        0.0,
        2.388870402267531,
        3.8187091305135343,
        1.4253771752288218,
        0.0,
        0.0,
        1.8594299806706418,
        0.0,
        0.0,
        2.4488340004624076,
        0.0,
        0.0,
        3.0,
        0.0,
        0.0,
        0.0,
        6.188647667932728,
        0.0,
        0.0,
        0.0,
        3.0,
        0.770775131711575,
        2.229224868288425,
        0.0,
        1.8113523320672713,
        0.0,
        2.0465103833100406,
        0.0,
        0.0,
        0.6111295977324687,
        0.0,
        0.0,
        0.0,
        0.0,
        0.0,
        0.0,
        0.0,
        0.0,
        0.0,
        0.0,
        3.0,
        0.0,
        0.0,
        2.2292248682884246,
        0.0,
        2.439889960635071,
        0.0,
        0.0,
        0.0,
        0.0,
        0.0,
        0.0,
        2.5174906314093315,
        0.0,
        0.0,
        0.0,
        0.0,
        0.0,
        0.0,
        0.0,
        0.0,
        0.5601100393649285,
        0.0,
        0.0,
        0.0,
        0.9113451510409318,
        2.682729927151007,
        0.0,
        6.3490401383376245
    ],
    "x_lj_presolve": [
        1.0904791922215014,
        4.498560942335459,
        0.0,
        0.7600000037806643,
        0.7287776061059102,
        0.6965995691229115,
        0.0,
        0.0,
        2.0,
        0.8462214112830567,
        0.15377858871694308,
        1.4983922140922343,
        0.9504417863701732,
        0.0,
        1.544902597402275,
        0.0,
        0.0,
        0.0,
        0.5016077859077657,
        0.0,
        0.0,
        2.0,
        1.0,
        0.0,
        0.0,
        0.0,
        4.221933958435577,
        3.7780660415644234,
        0.0,
        0.0,
        0.7433788678016922,
        0.38919563929689177,
        1.867425492901416,
        2.0,
        6.0,
        0.0,
        2.0,
        1.0,
        0.0,
        0.0,
        1.249046289663714,
        1.2684443417456177,
        0.0,
        0.0,
        5.0,
        1.501439057664541,
        2.0,
        0.0,
        0.0,
        1.0,
        0.0,
        0.0,
        0.0
    ],
    "q_presolve": [
        0.0,
        0.0,
        0.0,
        0.7962901340891771,
        0.5873636738948834,
        1.0,
        0.0,
        0.0,
        0.23242874758383025,
        0.0,
        0.0,
        1.0,
        0.0,
        0.0,
        0.37500000000000006,
        0.0,
        0.0,
        0.0,
        0.773580958491591,
        0.0,
        0.0,
        0.0,
        1.0,
        0.2569250439038584,
        0.27865310853605313,
        0.0,
        0.2264190415084089,
        0.0,
        1.0,
        0.0,
        0.0,
        0.20370986591082288,
        0.0,
        0.0,
        0.0,
        0.0,
        0.0,
        0.0,
        0.0,
        0.0,
        0.0,
        0.0,
        1.0,
        0.0,
        0.0,
        0.7430749560961416,
        0.0,
        0.8132966535450238,
        0.0,
        0.0,
        0.0,
        0.0,
        0.0,
        0.0,
        1.0,
        0.0,
        0.0,
        0.0,
        0.0,
        0.0,
        0.0,
        0.0,
        0.0,
        0.18670334645497616,
        1.0,
        0.0,
        0.0,
        0.11391814388011649,
        0.4126363261051165,
        1.0,
        1.0
    ],