{
    "upper_bound_presolve": -616.079080448421,
    "x_ij_presolve": [
        0.0,
        0.03441924017496743,
        1.4044466356191427,
        0.0,
        0.1805800983833321,
        0.0,
        1.179438802466245,
        0.0,
        0.0,
        0.0,
        0.0,
        0.0,
        0.0,
        0.0,
        0.0,
        0.0,
        0.0,
        0.0,
        0.25125038153517254,
        0.0,
        0.0,
        0.0,
        0.0,
        0.0,
        0.0,
        0.0,
        0.0,
        2.0,
        0.0,
        0.0,
        0.0,
        0.0,
        0.0,
        0.0,
        0.0,
        0.0,
        0.0,
        0.0,
        0.0,
        0.0,
        0.0,
        0.0,
        0.0,
        0.5955533643808574,
        0.0,
        0.0,
        0.0,
        0.0,
        0.0,
        0.0,
        0.0,
        0.0,
        0.0,
        0.0,
        0.0,
        0.5927975723868326,
        0.0,
        0.0,
        0.17556493992389605,
        1.9795818754222063,
        0.0,
        0.0,
        0.0,
        0.0,
        6.0,
        0.0,
        0.6090769328228197,
        0.0,
        0.0,
        0.7487496184648275,
        0.0,
        0.0,
        0.0,
        0.0,
        0.0,
        0.0,
        0.14660994994589258,
        0.452683000892367,
        0.0,
        0.0,
        0.0,
        0.0,
        0.0,
        0.0,
        0.0,
        0.0,
        0.0,
        0.0,
        0.0,
        0.0,
        0.7247750128605877,
        1.547316999107633,
        1.007567601434725,
        0.0,
        0.0,
        0.0,
        0.0,
        0.0,
        0.0,
        0.0,
        0.0,
        0.0,
        0.0,
        0.0,
        0.0,
        0.09400904619927687,
        0.0,
        0.0,
        0.0,
        0.0,
        0.10785836173997101,
        0.0,
        0.0,
        2.5468822105255797,
        0.0,
        0.0
    ],
    "x_il_presolve": [
        0.0,
        0.0,
        0.0,
        2.1996491682182593,
        3.7508748327314496,
        1.6739512475878624,
        0.0,
        0.0,
        0.9075375911978993,
        0.80035083178174,
        0.0,
        3.0,
        0.0,
        0.0,
        3.0,
        0.0,
        0.0,
        0.0,
        7.404446635619142,
        0.0,
        0.0,
        0.0,
        3.0,
        1.0632108139144805,
        1.9367891860855198,
        0.0,
        0.5955533643808575,
        0.0,
        2.4072024276131674,
        0.0,
        2.824435060076104,
        0.0,
        0.0,
        0.0,
        0.0,
        0.0,
        0.0,
        0.0,
        2.2512503815351725,
        0.0,
        0.0,
        0.0,
        3.0,
        0.0,
        0.0,
        1.9367891860855195,
        0.0,
        3.0,
        0.0,
        0.0,
        0.0,
        0.0,
        0.0,
        0.0,
        0.0,
        0.0,
        0.0,
        0.0,
        0.0,
        0.0,
        0.0,
        0.0,
        0.0,
        0.0,
        0.02041812457779372,
        0.0,
        0.0,
        2.1556732227165805,
        3.1895862050178696,
        0.0,
        5.712562183218624
    ],
    "x_lj_presolve": [
        1.819419901616668,
        2.8931422816019574,
        0.0,
        1.0,
        0.8205611975337549,
        0.8533900500541074,
        0.0,
        0.0,
        2.0,
        1.0,
        0.0,
        1.5583783322118652,
        1.0,
        0.44162166778813483,
        1.9655807598250326,
        0.0,
        0.0,
        0.0,
        0.44162166778813483,
        0.0,
        0.0,
        2.0,
        1.0,
        0.02041812457779372,
        0.0,
        0.0,
        5.39092306717718,
        2.6090769328228194,
        0.0,
        0.0,
        1.798132592060752,
        0.824435060076104,
        0.3774323478631436,
        2.0,
        6.0,
        0.0,
        2.0,
        1.0,
        0.0,
        0.0,
        0.0,
        0.0,
        0.0,
        0.0,
        4.275224987139412,
        2.6652360506099075,
        1.2752249871394123,
        0.0,
        0.0,
        1.7247750128605879,
        2.0,
        3.075685441611276,
        0.0
    ],
    "q_presolve": [
        0.0,
        0.0,
        0.0,
        0.7332163894060865,
        0.5404359756982079,
        1.0,
        0.0,
        0.0,
        0.11344219889973742,
        0.26678361059391337,
        0.0,
        1.0,
        0.0,
        0.0,
        0.375,
        0.0,
        0.0,
        0.0,
        0.9255558294523928,
        0.0,
        0.0,
        0.0,
        1.0,
        0.3544036046381601,
        0.24209864826068997,
        0.0,
        0.07444417054760719,
        0.0,
        1.0,
        0.0,
        0.5564637707689559,
        0.0,
        0.0,
        0.0,
        0.0,
        0.0,
        0.0,
        0.0,
        0.44353622923104413,
        0.0,
        0.0,
        0.0,
        1.0,
        0.0,
        0.0,
        0.6455963953618399,
        0.0,
        1.0,
        0.0,
        0.0,
        0.0,
        0.0,
        0.0,
        0.0,
        0.0,
        1.0,
        0.0,
        0.0,
        0.0,
        0.0,
        0.0,
        0.0,
        0.0,
        0.0,
        1.0,
        0.0,
        0.0,
        0.26945915283957256,
        0.45956402430179216,
        0.0,
        1.0
    ],