{
    "upper_bound_presolve": -609.8833079531746,
    "x_ij_presolve": [
        0.0,
        0.2170393812911836,
        1.4849622154712703,
        0.0,
        0.2543693123616441,
        0.0,
        1.527544727214552,
        0.0,
        0.0,
        0.0,
        0.0,
        0.0,
        0.0,
        0.0,
        0.0,
        0.0,
        0.0,
        0.0,
        0.2783708570593217,
        0.0,
        0.0,
        0.0,
        0.0,
        0.0,
        0.0,
        0.0,
        0.0,
        2.0,
        0.0,
        0.0,
        0.0,
        0.0,
        0.0,
        0.0,
        0.0,
        0.0,
        0.0,
        0.0,
        0.0,
        0.0,
        0.0,
        0.0,
        0.0,
        0.51503778452873,
        0.0,
        0.0,
        0.0,
        0.0,
        0.0,
        0.0,
        0.0,
        0.0,
        0.0,
        0.0,
        0.0,
        0.9241685541964136,
        0.0,
        0.0,
        0.568278177165743,
        1.8648968189476036,
        0.0,
        0.0,
        0.0,
        0.0,
        6.0,
        0.0,
        1.1349009252346975,
        0.0,
        0.0,
        0.7216291429406784,
        0.0,
        0.0,
        0.0,
        0.0,
        0.0,
        0.0,
        0.19637145438537504,
        0.37164786979202274,
        0.0,
        0.0,
        0.0,
        0.0,
        0.0,
        0.0,
        0.0,
        0.0,
        0.0,
        0.0,
        0.0,
        0.0,
        1.2005879806185382,
        1.6283521302079773,
        1.9409305205688885,
        0.0,
        0.0,
        0.0,
        0.0,
        0.0,
        0.0,
        0.0,
        0.0,
        0.0,
        0.0,
        0.0,
        0.0,
        0.2491864721062257,
        0.0,
        0.0,
        0.0,
        0.0,
        0.015359621028128243,
        0.0,
        0.0,
        2.498475869852715,
        0.0,
        0.0
    ],
    "x_il_presolve": [
        0.0,
        0.0,
        0.0,
        2.181643640339955,
        2.324472705508296,
        1.276083818400073,
        0.0,
        0.0,
        0.0,
        0.8183563596600452,
        0.0,
        3.0,
        0.0,
        0.0,
        3.0,
        0.0,
        0.0,
        0.0,
        7.304214867498136,
        0.0,
        0.0,
        0.0,
        3.0,
        1.190825410577741,
        1.8091745894222588,
        0.0,
        0.6957851325018637,
        0.0,
        2.0758314458035865,
        0.041392820046390645,
        2.3903290027878663,
        0.0,
        0.0,
        0.0,
        0.0,
        0.0,
        0.0,
        0.0,
        2.2783708570593215,
        0.0,
        0.0,
        0.0,
        3.0,
        0.0,
        0.0,
        1.8091745894222593,
        0.0,
        3.0,
        0.0,
        0.0,
        0.0,
        0.0,
        0.0,
        0.0,
        0.0,
        0.0,
        0.0,
        1.4992484511339483,
        0.0,
        0.0,
        0.0,
        0.0,
        0.0,
        0.0,
        0.0937103610060058,
        0.0,
        0.0,
        3.190825410577741,
        2.2953390985414153,
        0.0,
        6.133111624741389
    ],
    "x_lj_presolve": [
        1.7456306876383558,
        3.387480937103033,
        0.0,
        1.0,
        0.472455272785448,
        0.8036285456146249,
        0.0,
        0.0,
        2.0,
        1.0,
        0.0,
        1.7071291729052303,
        1.0,
        0.2928708270947697,
        1.7829606187088165,
        0.0,
        0.0,
        0.0,
        0.29287082709476975,
        0.0,
        0.0,
        2.0,
        1.0,
        0.13510318105239644,
        0.0,
        0.0,
        4.865099074765302,
        3.1349009252346978,
        0.0,
        0.0,
        1.735453906865646,
        0.43172182283425703,
        0.832824270300097,
        2.0,
        6.0,
        0.0,
        2.0,
        1.0,
        0.0,
        0.0,
        0.0,
        0.0,
        0.0,
        0.0,
        3.7994120193814616,
        2.3196482358021973,
        0.7994120193814619,
        0.0,
        0.0,
        2.200587980618538,
        2.0,
        2.6686998598471874,
        0.0
    ],
    "q_presolve": [
        0.0,
        0.0,
        0.0,
        0.727214546779985,
        0.3798741323946202,
        1.0,
        0.0,
        0.0,
        0.0,
        0.2727854532200151,
        0.0,
        1.0,
        0.0,
        0.0,
        0.375,
        0.0,
        0.0,
        0.0,
        0.913026858437267,
        0.0,
        0.0,
        0.0,
        1.0,
        0.3969418035259136,
        0.22614682367778235,
        0.0,
        0.08697314156273296,
        0.0,
        1.0,
        0.306379314861118,
        0.5119902916325199,
        0.0,
        0.0,
        0.0,
        0.0,
        0.0,
        0.0,
        0.0,
        0.48800970836748025,
        0.0,
        0.0,
        0.0,
        1.0,
        0.0,
        0.0,
        0.6030581964740864,
        0.0,
        1.0,
        0.0,
        0.0,
        0.0,
        0.0,
        0.0,
        0.0,
        0.0,
        1.0,
        0.0,
        0.24501285959128857,
        0.0,
        0.0,
        0.0,
        0.0,
        0.0,
        0.0,
        0.6936206851388821,
        0.0,
        0.0,
        0.3988531763222176,
        0.37511300801409125,
        0.0,
        1.0
    ],