{
    "upper_bound_presolve": -611.1574119492367,
    "x_ij_presolve": [
        0.0,
        0.0,
        1.3530090457516875,
        0.0,
        0.2528017518783944,
        0.0,
        1.4451635900945181,
        0.0,
        0.0,
        0.0,
        0.0,
        0.0,
        0.0,
        0.0,
        0.0,
        0.0,
        0.0,
        0.0,
        0.32250112470864634,
        0.0,
        0.0,
        0.0,
        0.0,
        0.0,
        0.0,
        0.0,
        0.0,
        2.0,
        0.0,
        0.0,
        0.0,
        0.0,
        0.0,
        0.0,
        0.0,
        0.0,
        0.0,
        0.0,
        0.0,
        0.0,
        0.0,
        0.0,
        0.0,
        0.6469909542483125,
        0.0,
        0.0,
        0.0,
        0.0,
        0.0,
        0.0,
        0.0,
        0.0,
        0.0,
        0.0,
        0.0,
        0.1069011196775959,
        0.0,
        1.534482723461076,
        0.11056864899452047,
        1.7981893076414,
        0.0,
        0.0,
        0.0,
        0.0,
        6.0,
        0.0,
        0.0,
        0.0,
        0.0,
        0.6774988752913537,
        0.0,
        0.0,
        0.0,
        0.0,
        0.0,
        0.0,
        0.46329696336916903,
        0.6506658724096572,
        0.0,
        0.0,
        0.0,
        0.0,
        0.0,
        0.0,
        0.0,
        0.0,
        0.0,
        0.0,
        0.0,
        0.0,
        0.0,
        1.3493341275903428,
        0.0,
        0.0,
        0.0,
        0.0,
        0.0,
        0.0,
        0.0,
        0.0,
        0.0,
        0.0,
        0.0,
        0.0,
        0.0,
        0.42552192970342256,
        0.0,
        0.0,
        0.0,
        0.0,
        0.0,
        0.0,
        0.10729757633234636,
        5.463909421302057,
        0.0,
        0.0
    ],
    "x_il_presolve": [
        0.0,
        0.0,
        0.0,
        1.9549622998832579,
        0.7361700886756513,
        1.0915394465363129,
        0.5509209882145351,
        0.0,
        0.5520028838260256,
        1.0450377001167424,
        0.0,
        3.0,
        0.0,
        0.0,
        3.0,
        0.0,
        0.0,
        0.0,
        7.353009045751688,
        0.0,
        0.0,
        0.0,
        2.4490790117854653,
        0.9807958861916211,
        2.019204113808379,
        0.0,
        0.6469909542483118,
        0.0,
        2.893098880322404,
        0.0,
        1.3549486275444036,
        0.0,
        0.0,
        0.0,
        0.0,
        0.0,
        0.0,
        0.0,
        0.6450513724555966,
        0.0,
        0.0,
        0.0,
        3.0,
        0.0,
        0.0,
        2.019204113808379,
        0.0,
        3.0,
        0.0,
        0.0,
        0.0,
        0.0,
        0.0,
        0.0,
        0.0,
        0.0,
        0.0,
        7.186104649707002,
        0.0,
        0.0,
        0.0,
        0.0,
        0.0,
        0.0,
        0.2018106923586001,
        0.0,
        0.0,
        2.428793002365596,
        0.0,
        0.0,
        4.824527053084202
    ],
    "x_lj_presolve": [
        1.7471982481216057,
        2.077328804962596,
        0.0,
        1.0,
        0.554836409905482,
        0.536703036630831,
        0.0,
        0.0,
        2.0,
        1.0,
        0.0,
        1.106901119677596,
        0.8927024236676536,
        1.0003964566547503,
        2.0,
        0.0,
        0.0,
        0.0,
        0.893098880322404,
        0.0,
        0.0,
        2.0,
        1.0,
        0.2018106923586001,
        0.0,
        0.0,
        4.4655172765389235,
        3.534482723461076,
        0.0,
        0.0,
        1.5744780702965775,
        0.8894313510054795,
        0.536090578697943,
        2.0,
        6.0,
        0.0,
        2.0,
        1.0,
        0.0,
        0.0,
        0.0,
        0.0,
        0.0,
        0.0,
        5.0,
        2.922274738382653,
        2.0,
        0.0,
        0.0,
        1.0,
        2.0,
        0.0,
        0.0
    ],
    "q_presolve": [
        0.0,
        0.0,
        0.0,
        0.6516540999610859,
        0.092924079634474,
        1.0,
        0.183640329404845,
        0.0,
        0.0690003604782532,
        0.3483459000389141,
        0.0,
        1.0,
        0.0,
        0.0,
        0.375,
        0.0,
        0.0,
        0.0,
        0.919126130718961,
        0.0,
        0.0,
        0.0,
        0.816359670595155,
        0.3269319620638737,
        0.25240051422604737,
        0.0,
        0.08087386928103898,
        0.0,
        1.0,
        0.0,
        0.6774743137722018,
        0.0,
        0.0,
        0.0,
        0.0,
        0.0,
        0.0,
        0.0,
        0.3225256862277983,
        0.0,
        0.0,
        0.0,
        1.0,
        0.0,
        0.0,
        0.6730680379361264,
        0.0,
        1.0,
        0.0,
        0.0,
        0.0,
        0.0,
        0.0,
        0.0,
        0.0,
        1.0,
        0.0,
        0.907075920365526,
        0.0,
        0.0,
        0.0,
        0.0,
        0.0,
        0.0,
        1.0,
        0.0,
        0.0,
        0.3035991252956995,
        0.0,
        0.0,
        1.0
    ],