{
    "upper_bound_presolve": -624.8113395402794,
    "x_ij_presolve": [
        0.0,
        0.11386227437890685,
        1.6764593992991965,
        0.0,
        0.9993152081321056,
        0.0,
        1.3804409166376443,
        0.0,
        0.0,
        0.0,
        0.0,
        0.0,
        0.0,
        0.0,
        0.0,
        0.0,
        0.0,
        0.0,
        0.27264323793089396,
        0.0,
        1.7703894537657743,
        0.0,
        0.0,
        0.0,
        0.0,
        0.0,
        0.0,
        2.0,
        0.0,
        0.0,
        0.0,
        0.0,
        0.0,
        0.0,
        0.0,
        0.0,
        0.0,
        0.0,
        0.0,
        0.0,
        0.0,
        0.0,
        0.0,
        0.32354060070080354,
        0.0,
        0.0,
        0.0,
        0.0,
        0.0,
        0.0,
        0.0,
        0.0,
        0.0,
        0.0,
        0.0,
        0.47747026540960796,
        0.0,
        0.0,
        0.0,
        2.0,
        0.0,
        0.0,
        0.0,
        0.0,
        6.0,
        0.0,
        0.0,
        0.0,
        0.0,
        0.727356762069106,
        0.0,
        0.0,
        0.0,
        0.0,
        0.0,
        0.0,
        0.13137985973990937,
        0.9314141902682974,
        0.0,
        0.0,
        0.0,
        0.0,
        0.0,
        0.0,
        0.0,
        0.0,
        0.0,
        0.0,
        0.0,
        0.0,
        0.0,
        0.0,
        0.0,
        0.0,
        0.0,
        0.0,
        0.0,
        0.0,
        0.0,
        0.10772904363537794,
        0.0,
        0.0,
        0.0,
        0.0,
        0.0,
        0.0,
        0.0,
        0.0,
        0.0,
        0.0,
        0.0,
        0.0,
        0.056814567266654126,
        0.8728359692294937,
        0.0,
        0.0
    ],
    "x_il_presolve": [
        0.0,
        0.0,
        0.0,
        2.111167540589457,
        4.228044225234629,
        1.4881792236224465,
        0.0,
        0.0,
        0.22775000027795061,
        0.8888324594105429,
        0.0,
        3.0,
        0.0,
        0.0,
        3.0,
        0.0,
        0.0,
        0.0,
        5.748077059995257,
        0.0,
        0.6811313063154537,
        0.0,
        3.0,
        0.8662194322740114,
        2.1337805677259887,
        0.0,
        2.2519229400047434,
        0.0,
        2.522529734590392,
        0.0,
        3.0,
        0.0,
        0.0,
        0.0,
        0.0,
        0.0,
        0.0,
        0.0,
        2.272643237930894,
        0.0,
        0.0,
        0.0,
        3.0,
        0.0,
        0.0,
        2.1337805677259887,
        0.0,
        3.0,
        0.0,
        0.0,
        0.0,
        0.0,
        0.0,
        0.0,
        3.994115577080479,
        0.0,
        0.0,
        0.0,
        0.0,
        0.0,
        0.0,
        0.0,
        0.0,
        0.0,
        0.0,
        0.0,
        0.0,
        2.6384694319960595,
        2.746684120587918,
        0.0,
        5.225020826174018
    ],
    "x_lj_presolve": [
        1.0006847918678943,
        3.332065077941501,
        0.0,
        0.8922709563646221,
        0.6195590833623558,
        0.8686201402600907,
        0.0,
        0.0,
        2.0,
        1.0,
        0.0,
        1.3636079910307015,
        0.9431854327333459,
        0.6932065762359526,
        1.8861377256210932,
        0.0,
        0.0,
        0.0,
        0.6363920089692986,
        0.0,
        0.0,
        2.0,
        1.0,
        0.0,
        0.0,
        0.0,
        6.0,
        1.9158686609261617,
        0.0,
        0.08413133907383825,
        2.0,
        0.9158686609261618,
        0.08413133907383806,
        2.0,
        6.0,
        0.0,
        2.0,
        1.0,
        0.0,
        0.0,
        1.0685858097317027,
        3.6066610736642297,
        0.0,
        0.0,
        5.0,
        1.9747283458225466,
        2.0,
        0.0,
        0.0,
        1.0,
        2.0,
        3.272643237930894,
        0.0
    ],
    "q_presolve": [
        0.0,
        0.0,
        0.0,
        0.7037225135298191,
        0.6061948244574972,
        1.0,
        0.0,
        0.0,
        0.02846875003474383,
        0.296277486470181,
        0.0,
        1.0,
        0.0,
        0.0,
        0.37500000000000006,
        0.0,
        0.0,
        0.0,
        0.7185096324994071,
        0.0,
        0.14568884238701513,
        0.0,
        1.0,
        0.2887398107580038,
        0.2667225709657486,
        0.0,
        0.2814903675005929,
        0.0,
        1.0,
        1.0,
        0.5689745853499598,
        0.0,
        0.0,
        0.0,
        0.0,
        0.0,
        0.0,
        0.0,
        0.4310254146500402,
        0.0,
        0.0,
        0.0,
        1.0,
        0.0,
        0.0,
        0.7112601892419962,
        0.0,
        1.0,
        0.0,
        0.0,
        0.0,
        0.0,
        0.0,
        0.0,
        0.8543111576129849,
        0.0,
        0.0,
        0.0,
        0.0,
        0.0,
        0.0,
        0.0,
        0.0,
        0.0,
        0.0,
        0.0,
        0.0,
        0.3298086789995075,
        0.3938051755425028,
        0.0,
        1.0
    ],