{
    "upper_bound_presolve": -620.0428307823038,
    "x_ij_presolve": [
        0.0,
        0.1750269266641764,
        1.5358932888113712,
        0.0,
        0.2551626279761542,
        0.0,
        1.4892630266766094,
        0.0,
        0.0,
        0.0,
        0.0,
        0.0,
        0.0,
        0.0,
        0.0,
        0.0,
        0.0,
        0.0,
        0.0,
        0.0,
        0.0,
        0.0,
        0.0,
        0.0,
        0.0,
        0.0,
        0.0,
        2.0,
        0.0,
        0.0,
        0.0,
        0.0,
        0.0,
        0.0,
        0.0,
        0.0,
        0.0,
        0.0,
        0.0,
        0.0,
        0.0,
        0.0,
        0.0,
        0.4641067111886287,
        0.0,
        0.0,
        0.0,
        0.0,
        0.0,
        0.0,
        0.0,
        0.0,
        0.0,
        0.0,
        0.0,
        0.8767796093274653,
        0.0,
        1.0696688627223616,
        0.15178675235741998,
        1.6099019327461477,
        0.0,
        0.0,
        0.0,
        0.0,
        6.0,
        0.0,
        0.4961399622055223,
        0.0,
        0.0,
        0.7976964951304137,
        0.0,
        0.0,
        0.0,
        0.0,
        0.0,
        0.0,
        0.12971721489019813,
        0.8181351166739886,
        0.0,
        0.0,
        0.0,
        0.0,
        0.0,
        0.0,
        0.0,
        0.0,
        0.0,
        0.024159002274256696,
        0.0,
        0.0,
        0.0,
        1.1818648833260115,
        0.0,
        0.0,
        0.0,
        0.0,
        0.0,
        0.0,
        0.0,
        0.0,
        0.0,
        0.0,
        0.0,
        0.0,
        0.0,
        0.3991186369550503,
        0.0,
        0.0,
        0.01682216103763405,
        0.0,
        0.1666904218501538,
        0.0,
        0.0,
        5.2824041888373765,
        0.0,
        0.0
    ],
    "x_il_presolve": [
        0.0,
        0.0,
        0.0,
        2.2871885371235035,
        0.8311618457654644,
        1.3810197584331927,
        0.0,
        0.0,
        0.4112240476727141,
        0.712811462876497,
        0.0,
        3.0,
        0.0,
        0.0,
        3.0,
        0.0,
        0.0,
        0.0,
        5.869493531530497,
        0.0,
        0.0,
        0.0,
        3.0,
        0.9621294369851834,
        2.0378705630148164,
        0.0,
        2.130506468469503,
        0.0,
        2.1232203906725347,
        0.5924015721234386,
        1.18614281279678,
        0.0,
        0.0,
        0.0,
        0.0,
        0.0,
        0.0,
        0.0,
        0.8138571872032202,
        0.0,
        0.0,
        0.0,
        2.9758409977257436,
        0.0,
        0.0,
        2.037870563014817,
        0.0,
        3.0,
        0.0,
        0.0,
        0.0,
        0.0,
        0.0,
        0.0,
        0.0,
        0.0,
        0.0,
        7.168838154234536,
        0.0,
        0.0,
        0.0,
        0.0,
        0.0,
        0.0,
        0.0,
        0.0,
        0.0,
        2.5509053893124696,
        0.0,
        0.0,
        5.429767893649502
    ],
    "x_lj_presolve": [
        1.744837372023846,
        2.6849305216256556,
        0.0,
        1.0,
        0.5107369733233909,
        0.8702827851098018,
        0.0,
        0.0,
        2.0,
        1.0,
        0.0,
        1.7017526826632892,
        1.0,
        0.2982473173367106,
        1.8249730733358236,
        0.0,
        0.0,
        0.0,
        0.2982473173367109,
        0.0,
        0.0,
        2.0,
        1.0,
        0.3900980672538523,
        0.20230350486958631,
        0.0,
        4.434191175072115,
        3.565808824927884,
        0.0,
        0.0,
        1.434190941194796,
        0.8482132476425801,
        0.717595811162624,
        2.0,
        6.0,
        0.0,
        1.9758409977257434,
        1.0,
        0.0,
        0.0,
        0.0,
        0.0,
        0.0,
        0.0,
        4.983177838962366,
        3.0168221610376342,
        1.9831778389623658,
        0.0,
        0.0,
        1.0168221610376345,
        2.0,
        0.0,
        0.0
    ],
    "q_presolve": [
        0.0,
        0.0,
        0.0,
        0.7623961790411677,
        0.10389523072068296,
        1.0,
        0.0,
        0.0,
        0.051403005959089254,
        0.2376038209588323,
        0.0,
        1.0,
        0.0,
        0.0,
        0.375,
        0.0,
        0.0,
        0.0,
        0.7336866914413122,
        0.0,
        0.0,
        0.0,
        1.0,
        0.32070981232839446,
        0.25473382037685205,
        0.0,
        0.2663133085586879,
        0.0,
        1.0,
        1.0,
        0.59307140639839,
        0.0,
        0.0,
        0.0,
        0.0,
        0.0,
        0.0,
        0.0,
        0.4069285936016101,
        0.0,
        0.0,
        0.0,
        1.0,
        0.0,
        0.0,
        0.6792901876716056,
        0.0,
        1.0,
        0.0,
        0.0,
        0.0,
        0.0,
        0.0,
        0.0,
        0.0,
        1.0,
        0.0,
        0.8961047692793169,
        0.0,
        0.0,
        0.0,
        0.0,
        0.0,
        0.0,
        0.0,
        0.0,
        0.0,
        0.3188631736640587,
        0.0,
        0.0,
        1.0
    ],