{
    "upper_bound_presolve": -612.9119868362915,
    "x_ij_presolve": [
        0.0,
        0.6135924006561303,
        1.6078601925391425,
        0.0,
        0.4857926506396384,
        0.0,
        1.4171385542374981,
        0.0,
        0.0,
        0.0,
        0.0,
        0.0,
        0.0,
        0.0,
        0.0,
        0.0,
        0.0,
        0.0,
        0.31176209237030905,
        0.0,
        0.0,
        0.0,
        0.0,
        0.0,
        0.0,
        0.0,
        0.0,
        2.0,
        0.0,
        0.0,
        0.0,
        0.0,
        0.0,
        0.0,
        0.0,
        0.15560226327629292,
        0.0,
        0.0,
        0.0,
        0.0,
        0.0,
        0.0,
        0.0,
        0.3921398074608576,
        0.0,
        0.0,
        0.0,
        0.0,
        0.0,
        0.0,
        0.0,
        0.0,
        0.0,
        0.0,
        0.0,
        1.30347275973078,
        0.0,
        1.4474696390079436,
        0.04275034888017361,
        1.8447218742526255,
        0.0,
        0.0,
        0.0,
        0.0,
        6.0,
        0.0,
        0.0,
        0.0,
        0.0,
        0.688237907629691,
        0.0,
        0.0,
        0.0,
        0.0,
        0.0,
        0.0,
        0.3632419432126213,
        0.7703637876155547,
        0.0,
        0.0,
        0.0,
        0.0,
        0.0,
        0.0,
        0.0,
        0.0,
        0.0,
        0.0,
        0.0,
        0.0,
        0.0,
        0.0,
        1.1866893081446346,
        0.0,
        0.0,
        0.0,
        0.0,
        0.0,
        0.0,
        0.0,
        0.0,
        0.0,
        0.0,
        0.0,
        0.0,
        0.7741755617015987,
        0.0,
        0.0,
        1.7387006308878776,
        0.0,
        0.0,
        0.0,
        0.0,
        5.0274718261419356,
        0.0,
        0.0
    ],
    "x_il_presolve": [
        0.0,
        0.0,
        0.0,
        1.9744950822304062,
        0.0,
        1.2196195025498806,
        0.0,
        0.0,
        1.1739722728314121,
        1.025504917769594,
        0.0,
        3.0,
        0.0,
        0.0,
        3.0,
        0.0,
        0.0,
        0.0,
        5.725326847836403,
        0.0,
        0.0,
        0.0,
        3.0,
        1.1673790848645322,
        1.8326209151354675,
        0.0,
        2.2746731521635972,
        0.0,
        1.6965272402692197,
        0.0,
        1.5097800121118827,
        0.0,
        0.0,
        0.0,
        0.0,
        0.0,
        0.0,
        0.0,
        0.49021998788811727,
        0.0,
        0.0,
        0.0,
        3.0,
        0.0,
        0.0,
        1.8326209151354675,
        0.0,
        2.879244319856019,
        0.0,
        0.0,
        0.0,
        0.0,
        0.0,
        0.0,
        1.55330387461321,
        0.0,
        0.0,
        4.064779234686358,
        0.0,
        0.0,
        0.0,
        0.0,
        0.0,
        0.1207556801439809,
        0.15527812574737454,
        0.0,
        0.0,
        1.9934068120331205,
        0.9791213618249448,
        0.0,
        6.160187111923707
    ],
    "x_lj_presolve": [
        1.5142073493603616,
        3.645979762563346,
        0.0,
        1.0,
        0.5828614457625019,
        0.6367580567873787,
        0.0,
        0.0,
        2.0,
        1.0,
        0.0,
        1.6898803590746498,
        1.0,
        0.3101196409253504,
        1.3864075993438696,
        0.0,
        0.0,
        0.0,
        0.31011964092535016,
        0.0,
        0.0,
        2.0,
        1.0,
        0.15527812574737454,
        0.0,
        0.0,
        4.552530360992057,
        3.447469639007944,
        0.0,
        0.0,
        1.2258244382984012,
        0.9572496511198264,
        0.8169259105817721,
        2.0,
        6.0,
        0.0,
        2.0,
        1.0,
        0.0,
        0.0,
        1.2296362123844453,
        0.06236829311664227,
        0.2612993691121224,
        0.0,
        3.0,
        2.0439005965113033,
        0.0,
        0.0,
        0.0,
        3.0,
        2.0,
        0.0,
        0.0
    ],
    "q_presolve": [
        0.0,
        0.0,
        0.0,
        0.6581650274101354,
        0.0,
        1.0,
        0.0,
        0.0,
        0.14674653410392652,
        0.34183497258986467,
        0.0,
        1.0,
        0.0,
        0.0,
        0.375,
        0.0,
        0.0,
        0.0,
        0.7156658559795503,
        0.0,
        0.0,
        0.0,
        1.0,
        0.38912636162151076,
        0.22907761439193344,
        0.0,
        0.28433414402044965,
        0.0,
        1.0,
        0.0,
        0.7548900060559414,
        0.0,
        0.0,
        0.0,
        0.0,
        0.0,
        0.0,
        0.0,
        0.24510999394405864,
        0.0,
        0.0,
        0.0,
        1.0,
        0.0,
        0.0,
        0.6108736383784892,
        0.0,
        0.959748106618673,
        0.0,
        0.0,
        0.0,
        0.0,
        0.0,
        0.0,
        1.0,
        0.0,
        0.0,
        0.8058801233112781,
        0.0,
        0.0,
        0.0,
        0.0,
        0.0,
        0.04025189338132695,
        1.0,
        0.0,
        0.0,
        0.24917585150414004,
        0.19411987668872183,
        0.0,
        1.0
    ],