{
    "upper_bound_presolve": -621.9219471740365,
    "x_ij_presolve": [
        0.0,
        0.39087093012715196,
        1.4795488321565824,
        0.0,
        0.0,
        0.0,
        1.8059770067529717,
        0.0,
        0.0,
        0.0,
        0.0,
        0.0,
        0.0,
        0.0,
        0.0,
        0.0,
        0.0,
        0.0,
        0.2962721621100691,
        0.0,
        0.0,
        0.0,
        0.0,
        0.0,
        0.0,
        0.0,
        0.0,
        2.0,
        0.0,
        2.7875764775748,
        0.0,
        0.0,
        0.0,
        0.0,
        0.0,
        0.0,
        0.0,
        0.0,
        0.0,
        0.0,
        0.0,
        0.0,
        0.0,
        0.5204511678434176,
        0.0,
        0.0,
        0.0,
        0.0,
        0.0,
        0.0,
        0.0,
        0.0,
        0.0,
        0.0,
        0.0,
        1.0583931427324813,
        0.0,
        1.6899165290605476,
        0.04570547273906144,
        2.0,
        0.0,
        0.0,
        0.0,
        0.0,
        6.0,
        0.0,
        0.0,
        0.0,
        0.0,
        0.7037278378899309,
        0.0,
        0.0,
        0.0,
        0.0,
        0.0,
        0.0,
        0.11242062835752463,
        0.8576486705068567,
        0.0,
        0.0,
        0.0,
        0.0,
        0.0,
        0.0,
        0.0,
        0.0,
        0.0,
        0.16209370322724354,
        0.0,
        0.0,
        0.0,
        0.0,
        0.341867954673194,
        0.0,
        0.0,
        0.0,
        0.0,
        0.0,
        0.0,
        0.0,
        0.0,
        0.0,
        0.0,
        0.0,
        0.0,
        0.0,
        0.0,
        0.0,
        0.0,
        0.0,
        0.0,
        0.0,
        0.0,
        5.2825306987549965,
        0.0,
        0.0
    ],
    "x_il_presolve": [
        0.0,
        0.0,
        0.0,
        2.0505180194096613,
        1.819194838273412,
        1.0816023648895037,
        0.0,
        0.0,
        3.0,
        0.9494819805903386,
        0.0,
        3.0,
        0.0,
        0.0,
        0.2124235224251996,
        0.0,
        0.0,
        0.0,
        5.633189144588671,
        0.0,
        0.0,
        0.0,
        3.0,
        0.9298928236702028,
        2.070107176329797,
        0.0,
        2.3668108554113294,
        0.0,
        1.9416068572675187,
        0.0,
        1.2643779982003909,
        0.0,
        0.0,
        0.0,
        0.0,
        0.0,
        0.0,
        0.0,
        0.7356220017996093,
        0.35451577815818497,
        0.0,
        0.0,
        2.8379062967727564,
        0.0,
        0.0,
        2.0701071763297976,
        0.0,
        3.0,
        0.0,
        0.0,
        0.0,
        0.0,
        0.0,
        0.0,
        2.068976691599756,
        0.0,
        0.0,
        6.180805161726587,
        0.0,
        0.0,
        0.0,
        0.0,
        0.0,
        0.0,
        0.0,
        0.0,
        0.0,
        2.7174693012450035,
        0.0,
        0.0,
        3.1803907968054514
    ],
    "x_lj_presolve": [
        2.0,
        0.5349065749636361,
        0.0,
        1.0,
        0.19402299324702835,
        0.8875793716424754,
        0.0,
        0.0,
        2.0,
        1.0,
        0.0,
        1.6675222126053293,
        1.0,
        0.33247778739467104,
        1.609129069872848,
        0.0,
        0.0,
        0.0,
        0.3324777873946706,
        0.0,
        0.0,
        2.0,
        1.0,
        0.0,
        0.0,
        0.0,
        4.310083470939452,
        3.6899165290605476,
        0.0,
        0.0,
        2.0,
        0.9542945272609384,
        0.04570547273906154,
        2.0,
        6.0,
        0.0,
        1.8379062967727564,
        1.0,
        0.0,
        0.0,
        1.142351329493143,
        0.9098223735337769,
        0.01680298857283558,
        0.0,
        5.654960839933107,
        2.345039160066893,
        1.9831970114271644,
        0.0,
        0.6717638285059423,
        0.34503916006689334,
        2.0,
        0.0,
        0.0
    ],
    "q_presolve": [
        0.0,
        0.0,
        0.0,
        0.6835060064698871,
        0.22739935478417647,
        1.0,
        0.0,
        0.0,
        0.375,
        0.31649399353011287,
        0.0,
        1.0,
        0.0,
        0.0,
        0.02655294030314995,
        0.0,
        0.0,
        0.0,
        0.7041486430735838,
        0.0,
        0.0,
        0.0,
        1.0,
        0.30996427455673425,
        0.25876339704122464,
        0.0,
        0.2958513569264162,
        0.0,
        1.0,
        0.0,
        0.6321889991001954,
        0.0,
        0.0,
        0.0,
        0.0,
        0.0,
        0.0,
        0.0,
        0.3678110008998047,
        0.10028999936492859,
        0.0,
        0.0,
        1.0,
        0.0,
        0.0,
        0.6900357254432659,
        0.0,
        1.0,
        0.0,
        0.0,
        0.0,
        0.0,
        0.0,
        0.0,
        1.0,
        0.0,
        0.0,
        0.7726006452158234,
        0.0,
        0.0,
        0.0,
        0.0,
        0.0,
        0.0,
        1.0,
        0.0,
        0.0,
        0.33968366265562544,
        0.0,
        0.0,
        0.8997100006350714
    ],