{
    "upper_bound_presolve": -620.1117980590855,
    "x_ij_presolve": [
        0.0,
        0.0,
        1.4332183889291328,
        0.0,
        0.8699671495497271,
        0.0,
        1.3981558599911632,
        0.0,
        0.0,
        0.0,
        0.0,
        0.0,
        0.0,
        0.0,
        0.0,
        0.0,
        0.0,
        0.0,
        0.2197264853156632,
        0.0,
        0.0,
        0.0,
        0.0,
        0.0,
        0.0,
        0.0,
        0.0,
        2.0,
        0.0,
        0.0,
        0.0,
        0.0,
        0.0,
        0.0,
        0.0,
        0.0,
        0.0,
        0.0,
        0.0,
        0.0,
        0.0,
        0.0,
        0.0,
        0.5667816110708671,
        0.0,
        0.0,
        0.0,
        0.0,
        0.0,
        0.0,
        0.0,
        0.0,
        0.0,
        0.0,
        0.0,
        0.6153605464409263,
        0.0,
        1.2801687610588186,
        0.13786636045910441,
        1.8281023802433287,
        0.0,
        0.0,
        0.0,
        0.0,
        6.0,
        0.0,
        0.0,
        0.0,
        0.0,
        0.7802735146843368,
        0.0,
        0.0,
        0.0,
        0.0,
        0.0,
        0.0,
        0.2654256284741837,
        0.8742951029726237,
        0.0,
        0.0,
        0.0,
        0.0,
        0.0,
        0.0,
        0.0,
        0.0,
        0.0,
        0.06680847669301201,
        0.0,
        0.0,
        0.4573798878873267,
        1.1257048970273764,
        0.0,
        0.0,
        0.0,
        0.0,
        0.0,
        0.0,
        0.0,
        0.1242617029433469,
        0.0,
        0.0,
        0.0,
        0.0,
        0.0,
        0.95458702913078,
        0.0,
        0.0,
        0.0,
        0.0,
        0.07893756597711211,
        0.0,
        0.0,
        4.828609044433004,
        0.0,
        0.0
    ],
    "x_il_presolve": [
        0.0,
        0.0,
        0.0,
        2.2644811830844813,
        0.6843584504913227,
        1.336418511534653,
        0.0,
        0.0,
        0.0,
        0.7355188169155188,
        0.0,
        3.0,
        0.0,
        0.0,
        2.719527665265072,
        0.0,
        0.0,
        0.0,
        5.695326587658397,
        0.0,
        0.0,
        0.0,
        3.0,
        0.8119810548549566,
        2.1880189451450436,
        0.0,
        2.304673412341603,
        0.0,
        2.384639453559074,
        0.0,
        1.581964878482077,
        0.0,
        0.0,
        0.0,
        0.0,
        0.0,
        0.0,
        0.0,
        0.41803512151792305,
        0.0,
        0.0,
        0.0,
        2.933191523306988,
        0.0,
        0.0,
        2.1880189451450436,
        0.0,
        2.906005268979965,
        0.0,
        0.0,
        0.0,
        0.0,
        0.0,
        0.0,
        0.0,
        0.0,
        0.0,
        5.6447111513557795,
        0.0,
        0.0,
        0.0,
        0.0,
        0.0,
        0.09399473102003485,
        0.1718976197566712,
        0.0,
        0.0,
        3.0924533895898847,
        0.0,
        0.0,
        5.834682204213424
    ],
    "x_lj_presolve": [
        1.130032850450273,
        3.828911056706498,
        0.0,
        0.8757382970566532,
        0.6018441400088368,
        0.7345743715258163,
        0.0,
        0.0,
        2.0,
        1.0,
        0.0,
        1.615360546440926,
        1.0,
        0.38463945355907364,
        2.0,
        0.0,
        0.0,
        0.0,
        0.384639453559074,
        0.0,
        0.0,
        2.0,
        1.0,
        0.1718976197566712,
        0.0,
        0.0,
        4.719831238941182,
        3.280168761058819,
        0.0,
        0.0,
        0.9664754048921079,
        0.8621336395408956,
        1.1713909555669964,
        2.0,
        6.0,
        0.0,
        1.933191523306988,
        1.0,
        0.0,
        0.0,
        0.0,
        0.0,
        0.0,
        0.0,
        4.542620112112673,
        1.7864494897344283,
        1.5426201121126735,
        0.0,
        0.0,
        1.4573798878873268,
        2.0,
        0.0,
        0.0
    ],
    "q_presolve": [
        0.0,
        0.0,
        0.0,
        0.7548270610281604,
        0.10812939239783317,
        1.0,
        0.0,
        0.0,
        0.0,
        0.2451729389718396,
        0.0,
        1.0,
        0.0,
        0.0,
        0.339940958158134,
        0.0,
        0.0,
        0.0,
        0.7119158234572996,
        0.0,
        0.0,
        0.0,
        1.0,
        0.27066035161831886,
        0.27350236814313045,
        0.0,
        0.28808417654270035,
        0.0,
        1.0,
        0.0,
        0.7909824392410385,
        0.0,
        0.0,
        0.0,
        0.0,
        0.0,
        0.0,
        0.0,
        0.20901756075896152,
        0.0,
        0.0,
        0.0,
        1.0,
        0.0,
        0.0,
        0.7293396483816812,
        0.0,
        0.9686684229933217,
        0.0,
        0.0,
        0.0,
        0.0,
        0.0,
        0.0,
        0.0,
        1.0,
        0.0,
        0.8918706076021669,
        0.0,
        0.0,
        0.0,
        0.0,
        0.0,
        0.031331577006678275,
        1.0,
        0.0,
        0.0,
        0.3865566736987356,
        0.0,
        0.0,
        1.0
    ],