{
    "upper_bound_presolve": -608.7795589541798,
    "x_ij_presolve": [
        0.0,
        0.0,
        1.3509348344732364,
        0.0,
        0.0,
        0.0,
        1.7785714401475232,
        0.0,
        0.0,
        0.0,
        0.0,
        0.0,
        0.0,
        0.0,
        0.0,
        0.0,
        0.0,
        0.0,
        0.2312970970301793,
        0.0,
        0.0,
        0.0,
        0.0,
        0.0,
        0.0,
        0.0,
        0.0,
        2.0,
        0.0,
        2.562112532263639,
        0.0,
        0.0,
        0.0,
        0.0,
        0.0,
        0.0,
        0.0,
        0.0,
        0.0,
        0.0,
        0.0,
        0.0,
        0.0,
        0.6490651655267636,
        0.0,
        0.0,
        0.0,
        0.0,
        0.0,
        0.0,
        0.0,
        0.0,
        0.0,
        0.0,
        0.0,
        0.6059396149509366,
        0.0,
        0.0,
        0.1934974561083087,
        2.0,
        0.0,
        0.0,
        0.0,
        0.0,
        6.0,
        0.0,
        0.2617790727973753,
        0.0,
        0.0,
        0.7687029029698207,
        0.0,
        0.0,
        0.0,
        0.0,
        0.0,
        0.0,
        0.4129639103918888,
        0.4680168571413653,
        0.0,
        0.0,
        0.0,
        0.0,
        0.0,
        0.0,
        0.0,
        0.0,
        0.0,
        0.0,
        0.0,
        0.0,
        0.0,
        1.5319831428586348,
        0.5808375923280871,
        0.0,
        0.0,
        0.0,
        0.0,
        0.0,
        0.0,
        0.0,
        0.0,
        0.0,
        0.0,
        0.0,
        0.0,
        1.3003526443735702,
        0.0,
        0.0,
        0.0,
        0.0,
        0.1430420807191579,
        0.0,
        0.0,
        2.215412189593745,
        0.0,
        0.0
    ],
    "x_il_presolve": [
        0.0,
        0.0,
        0.0,
        2.2949143935724097,
        5.069522432758463,
        0.8084646494605882,
        0.0,
        0.0,
        2.916098076217832,
        0.7050856064275905,
        0.0,
        3.0,
        0.0,
        0.0,
        0.43788746773636134,
        0.0,
        0.0,
        0.0,
        7.350934834473237,
        0.0,
        0.0,
        0.0,
        3.0,
        1.0650537063997514,
        1.9349462936002486,
        0.0,
        0.6490651655267633,
        0.0,
        2.3940603850490634,
        0.0,
        2.8065025438916913,
        0.0,
        0.0,
        0.0,
        0.0,
        0.0,
        0.0,
        0.0,
        1.3411930853135274,
        0.8901040117166519,
        0.0,
        0.0,
        3.0,
        0.0,
        0.0,
        1.9349462936002486,
        0.0,
        1.6632946350734605,
        0.0,
        0.0,
        0.0,
        0.0,
        0.0,
        0.0,
        0.0,
        0.0,
        0.0,
        0.0,
        0.0,
        0.0,
        0.0,
        0.0,
        0.0,
        1.336705364926539,
        0.0,
        0.0,
        0.0,
        2.711068162445559,
        2.930477567241537,
        0.0,
        2.1537230709706456
    ],
    "x_lj_presolve": [
        2.0,
        0.04382708268729729,
        0.0,
        1.0,
        0.22142855985247686,
        0.5870360896081113,
        0.0,
        0.0,
        2.0,
        1.0,
        0.0,
        1.6059396149509368,
        1.0,
        0.3940603850490634,
        2.0,
        0.0,
        0.0,
        0.0,
        0.39406038504906327,
        0.0,
        0.0,
        2.0,
        1.0,
        0.0,
        0.0,
        0.0,
        5.738220927202625,
        2.261779072797375,
        0.0,
        0.0,
        0.556605274907272,
        0.8065025438916913,
        1.6368921812010364,
        2.0,
        6.0,
        0.0,
        2.0,
        1.0,
        0.0,
        0.0,
        0.0,
        0.0,
        0.0,
        0.0,
        5.0,
        3.0000000000000004,
        2.0,
        0.0,
        0.0,
        1.0,
        2.0,
        2.1476956292052187,
        0.0
    ],
    "q_presolve": [
        0.0,
        0.0,
        0.0,
        0.7649714645241366,
        0.6336903040948079,
        1.0,
        0.0,
        0.0,
        0.364512259527229,
        0.2350285354758635,
        0.0,
        1.0,
        0.0,
        0.0,
        0.05473593346704517,
        0.0,
        0.0,
        0.0,
        0.9188668543091546,
        0.0,
        0.0,
        0.0,
        1.0,
        0.35501790213325046,
        0.24186828670003108,
        0.0,
        0.08113314569084543,
        0.0,
        1.0,
        0.0,
        0.6766413919406794,
        0.0,
        0.0,
        0.0,
        0.0,
        0.0,
        0.0,
        0.0,
        0.32335860805932054,
        0.29242923054972225,
        0.0,
        0.0,
        1.0,
        0.0,
        0.0,
        0.6449820978667495,
        0.0,
        0.5544315450244869,
        0.0,
        0.0,
        0.0,
        0.0,
        0.0,
        0.0,
        0.0,
        1.0,
        0.0,
        0.0,
        0.0,
        0.0,
        0.0,
        0.0,
        0.0,
        0.44556845497551306,
        1.0,
        0.0,
        0.0,
        0.33888352030569485,
        0.36630969590519213,
        0.0,
        0.7075707694502779
    ],