{
    "upper_bound_presolve": -616.746179099285,
    "x_ij_presolve": [
        0.0,
        0.0,
        1.3445807756858725,
        0.0,
        0.0,
        0.0,
        1.7497232546387538,
        0.0,
        0.0,
        0.0,
        0.0,
        0.0,
        0.0,
        0.0,
        0.0,
        0.0,
        0.0,
        0.0,
        0.25659924322657013,
        0.0,
        0.0,
        0.0,
        0.0,
        0.0,
        0.0,
        0.0,
        0.0,
        2.0,
        0.0,
        0.0,
        0.0,
        0.0,
        0.0,
        0.0,
        0.0,
        0.0,
        0.0,
        0.0,
        0.0,
        0.0,
        0.0,
        0.0,
        0.0,
        0.6554192243141276,
        0.0,
        0.0,
        0.0,
        0.0,
        0.0,
        0.0,
        0.0,
        0.0,
        0.0,
        0.0,
        0.0,
        0.3335167444061811,
        0.0,
        0.0,
        0.13118144585035385,
        0.0,
        0.0,
        0.0,
        0.0,
        0.0,
        6.0,
        0.0,
        0.13042887149540178,
        0.0,
        0.0,
        0.74340075677343,
        0.0,
        0.0,
        0.0,
        0.0,
        0.0,
        0.0,
        0.3626478596877754,
        0.8977630749150379,
        0.0,
        0.0,
        0.0,
        0.0,
        0.0,
        0.0,
        0.0,
        0.0,
        0.0,
        0.1315554697484734,
        0.0,
        0.0,
        0.0,
        0.0,
        2.333138626777092,
        0.0,
        0.0,
        0.0,
        0.0,
        0.0,
        0.0,
        0.0,
        0.0,
        0.0,
        0.0,
        0.0,
        0.0,
        0.24094290243056488,
        0.0,
        0.0,
        1.8106523566677404,
        0.0,
        0.0,
        0.0,
        0.029673216131592333,
        5.627875651719081,
        0.0,
        0.0
    ],
    "x_il_presolve": [
        0.0,
        0.0,
        0.0,
        2.396507578300258,
        0.0,
        0.8876288856734709,
        0.0,
        0.0,
        1.6397444506087728,
        0.0,
        0.0,
        3.0,
        0.0,
        0.0,
        3.0,
        0.0,
        0.0,
        0.0,
        7.3445807756858725,
        0.0,
        0.0,
        0.0,
        3.0,
        1.0157426607370441,
        1.9842573392629559,
        0.0,
        0.6554192243141271,
        0.0,
        2.666483255593819,
        1.1429665854545799,
        1.1223595469953245,
        0.603492421699742,
        0.0,
        0.0,
        0.0,
        0.0,
        0.0,
        0.0,
        0.8776404530046756,
        0.2280127658274296,
        0.0,
        0.0,
        2.868444530251527,
        0.0,
        0.0,
        1.9842573392629557,
        0.0,
        3.0,
        0.0,
        0.0,
        0.0,
        0.0,
        0.0,
        0.0,
        2.4945003257385463,
        0.0,
        0.0,
        4.532832237653639,
        0.0,
        0.0,
        0.0,
        0.0,
        0.0,
        0.0,
        0.8570334145454201,
        0.0,
        0.0,
        1.3759982101282706,
        0.9664529220210561,
        0.0,
        5.576545602772465
    ],
    "x_lj_presolve": [
        2.0,
        2.804558368599895,
        0.0,
        1.0,
        0.25027674536124617,
        0.6373521403122246,
        0.0,
        0.0,
        2.0,
        1.0,
        0.0,
        1.3335167444061813,
        0.9703267838684076,
        0.6961564717254108,
        2.0,
        0.0,
        0.0,
        0.0,
        0.6664832555938186,
        0.0,
        0.0,
        2.0,
        1.0,
        2.0,
        0.0,
        0.0,
        5.869571128504598,
        2.1304288714954023,
        0.0,
        0.0,
        1.759057097569435,
        0.8688185541496461,
        0.3721243482809188,
        2.0,
        6.0,
        0.0,
        1.8684445302515267,
        1.0,
        0.0,
        0.0,
        1.102236925084962,
        1.2029157573213252,
        0.18934764333225954,
        0.0,
        3.0,
        2.4992851596746943,
        0.0,
        0.0,
        0.0,
        3.0,
        2.0,
        0.0,
        0.0
    ],
    "q_presolve": [
        0.0,
        0.0,
        0.0,
        0.7988358594334194,
        0.0,
        1.0,
        0.0,
        0.0,
        0.2049680563260966,
        0.0,
        0.0,
        1.0,
        0.0,
        0.0,
        0.375,
        0.0,
        0.0,
        0.0,
        0.9180725969607341,
        0.0,
        0.0,
        0.0,
        1.0,
        0.33858088691234806,
        0.24803216740786949,
        0.0,
        0.08192740303926589,
        0.0,
        1.0,
        0.5714832927272899,
        0.5611797734976622,
        0.2011641405665807,
        0.0,
        0.0,
        0.0,
        0.0,
        0.0,
        0.0,
        0.4388202265023378,
        0.039281673358799875,
        0.0,
        0.0,
        1.0,
        0.0,
        0.0,
        0.6614191130876519,
        0.0,
        1.0,
        0.0,
        0.0,
        0.0,
        0.0,
        0.0,
        0.0,
        1.0,
        0.0,
        0.0,
        0.8242584456052783,
        0.0,
        0.0,
        0.0,
        0.0,
        0.0,
        0.0,
        0.4285167072727101,
        0.0,
        0.0,
        0.17199977626603383,
        0.1757415543947217,
        0.0,
        0.9607183266412
    ],