{
    "upper_bound_presolve": -621.5349860918644,
    "x_ij_presolve": [
        0.0,
        0.2020113945537694,
        1.1479838661705075,
        0.0,
        0.8230872214478873,
        0.0,
        1.61974832589513,
        0.0,
        0.0,
        0.0,
        0.0,
        0.0,
        0.0,
        0.0,
        0.0,
        0.0,
        0.0,
        0.0,
        0.22995059048437,
        0.0,
        0.0,
        0.0,
        0.0,
        0.0,
        0.0,
        0.0,
        0.0,
        2.0,
        0.0,
        0.0,
        0.0,
        0.0,
        0.0,
        0.0,
        0.0,
        0.0,
        0.0,
        0.0,
        0.0,
        0.0,
        0.0,
        0.0,
        0.0,
        0.8520161338294925,
        0.0,
        0.0,
        0.0,
        0.0,
        0.0,
        0.0,
        0.0,
        0.0,
        0.0,
        0.0,
        0.0,
        0.7167881818628993,
        0.0,
        0.2339590000882874,
        0.0806431533986984,
        2.0,
        0.0,
        0.0,
        0.0,
        0.0,
        6.0,
        0.0,
        0.0,
        0.0,
        0.0,
        0.7700494095156301,
        0.0,
        0.0,
        0.0,
        0.0,
        0.0,
        0.0,
        0.3324033940341294,
        0.48149709174159894,
        0.0,
        0.0,
        0.0,
        0.0,
        0.0,
        0.0,
        0.0,
        0.0,
        0.0,
        0.0,
        0.0,
        0.0,
        0.0,
        0.0,
        0.0,
        0.0,
        0.0,
        0.0,
        0.0,
        0.0,
        0.0,
        0.0,
        0.0,
        0.0,
        0.0,
        0.0,
        0.0,
        0.0,
        0.0,
        0.0,
        0.0,
        0.0,
        0.0,
        0.0,
        0.01743452503273706,
        3.0040084096039177,
        0.0,
        0.0
    ],
    "x_il_presolve": [
        0.0,
        0.0,
        0.0,
        2.3482779916756753,
        3.7980719776022496,
        1.0478482800707405,
        0.0,
        0.0,
        1.7417244244139298,
        0.6517220083243246,
        0.0,
        3.0,
        0.0,
        0.0,
        3.0,
        0.0,
        0.0,
        0.0,
        7.147983866170508,
        0.0,
        0.0,
        0.0,
        3.0,
        0.98595374342134,
        2.01404625657866,
        0.0,
        0.852016133829493,
        0.0,
        2.283211818137101,
        0.0,
        2.6853978465130144,
        0.0,
        0.0,
        0.0,
        0.0,
        0.0,
        0.0,
        0.0,
        2.22995059048437,
        0.0,
        0.0,
        0.0,
        3.0,
        0.0,
        0.0,
        2.0140462565786605,
        0.0,
        3.0,
        0.0,
        0.0,
        0.0,
        0.0,
        0.0,
        0.0,
        4.6826714633884805,
        0.0,
        0.0,
        0.0,
        0.0,
        0.0,
        0.0,
        0.0,
        0.0,
        0.0,
        0.0,
        0.0,
        0.0,
        1.244229319007409,
        3.7343277463559366,
        0.0,
        5.026939579789051
    ],
    "x_lj_presolve": [
        1.176912778552113,
        2.8500268012369383,
        0.0,
        1.0,
        0.38025167410487004,
        0.6675966059658706,
        0.0,
        0.0,
        2.0,
        1.0,
        0.0,
        1.5147767873091296,
        0.982565474967263,
        0.5026577377236077,
        1.7979886054462306,
        0.0,
        0.0,
        0.0,
        0.4852232126908704,
        0.0,
        0.0,
        2.0,
        1.0,
        0.0,
        0.0,
        0.0,
        5.766040999911712,
        2.233959000088288,
        0.0,
        0.0,
        2.0,
        0.9193568466013016,
        0.08064315339869882,
        2.0,
        6.0,
        0.0,
        2.0,
        1.0,
        0.0,
        0.0,
        1.518502908258401,
        3.0492528180488128,
        0.11491573708126693,
        0.0,
        4.885084262918733,
        2.6473154610394536,
        1.8850842629187332,
        0.0,
        0.0,
        1.114915737081267,
        2.0,
        2.9153484369973834,
        0.0
    ],
    "q_presolve": [
        0.0,
        0.0,
        0.0,
        0.7827593305585585,
        0.5042313361997746,
        1.0,
        0.0,
        0.0,
        0.21771555305174123,
        0.21724066944144152,
        0.0,
        1.0,
        0.0,
        0.0,
        0.375,
        0.0,
        0.0,
        0.0,
        0.8934979832713135,
        0.0,
        0.0,
        0.0,
        1.0,
        0.3286512478071133,
        0.2517557820723325,
        0.0,
        0.10650201672868663,
        0.0,
        1.0,
        0.0,
        0.5463290916062568,
        0.0,
        0.0,
        0.0,
        0.0,
        0.0,
        0.0,
        0.0,
        0.4536709083937434,
        0.0,
        0.0,
        0.0,
        1.0,
        0.0,
        0.0,
        0.6713487521928868,
        0.0,
        1.0,
        0.0,
        0.0,
        0.0,
        0.0,
        0.0,
        0.0,
        1.0,
        0.0,
        0.0,
        0.0,
        0.0,
        0.0,
        0.0,
        0.0,
        0.0,
        0.0,
        1.0,
        0.0,
        0.0,
        0.15552866487592612,
        0.4957686638002254,
        0.0,
        1.0
    ],