{
    "upper_bound_presolve": -573.1366313595845,
    "x_ij_presolve": [
        0.0,
        1.5516408721586055,
        1.2917208377429588,
        0.0,
        0.0,
        0.0,
        1.7584754962372748,
        0.0,
        0.0,
        0.0,
        0.0,
        0.0,
        0.0,
        0.0,
        0.0,
        0.0,
        0.0,
        1.4518413016218252,
        0.2669379143122777,
        0.0,
        0.26207317963675586,
        0.0,
        0.0,
        0.0,
        0.0,
        0.0,
        0.0,
        2.0,
        0.0,
        0.7064228674343626,
        0.0,
        0.0,
        0.0,
        0.0,
        0.0,
        0.0,
        0.0,
        0.0,
        0.0,
        0.0,
        0.0,
        0.0,
        0.0,
        0.7082791622570411,
        0.0,
        0.0,
        0.44835912784139464,
        0.0,
        0.0,
        0.0,
        0.0,
        0.0,
        0.0,
        0.0,
        0.0,
        3.0,
        0.0,
        0.8706931055713996,
        0.07435405776015916,
        1.1446509962263267,
        0.0,
        0.0,
        0.0,
        0.548158698378175,
        6.0,
        0.0,
        0.0,
        0.0,
        0.0,
        0.7330620856877222,
        0.0,
        0.0,
        0.0,
        0.0,
        0.0,
        0.0,
        0.0,
        0.5065042421403823,
        0.0,
        0.0,
        0.0,
        0.0,
        0.0,
        0.0,
        0.0,
        0.0,
        0.0,
        0.0,
        0.0,
        0.0,
        0.0,
        1.4934957578596177,
        0.0,
        0.0,
        0.0,
        0.0,
        0.0,
        0.007057107988937757,
        0.0,
        0.0,
        0.0,
        0.0,
        0.0,
        0.0,
        0.0,
        0.0,
        0.0,
        0.0,
        0.4707782369954739,
        0.0,
        0.0,
        0.0,
        0.0,
        5.737926820363244,
        0.0,
        0.0
    ],
    "x_il_presolve": [
        0.0,
        0.7638224140736709,
        0.0,
        2.0954701706384684,
        1.19924180289354,
        0.47770208968905425,
        0.0,
        0.0,
        1.5481586983781748,
        0.904529829361532,
        0.0,
        0.0,
        0.0,
        0.0,
        2.2935771325656376,
        0.0,
        0.0,
        0.0,
        7.291720837742959,
        0.0,
        0.12930689442860022,
        0.0,
        3.0,
        1.103809010580569,
        1.8961909894194309,
        0.0,
        0.7082791622570412,
        0.0,
        0.0,
        0.5667486492937625,
        1.4882041873746783,
        0.0,
        0.0,
        0.0,
        0.0,
        0.0,
        0.0,
        0.0,
        0.5047387046363836,
        1.762199209675894,
        0.0,
        0.0,
        3.0,
        0.0,
        0.0,
        1.8961909894194313,
        0.0,
        2.925645942239841,
        0.0,
        0.0,
        0.0,
        0.0,
        0.0,
        0.0,
        0.0,
        0.0,
        0.0,
        6.800758197106459,
        0.0,
        0.0,
        0.0,
        0.0,
        0.0,
        0.0,
        0.28860035447991095,
        0.0,
        0.0,
        2.262073179636758,
        0.0,
        0.0,
        3.0605996858942692
    ],
    "x_lj_presolve": [
        2.0,
        1.822798895570164,
        0.0,
        1.0,
        0.24152450376272513,
        1.0,
        0.0,
        0.0,
        2.0,
        0.9929428920110622,
        0.007057107988938031,
        0.0,
        0.0,
        0.0,
        0.0,
        0.0,
        0.0,
        0.0,
        0.0,
        0.0,
        0.0,
        2.0,
        1.0,
        0.8553490037736734,
        0.0,
        0.0,
        5.1293068944286,
        2.8706931055714,
        0.0,
        0.0,
        2.0,
        0.9256459422398409,
        0.0,
        2.0,
        6.0,
        0.0,
        2.0,
        1.0,
        0.0,
        0.0,
        0.0,
        0.12930689442860022,
        0.0,
        0.0,
        4.529221763004526,
        3.4707782369954736,
        1.5292217630045262,
        0.0,
        0.0,
        1.470778236995474,
        1.992942892011062,
        0.0,
        0.0
    ],
    "q_presolve": [
        0.0,
        0.6152294310412172,
        0.0,
        0.6984900568794894,
        0.14990522536169254,
        0.3847705689587828,
        0.0,
        0.0,
        0.19351983729727185,
        0.30150994312051066,
        0.0,
        0.0,
        0.0,
        0.0,
        0.28669714157070464,
        0.0,
        0.0,
        0.0,
        0.9114651047178699,
        1.0,
        1.0,
        0.0,
        1.0,
        0.3679363368601896,
        0.23702387367742886,
        0.0,
        0.08853489528213015,
        0.0,
        0.0,
        0.662593452255572,
        0.746736995495613,
        0.0,
        0.0,
        1.0,
        0.0,
        0.0,
        0.0,
        0.0,
        0.253263004504387,
        0.36538932015069275,
        0.0,
        0.0,
        1.0,
        0.0,
        0.0,
        0.6320636631398104,
        0.0,
        1.0,
        0.0,
        0.0,
        0.0,
        0.0,
        0.0,
        0.0,
        0.0,
        0.0,
        0.0,
        0.8500947746383074,
        0.0,
        0.0,
        0.0,
        0.0,
        0.0,
        0.0,
        0.3374065477444281,
        0.0,
        0.0,
        0.28275914745459474,
        0.0,
        0.0,
        0.6346106798493072
    ],