{
    "upper_bound_presolve": -626.5795559333034,
    "x_ij_presolve": [
        0.0,
        0.31906799418429427,
        1.002375474245041,
        0.0,
        0.0,
        0.0,
        1.0877348567536163,
        0.0,
        0.0,
        0.0,
        0.0,
        0.0,
        0.0,
        0.0,
        0.0,
        0.0,
        0.0,
        0.0,
        0.2270559422988244,
        0.0,
        0.0,
        0.0,
        0.0,
        0.0,
        0.0,
        0.0,
        0.0,
        2.0,
        0.0,
        2.7467572941375207,
        0.0,
        0.0,
        0.0,
        0.0,
        0.0,
        0.0,
        0.0,
        0.0,
        0.0,
        0.0,
        0.0,
        0.0,
        0.0,
        0.5055453583185673,
        0.0,
        0.0,
        0.0,
        0.0,
        0.0,
        0.0,
        0.0,
        0.0,
        0.0,
        0.0,
        0.0,
        0.7027538871809813,
        0.0,
        0.0,
        0.2033333405144282,
        1.4182489065922674,
        0.0,
        0.0,
        0.0,
        0.0,
        6.0,
        0.0,
        0.0,
        0.0,
        0.0,
        0.7729440577011757,
        0.0,
        0.0,
        0.0,
        0.0,
        0.0,
        0.0,
        0.0,
        0.9952912044023283,
        0.0,
        0.0,
        0.0,
        0.0,
        0.0,
        0.0,
        0.0,
        0.0,
        0.0,
        0.025353154023049565,
        0.0,
        0.0,
        0.0,
        0.0,
        0.0,
        0.0,
        0.0,
        0.0,
        0.0,
        0.1495550273951933,
        0.0,
        0.0,
        0.0,
        0.0,
        0.0,
        0.0,
        0.0,
        0.0,
        0.0,
        0.0,
        0.0,
        0.0,
        0.0,
        0.0,
        0.12900776629555893,
        5.161405085326065,
        0.0,
        0.0
    ],
    "x_il_presolve": [
        0.0,
        0.0,
        0.0,
        2.232290720035913,
        2.8379001611026755,
        1.9122651432463837,
        0.0,
        0.0,
        3.0,
        0.7677092799640872,
        0.0,
        3.0,
        0.0,
        0.0,
        0.2532427058624794,
        0.0,
        0.0,
        0.0,
        7.494454641681433,
        0.0,
        0.4738600373184828,
        0.0,
        3.0,
        0.9628298542408558,
        2.0371701457591445,
        0.0,
        0.5055453583185667,
        0.0,
        2.2972461128190185,
        0.5300391779633264,
        2.2666274815222454,
        0.0,
        0.0,
        0.0,
        0.0,
        0.0,
        0.0,
        0.0,
        0.48008423784911997,
        1.040993788772029,
        0.0,
        0.0,
        2.9746468459769506,
        0.0,
        0.0,
        2.037170145759145,
        0.0,
        2.7389948273929483,
        0.0,
        0.0,
        0.0,
        0.0,
        0.0,
        0.0,
        3.828094871098208,
        0.0,
        0.0,
        5.1620998388973245,
        0.0,
        0.0,
        0.0,
        0.0,
        0.0,
        0.0,
        0.05171191544440613,
        0.0,
        0.0,
        2.7095871483783767,
        0.0,
        0.0,
        1.9590062112279711
    ],
    "x_lj_presolve": [
        2.0,
        0.0,
        0.0,
        1.0,
        0.9122651432463837,
        1.0,
        0.0,
        0.0,
        2.0,
        0.8504449726048068,
        0.1495550273951932,
        1.3836858929966878,
        0.8709922337044411,
        0.745321873298871,
        1.6809320058157058,
        0.0,
        0.0,
        0.0,
        0.6163141070033122,
        0.0,
        0.0,
        2.0,
        1.0,
        0.5817510934077326,
        0.0,
        0.0,
        6.0,
        1.9999999999999996,
        0.0,
        0.0,
        1.8470504342980973,
        0.7966666594855718,
        0.09527773360927916,
        2.0,
        6.0,
        0.0,
        1.9746468459769504,
        1.0,
        0.0,
        0.0,
        1.004708795597672,
        3.297246112819019,
        0.0,
        0.49207916743639196,
        5.0,
        2.507920832563608,
        2.0,
        0.0,
        0.0,
        1.0,
        1.850444972604807,
        0.7433171810646558,
        0.1529495657019028
    ],
    "q_presolve": [
        0.0,
        0.0,
        0.0,
        0.7440969066786376,
        0.35473752013783444,
        1.0,
        0.0,
        0.0,
        0.375,
        0.2559030933213624,
        0.0,
        1.0,
        0.0,
        0.0,
        0.03165533823280992,
        0.0,
        0.0,
        0.0,
        0.9368068302101791,
        0.0,
        0.11014993123042384,
        0.0,
        1.0,
        0.32094328474695183,
        0.25464626821989306,
        0.0,
        0.06319316978982084,
        0.0,
        1.0,
        0.9111098955715021,
        0.8252149162712292,
        0.0,
        0.0,
        0.0,
        0.0,
        0.0,
        0.0,
        0.0,
        0.17478508372877075,
        0.3469979295906764,
        0.0,
        0.0,
        1.0,
        0.0,
        0.0,
        0.6790567152530482,
        0.0,
        1.0,
        0.0,
        0.0,
        0.0,
        0.0,
        0.0,
        0.0,
        0.8898500687695761,
        0.0,
        0.0,
        0.6452624798621656,
        0.0,
        0.0,
        0.0,
        0.0,
        0.0,
        0.0,
        0.0888901044284978,
        0.0,
        0.0,
        0.3386983935472971,
        0.0,
        0.0,
        0.6530020704093237
    ],