{
    "upper_bound_presolve": -618.7113411805321,
    "x_ij_presolve": [
        0.0,
        0.28676833492065434,
        1.4912794741832274,
        0.0,
        0.0,
        0.0,
        1.734121014147638,
        0.0,
        0.0,
        0.0,
        0.0,
        0.0,
        0.0,
        0.0,
        0.0,
        0.0,
        0.0,
        0.0,
        0.23816417336055593,
        0.0,
        0.0,
        0.0,
        0.0,
        0.0,
        0.0,
        0.0,
        0.0,
        2.0,
        0.0,
        3.0,
        0.0,
        0.0,
        0.0,
        0.0,
        0.0,
        0.0,
        0.0,
        0.0,
        0.0,
        0.0,
        0.0,
        0.0,
        0.0,
        0.5087205258167726,
        0.0,
        0.0,
        0.0,
        0.0,
        0.0,
        0.0,
        0.0,
        0.0,
        0.0,
        0.0,
        0.0,
        0.788620422452008,
        0.0,
        0.0,
        0.31764904146145273,
        0.6767803044693786,
        0.0,
        0.0,
        0.0,
        0.0,
        6.0,
        0.0,
        0.0,
        0.0,
        0.0,
        0.7618358266394442,
        0.0,
        0.0,
        0.0,
        0.0,
        0.0,
        0.0,
        0.4544082775959577,
        0.48657080616321097,
        0.0,
        0.0,
        0.0,
        0.0,
        0.0,
        0.0,
        0.0,
        0.0,
        0.0,
        0.0,
        0.0,
        0.0,
        0.0,
        0.0,
        0.8464525589145403,
        0.0,
        0.0,
        0.0,
        0.0,
        0.0,
        0.0,
        0.0,
        0.0,
        0.0,
        0.0,
        0.0,
        0.0,
        0.7761641262707261,
        0.0,
        0.0,
        0.0,
        0.0,
        0.36410188359611506,
        0.0,
        0.03364530304367674,
        4.5420849486717065,
        0.0,
        0.0
    ],
    "x_il_presolve": [
        0.0,
        0.0,
        0.0,
        2.233614170862326,
        1.806206620029184,
        0.8114707082564043,
        0.0,
        0.0,
        2.8069467657842115,
        0.7663858291376744,
        0.0,
        3.0,
        0.0,
        0.0,
        0.0,
        0.0,
        0.0,
        0.0,
        5.395898976087097,
        0.0,
        0.0,
        0.0,
        3.0,
        0.7555933455093451,
        2.244406654490655,
        0.0,
        2.6041010239129028,
        0.0,
        2.211379577547992,
        1.1471267224883182,
        1.5352242360502288,
        0.0,
        0.0,
        0.0,
        0.0,
        0.0,
        0.0,
        0.0,
        0.46477576394977116,
        0.5641459801311344,
        0.0,
        0.0,
        3.0,
        0.0,
        0.0,
        2.2444066544906547,
        0.0,
        0.9781247129423712,
        0.0,
        0.0,
        0.0,
        0.0,
        0.0,
        0.0,
        3.8783562124702415,
        0.0,
        0.0,
        5.2958011269663015,
        0.0,
        0.0,
        0.0,
        0.0,
        0.0,
        2.0218752870576284,
        0.17609297304230329,
        0.0,
        0.0,
        2.9486465797251333,
        0.0,
        0.0,
        2.802053057361057
    ],
    "x_lj_presolve": [
        2.0,
        0.36619903749219157,
        0.0,
        1.0,
        0.265878985852362,
        0.5455917224040423,
        0.0,
        0.0,
        2.0,
        1.0,
        0.0,
        1.5018520875313537,
        0.9663546969563233,
        0.5317932155123232,
        1.7132316650793458,
        0.0,
        0.0,
        0.0,
        0.4981479124686464,
        0.0,
        0.0,
        2.0,
        1.0,
        1.3232196955306212,
        0.0,
        0.0,
        6.0,
        1.9999999999999996,
        0.0,
        0.0,
        0.859733990133159,
        0.6823509585385473,
        1.4579150513282935,
        2.0,
        6.0,
        0.0,
        2.0,
        1.0,
        0.0,
        0.0,
        1.513429193836789,
        2.3649270186334523,
        0.0,
        0.0,
        5.0,
        2.1020077469954854,
        2.0,
        0.0,
        0.0,
        1.0,
        2.0,
        0.0,
        0.0
    ],
    "q_presolve": [
        0.0,
        0.0,
        0.0,
        0.7445380569541086,
        0.2543233807078431,
        1.0,
        0.0,
        0.0,
        0.35086834572302644,
        0.2554619430458915,
        0.0,
        1.0,
        0.0,
        0.0,
        0.0,
        0.0,
        0.0,
        0.0,
        0.6744873720108872,
        0.0,
        0.0,
        0.0,
        1.0,
        0.251864448503115,
        0.2805508318113319,
        0.0,
        0.32551262798911285,
        0.0,
        1.0,
        0.8669208343579798,
        0.7676121180251144,
        0.0,
        0.0,
        0.0,
        0.0,
        0.0,
        0.0,
        0.0,
        0.23238788197488558,
        0.16759139131339706,
        0.0,
        0.0,
        1.0,
        0.0,
        0.0,
        0.7481355514968849,
        0.0,
        0.32604157098079045,
        0.0,
        0.0,
        0.0,
        0.0,
        0.0,
        0.0,
        1.0,
        0.0,
        0.0,
        0.7456766192921569,
        0.0,
        0.0,
        0.0,
        0.0,
        0.0,
        0.6739584290192095,
        0.13307916564202033,
        0.0,
        0.0,
        0.36858082246564167,
        0.0,
        0.0,
        0.8324086086866029
    ],