{
    "upper_bound_presolve": -614.9489104836781,
    "x_ij_presolve": [
        0.0,
        0.4982281972085239,
        1.4978044176587257,
        0.0,
        0.01285412339008017,
        0.0,
        1.3002297024792258,
        0.0,
        0.0,
        0.0,
        0.0,
        0.0,
        0.0,
        0.0,
        0.0,
        0.0,
        0.0,
        0.0,
        0.30666644786224395,
        0.0,
        0.0,
        0.0,
        0.0,
        0.0,
        0.0,
        0.0,
        0.0,
        2.0,
        0.0,
        0.0,
        0.0,
        0.0,
        0.0,
        0.0,
        0.0,
        0.0,
        0.0,
        0.0,
        0.0,
        0.0,
        0.0,
        0.0,
        0.0,
        0.5021955823412745,
        0.0,
        0.0,
        0.0,
        0.0,
        0.0,
        0.0,
        0.0,
        0.0,
        0.0,
        0.0,
        0.0,
        1.0602068328979968,
        0.0,
        0.7323908575589967,
        0.5154323050364416,
        2.0,
        0.0,
        0.0,
        0.0,
        0.0,
        6.0,
        0.0,
        0.0,
        0.0,
        0.0,
        0.693333552137756,
        0.0,
        0.0,
        0.0,
        0.0,
        0.0,
        0.0,
        0.12080360752545333,
        0.7778514832414749,
        0.0,
        0.0,
        0.0,
        0.0,
        0.0,
        0.0,
        0.0,
        0.0,
        0.0,
        0.0,
        0.0,
        0.0,
        0.0,
        0.0,
        1.1516119241607372,
        0.0,
        0.0,
        0.0,
        0.0,
        0.0,
        0.0,
        0.0,
        0.0,
        0.0,
        0.0,
        0.0,
        0.0,
        0.5991829972053144,
        0.0,
        0.0,
        1.7087629503841553,
        0.0,
        0.0,
        0.0,
        0.03853309796639179,
        4.885384697758244,
        0.0,
        0.0
    ],
    "x_il_presolve": [
        0.0,
        0.0,
        0.0,
        2.4030709607295417,
        0.0,
        1.578966689995321,
        0.0,
        0.0,
        0.3346885625169962,
        0.0,
        0.0,
        3.0,
        0.0,
        0.0,
        3.0,
        0.0,
        0.0,
        0.0,
        5.206818578129383,
        0.0,
        0.0,
        0.0,
        3.0,
        0.8189311019435743,
        2.1810688980564255,
        0.0,
        2.7931814218706164,
        0.0,
        1.9397931671020032,
        0.0,
        1.1552477981341032,
        0.5969290392704588,
        0.0,
        0.0,
        0.0,
        0.0,
        0.0,
        0.0,
        0.8447522018658971,
        0.0,
        0.0,
        0.0,
        3.0,
        0.0,
        0.0,
        2.1810688980564255,
        0.0,
        2.9437570249509557,
        0.0,
        0.0,
        0.0,
        0.0,
        0.0,
        0.0,
        2.56917595175664,
        0.0,
        0.0,
        5.016719121497401,
        0.0,
        0.0,
        0.0,
        0.0,
        0.0,
        0.05624297504904442,
        0.0,
        0.0,
        0.0,
        2.484242539426579,
        0.5918396648487854,
        0.0,
        5.902032627986816
    ],
    "x_lj_presolve": [
        1.98714587660992,
        2.914886751376895,
        0.0,
        1.0,
        0.6997702975207742,
        0.8791963924745467,
        0.0,
        0.0,
        2.0,
        1.0,
        0.0,
        1.561978635689473,
        0.9614669020336082,
        0.476554462276919,
        1.5017718027914762,
        0.0,
        0.0,
        0.0,
        0.4380213643105271,
        0.0,
        0.0,
        2.0,
        1.0,
        0.0,
        0.0,
        0.0,
        5.267609142441004,
        2.732390857558996,
        0.0,
        0.0,
        1.4008170027946858,
        0.48456769496355845,
        1.114615302241756,
        2.0,
        6.0,
        0.0,
        2.0,
        1.0,
        0.0,
        0.0,
        1.222148516758525,
        1.0557903853822699,
        0.29123704961584485,
        0.0,
        3.0000000000000004,
        2.6085587863461863,
        0.0,
        0.0,
        0.0,
        3.0,
        2.0,
        0.0,
        0.0
    ],
    "q_presolve": [
        0.0,
        0.0,
        0.0,
        0.8010236535765138,
        0.0,
        1.0,
        0.0,
        0.0,
        0.041836070314624524,
        0.0,
        0.0,
        1.0,
        0.0,
        0.0,
        0.375,
        0.0,
        0.0,
        0.0,
        0.6508523222661728,
        0.0,
        0.0,
        0.0,
        1.0,
        0.27297703398119144,
        0.2726336122570532,
        0.0,
        0.34914767773382704,
        0.0,
        1.0,
        0.0,
        0.5776238990670516,
        0.19897634642348627,
        0.0,
        0.0,
        0.0,
        0.0,
        0.0,
        0.0,
        0.42237610093294853,
        0.0,
        0.0,
        0.0,
        1.0,
        0.0,
        0.0,
        0.7270229660188086,
        0.0,
        0.9812523416503185,
        0.0,
        0.0,
        0.0,
        0.0,
        0.0,
        0.0,
        1.0,
        0.0,
        0.0,
        0.8944756242388694,
        0.0,
        0.0,
        0.0,
        0.0,
        0.0,
        0.018747658349681427,
        1.0,
        0.0,
        0.0,
        0.3105303174283224,
        0.10552437576113056,
        0.0,
        1.0
    ],