{
    "upper_bound_presolve": -580.3780232021657,
    "x_ij_presolve": [
        0.0,
        0.9498359035870177,
        1.600605979478092,
        0.0,
        0.0,
        0.0,
        1.8864450201454137,
        0.0,
        0.0,
        0.0,
        0.0,
        0.0,
        0.0,
        0.0,
        0.0,
        0.0,
        0.0,
        0.050164096412982175,
        0.2761094461184307,
        0.0,
        0.0,
        0.0,
        0.0,
        0.0,
        0.0,
        0.0,
        0.0,
        2.0,
        0.0,
        3.0,
        0.0,
        0.0,
        0.0,
        0.0,
        0.0,
        0.0,
        0.0,
        0.0,
        0.0,
        0.0,
        0.0,
        0.0,
        0.0,
        0.39939402052190764,
        0.0,
        0.0,
        0.0,
        0.0,
        0.0,
        0.0,
        0.0,
        0.0,
        0.0,
        0.0,
        0.0,
        0.0,
        0.0,
        1.0537343532180714,
        0.16258172043371774,
        1.8913501849377867,
        0.0,
        0.0,
        0.0,
        0.0,
        6.0,
        0.0,
        0.0,
        0.0,
        0.0,
        0.7238905538815693,
        0.0,
        0.0,
        0.0,
        0.0,
        0.0,
        0.0,
        0.4922310868692457,
        0.5992390630509096,
        0.0,
        0.0,
        0.0,
        0.0,
        0.0,
        0.0,
        0.0,
        0.0,
        0.0,
        0.09391160348579937,
        0.0,
        0.0,
        0.0,
        1.4007609369490905,
        1.0361868723275667,
        0.0,
        0.0,
        0.0,
        0.0,
        0.0,
        0.0,
        0.0,
        0.0,
        0.0,
        0.0,
        0.0,
        0.0,
        1.0477258252405435,
        0.0,
        0.0,
        0.0,
        0.0,
        0.15523659044873825,
        0.0,
        0.0,
        4.485810568624036,
        0.0,
        0.0
    ],
    "x_il_presolve": [
        0.0,
        0.0,
        0.0,
        2.1540007442333717,
        1.4571601924101603,
        0.6213238929853405,
        0.0,
        0.0,
        2.4886293657774776,
        0.8459992557666287,
        0.0,
        0.0,
        0.0,
        0.0,
        0.0,
        0.0,
        0.0,
        0.0,
        5.444359807363667,
        0.0,
        0.0,
        0.0,
        3.0,
        0.8475822067047039,
        2.1524177932952964,
        0.0,
        2.5556401926363326,
        0.0,
        3.0,
        0.0,
        1.7836839263482105,
        0.0,
        0.0,
        0.0,
        0.0,
        0.0,
        0.0,
        0.0,
        0.3649613689047545,
        1.0229950981277962,
        0.0,
        0.0,
        2.9060883965142006,
        0.0,
        0.0,
        2.1524177932952964,
        0.0,
        2.736941629933287,
        0.0,
        0.0,
        0.0,
        0.0,
        0.0,
        0.0,
        0.0,
        0.0,
        0.0,
        6.013461018620285,
        0.0,
        0.0,
        0.0,
        0.0,
        0.0,
        0.2630583700667128,
        0.1086498150622132,
        0.0,
        0.0,
        3.358952840927226,
        0.0,
        0.0,
        2.5063836908417585
    ],
    "x_lj_presolve": [
        2.0,
        0.5293787889695546,
        0.0,
        1.0,
        0.11355497985458632,
        0.5077689131307542,
        0.0,
        0.0,
        2.0,
        1.0,
        0.0,
        0.0,
        0.0,
        0.0,
        1.0501640964129821,
        0.0,
        0.0,
        0.0,
        1.9498359035870179,
        0.0,
        0.0,
        2.0,
        1.0,
        0.1086498150622132,
        0.0,
        0.0,
        4.946265646781929,
        3.0537343532180707,
        0.0,
        0.0,
        0.7970375843107185,
        0.8374182795662822,
        1.3655441361229992,
        2.0,
        6.0,
        0.0,
        1.9060883965142008,
        1.0,
        0.0,
        0.0,
        0.0,
        0.0,
        0.0,
        0.0,
        5.0,
        2.470621211030445,
        2.0,
        0.0,
        0.0,
        1.0000000000000002,
        2.0,
        0.14864529525296485,
        0.0
    ],
    "q_presolve": [
        0.0,
        0.0,
        0.0,
        0.7180002480777905,
        0.195052078167027,
        1.0,
        0.0,
        0.0,
        0.3110786707221847,
        0.28199975192220955,
        0.0,
        0.0,
        0.0,
        0.0,
        0.0,
        0.0,
        0.0,
        0.0,
        0.6805449759204584,
        0.0,
        0.2708430196989709,
        0.0,
        1.0,
        0.2825274022349013,
        0.26905222416191205,
        0.0,
        0.31945502407954157,
        0.0,
        1.0,
        0.0,
        0.830143500320379,
        0.0,
        0.0,
        1.0,
        0.0,
        0.0,
        0.0,
        0.0,
        0.16985649967962105,
        0.289851319253401,
        0.0,
        0.0,
        1.0,
        0.0,
        0.0,
        0.7174725977650988,
        0.0,
        0.9123138766444291,
        0.0,
        0.0,
        0.0,
        0.0,
        0.0,
        0.0,
        0.0,
        0.7291569803010292,
        0.0,
        0.804947921832973,
        0.0,
        0.0,
        0.0,
        0.0,
        0.0,
        0.08768612335557097,
        1.0,
        0.0,
        0.0,
        0.41986910511590325,
        0.0,
        0.0,
        0.710148680746599
    ],