{
    "upper_bound_presolve": -616.6841533700732,
    "x_ij_presolve": [
        0.0,
        1.4350871197325479,
        0.6883924018815213,
        0.0,
        0.866914980247716,
        0.0,
        1.5948694878238856,
        0.0,
        0.0,
        0.0,
        0.0,
        0.0,
        0.0,
        0.0,
        0.0,
        0.0,
        0.0,
        0.0,
        0.0,
        0.0,
        0.0,
        0.0,
        0.0,
        0.0,
        0.0,
        0.0,
        0.0,
        2.0,
        0.0,
        0.0,
        0.0,
        0.0,
        0.0,
        0.0,
        0.0,
        0.0,
        0.0,
        0.0,
        0.0,
        0.0,
        0.0,
        0.0,
        0.0,
        0.37585880330790195,
        0.0,
        0.0,
        0.564912880267452,
        0.0,
        0.0,
        0.0,
        0.0,
        0.0,
        0.0,
        0.0,
        0.0,
        3.0,
        0.0,
        0.395706719949816,
        0.33795936411446614,
        1.5749449660575916,
        0.0,
        0.0,
        0.0,
        0.44684801326889495,
        6.0,
        0.0,
        0.0,
        0.0,
        0.0,
        0.795439344942447,
        0.0,
        0.0,
        0.0,
        0.0,
        0.0,
        0.0,
        0.4080598087290364,
        1.0013842554336887,
        0.0,
        0.0,
        0.0,
        0.0,
        0.0,
        0.0,
        0.0,
        0.0,
        0.0,
        0.0,
        0.0,
        0.0,
        0.0,
        0.0,
        0.0,
        0.0,
        0.0,
        0.0,
        0.0,
        0.0,
        0.0,
        0.010717179028195453,
        0.0,
        0.0,
        0.0,
        0.0,
        0.0,
        1.2537788592041175,
        0.0,
        0.0,
        0.0,
        0.0,
        0.249844013311265,
        0.0,
        0.0,
        4.158417763370151,
        0.0,
        0.0
    ],
    "x_il_presolve": [
        0.0,
        0.0,
        0.0,
        2.1845592083409167,
        2.412334257471292,
        0.997070703447078,
        0.0,
        0.0,
        0.013616592585796686,
        0.45164462158306,
        0.0,
        3.0,
        0.0,
        0.0,
        3.0,
        0.0,
        0.0,
        0.0,
        7.624141196692098,
        0.0,
        0.0,
        0.0,
        3.0,
        0.8715159458017226,
        2.1284840541982772,
        0.0,
        0.3758588033079019,
        0.0,
        0.0,
        0.6296156889999615,
        1.272922056859733,
        0.3637961700760232,
        0.0,
        0.0,
        0.0,
        0.0,
        0.0,
        0.0,
        0.7270779431402669,
        0.0,
        0.0,
        0.0,
        3.0,
        0.0,
        0.0,
        2.1284840541982772,
        0.0,
        0.0,
        0.0,
        0.0,
        0.0,
        0.0,
        0.0,
        0.0,
        1.6029090246164945,
        0.0,
        0.0,
        5.587665742528709,
        0.0,
        0.0,
        0.0,
        0.0,
        0.0,
        3.0,
        0.0,
        0.0,
        0.0,
        2.8578993532159256,
        0.0,
        0.0,
        5.611268622265769
    ],
    "x_lj_presolve": [
        1.1330850197522842,
        3.4889007815416804,
        0.0,
        0.9892828209718046,
        0.40513051217611457,
        0.5919401912709635,
        0.0,
        0.0,
        2.0,
        1.0,
        0.0,
        1.553151986731105,
        1.0,
        0.44684801326889495,
        0.0,
        0.0,
        0.0,
        0.0,
        0.0,
        0.0,
        0.0,
        2.0,
        1.0,
        0.42505503394240834,
        0.20456065505755308,
        0.0,
        5.604293280050183,
        2.3957067199498168,
        0.0,
        0.0,
        0.49637712748461765,
        0.662040635885534,
        1.8415822366298487,
        2.0,
        6.0,
        0.0,
        2.0,
        1.0,
        0.0,
        0.0,
        0.9986157445663112,
        0.6042932800501833,
        0.0,
        0.9357487948105769,
        5.0,
        2.064251205189424,
        2.0,
        0.0,
        0.0,
        0.9999999999999999,
        2.0,
        0.0,
        0.0
    ],
    "q_presolve": [
        0.0,
        0.0,
        0.0,
        0.7281864027803057,
        0.3015417821839114,
        1.0,
        0.0,
        0.0,
        0.0017020740732245857,
        0.15054820719435333,
        0.0,
        1.0,
        0.0,
        0.0,
        0.375,
        0.0,
        0.0,
        0.0,
        0.9530176495865122,
        1.0,
        0.0,
        0.0,
        1.0,
        0.2905053152672409,
        0.26606050677478466,
        0.0,
        0.046982350413487736,
        0.0,
        0.0,
        1.0,
        0.6364610284298665,
        0.12126539002534106,
        0.0,
        0.0,
        0.0,
        0.0,
        0.0,
        0.0,
        0.36353897157013343,
        0.0,
        0.0,
        0.0,
        1.0,
        0.0,
        0.0,
        0.7094946847327591,
        0.0,
        0.0,
        0.0,
        0.0,
        0.0,
        0.0,
        0.0,
        0.0,
        1.0,
        0.0,
        0.0,
        0.6984582178160886,
        0.0,
        0.0,
        0.0,
        0.0,
        0.0,
        1.0,
        0.0,
        0.0,
        0.0,
        0.3572374191519907,
        0.0,
        0.0,
        1.0
    ],