{
    "upper_bound_presolve": -620.5904945184997,
    "x_ij_presolve": [
        0.0,
        1.8622022241959086,
        1.6197341590408303,
        0.0,
        0.26907823732357833,
        0.0,
        1.388637033033355,
        0.0,
        0.0,
        0.0,
        0.0,
        0.0,
        0.0,
        0.0,
        0.0,
        0.0,
        0.0,
        0.0,
        0.0,
        0.0,
        0.0,
        0.0,
        0.0,
        0.0,
        0.0,
        0.0,
        0.0,
        2.0,
        0.0,
        0.0,
        0.0,
        0.0,
        0.0,
        0.0,
        0.0,
        0.0,
        0.0,
        0.0,
        0.0,
        0.0,
        0.0,
        0.0,
        0.0,
        0.3802658409591699,
        0.0,
        0.0,
        0.1377977758040914,
        0.0,
        0.0,
        0.0,
        0.0,
        0.0,
        0.0,
        0.0,
        0.0,
        3.0,
        0.0,
        0.35100299228825543,
        0.04410353821618782,
        1.6694676565146653,
        0.0,
        0.0,
        0.0,
        0.37548506248818114,
        6.0,
        0.0,
        0.0,
        0.0,
        0.0,
        0.7695277733324872,
        0.0,
        0.0,
        0.0,
        0.0,
        0.0,
        0.0,
        0.3821001305825665,
        0.6319887541593443,
        0.0,
        0.0,
        0.0,
        0.0,
        0.0,
        0.0,
        0.0,
        0.0,
        0.0,
        0.0,
        0.0,
        0.0,
        0.0,
        0.0,
        0.0,
        0.0,
        0.0,
        0.0,
        0.0,
        0.0,
        0.0,
        0.0,
        0.0,
        0.0,
        0.0,
        0.0,
        0.0,
        0.0,
        0.0,
        0.0,
        0.0,
        0.0,
        0.0,
        0.0,
        0.0,
        5.257986598638597,
        0.0,
        0.0
    ],
    "x_il_presolve": [
        0.0,
        0.0,
        0.0,
        2.12269591613998,
        0.9481690175152312,
        1.2292628363840787,
        0.0,
        0.0,
        0.20168951244535885,
        0.6990085744241481,
        0.0,
        3.0,
        0.0,
        0.0,
        3.0,
        0.0,
        0.0,
        0.0,
        5.700926952928943,
        0.0,
        0.0,
        0.0,
        3.0,
        0.9437029138067611,
        2.056297086193239,
        0.0,
        2.299073047071057,
        0.0,
        0.0,
        0.5610045701528475,
        1.865593389906838,
        0.17829550943587116,
        0.0,
        0.0,
        0.0,
        0.0,
        0.0,
        0.0,
        0.8764200114545645,
        0.0,
        0.0,
        0.0,
        3.0,
        0.0,
        0.0,
        2.056297086193239,
        0.0,
        2.955896461783812,
        0.0,
        0.0,
        0.0,
        0.0,
        0.0,
        0.0,
        2.1252891940085927,
        0.0,
        0.0,
        6.825811036293701,
        0.0,
        0.0,
        0.0,
        0.0,
        0.0,
        0.0,
        0.0,
        0.0,
        0.0,
        2.742013401361402,
        0.0,
        0.0,
        5.473175705923117
    ],
    "x_lj_presolve": [
        1.7309217626764217,
        2.742253943246695,
        0.0,
        1.0,
        0.611362966966645,
        0.6178998694174336,
        0.0,
        0.0,
        2.0,
        1.0,
        0.0,
        1.6245149375118189,
        1.0,
        0.37548506248818103,
        0.0,
        0.0,
        0.0,
        0.0,
        0.0,
        0.0,
        0.0,
        2.0,
        1.0,
        0.3305323434853347,
        0.23047222666751283,
        0.0,
        5.648997007711745,
        2.351002992288255,
        0.0,
        0.0,
        2.0,
        0.9558964617838122,
        0.0,
        2.0,
        6.0,
        0.0,
        2.0,
        1.0,
        0.0,
        0.0,
        1.3680112458406557,
        0.6489970077117452,
        0.10828094045619183,
        0.0,
        4.891719059543808,
        2.8822609942651245,
        1.8917190595438083,
        0.0,
        0.0,
        1.1082809404561915,
        2.0,
        0.7420134013614025,
        0.0
    ],
    "q_presolve": [
        0.0,
        0.0,
        0.0,
        0.7075653053799935,
        0.12196699900852809,
        1.0,
        0.0,
        0.0,
        0.025211189055669856,
        0.23300285814138272,
        0.0,
        1.0,
        0.0,
        0.0,
        0.375,
        0.0,
        0.0,
        0.0,
        0.7126158691161179,
        1.0,
        0.0,
        0.0,
        1.0,
        0.314567637935587,
        0.2570371357741549,
        0.0,
        0.28738413088388215,
        0.0,
        0.0,
        1.0,
        0.6803735492250241,
        0.059431836478623726,
        0.0,
        0.0,
        0.0,
        0.0,
        0.0,
        0.0,
        0.3196264507749759,
        0.0,
        0.0,
        0.0,
        1.0,
        0.0,
        0.0,
        0.6854323620644129,
        0.0,
        1.0,
        0.0,
        0.0,
        0.0,
        0.0,
        0.0,
        0.0,
        1.0,
        0.0,
        0.0,
        0.878033000991472,
        0.0,
        0.0,
        0.0,
        0.0,
        0.0,
        0.0,
        0.0,
        0.0,
        0.0,
        0.34275167517017524,
        0.0,
        0.0,
        1.0
    ],