{
    "upper_bound_presolve": -619.3437665214021,
    "x_ij_presolve": [
        0.0,
        0.0697308126772758,
        1.3602483949855382,
        0.0,
        0.0,
        0.0,
        1.835225896214297,
        0.0,
        0.0,
        0.0,
        0.0,
        0.0,
        0.0,
        0.0,
        0.0,
        0.0,
        0.0,
        0.0,
        0.2624296246528468,
        0.0,
        0.0,
        0.0,
        0.0,
        0.0,
        0.0,
        0.0,
        0.0,
        2.0,
        0.0,
        0.0,
        0.0,
        0.0,
        0.0,
        0.0,
        0.0,
        0.0,
        0.0,
        0.0,
        0.0,
        0.0,
        0.0,
        0.0,
        0.0,
        0.639751605014462,
        0.0,
        0.0,
        0.0,
        0.0,
        0.0,
        0.0,
        0.0,
        0.0,
        0.0,
        0.0,
        0.0,
        0.6666945668869684,
        0.0,
        1.2664167731987535,
        0.18209633351149113,
        2.0,
        0.0,
        0.0,
        0.0,
        0.0,
        6.0,
        0.0,
        0.408429006561152,
        0.0,
        0.0,
        0.7375703753471532,
        0.0,
        0.0,
        0.0,
        0.0,
        0.0,
        0.0,
        0.0,
        0.49172367713356396,
        0.0,
        0.0,
        0.0,
        0.0,
        0.0,
        0.0,
        0.0,
        0.0,
        0.0,
        0.0,
        0.0,
        0.0,
        0.0,
        1.5082763228664362,
        1.0890345965109194,
        0.0,
        0.0,
        0.0,
        0.0,
        0.0,
        0.0,
        0.0,
        0.0,
        0.0,
        0.0,
        0.0,
        0.0,
        0.7405625220661229,
        0.0,
        0.0,
        0.11349330335101959,
        0.0,
        0.16141059289898105,
        0.0,
        0.0,
        4.915930551523405,
        0.0,
        0.0
    ],
    "x_il_presolve": [
        0.0,
        0.0,
        0.0,
        2.115401702229009,
        0.5436765347917953,
        0.21403668795081845,
        0.0,
        0.0,
        0.0,
        0.8845982977709911,
        0.0,
        3.0,
        0.0,
        0.0,
        3.0,
        0.0,
        0.0,
        0.0,
        7.360248394985538,
        0.0,
        0.0,
        0.9507374158348846,
        3.0,
        0.6598740090222531,
        2.340125990977747,
        0.0,
        0.639751605014463,
        0.0,
        2.3333054331130314,
        0.0,
        1.5514868932897556,
        0.0,
        0.0,
        0.0,
        0.0,
        0.0,
        0.0,
        0.0,
        0.44851310671024425,
        0.0,
        0.0,
        0.0,
        3.0,
        0.0,
        0.0,
        2.3401259909777465,
        0.0,
        3.0,
        0.0,
        0.0,
        0.0,
        0.0,
        0.0,
        0.0,
        0.0,
        0.0,
        0.0,
        7.193538618652845,
        0.0,
        0.0,
        0.0,
        0.0,
        0.0,
        0.0,
        0.0,
        0.0,
        0.0,
        2.6598740090222535,
        0.26278484655536,
        0.0,
        5.483470450858674
    ],
    "x_lj_presolve": [
        2.0,
        2.483470450858673,
        0.0,
        1.0,
        0.16477410378570295,
        1.0,
        0.0,
        0.0,
        2.0,
        1.0,
        0.0,
        1.5969637542096928,
        1.0,
        0.4030362457903073,
        1.9302691873227242,
        0.0,
        0.0,
        0.0,
        0.4030362457903071,
        0.0,
        0.0,
        2.0,
        1.0,
        0.0,
        0.0,
        0.0,
        4.325154220240095,
        3.674845779759906,
        0.0,
        0.0,
        1.0980268850348962,
        0.817903666488509,
        1.084069448476595,
        2.0,
        6.0,
        0.0,
        2.0,
        1.0,
        0.0,
        0.0,
        0.0,
        0.0,
        0.0,
        0.0,
        4.886506696648981,
        3.1134933033510195,
        1.8865066966489803,
        0.0,
        0.0,
        1.1134933033510195,
        2.0,
        0.0,
        0.0
    ],
    "q_presolve": [
        0.0,
        0.0,
        0.0,
        0.705133900743003,
        0.06795956684897435,
        0.1837581100534127,
        0.0,
        0.0,
        0.0,
        0.294866099256997,
        0.0,
        1.0,
        0.0,
        0.0,
        0.375,
        0.0,
        0.0,
        0.0,
        0.9200310493731922,
        0.0,
        0.0,
        0.8162418899465873,
        1.0,
        0.21995800300741775,
        0.2925157488722184,
        0.0,
        0.07996895062680788,
        0.0,
        1.0,
        1.0,
        0.7757434466448778,
        0.0,
        0.0,
        0.0,
        0.0,
        0.0,
        0.0,
        0.0,
        0.22425655335512212,
        0.0,
        0.0,
        0.0,
        1.0,
        0.0,
        0.0,
        0.7800419969925823,
        0.0,
        1.0,
        0.0,
        0.0,
        0.0,
        0.0,
        0.0,
        0.0,
        0.0,
        1.0,
        0.0,
        0.8991923273316056,
        0.0,
        0.0,
        0.0,
        0.0,
        0.0,
        0.0,
        0.0,
        0.0,
        0.0,
        0.3324842511277817,
        0.03284810581941999,
        0.0,
        1.0
    ],