{
    "upper_bound_presolve": -616.7387320298762,
    "x_ij_presolve": [
        0.0,
        0.4869569412277089,
        1.3660907566670175,
        0.0,
        0.0,
        0.0,
        1.7076221037904724,
        0.0,
        0.0,
        0.0,
        0.0,
        0.0,
        0.0,
        0.0,
        0.0,
        0.0,
        0.0,
        0.0,
        0.31830896781710805,
        0.0,
        0.0,
        0.0,
        0.0,
        0.0,
        0.0,
        0.0,
        0.0,
        2.0,
        0.0,
        0.0,
        0.0,
        0.0,
        0.0,
        0.0,
        0.0,
        0.0,
        0.0,
        0.0,
        0.0,
        0.0,
        0.0,
        0.0,
        0.0,
        0.6339092433329826,
        0.0,
        0.0,
        0.0,
        0.0,
        0.0,
        0.0,
        0.0,
        0.0,
        0.0,
        0.0,
        0.0,
        1.0726891212823686,
        0.0,
        1.480102728806042,
        0.058164556778265715,
        2.0,
        0.0,
        0.0,
        0.0,
        0.0,
        6.0,
        0.0,
        0.0,
        0.0,
        0.0,
        0.6816910321828921,
        0.0,
        0.0,
        0.0,
        0.0,
        0.0,
        0.0,
        0.5343586717339904,
        1.045967002767707,
        0.0,
        0.0,
        0.0,
        0.0,
        0.0,
        0.0,
        0.0,
        0.0,
        0.0,
        0.04156258538651311,
        0.0,
        0.0,
        0.0,
        0.0,
        1.0004514076575217,
        0.0,
        0.0,
        0.0,
        0.0,
        0.0,
        0.0,
        0.0,
        0.0,
        0.0,
        0.0,
        0.0,
        0.0,
        0.5964469447348347,
        0.0,
        0.0,
        0.13895628753129557,
        0.0,
        0.0,
        0.0,
        0.021087633342488095,
        5.345388498486899,
        0.0,
        0.0
    ],
    "x_il_presolve": [
        0.0,
        0.0,
        0.0,
        2.034227575511672,
        1.5355323745276193,
        0.758019224475537,
        0.0,
        0.0,
        2.241284831731916,
        0.9657724244883278,
        0.0,
        3.0,
        0.0,
        0.0,
        3.0,
        0.0,
        0.0,
        0.0,
        7.366090756667018,
        0.0,
        0.0,
        0.0,
        3.0,
        0.7862335651257707,
        2.213766434874229,
        0.0,
        0.6339092433329834,
        0.0,
        1.9273108787176314,
        0.0,
        1.461732714415692,
        0.0,
        0.0,
        0.0,
        0.0,
        0.0,
        0.0,
        0.0,
        0.5382672855843081,
        0.0,
        0.0,
        0.0,
        2.9584374146134866,
        0.0,
        0.0,
        2.2137664348742296,
        0.0,
        2.68672442752844,
        0.0,
        0.0,
        0.0,
        0.0,
        0.0,
        0.0,
        1.506511037642504,
        0.0,
        0.0,
        4.375892490695623,
        0.0,
        0.0,
        0.0,
        0.0,
        0.0,
        0.31327557247156046,
        0.0,
        0.0,
        0.0,
        0.5449487333938547,
        2.088575134776758,
        0.0,
        5.319966961024731
    ],
    "x_lj_presolve": [
        2.0,
        2.3199669610247318,
        0.0,
        1.0,
        0.29237789620952764,
        0.4656413282660095,
        0.0,
        0.0,
        2.0,
        1.0,
        0.0,
        1.5857321800546598,
        0.9789123666575119,
        0.43535545328782815,
        1.5130430587722912,
        0.0,
        0.0,
        0.0,
        0.41426781994534023,
        0.0,
        0.0,
        2.0,
        1.0,
        0.0,
        0.0,
        0.0,
        4.519897271193958,
        3.4801027288060427,
        0.0,
        0.0,
        1.4035530552651654,
        0.9418354432217343,
        0.6546115015131007,
        2.0,
        6.0,
        0.0,
        1.9584374146134869,
        1.0,
        0.0,
        0.0,
        0.954032997232293,
        0.4467567422540671,
        0.10572129815614383,
        0.0,
        4.755322414312561,
        3.24467758568744,
        1.7553224143125605,
        0.0,
        0.0,
        1.2446775856874397,
        2.0,
        0.0,
        0.0
    ],
    "q_presolve": [
        0.0,
        0.0,
        0.0,
        0.6780758585038907,
        0.19194154681595238,
        1.0,
        0.0,
        0.0,
        0.2801606039664895,
        0.32192414149610926,
        0.0,
        1.0,
        0.0,
        0.0,
        0.375,
        0.0,
        0.0,
        0.0,
        0.9207613445833772,
        0.0,
        0.0,
        0.0,
        1.0,
        0.26207785504192355,
        0.27672080435927865,
        0.0,
        0.07923865541662292,
        0.0,
        1.0,
        1.0,
        0.730866357207846,
        0.0,
        0.0,
        0.0,
        0.0,
        0.0,
        0.0,
        0.0,
        0.26913364279215407,
        0.0,
        0.0,
        0.0,
        1.0,
        0.0,
        0.0,
        0.7379221449580765,
        0.0,
        0.8955748091761464,
        0.0,
        0.0,
        0.0,
        0.0,
        0.0,
        0.0,
        1.0,
        0.0,
        0.0,
        0.5469865613369529,
        0.0,
        0.0,
        0.0,
        0.0,
        0.0,
        0.10442519082385347,
        0.0,
        0.0,
        0.0,
        0.06811859167423184,
        0.26107189184709473,
        0.0,
        1.0
    ],