{
    "upper_bound_presolve": -601.5639399123492,
    "x_ij_presolve": [
        0.0,
        1.4384954563149825,
        1.2924504166363227,
        0.0,
        0.0,
        0.0,
        1.797360363319952,
        0.0,
        0.0,
        0.0,
        0.0,
        0.0,
        0.0,
        0.0,
        0.0,
        0.0,
        0.0,
        0.0,
        0.2244858029675354,
        0.0,
        0.0,
        0.0,
        0.0,
        0.0,
        0.0,
        0.0,
        0.0,
        2.0,
        0.0,
        0.0,
        0.0,
        0.0,
        0.0,
        0.0,
        0.0,
        0.0,
        0.0,
        0.0,
        0.0,
        0.0,
        0.0,
        0.0,
        0.0,
        0.707549583363678,
        0.0,
        0.0,
        0.5615045436850173,
        0.0,
        0.0,
        0.0,
        0.0,
        0.0,
        0.0,
        0.0,
        0.0,
        3.0,
        0.0,
        1.0000000000000002,
        0.17441664792447129,
        1.6399774030233243,
        0.0,
        0.0,
        0.0,
        0.8339037755168917,
        6.0,
        0.0,
        0.0,
        0.0,
        0.0,
        0.7755141970324646,
        0.0,
        0.0,
        0.0,
        0.0,
        0.0,
        0.0,
        0.2205945161207971,
        0.3043581741439135,
        0.0,
        0.0,
        0.0,
        0.0,
        0.0,
        0.0,
        0.0,
        0.0,
        0.0,
        0.0,
        0.0,
        0.0,
        0.0,
        1.6956418258560866,
        0.0,
        0.0,
        0.0,
        0.0,
        0.0,
        0.0,
        0.0,
        0.0,
        0.0,
        0.0,
        0.0,
        0.0,
        0.0,
        0.3929345785139884,
        0.0,
        0.0,
        0.37651180762455616,
        0.0,
        0.09985618026673411,
        0.0,
        0.11608289522936532,
        5.332792593294807,
        0.0,
        0.0
    ],
    "x_il_presolve": [
        0.0,
        0.0,
        0.0,
        2.293617605496145,
        0.17400149569023707,
        0.29896322763223826,
        0.0,
        0.0,
        0.4108521083479824,
        0.706382394503855,
        0.0,
        3.0,
        0.0,
        0.0,
        3.0,
        0.0,
        0.0,
        0.0,
        7.292450416636322,
        0.0,
        0.0,
        0.6830818929270125,
        3.0,
        0.862120439557077,
        2.137879560442923,
        0.0,
        0.7075495833636768,
        0.0,
        0.0,
        0.3600225969766758,
        1.4655607550988525,
        0.0,
        0.0,
        0.0,
        0.0,
        0.0,
        0.0,
        0.0,
        0.5344392449011475,
        0.45344950147223595,
        0.0,
        0.0,
        3.0,
        0.0,
        0.0,
        2.137879560442923,
        0.0,
        3.0,
        0.0,
        0.0,
        0.0,
        0.0,
        0.0,
        0.0,
        0.0,
        0.0,
        0.0,
        7.825998504309763,
        0.0,
        0.0,
        0.0,
        0.0,
        0.0,
        0.0,
        0.0,
        0.0,
        0.0,
        2.451268331209094,
        0.0,
        0.0,
        4.220052020156952
    ],
    "x_lj_presolve": [
        2.0,
        1.6735015216291869,
        0.0,
        1.0,
        0.20263963668004814,
        0.7794054838792028,
        0.0,
        0.0,
        2.0,
        1.0,
        0.0,
        1.1660962244831083,
        0.8839171047706347,
        0.9499866707462572,
        0.0,
        0.0,
        0.0,
        0.0,
        0.0,
        0.0,
        0.0,
        2.0,
        1.0,
        0.3600225969766758,
        0.0,
        0.0,
        5.0,
        2.9999999999999996,
        0.0,
        0.0,
        1.5072092412192775,
        0.8255833520755287,
        0.6672074067051937,
        2.0,
        6.0,
        0.0,
        2.0,
        1.0,
        0.0,
        0.0,
        0.0,
        0.0,
        0.0,
        0.0,
        4.6234881923754445,
        3.376511807624556,
        1.6234881923754438,
        0.0,
        0.0,
        1.376511807624556,
        2.0,
        0.0,
        0.0
    ],
    "q_presolve": [
        0.0,
        0.0,
        0.0,
        0.7645392018320483,
        0.021750186961279633,
        0.3044292175312536,
        0.0,
        0.0,
        0.051356513543497836,
        0.23546079816795168,
        0.0,
        1.0,
        0.0,
        0.0,
        0.375,
        0.0,
        0.0,
        0.0,
        0.9115563020795404,
        1.0,
        0.0,
        0.6955707824687463,
        1.0,
        0.287373479852359,
        0.2672349450553654,
        0.0,
        0.0884436979204596,
        0.0,
        0.0,
        1.0,
        0.7327803775494263,
        0.0,
        0.0,
        0.0,
        0.0,
        0.0,
        0.0,
        0.0,
        0.2672196224505738,
        0.09702564541247082,
        0.0,
        0.0,
        1.0,
        0.0,
        0.0,
        0.712626520147641,
        0.0,
        1.0,
        0.0,
        0.0,
        0.0,
        0.0,
        0.0,
        0.0,
        0.0,
        1.0,
        0.0,
        0.9782498130387204,
        0.0,
        0.0,
        0.0,
        0.0,
        0.0,
        0.0,
        0.0,
        0.0,
        0.0,
        0.30640854140113677,
        0.0,
        0.0,
        0.9029743545875293
    ],