{
    "upper_bound_presolve": -607.5008285032499,
    "x_ij_presolve": [
        0.0,
        0.0,
        1.2906443998946118,
        0.0,
        0.0,
        0.0,
        1.5620460567329033,
        0.0,
        0.0,
        0.0,
        0.0,
        0.0,
        0.0,
        0.0,
        0.0,
        0.0,
        0.0,
        0.0,
        0.2548429469069053,
        0.0,
        0.0,
        0.0,
        0.0,
        0.0,
        0.0,
        0.0,
        0.0,
        2.0,
        0.0,
        3.0,
        0.0,
        0.0,
        0.0,
        0.0,
        0.0,
        0.0,
        0.0,
        0.0,
        0.0,
        0.0,
        0.0,
        0.0,
        0.0,
        0.7093556001053878,
        0.0,
        0.0,
        0.0,
        0.0,
        0.0,
        0.0,
        0.0,
        0.0,
        0.0,
        0.0,
        0.0,
        0.17881409462287806,
        0.0,
        0.5610538421348142,
        0.06128951969889672,
        2.0,
        0.0,
        0.0,
        0.0,
        0.0,
        6.0,
        0.0,
        0.0,
        0.0,
        0.0,
        0.7451570530930947,
        0.0,
        0.0,
        0.0,
        0.0,
        0.0,
        0.0,
        0.1051809393450033,
        0.7696872401109814,
        0.0,
        0.0,
        0.0,
        0.0,
        0.0,
        0.0,
        0.0,
        0.0,
        0.0,
        0.0,
        0.0,
        0.0,
        0.7200571025759479,
        1.2303127598890187,
        0.0,
        0.0,
        0.0,
        0.0,
        0.0,
        0.0,
        0.0,
        0.0,
        0.0,
        0.0,
        0.0,
        0.0,
        0.0,
        0.0,
        0.0,
        0.0,
        0.0,
        0.0,
        0.0,
        0.0,
        0.07792210539516337,
        3.553561368694278,
        0.0,
        0.0
    ],
    "x_il_presolve": [
        0.0,
        0.0,
        0.0,
        2.1951732358644143,
        2.187420546465673,
        1.3327730039220935,
        0.0,
        0.0,
        2.74850893962061,
        0.8048267641355857,
        0.0,
        3.0,
        0.0,
        0.0,
        0.0,
        0.0,
        0.0,
        0.0,
        7.290644399894612,
        0.0,
        0.0,
        0.0,
        3.0,
        0.8585596769776962,
        2.141440323022304,
        0.0,
        0.7093556001053886,
        0.0,
        2.821185905377122,
        0.0,
        2.377656638166289,
        0.0,
        0.0,
        0.0,
        0.0,
        0.0,
        0.0,
        0.0,
        1.2858259634156068,
        0.9690169834912986,
        0.0,
        0.0,
        3.0,
        0.0,
        0.0,
        2.141440323022304,
        0.0,
        3.0,
        0.0,
        0.0,
        0.0,
        0.0,
        0.0,
        0.0,
        0.0,
        0.0,
        0.0,
        3.3962249909667968,
        0.0,
        0.0,
        0.0,
        0.0,
        0.0,
        0.0,
        0.0,
        0.0,
        0.0,
        3.1100507373570854,
        1.2584657885534731,
        0.0,
        2.2913730871994566
    ],
    "x_lj_presolve": [
        2.0,
        0.26039007069075504,
        0.0,
        1.0,
        0.4379539432670968,
        0.8948190606549967,
        0.0,
        0.0,
        2.0,
        1.0,
        0.0,
        1.1788140946228782,
        0.9220778946048366,
        0.8991080107722854,
        2.0,
        0.0,
        0.0,
        0.0,
        0.8211859053771219,
        0.0,
        0.0,
        2.0,
        1.0,
        0.0,
        0.0,
        0.0,
        5.438946157865186,
        2.5610538421348132,
        0.0,
        0.0,
        2.0,
        0.9387104803011033,
        0.061289519698896636,
        2.0,
        6.0,
        0.0,
        2.0,
        1.0,
        0.0,
        0.0,
        0.0,
        0.0,
        0.0,
        0.0,
        5.001609407448981,
        1.84050191853696,
        1.279942897424052,
        0.0,
        0.7216665100249292,
        0.9983905925510188,
        2.0,
        1.6634826015818962,
        0.0
    ],
    "q_presolve": [
        0.0,
        0.0,
        0.0,
        0.7317244119548048,
        0.3196996427342503,
        1.0,
        0.0,
        0.0,
        0.34356361745257624,
        0.26827558804519525,
        0.0,
        1.0,
        0.0,
        0.0,
        0.0,
        0.0,
        0.0,
        0.0,
        0.9113305499868265,
        0.0,
        0.0,
        0.0,
        1.0,
        0.2861865589925654,
        0.267680040377788,
        0.0,
        0.0886694500131736,
        0.0,
        1.0,
        1.0,
        0.6490154033049357,
        0.0,
        0.0,
        0.0,
        0.0,
        0.0,
        0.0,
        0.0,
        0.3509845966950643,
        0.2972089113515181,
        0.0,
        0.0,
        1.0,
        0.0,
        0.0,
        0.7138134410074346,
        0.0,
        1.0,
        0.0,
        0.0,
        0.0,
        0.0,
        0.0,
        0.0,
        0.0,
        1.0,
        0.0,
        0.49637090499655145,
        0.0,
        0.0,
        0.0,
        0.0,
        0.0,
        0.0,
        0.0,
        0.0,
        0.0,
        0.38875634216963567,
        0.18392945226919843,
        0.0,
        0.7027910886484819
    ],