{
    "upper_bound_presolve": -624.1950021986279,
    "x_ij_presolve": [
        0.0,
        0.0,
        1.531016587687099,
        0.0,
        0.0,
        0.0,
        1.6828316043985136,
        0.0,
        0.0,
        0.0,
        0.0,
        0.0,
        0.0,
        0.0,
        0.0,
        0.0,
        0.0,
        0.0,
        0.2248492876985252,
        0.0,
        0.0,
        0.0,
        0.0,
        0.0,
        0.0,
        0.0,
        0.0,
        2.0,
        0.0,
        3.0,
        0.0,
        0.0,
        0.0,
        0.0,
        0.0,
        0.0,
        0.0,
        0.0,
        0.0,
        0.0,
        0.0,
        0.0,
        0.0,
        0.4689834123129013,
        0.0,
        0.0,
        0.0,
        0.0,
        0.0,
        0.0,
        0.0,
        0.0,
        0.0,
        0.0,
        0.0,
        0.6206658439465479,
        0.0,
        1.378622593286922,
        0.08309790362083365,
        2.0,
        0.0,
        0.0,
        0.0,
        0.0,
        6.0,
        0.0,
        0.6294090921567029,
        0.0,
        0.0,
        0.7751507123014748,
        0.0,
        0.0,
        0.0,
        0.0,
        0.0,
        0.0,
        0.4266672265383796,
        0.4981018627902947,
        0.0,
        0.0,
        0.0,
        0.0,
        0.0,
        0.0,
        0.0,
        0.0,
        0.0,
        0.0,
        0.0,
        0.0,
        0.0,
        1.5018981372097053,
        0.6676487539065343,
        0.0,
        0.0,
        0.0,
        0.0,
        0.0,
        0.0,
        0.0,
        0.0,
        0.0,
        0.0,
        0.0,
        0.0,
        0.0,
        0.0,
        0.0,
        0.0,
        0.0,
        0.0,
        0.0,
        0.0,
        4.966897250421097,
        0.0,
        0.0
    ],
    "x_il_presolve": [
        0.0,
        0.0,
        0.0,
        2.284230149929547,
        1.5957426375720514,
        0.8905011690631068,
        0.0365769263770373,
        0.0,
        3.0,
        0.7157698500704532,
        0.0,
        3.0,
        0.0,
        0.0,
        0.0,
        0.0,
        0.0,
        0.0,
        7.531016587687098,
        0.0,
        0.0,
        0.0,
        2.9634230736229625,
        1.0331027495789038,
        1.9668972504210962,
        0.0,
        0.46898341231290197,
        0.0,
        2.379334156053452,
        0.0,
        1.5382795030922443,
        0.0,
        0.0,
        0.0,
        0.0,
        0.0,
        0.0,
        0.0,
        0.8598237362214575,
        0.47268527450000736,
        0.0,
        0.0,
        3.0,
        0.0,
        0.0,
        1.9668972504210962,
        0.0,
        3.0,
        0.0,
        0.0,
        0.0,
        0.0,
        0.0,
        0.0,
        0.0,
        0.0,
        0.0,
        5.7128738606503475,
        0.0,
        0.0,
        0.0,
        0.0,
        0.0,
        0.0,
        0.0,
        0.0,
        0.0,
        3.0331027495789034,
        0.0,
        0.0,
        3.3912656778685095
    ],
    "x_lj_presolve": [
        2.0,
        0.8639509523685163,
        0.0,
        1.0,
        0.31716839560148646,
        0.5733327734616204,
        0.0,
        0.0,
        2.0,
        1.0,
        0.0,
        1.6206658439465478,
        1.0,
        0.3793341560534521,
        2.0,
        0.0,
        0.0,
        0.0,
        0.3793341560534522,
        0.0,
        0.0,
        2.0,
        1.0,
        0.0,
        0.0,
        0.0,
        3.991968314556375,
        4.008031685443625,
        0.0,
        0.0,
        2.0,
        0.9169020963791664,
        0.08309790362083366,
        2.0,
        6.0,
        0.0,
        2.0,
        1.0,
        0.0,
        0.0,
        0.0,
        0.0,
        0.0,
        0.0,
        5.551901606644368,
        1.7567148915780315,
        2.0,
        0.0,
        0.5519016066443675,
        0.4480983933556326,
        2.0,
        0.39810323931370173,
        0.0
    ],
    "q_presolve": [
        0.0,
        0.0,
        0.0,
        0.7614100499765156,
        0.21833716927959865,
        1.0,
        0.012192308792345764,
        0.0,
        0.375,
        0.2385899500234844,
        0.0,
        1.0,
        0.0,
        0.0,
        0.0,
        0.0,
        0.0,
        0.0,
        0.9413770734608874,
        0.0,
        0.0,
        0.0,
        0.9878076912076542,
        0.34436758319296795,
        0.24586215630263702,
        0.0,
        0.058622926539112746,
        0.0,
        1.0,
        1.0,
        0.6414567470967075,
        0.0,
        0.0,
        0.0,
        0.0,
        0.0,
        0.0,
        0.0,
        0.35854325290329253,
        0.1223321104037984,
        0.0,
        0.0,
        1.0,
        0.0,
        0.0,
        0.6556324168070321,
        0.0,
        1.0,
        0.0,
        0.0,
        0.0,
        0.0,
        0.0,
        0.0,
        0.0,
        1.0,
        0.0,
        0.7816628307204014,
        0.0,
        0.0,
        0.0,
        0.0,
        0.0,
        0.0,
        0.0,
        0.0,
        0.0,
        0.3791378436973629,
        0.0,
        0.0,
        0.8776678895962017
    ],