{
    "upper_bound_presolve": -621.6253283047168,
    "x_ij_presolve": [
        0.0,
        0.17483952422063148,
        1.6834086102469368,
        0.0,
        0.0,
        0.0,
        1.724871561534092,
        0.0,
        0.0,
        0.0,
        0.0,
        0.0,
        0.0,
        0.0,
        0.0,
        0.0,
        0.0,
        0.0,
        0.3130022170244823,
        0.0,
        1.7445254484735395,
        0.0,
        0.0,
        0.0,
        0.0,
        0.0,
        0.0,
        2.0,
        0.0,
        0.0,
        0.0,
        0.0,
        0.0,
        0.0,
        0.0,
        0.0,
        0.0,
        0.0,
        0.0,
        0.0,
        0.0,
        0.0,
        0.0,
        0.3165913897530633,
        0.0,
        0.0,
        0.0,
        0.0,
        0.0,
        0.0,
        0.0,
        0.0,
        0.0,
        0.0,
        0.0,
        0.6199944350225384,
        0.0,
        0.0,
        0.0,
        2.0,
        0.0,
        0.0,
        0.0,
        0.0,
        6.0,
        0.0,
        0.0,
        0.0,
        0.0,
        0.6869977829755177,
        0.0,
        0.0,
        0.0,
        0.0,
        0.0,
        0.0,
        0.316882172499863,
        0.9194718819002056,
        0.0,
        0.0,
        0.0,
        0.0,
        0.0,
        0.0,
        0.0,
        0.0,
        0.0,
        0.10688013982894645,
        0.0,
        0.0,
        0.0,
        0.0,
        0.0,
        0.0,
        0.0,
        0.0,
        0.0,
        0.065659307640912,
        0.0,
        0.0,
        0.0,
        0.0,
        0.0,
        0.0,
        0.0,
        0.0,
        0.0,
        0.0,
        0.0,
        0.0,
        0.0,
        0.0,
        0.03397377898928827,
        1.0791411169580352,
        0.0,
        0.0
    ],
    "x_il_presolve": [
        0.0,
        0.0,
        0.0,
        2.0575276654980224,
        4.624973438771798,
        0.9582462659660452,
        0.0,
        0.0,
        0.0,
        0.9424723345019781,
        0.0,
        3.0,
        0.0,
        0.0,
        2.6584421168463614,
        0.0,
        0.0,
        0.0,
        5.713386808785209,
        0.0,
        1.5392846108877656,
        0.0,
        3.0,
        1.1703006596708343,
        1.8296993403291655,
        0.0,
        2.2866131912147907,
        0.0,
        2.3800055649774614,
        0.0,
        3.0,
        0.0,
        0.0,
        0.0,
        0.0,
        0.0,
        0.0,
        0.0,
        2.0243827742906952,
        0.288619442733787,
        0.0,
        0.0,
        2.8931198601710526,
        0.0,
        0.0,
        1.8296993403291657,
        0.0,
        3.0,
        0.0,
        0.0,
        0.0,
        0.0,
        0.0,
        0.0,
        3.007540424826309,
        0.0,
        0.0,
        0.0,
        0.0,
        0.0,
        0.0,
        0.0,
        0.0,
        0.0,
        0.0,
        0.0,
        0.0,
        3.5118585428244735,
        3.3750265612282027,
        0.0,
        5.1225616890788315
    ],
    "x_lj_presolve": [
        2.0,
        2.4111811318126186,
        0.0,
        1.0,
        0.2751284384659082,
        0.683117827500137,
        0.0,
        0.0,
        2.0,
        0.9343406923590879,
        0.06565930764091203,
        1.4451549108019073,
        0.9660262210107118,
        0.5888188681873809,
        1.8251604757793687,
        0.0,
        0.0,
        0.0,
        0.5548450891980928,
        0.0,
        0.0,
        2.0,
        1.0,
        0.0,
        0.0,
        0.0,
        6.0,
        1.9137086473631821,
        0.0,
        0.08629135263681785,
        2.0,
        0.9137086473631822,
        0.08629135263681761,
        2.0,
        6.0,
        0.0,
        1.8931198601710535,
        1.0,
        0.0,
        0.0,
        1.0805281180997945,
        3.4662969176142795,
        0.0,
        0.0,
        5.0,
        3.000000000000001,
        2.0,
        0.0,
        0.0,
        0.9999999999999999,
        1.934340692359088,
        3.0900420819316077,
        0.0
    ],
    "q_presolve": [
        0.0,
        0.0,
        0.0,
        0.6858425551660073,
        0.5781216798464748,
        1.0,
        0.0,
        0.0,
        0.0,
        0.3141574448339927,
        0.0,
        1.0,
        0.0,
        0.0,
        0.3323052646057952,
        0.0,
        0.0,
        0.0,
        0.7141733510981512,
        0.0,
        0.33854054176202153,
        0.0,
        1.0,
        0.3901002198902781,
        0.22871241754114569,
        0.0,
        0.28582664890184883,
        0.0,
        1.0,
        1.0,
        0.5970882663141678,
        0.0,
        0.0,
        0.0,
        0.0,
        0.0,
        0.0,
        0.0,
        0.4029117336858322,
        0.053337605174030835,
        0.0,
        0.0,
        1.0,
        0.0,
        0.0,
        0.6098997801097219,
        0.0,
        1.0,
        0.0,
        0.0,
        0.0,
        0.0,
        0.0,
        0.0,
        0.6614594582379785,
        0.0,
        0.0,
        0.0,
        0.0,
        0.0,
        0.0,
        0.0,
        0.0,
        0.0,
        0.0,
        0.0,
        0.0,
        0.4389823178530592,
        0.4218783201535254,
        0.0,
        0.946662394825969
    ],