{
    "upper_bound_presolve": -612.5210529349009,
    "x_ij_presolve": [
        0.0,
        0.3473107319540755,
        1.617805162989786,
        0.0,
        0.0,
        0.0,
        1.7295487779567824,
        0.0,
        0.0,
        0.0,
        0.0,
        0.0,
        0.0,
        0.0,
        0.0,
        0.0,
        0.0,
        0.0,
        0.2689700391483777,
        0.0,
        0.0,
        0.0,
        0.0,
        0.0,
        0.0,
        0.0,
        0.0,
        2.0,
        0.0,
        0.0,
        0.0,
        0.0,
        0.0,
        0.0,
        0.0,
        0.0,
        0.0,
        0.0,
        0.0,
        0.0,
        0.0,
        0.0,
        0.0,
        0.38219483701021423,
        0.0,
        0.0,
        0.0,
        0.0,
        0.0,
        0.0,
        0.0,
        0.0,
        0.0,
        0.0,
        0.0,
        0.5481962658165453,
        0.0,
        0.0,
        0.0,
        1.8036903815671728,
        0.0,
        0.0,
        0.0,
        0.0,
        6.0,
        0.0,
        0.0,
        0.0,
        0.0,
        0.7310299608516223,
        0.0,
        0.0,
        0.0,
        0.0,
        0.0,
        0.0,
        0.3135462614883519,
        0.909340863730678,
        0.0,
        0.0,
        0.0,
        0.0,
        0.0,
        0.0,
        0.0,
        0.0,
        0.0,
        0.0,
        0.0,
        0.0,
        0.0,
        1.0906591362693219,
        0.0,
        0.0,
        0.0,
        0.0,
        0.0,
        0.1316360998922783,
        0.0,
        0.0,
        0.0,
        0.0,
        0.0,
        0.0,
        0.0,
        0.21362659199173512,
        0.0,
        0.0,
        0.0,
        0.0,
        0.0,
        0.0,
        0.08212265771166295,
        2.2935786476161946,
        0.0,
        0.0
    ],
    "x_il_presolve": [
        0.0,
        0.0,
        0.40946468714228984,
        2.077067992179722,
        2.2031454087939237,
        0.9569049605548656,
        0.12289251782750385,
        0.0,
        0.0,
        0.9229320078202776,
        0.0,
        3.0,
        0.0,
        0.0,
        2.248827289714168,
        0.0,
        0.0,
        0.07856226299698918,
        5.564776348643849,
        0.0,
        0.0,
        0.0,
        2.8771074821724962,
        1.1783663243534805,
        1.8216336756465192,
        0.0,
        2.4352236513561505,
        0.0,
        2.451803734183455,
        0.0,
        3.0,
        0.0,
        0.0,
        0.0,
        0.0,
        0.0,
        0.0,
        0.0,
        2.268970039148378,
        0.0,
        0.0,
        0.0,
        3.0,
        0.0,
        0.0,
        1.8216336756465195,
        0.0,
        3.0,
        0.0,
        0.0,
        0.0,
        0.0,
        0.0,
        0.0,
        0.0,
        0.0,
        0.0,
        5.796854591206076,
        0.0,
        0.0,
        0.0,
        0.0,
        0.0,
        0.0,
        0.1963096184328272,
        0.0,
        0.0,
        3.9295390346393124,
        0.0,
        0.0,
        4.630735926011527
    ],
    "x_lj_presolve": [
        2.0,
        2.040200613153817,
        0.0,
        1.0,
        0.27045122204321753,
        0.6864537385116481,
        0.0,
        0.0,
        2.0,
        0.8683639001077217,
        0.1316360998922781,
        1.1223232708654804,
        0.9178773422883371,
        0.9597993868461827,
        1.6526892680459244,
        0.0,
        0.0,
        0.0,
        0.8776767291345196,
        0.0,
        0.0,
        2.0,
        1.0,
        0.1963096184328272,
        0.0,
        0.0,
        6.0,
        1.9078113786485855,
        0.0,
        0.09218862135141495,
        1.786373408008265,
        0.9078113786485851,
        0.30581521334314987,
        2.0,
        6.0,
        0.0,
        2.0,
        1.0,
        0.0,
        0.0,
        0.0,
        0.0,
        0.0,
        0.0,
        5.0,
        2.9999999999999996,
        2.0,
        0.0,
        0.0,
        1.0000000000000002,
        1.8683639001077221,
        3.4006061390406557,
        0.0
    ],
    "q_presolve": [
        0.0,
        0.0,
        0.08123975979719475,
        0.6923559973932407,
        0.27539317609924047,
        1.0,
        0.040964172609167945,
        0.0,
        0.0,
        0.3076440026067592,
        0.0,
        1.0,
        0.0,
        0.0,
        0.281103411214271,
        0.0,
        0.0,
        0.03104778640107015,
        0.6955970435804811,
        0.0,
        0.0,
        0.0,
        0.959035827390832,
        0.3927887747844935,
        0.2277042094558149,
        0.0,
        0.3044029564195188,
        0.0,
        0.9689522135989299,
        0.0,
        0.5693712391055633,
        0.0,
        0.0,
        0.0,
        0.0,
        0.0,
        0.0,
        0.0,
        0.43062876089443675,
        0.0,
        0.0,
        0.0,
        1.0,
        0.0,
        0.0,
        0.6072112252155065,
        0.0,
        1.0,
        0.0,
        0.0,
        0.0,
        0.0,
        0.0,
        0.0,
        0.0,
        1.0,
        0.0,
        0.7246068239007595,
        0.0,
        0.0,
        0.0,
        0.0,
        0.0,
        0.0,
        1.0,
        0.0,
        0.0,
        0.49119237932991405,
        0.0,
        0.0,
        0.9187602402028051
    ],