{
    "upper_bound_presolve": -611.7727355342289,
    "x_ij_presolve": [
        0.0,
        0.2056124472828088,
        1.4669571815081177,
        0.0,
        0.0,
        0.0,
        1.658358164187787,
        0.0,
        0.0,
        0.0,
        0.0,
        0.0,
        0.0,
        0.0,
        0.0,
        0.0,
        0.0,
        0.0,
        0.20502483536131672,
        0.0,
        0.0,
        0.0,
        0.0,
        0.0,
        0.0,
        0.0,
        0.0,
        2.0,
        0.0,
        2.835430754673334,
        0.0,
        0.0,
        0.0,
        0.0,
        0.0,
        0.0,
        0.0,
        0.0,
        0.0,
        0.0,
        0.0,
        0.0,
        0.0,
        0.5330428184918825,
        0.0,
        0.0,
        0.0,
        0.0,
        0.0,
        0.0,
        0.0,
        0.0,
        0.0,
        0.0,
        0.0,
        0.7382516339046209,
        0.0,
        0.19307540157224462,
        0.15987083462511692,
        1.5037206382509374,
        0.0,
        0.0,
        0.0,
        0.0,
        6.0,
        0.0,
        0.0,
        0.0,
        0.0,
        0.7949751646386832,
        0.0,
        0.0,
        0.0,
        0.0,
        0.0,
        0.0,
        0.30048523566604474,
        0.9291177588878475,
        0.0,
        0.0,
        0.0,
        0.0,
        0.0,
        0.0,
        0.0,
        0.0,
        0.0,
        0.15712219088158605,
        0.0,
        0.0,
        0.0,
        0.0,
        0.0,
        0.0,
        0.0,
        0.0,
        0.0,
        0.0,
        0.0,
        0.0,
        0.0,
        0.0,
        0.0,
        0.0,
        0.0,
        0.9288869153745309,
        0.0,
        0.0,
        0.0,
        0.0,
        0.05559082160968035,
        0.0,
        0.005888079542497273,
        4.188931472026532,
        0.0,
        0.0
    ],
    "x_il_presolve": [
        0.0,
        0.0,
        0.0,
        2.2954951636840297,
        1.3100755325473499,
        1.0411566001461685,
        0.0,
        0.0,
        1.9164949452609568,
        0.7045048363159702,
        0.0,
        3.0,
        0.0,
        0.0,
        0.1645692453266659,
        0.0,
        0.0,
        0.0,
        6.334691555589878,
        0.0,
        1.566186076058471,
        0.0,
        3.0,
        0.8306538174089139,
        2.1693461825910862,
        0.0,
        1.6653084444101225,
        0.0,
        2.261748366095379,
        0.4962793617490626,
        2.150774402053576,
        0.0,
        0.0,
        0.0,
        0.0,
        0.0,
        0.0,
        0.0,
        0.5159455543105638,
        0.9604486382743629,
        0.0,
        0.0,
        2.842877809118413,
        0.0,
        0.0,
        2.1693461825910862,
        0.0,
        3.0,
        0.0,
        0.0,
        0.0,
        0.0,
        0.0,
        0.0,
        2.573369129576815,
        0.0,
        0.0,
        6.381244819858624,
        0.0,
        0.0,
        0.0,
        0.0,
        0.0,
        0.0,
        0.0,
        0.0,
        0.0,
        3.7495896268212916,
        0.0,
        0.0,
        2.0395513617256373
    ],
    "x_lj_presolve": [
        2.0,
        0.0,
        0.0,
        1.0,
        0.3416418358122132,
        0.6995147643339553,
        0.0,
        0.0,
        2.0,
        1.0,
        0.0,
        1.5326391866218116,
        0.9941119204575027,
        0.47324889292068567,
        1.7943875527171913,
        0.0,
        0.0,
        0.0,
        0.4673608133781885,
        0.0,
        0.0,
        2.0,
        1.0,
        0.4962793617490626,
        0.0,
        0.0,
        5.806924598427756,
        2.193075401572245,
        0.0,
        0.0,
        1.0155222630157887,
        0.8401291653748831,
        1.144348571609328,
        2.0,
        6.0,
        0.0,
        1.842877809118414,
        1.0,
        0.0,
        0.0,
        1.0708822411121526,
        3.0686729645231337,
        0.0,
        0.0,
        5.0,
        2.69132035240598,
        2.0,
        0.0,
        0.0,
        1.0,
        2.0,
        0.66671995636414,
        0.0
    ],
    "q_presolve": [
        0.0,
        0.0,
        0.0,
        0.7651650545613433,
        0.17033168201575888,
        1.0,
        0.0,
        0.0,
        0.2395618681576196,
        0.2348349454386567,
        0.0,
        1.0,
        0.0,
        0.0,
        0.020571155665833236,
        0.0,
        0.0,
        0.0,
        0.7918364444487348,
        0.0,
        0.3783464625655678,
        0.0,
        1.0,
        0.2768846058029713,
        0.2711682728238858,
        0.0,
        0.2081635555512653,
        0.0,
        1.0,
        1.0,
        0.8065242834819392,
        0.0,
        0.0,
        0.0,
        0.0,
        0.0,
        0.0,
        0.0,
        0.19347571651806078,
        0.3201495460914543,
        0.0,
        0.0,
        1.0,
        0.0,
        0.0,
        0.7231153941970287,
        0.0,
        1.0,
        0.0,
        0.0,
        0.0,
        0.0,
        0.0,
        0.0,
        0.6216535374344322,
        0.0,
        0.0,
        0.8296683179842405,
        0.0,
        0.0,
        0.0,
        0.0,
        0.0,
        0.0,
        0.0,
        0.0,
        0.0,
        0.46869870335266145,
        0.0,
        0.0,
        0.6798504539085458
    ],