{
    "upper_bound_presolve": -611.1833493424573,
    "x_ij_presolve": [
        0.0,
        0.0,
        1.3254309576660332,
        0.0,
        0.0,
        0.0,
        1.958886182838428,
        0.0,
        0.0,
        0.0,
        0.0,
        0.0,
        0.0,
        0.0,
        0.0,
        0.0,
        0.0,
        0.0,
        0.25904270587777045,
        0.0,
        0.0,
        0.0,
        0.0,
        0.0,
        0.0,
        0.0,
        0.0,
        2.0,
        0.04111381716157188,
        0.0,
        0.0,
        0.0,
        0.0,
        0.0,
        0.0,
        0.0,
        0.0,
        0.0,
        0.0,
        0.0,
        0.0,
        0.0,
        0.0,
        0.6745690423339669,
        0.0,
        0.0,
        0.0,
        0.0,
        0.0,
        0.0,
        0.0,
        0.0,
        0.0,
        0.0,
        0.0,
        0.16764425891503987,
        0.0,
        1.0374704011503295,
        0.24209680526411104,
        2.0,
        0.0,
        0.0,
        0.0,
        0.0,
        6.0,
        0.0,
        0.0,
        0.0,
        0.0,
        0.7409572941222295,
        0.0,
        0.0,
        0.0,
        0.0,
        0.0,
        0.0,
        0.0,
        0.36849405230032095,
        0.0,
        0.0,
        0.0,
        0.0,
        0.0,
        0.0,
        0.0,
        0.0,
        0.0,
        0.17339024693980806,
        0.0,
        0.0,
        0.40722686820050985,
        1.6315059476996792,
        0.0,
        0.0,
        0.0,
        0.0,
        0.0,
        0.0,
        0.0,
        0.0,
        0.0,
        0.0,
        0.0,
        0.0,
        0.0,
        1.0618888869557894,
        0.0,
        0.0,
        0.0,
        0.0,
        0.27164280569649113,
        0.0,
        0.09237328550286489,
        4.211746745979135,
        0.0,
        0.0
    ],
    "x_il_presolve": [
        0.0,
        0.0,
        0.0,
        2.140630489272254,
        3.7467601119623626,
        0.23812257840842085,
        0.0,
        0.0,
        2.3725101481273922,
        0.8593695107277461,
        0.0,
        3.0,
        0.0,
        0.0,
        3.0,
        0.0,
        0.0,
        0.0,
        7.3254309576660335,
        0.0,
        0.0,
        0.7618774215915792,
        3.0,
        0.7938105520319882,
        2.2061894479680118,
        0.0,
        0.6745690423339665,
        0.0,
        2.8323557410849602,
        0.0,
        1.7204327935855595,
        0.0,
        0.0,
        0.0,
        0.0,
        0.0,
        0.0,
        0.0,
        0.49219196251891406,
        0.11245167496832675,
        0.0,
        0.0,
        2.826609753060192,
        0.0,
        0.0,
        2.206189447968012,
        0.0,
        1.803321810095557,
        0.0,
        0.0,
        0.0,
        0.0,
        0.0,
        0.0,
        0.0,
        0.0,
        0.0,
        1.0620708644984658,
        0.0,
        0.0,
        0.0,
        0.0,
        0.0,
        1.1966781899044432,
        0.0,
        0.0,
        0.0,
        0.42130040390459556,
        3.0029367589169134,
        0.0,
        4.743824694865596
    ],
    "x_lj_presolve": [
        2.0,
        1.856276369833923,
        0.0,
        1.0,
        0.0,
        1.0,
        0.0,
        0.0,
        2.0,
        1.0,
        0.0,
        1.1676442589150402,
        0.9076267144971352,
        0.9247290265878246,
        2.0,
        0.0,
        0.0,
        0.0,
        0.8323557410849599,
        0.0,
        0.0,
        2.0,
        1.0,
        0.0,
        0.0,
        0.0,
        4.96252959884967,
        3.03747040115033,
        0.0,
        0.0,
        0.6664683073477196,
        0.757903194735889,
        1.575628497916392,
        2.0,
        6.0,
        0.0,
        1.8266097530601921,
        1.0,
        0.0,
        0.0,
        0.0,
        0.0,
        0.0,
        0.0,
        4.59277313179949,
        3.218994603578252,
        1.5927731317994902,
        0.0,
        0.0,
        1.40722686820051,
        2.0,
        0.21262475610447326,
        0.0
    ],
    "q_presolve": [
        0.0,
        0.0,
        0.0,
        0.7135434964240847,
        0.47963025001295506,
        0.23812257840842085,
        0.0,
        0.0,
        0.2965637685159239,
        0.2864565035759154,
        0.0,
        1.0,
        0.0,
        0.0,
        0.375,
        0.0,
        0.0,
        0.0,
        0.9156788697082542,
        0.0,
        0.0,
        0.7618774215915792,
        1.0,
        0.2646035173439961,
        0.27577368099600147,
        0.0,
        0.08432113029174582,
        0.0,
        1.0,
        1.0,
        0.7775528990349622,
        0.0,
        0.0,
        0.0,
        0.0,
        0.0,
        0.0,
        0.0,
        0.2224471009650379,
        0.023155946326871096,
        0.0,
        0.0,
        1.0,
        0.0,
        0.0,
        0.735396482656004,
        0.0,
        0.6011072700318524,
        0.0,
        0.0,
        0.0,
        0.0,
        0.0,
        0.0,
        0.0,
        1.0,
        0.0,
        0.13595781396425616,
        0.0,
        0.0,
        0.0,
        0.0,
        0.0,
        0.3988927299681477,
        0.0,
        0.0,
        0.0,
        0.052662550488074444,
        0.3844119360227887,
        0.0,
        0.9768440536731289
    ],