{
    "upper_bound_presolve": -577.6783565949349,
    "x_ij_presolve": [
        0.0,
        1.7794335231135565,
        1.624473823376619,
        0.0,
        0.8271073199312197,
        0.0,
        1.7122680133994792,
        0.0,
        0.0,
        0.0,
        0.0,
        0.0,
        0.0,
        0.0,
        0.0,
        0.0,
        0.0,
        1.554544840163803,
        0.0,
        0.0,
        0.0,
        0.0,
        0.0,
        0.0,
        0.0,
        0.0,
        0.0,
        2.0,
        0.0,
        0.0,
        0.0,
        0.0,
        0.0,
        0.0,
        0.0,
        0.0,
        0.0,
        0.0,
        0.0,
        0.0,
        0.0,
        0.0,
        0.0,
        0.3755261766233811,
        0.0,
        0.0,
        0.01358672363885262,
        0.0,
        0.0,
        0.0,
        0.0,
        0.0,
        0.0,
        0.0,
        0.0,
        3.0,
        0.0,
        0.9456894603470819,
        0.2907481485279311,
        1.9948108879174662,
        0.0,
        0.0,
        0.0,
        0.4454551598361972,
        6.0,
        0.0,
        0.05431053965291875,
        0.0,
        0.0,
        0.7963556318980504,
        0.0,
        0.0,
        0.0,
        0.0,
        0.0,
        0.0,
        0.4886778495438384,
        0.44582401157646806,
        0.0,
        0.0,
        0.0,
        0.0,
        0.0,
        0.0,
        0.0,
        0.0,
        0.0,
        0.20697975324759113,
        0.0,
        0.0,
        0.907518732233349,
        1.554175988423532,
        0.0,
        0.0,
        0.0,
        0.0,
        0.0,
        0.0,
        0.0,
        0.0,
        0.0,
        0.0,
        0.0,
        0.0,
        0.0,
        1.0207704906064785,
        0.0,
        0.0,
        0.0,
        0.0,
        0.2893751063089485,
        0.0,
        0.0,
        3.84791518191554,
        0.0,
        0.0
    ],
    "x_il_presolve": [
        0.0,
        0.0,
        0.0,
        2.265914741152233,
        1.479747962151494,
        0.7990541370566826,
        0.0,
        0.0,
        0.0,
        0.7340852588477674,
        0.0,
        0.0,
        0.0,
        0.0,
        2.1791527182398567,
        0.0,
        0.0,
        0.0,
        5.560959294895151,
        0.0,
        0.0,
        0.0,
        3.0,
        1.041862430015369,
        1.958137569984631,
        0.0,
        2.439040705104849,
        0.0,
        0.0,
        0.20883348018448356,
        1.5547289109405038,
        0.0,
        0.0,
        0.0,
        0.0,
        0.0,
        0.0,
        0.0,
        0.9964621617005986,
        0.0,
        0.0,
        0.0,
        3.0,
        0.0,
        0.0,
        1.9581375699846308,
        0.0,
        0.3963554685157156,
        0.0,
        0.0,
        0.0,
        0.0,
        0.0,
        0.0,
        0.0,
        0.0,
        0.0,
        4.822571793989663,
        0.0,
        0.0,
        0.0,
        0.0,
        0.0,
        2.6036445314842847,
        0.0,
        0.0,
        0.0,
        3.862709711775512,
        0.0,
        0.0,
        5.963054191694275
    ],
    "x_lj_presolve": [
        1.1728926800687804,
        3.7901615116254943,
        0.0,
        1.0,
        0.2877319866005208,
        0.5113221504561617,
        0.0,
        0.0,
        2.0,
        1.0,
        0.0,
        0.0,
        0.0,
        0.0,
        0.0,
        0.0,
        0.0,
        0.0,
        0.0,
        0.0,
        0.0,
        2.0,
        1.0,
        0.0051891120825337984,
        0.20364436810194975,
        0.0,
        5.0,
        3.0000000000000004,
        0.0,
        0.0,
        0.6898544030845731,
        0.7092518514720688,
        1.600893745443358,
        2.0,
        6.0,
        0.0,
        1.793020246752409,
        1.0,
        0.0,
        0.20697975324759094,
        0.0,
        0.0,
        0.0,
        0.0,
        4.092481267766651,
        2.2098384883745057,
        1.0924812677666509,
        0.0,
        0.0,
        1.9075187322333491,
        2.0,
        0.5511910726411023,
        0.0
    ],
    "q_presolve": [
        0.0,
        0.0,
        0.0,
        0.7553049137174109,
        0.23479417411494968,
        1.0,
        0.0,
        0.0,
        0.0,
        0.24469508628258912,
        0.0,
        0.0,
        0.0,
        0.0,
        0.2723940897799821,
        0.0,
        0.0,
        0.0,
        0.6951199118618939,
        0.0,
        0.0,
        0.0,
        1.0,
        0.34728747667178966,
        0.24476719624807888,
        0.0,
        0.30488008813810613,
        0.0,
        0.0,
        1.0,
        0.6094129630717866,
        0.0,
        0.0,
        1.0,
        0.0,
        0.0,
        0.0,
        0.0,
        0.3905870369282134,
        0.0,
        0.0,
        0.0,
        1.0,
        0.0,
        0.0,
        0.6527125233282103,
        0.0,
        0.13211848950523852,
        0.0,
        0.0,
        0.0,
        1.0,
        0.0,
        0.0,
        0.0,
        1.0,
        0.0,
        0.7652058258850504,
        0.0,
        0.0,
        0.0,
        0.0,
        0.0,
        0.8678815104947615,
        0.0,
        0.0,
        0.0,
        0.482838713971939,
        0.0,
        0.0,
        1.0
    ],