{
    "upper_bound_presolve": -595.1129336746288,
    "x_ij_presolve": [
        0.0681422799268122,
        0.0,
        1.6389426948677353,
        0.0,
        1.931857720073188,
        0.0,
        1.5079028428577956,
        0.0,
        0.0,
        0.0,
        0.0,
        0.0,
        0.0,
        0.0,
        0.0,
        0.0,
        0.0,
        0.0,
        0.26868883927386494,
        0.0,
        0.0,
        0.0,
        0.0,
        0.0,
        0.0,
        0.0,
        0.0,
        2.0,
        0.0,
        2.449314328595664,
        0.0,
        0.0,
        0.0,
        0.0,
        0.0,
        0.0,
        0.0,
        0.0,
        0.0,
        0.0,
        0.0,
        0.0,
        0.0,
        0.36105730513226464,
        0.0,
        0.0,
        0.0,
        0.0,
        0.0,
        0.0,
        0.0,
        0.0,
        0.0,
        0.0,
        0.0,
        0.3167552787279544,
        0.0,
        0.0,
        0.0,
        1.8323284020011437,
        0.0,
        0.0,
        0.0,
        0.0,
        6.0,
        0.0,
        0.0,
        0.0,
        0.0,
        0.7313111607261351,
        0.0,
        0.0,
        0.0,
        0.0,
        0.0,
        0.0,
        0.4413927677181842,
        0.5814906071994611,
        0.0,
        0.0,
        0.0,
        0.0,
        0.0,
        0.0,
        0.0,
        0.0,
        0.0,
        0.0,
        0.0,
        0.0,
        0.0,
        0.0,
        1.380024570972288,
        0.0,
        0.0,
        0.0,
        0.0,
        0.12238597156145294,
        0.0,
        0.5924667555790778,
        0.0,
        0.0,
        0.0,
        0.0,
        0.0,
        0.31519091353458323,
        0.0,
        0.0,
        0.08441104506620602,
        0.0,
        0.017513153009970906,
        0.0,
        0.044081492769166106,
        2.11862788214228,
        0.0,
        0.0
    ],
    "x_il_presolve": [
        0.0,
        0.0,
        0.0,
        2.103281806847224,
        4.624743611432227,
        1.0507043894240202,
        0.0,
        0.0,
        2.3228918245215304,
        0.8967181931527759,
        0.0,
        3.0,
        0.0,
        0.0,
        0.5506856714043361,
        0.0,
        0.0,
        0.0,
        6.215361030049073,
        0.0,
        0.0,
        0.0,
        3.0,
        1.0290119541887592,
        1.9709880458112408,
        0.0,
        1.7846389699509275,
        0.0,
        2.683244721272046,
        0.0,
        3.0,
        0.0,
        0.0,
        0.0,
        0.0,
        0.0,
        0.0,
        0.0,
        2.268688839273865,
        0.0,
        0.0,
        0.0,
        3.0,
        0.0,
        0.0,
        1.9709880458112408,
        0.0,
        3.0,
        0.0,
        0.0,
        0.0,
        0.0,
        0.0,
        0.0,
        4.025804440295984,
        0.0,
        0.0,
        0.7109133747520828,
        0.0,
        0.0,
        0.0,
        0.0,
        0.0,
        0.0,
        0.16767159799885642,
        0.0,
        0.0,
        3.155434458262892,
        2.6643430138156905,
        0.0,
        0.0
    ],
    "x_lj_presolve": [
        0.0,
        0.0,
        0.0,
        0.0,
        0.49209715714220453,
        0.5586072322818159,
        0.0,
        0.0,
        2.0,
        0.8776140284385471,
        0.12238597156145306,
        1.3167552787279542,
        0.9559185072308339,
        0.727326214041212,
        2.0,
        0.0,
        0.0,
        0.0,
        0.6832447212720458,
        0.0,
        0.0,
        2.0,
        1.0,
        0.16767159799885642,
        0.0,
        0.0,
        6.0,
        1.842406759522153,
        0.0,
        0.15759324047784795,
        1.6672959334554458,
        0.842406759522152,
        0.490297307022402,
        2.0,
        6.0,
        0.0,
        2.0,
        1.0,
        0.0,
        0.0,
        1.4185093928005388,
        2.4608133907776044,
        0.14648165671784052,
        0.0,
        5.176640542636876,
        2.823359457363124,
        1.7691072982159533,
        0.40753324442092226,
        0.0,
        0.8233594573631245,
        1.877614028438547,
        3.391074810835318,
        0.0
    ],
    "q_presolve": [
        0.0,
        0.0,
        0.0,
        0.7010939356157414,
        0.5780929514290284,
        1.0,
        0.0,
        0.0,
        0.2903614780651913,
        0.2989060643842586,
        0.0,
        1.0,
        0.0,
        0.0,
        0.06883570892554201,
        0.0,
        0.0,
        0.0,
        0.7769201287561341,
        0.0,
        0.0,
        0.0,
        1.0,
        0.3430039847295865,
        0.2463735057264051,
        0.0,
        0.22307987124386594,
        0.0,
        1.0,
        0.0,
        0.569401627523986,
        0.0,
        0.0,
        0.0,
        0.0,
        0.0,
        0.0,
        0.0,
        0.4305983724760139,
        0.0,
        0.0,
        0.0,
        1.0,
        0.0,
        0.0,
        0.6569960152704136,
        0.0,
        1.0,
        0.0,
        0.0,
        0.0,
        0.0,
        0.0,
        0.0,
        1.0,
        0.0,
        0.0,
        0.08886417184401035,
        0.0,
        1.0,
        0.0,
        0.0,
        0.0,
        0.0,
        1.0,
        0.0,
        0.0,
        0.3944293072828615,
        0.3330428767269613,
        0.0,
        0.0
    ],