{
    "upper_bound_presolve": -627.240464949341,
    "x_ij_presolve": [
        0.0,
        0.3249483467163647,
        1.425017864373425,
        0.0,
        0.0,
        0.0,
        1.7942730475379283,
        0.0,
        0.0,
        0.0,
        0.0,
        0.0,
        0.0,
        0.0,
        0.0,
        0.0,
        0.0,
        0.0,
        0.2934088614636734,
        0.0,
        0.0,
        0.0,
        0.0,
        0.0,
        0.0,
        0.0,
        0.0,
        2.0,
        0.0,
        0.6440305947430598,
        0.0,
        0.0,
        0.0,
        0.0,
        0.0,
        0.0,
        0.0,
        0.0,
        0.0,
        0.0,
        0.0,
        0.0,
        0.0,
        0.5749821356265742,
        0.0,
        0.0,
        0.0,
        0.0,
        0.0,
        0.0,
        0.0,
        0.0,
        0.0,
        0.0,
        0.0,
        0.746866360334242,
        0.0,
        1.5607355894339292,
        0.08467768175859768,
        2.0,
        0.0,
        0.0,
        0.0,
        0.0,
        6.0,
        0.0,
        0.0,
        0.0,
        0.0,
        0.7065911385363266,
        0.0,
        0.0,
        0.0,
        0.0,
        0.0,
        0.0,
        0.0,
        0.9303924221344261,
        0.0,
        0.0,
        0.0,
        0.0,
        0.0,
        0.0,
        0.0,
        0.0,
        0.0,
        0.0,
        0.0,
        0.0,
        0.0,
        0.0,
        0.0,
        0.0,
        0.0,
        0.0,
        0.0,
        0.0,
        0.0,
        0.0,
        0.0,
        0.0,
        0.0,
        0.0,
        0.0,
        0.041851301106943614,
        0.0,
        0.0,
        0.0,
        0.0,
        0.0,
        0.0,
        0.0956082440670213,
        5.873471017134459,
        0.0,
        0.0
    ],
    "x_il_presolve": [
        0.0,
        0.0,
        0.0,
        2.0730235213579014,
        2.4388108954359424,
        0.4933551799691044,
        0.0,
        0.0,
        1.3650950940318645,
        0.9269764786420992,
        0.0,
        3.0,
        0.0,
        0.0,
        2.3559694052569404,
        0.0,
        0.0,
        0.0,
        7.425017864373426,
        0.0,
        0.0,
        0.7123717724929675,
        3.0,
        0.7519852380873261,
        2.248014761912674,
        0.0,
        0.5749821356265742,
        0.0,
        2.253133639665758,
        0.0,
        1.354586728807473,
        0.0,
        0.0,
        0.0,
        0.0,
        0.0,
        0.0,
        0.0,
        0.645413271192527,
        1.1530622482266117,
        0.0,
        0.0,
        3.0,
        0.0,
        0.0,
        2.2480147619126742,
        0.0,
        3.0,
        0.0,
        0.0,
        0.0,
        0.0,
        0.0,
        0.0,
        1.813310244706939,
        0.0,
        0.0,
        5.561189104564058,
        0.0,
        0.0,
        0.0,
        0.0,
        0.0,
        0.0,
        0.0,
        0.0,
        0.0,
        2.030920738798521,
        0.0,
        0.0,
        3.436838846928569
    ],
    "x_lj_presolve": [
        2.0,
        1.5899010951551804,
        0.0,
        1.0,
        0.20572695246207187,
        1.0,
        0.0,
        0.0,
        2.0,
        1.0,
        0.0,
        1.4219180136178777,
        0.9043917559329786,
        0.673690230449144,
        1.6750516532836355,
        0.0,
        0.0,
        0.0,
        0.5780819863821226,
        0.0,
        0.0,
        2.0,
        1.0,
        0.0,
        0.0,
        0.0,
        4.439264410566071,
        3.560735589433929,
        0.0,
        0.0,
        1.9581486988930565,
        0.9153223182414023,
        0.1265289828655414,
        2.0,
        6.0,
        0.0,
        2.0,
        1.0,
        0.0,
        0.0,
        1.0696075778655743,
        0.6513245871887485,
        0.09237807965261609,
        0.0,
        4.907621920347385,
        3.0923780796526157,
        1.9076219203473839,
        0.0,
        0.0,
        1.0923780796526161,
        2.0,
        0.0,
        0.0
    ],
    "q_presolve": [
        0.0,
        0.0,
        0.0,
        0.6910078404526337,
        0.30485136192949286,
        0.4091765378236609,
        0.0,
        0.0,
        0.17063688675398306,
        0.30899215954736636,
        0.0,
        1.0,
        0.0,
        0.0,
        0.29449617565711755,
        0.0,
        0.0,
        0.0,
        0.9281272330466782,
        0.0,
        0.0,
        0.5908234621763391,
        1.0,
        0.25066174602910873,
        0.2810018452390842,
        0.0,
        0.07187276695332177,
        0.0,
        1.0,
        1.0,
        0.6772933644037366,
        0.0,
        0.0,
        0.0,
        0.0,
        0.0,
        0.0,
        0.0,
        0.3227066355962635,
        0.25121723198866175,
        0.0,
        0.0,
        1.0,
        0.0,
        0.0,
        0.7493382539708914,
        0.0,
        1.0,
        0.0,
        0.0,
        0.0,
        0.0,
        0.0,
        0.0,
        1.0,
        0.0,
        0.0,
        0.6951486380705072,
        0.0,
        0.0,
        0.0,
        0.0,
        0.0,
        0.0,
        0.0,
        0.0,
        0.0,
        0.25386509234981514,
        0.0,
        0.0,
        0.7487827680113383
    ],