{
    "upper_bound_presolve": -596.74270991091,
    "x_ij_presolve": [
        0.0,
        1.7159548298679215,
        1.528053191033556,
        0.0,
        0.0,
        0.0,
        1.6973642830774383,
        0.0,
        0.0,
        0.0,
        0.0,
        0.0,
        0.0,
        0.0,
        0.0,
        0.0,
        0.0,
        0.0,
        0.21853256565855678,
        0.0,
        0.0,
        0.0,
        0.0,
        0.0,
        0.0,
        0.0,
        0.0,
        2.0,
        0.0,
        2.509975080823389,
        0.0,
        0.0,
        0.0,
        0.0,
        0.0,
        0.0,
        0.0,
        0.0,
        0.0,
        0.0,
        0.0,
        0.0,
        0.0,
        0.4719468089664441,
        0.0,
        0.0,
        0.28404517013207864,
        0.0,
        0.0,
        0.0,
        0.0,
        0.0,
        0.0,
        0.0,
        0.0,
        3.0,
        0.0,
        0.23032503790929257,
        0.1204959915761408,
        0.0,
        0.0,
        0.0,
        0.0,
        0.3227858146346385,
        6.0,
        0.0,
        0.7696749620907078,
        0.0,
        0.0,
        0.7814674343414433,
        0.0,
        0.0,
        0.0,
        0.0,
        0.0,
        0.0,
        0.20732255001704905,
        0.94825665814438,
        0.0,
        0.0,
        0.0,
        0.0,
        0.0,
        0.0,
        0.0,
        0.0,
        0.0,
        0.0,
        0.0,
        0.4083015170901006,
        0.0,
        1.05174334185562,
        0.0,
        0.0,
        0.0,
        0.0,
        0.0,
        0.0,
        0.0,
        0.0,
        0.0,
        0.0,
        0.0,
        0.0,
        0.0,
        0.0,
        0.0,
        0.0,
        0.0,
        0.0,
        0.0,
        0.0,
        0.0,
        5.822158138011997,
        0.0,
        0.0
    ],
    "x_il_presolve": [
        0.0,
        0.0,
        0.0,
        2.3352693841193766,
        0.0,
        1.0953131669055127,
        0.0,
        0.0,
        3.0,
        0.6647306158806234,
        0.0,
        3.0,
        0.0,
        0.0,
        0.4900249191766107,
        0.0,
        0.0,
        0.0,
        6.79638623900339,
        0.0,
        0.0,
        0.0,
        3.0,
        0.6678667811646126,
        2.3321332188353874,
        0.0,
        1.2036137609966098,
        0.0,
        0.0,
        1.3338260998594957,
        1.3153528706550708,
        0.0,
        0.0,
        0.0,
        0.0,
        0.0,
        0.0,
        0.0,
        0.6846471293449292,
        1.3748320017865332,
        0.0,
        0.0,
        3.0,
        0.0,
        0.0,
        2.3321332188353874,
        0.0,
        3.0,
        0.0,
        0.0,
        0.0,
        0.0,
        0.0,
        0.0,
        0.0,
        0.0,
        0.0,
        4.762992629796244,
        0.0,
        0.0,
        0.0,
        0.0,
        0.0,
        0.0,
        0.6661739001405045,
        0.0,
        0.0,
        2.1778418619880027,
        0.0,
        0.0,
        2.678458826280954
    ],
    "x_lj_presolve": [
        2.0,
        1.0532908280674877,
        0.0,
        1.0,
        0.30263571692256186,
        0.792677449982951,
        0.0,
        0.0,
        2.0,
        1.0,
        0.0,
        1.6772141853653615,
        1.0,
        0.3227858146346384,
        0.0,
        0.0,
        0.0,
        0.0,
        0.0,
        0.0,
        0.0,
        2.0,
        1.0,
        2.0,
        0.0,
        0.0,
        4.999999999999999,
        3.0000000000000004,
        0.0,
        0.0,
        2.0,
        0.8795040084238581,
        0.12049599157614173,
        2.0,
        6.0,
        0.0,
        2.0,
        1.0,
        0.0,
        0.0,
        0.0,
        0.0,
        0.0,
        0.0,
        2.64904435332176,
        2.113948276474485,
        0.0,
        0.0,
        0.057345870411860705,
        2.9426541295881394,
        2.0,
        0.0,
        0.0
    ],
    "q_presolve": [
        0.0,
        0.0,
        0.0,
        0.7784231280397922,
        0.0,
        1.0,
        0.0,
        0.0,
        0.375,
        0.2215768719602078,
        0.0,
        1.0,
        0.0,
        0.0,
        0.061253114897076334,
        0.0,
        0.0,
        0.0,
        0.8495482798754237,
        1.0,
        0.0,
        0.0,
        1.0,
        0.2226222603882042,
        0.2915166523544234,
        0.0,
        0.15045172012457622,
        0.0,
        0.0,
        0.6669130499297479,
        0.6576764353275354,
        0.0,
        0.0,
        0.0,
        0.0,
        0.0,
        0.0,
        0.0,
        0.3423235646724646,
        0.33918908366168743,
        0.0,
        0.0,
        1.0,
        0.0,
        0.0,
        0.7773777396117958,
        0.0,
        1.0,
        0.0,
        0.0,
        0.0,
        0.0,
        0.0,
        0.0,
        0.0,
        1.0,
        0.0,
        1.0,
        0.0,
        0.0,
        0.0,
        0.0,
        0.0,
        0.0,
        0.33308695007025224,
        0.0,
        0.0,
        0.27223023274850033,
        0.0,
        0.0,
        0.6608109163383126
    ],