{
    "upper_bound_presolve": -619.2299181672892,
    "x_ij_presolve": [
        0.0,
        0.3489989165004363,
        1.5664005737313134,
        0.0,
        0.0,
        0.0,
        1.4639972118988254,
        0.0,
        0.0,
        0.0,
        0.0,
        0.0,
        0.0,
        0.0,
        0.0,
        0.0,
        0.0,
        0.0,
        0.23879506786232788,
        0.0,
        0.0,
        0.0,
        0.0,
        0.0,
        0.0,
        0.0,
        0.0,
        2.0,
        0.0,
        0.06379348132036225,
        0.0,
        0.0,
        0.0,
        0.0,
        0.0,
        0.0,
        0.0,
        0.0,
        0.0,
        0.0,
        0.0,
        0.0,
        0.0,
        0.43359942626868664,
        0.0,
        0.0,
        0.0,
        0.0,
        0.0,
        0.0,
        0.0,
        0.0,
        0.0,
        0.0,
        0.0,
        0.0,
        0.0,
        1.5559165783526387,
        0.118380448405147,
        1.8542442390109686,
        0.0,
        0.0,
        0.0,
        0.0,
        6.0,
        0.0,
        0.0,
        0.0,
        0.0,
        0.7612049321376722,
        0.0,
        0.0,
        0.0,
        0.0,
        0.0,
        0.0,
        0.032937664144923835,
        0.7871438156287901,
        0.0,
        0.0,
        0.0,
        0.0,
        0.0,
        0.0,
        0.0,
        0.0,
        0.0,
        0.0,
        0.0,
        0.0,
        0.0,
        0.0,
        1.0800131840473792,
        0.0,
        0.0,
        0.0,
        0.0,
        0.0,
        0.0,
        0.0,
        0.0,
        0.0,
        0.0,
        0.0,
        0.0,
        0.6931685942927321,
        0.0,
        0.0,
        0.0,
        0.0,
        0.0,
        0.0,
        0.0,
        5.188450957302121,
        0.0,
        0.0
    ],
    "x_il_presolve": [
        0.0,
        0.0,
        0.0,
        2.160322636226233,
        1.9775122210889573,
        1.5030651239562507,
        0.0,
        0.0,
        0.0,
        0.8396773637737671,
        0.0,
        3.0,
        0.0,
        0.0,
        2.9362065186796373,
        0.0,
        0.0,
        0.0,
        5.948302638631284,
        0.0,
        0.0,
        0.0,
        3.0,
        0.7477555613775164,
        2.2522444386224834,
        0.0,
        2.051697361368715,
        0.0,
        3.0,
        0.0,
        1.325702973242214,
        0.0,
        0.0,
        0.0,
        0.0,
        0.0,
        0.0,
        0.0,
        0.6742970267577858,
        1.3015082876201183,
        0.0,
        0.0,
        3.0,
        0.0,
        0.0,
        2.2522444386224834,
        0.0,
        2.859937334036591,
        0.0,
        0.0,
        0.0,
        0.0,
        0.0,
        0.0,
        2.576926421971194,
        0.0,
        0.0,
        5.885931488478534,
        0.0,
        0.0,
        0.0,
        0.0,
        0.0,
        0.14006266596340952,
        0.14575576098903145,
        0.0,
        0.0,
        2.81154904269788,
        0.0,
        0.0,
        3.4222556049915918
    ],
    "x_lj_presolve": [
        2.0,
        1.7237638926117096,
        0.0,
        1.0,
        0.5360027881011745,
        0.9670623358550762,
        0.0,
        0.0,
        2.0,
        1.0,
        0.0,
        0.6510010834995642,
        1.0,
        1.3489989165004357,
        1.6510010834995639,
        0.0,
        0.0,
        0.0,
        1.348998916500436,
        0.0,
        0.0,
        2.0,
        1.0,
        0.14575576098903145,
        0.0,
        0.0,
        4.4440834216473615,
        3.555916578352637,
        0.0,
        0.0,
        1.3068314057072679,
        0.881619551594853,
        0.8115490426978793,
        2.0,
        6.0,
        0.0,
        2.0,
        1.0,
        0.0,
        0.0,
        1.21285618437121,
        1.3640702375999838,
        0.0,
        0.0,
        5.0,
        2.863443709567492,
        2.0,
        0.0,
        0.0,
        0.9999999999999998,
        2.0,
        0.0,
        0.0
    ],
    "q_presolve": [
        0.0,
        0.0,
        0.0,
        0.7201075454087443,
        0.25148170370736017,
        1.0,
        0.0,
        0.0,
        0.0,
        0.2798924545912557,
        0.0,
        1.0,
        0.0,
        0.0,
        0.36702581483495467,
        0.0,
        0.0,
        0.0,
        0.7435378298289106,
        0.0,
        0.0,
        0.0,
        1.0,
        0.24925185379250547,
        0.2815305548278104,
        0.0,
        0.25646217017108935,
        0.0,
        1.0,
        0.0,
        0.662851486621107,
        0.0,
        0.0,
        0.0,
        0.0,
        0.0,
        0.0,
        0.0,
        0.3371485133788929,
        0.27552356917240645,
        0.0,
        0.0,
        1.0,
        0.0,
        0.0,
        0.7507481462074945,
        0.0,
        0.9533124446788637,
        0.0,
        0.0,
        0.0,
        0.0,
        0.0,
        0.0,
        1.0,
        0.0,
        0.0,
        0.7485182962926397,
        0.0,
        0.0,
        0.0,
        0.0,
        0.0,
        0.046687555321136505,
        1.0,
        0.0,
        0.0,
        0.351443630337235,
        0.0,
        0.0,
        0.7244764308275936
    ],