{
    "upper_bound_presolve": -603.4818229502783,
    "x_ij_presolve": [
        0.0,
        1.3659626821522652,
        1.3593622886137453,
        0.0,
        0.0,
        0.0,
        1.7807700519905647,
        0.0,
        0.0,
        0.0,
        0.0,
        0.0,
        0.0,
        0.0,
        0.0,
        0.0,
        0.0,
        0.0,
        0.2716374757926378,
        0.0,
        0.0,
        0.0,
        0.0,
        0.0,
        0.0,
        0.0,
        0.0,
        2.0,
        0.0,
        2.6976671515095796,
        0.0,
        0.0,
        0.0,
        0.0,
        0.0,
        0.0,
        0.0,
        0.0,
        0.0,
        0.0,
        0.0,
        0.0,
        0.0,
        0.6406377113862547,
        0.0,
        0.0,
        0.6340373178477349,
        0.0,
        0.0,
        0.0,
        0.0,
        0.0,
        0.0,
        0.0,
        0.0,
        3.0,
        0.0,
        0.35551026256927987,
        0.6112070276739872,
        2.0,
        0.0,
        0.0,
        0.0,
        0.3481195893941511,
        6.0,
        0.0,
        0.6444897374307217,
        0.0,
        0.0,
        0.7283625242073622,
        0.0,
        0.0,
        0.0,
        0.0,
        0.0,
        0.0,
        0.0,
        0.7820491071724689,
        0.0,
        0.0,
        0.0,
        0.0,
        0.0,
        0.0,
        0.0,
        0.0,
        0.0,
        0.0,
        0.0,
        0.0,
        0.0,
        1.2179508928275313,
        0.0,
        0.0,
        0.0,
        0.0,
        0.0,
        0.0,
        0.0,
        0.0,
        0.0,
        0.0,
        0.0,
        0.0,
        0.0,
        0.46503258729933883,
        0.0,
        0.0,
        0.0,
        0.0,
        0.2913484953096111,
        0.0,
        0.0,
        4.632411889717063,
        0.0,
        0.0
    ],
    "x_il_presolve": [
        0.0,
        0.7045770496488356,
        0.0,
        2.3525309965875296,
        2.1063237728587962,
        0.5146528983605997,
        0.0,
        0.0,
        3.0,
        0.0,
        0.0,
        3.0,
        0.0,
        0.0,
        0.3023328484904205,
        0.0,
        0.0,
        0.0,
        7.359362288613745,
        0.0,
        0.0,
        0.0,
        3.0,
        0.7250582724736461,
        2.274941727526354,
        0.0,
        0.6406377113862542,
        0.0,
        0.0,
        0.0,
        1.1684914631432768,
        0.6474690034124707,
        0.0,
        0.0,
        0.0,
        0.0,
        0.0,
        0.0,
        0.8315085368567231,
        0.8717868921246261,
        0.0,
        0.0,
        3.0,
        0.0,
        0.0,
        2.274941727526354,
        0.0,
        1.2337804876728418,
        0.0,
        0.0,
        0.0,
        0.0,
        0.0,
        0.0,
        0.0,
        0.0,
        0.0,
        5.50946881145616,
        0.0,
        0.0,
        0.0,
        0.0,
        0.0,
        1.7662195123271587,
        0.0,
        0.0,
        0.0,
        2.422725423983226,
        0.0,
        0.0,
        2.466633782656694
    ],
    "x_lj_presolve": [
        2.0,
        0.33842067478132,
        0.0,
        1.0,
        0.21922994800943532,
        1.0,
        0.0,
        0.0,
        2.0,
        1.0,
        0.0,
        1.651880410605849,
        1.0,
        0.3481195893941509,
        0.0,
        0.0,
        0.0,
        0.0,
        0.0,
        0.0,
        0.0,
        2.0,
        1.0,
        0.0,
        0.0,
        0.0,
        4.999999999999999,
        3.0000000000000004,
        0.0,
        0.0,
        1.2436189173910501,
        0.38879297232601295,
        1.3675881102829373,
        2.0,
        6.0,
        0.0,
        2.0,
        1.0,
        0.0,
        0.0,
        0.0,
        0.0,
        0.0,
        0.0,
        5.0,
        2.6157925843149497,
        2.0,
        0.0,
        0.0,
        1.0,
        2.0,
        0.0,
        0.0
    ],
    "q_presolve": [
        0.0,
        0.5778869283839008,
        0.0,
        0.7841769988625098,
        0.2765731536855219,
        0.42211307161609923,
        0.0,
        0.0,
        0.375,
        0.0,
        0.0,
        1.0,
        0.0,
        0.0,
        0.037791606061302566,
        0.0,
        0.0,
        0.021669315018167705,
        0.9199202860767182,
        0.9332400136481894,
        0.0,
        0.0,
        1.0,
        0.2416860908245487,
        0.28436771594079424,
        0.0,
        0.08007971392328178,
        0.0,
        0.045090671333642925,
        0.0,
        0.5842457315716384,
        0.2158230011374902,
        1.0,
        0.0,
        0.0,
        0.0,
        0.0,
        0.0,
        0.41575426842836155,
        0.26113751892029957,
        0.0,
        0.0,
        1.0,
        0.0,
        0.0,
        0.7583139091754513,
        0.0,
        0.4112601625576139,
        0.0,
        0.0,
        0.0,
        0.0,
        0.0,
        0.0,
        0.0,
        1.0,
        0.0,
        0.7234268463144791,
        0.0,
        0.0,
        0.0,
        0.0,
        0.0,
        0.5887398374423862,
        0.0,
        0.0,
        0.0,
        0.30284067799790326,
        0.0,
        0.0,
        0.7388624810797004
    ],