{
    "upper_bound_presolve": -617.0293360121505,
    "x_ij_presolve": [
        0.0,
        0.19129469338229577,
        1.6513933609237659,
        0.0,
        0.7789265108772007,
        0.0,
        1.4355419735253232,
        0.0,
        0.0,
        0.0,
        0.0,
        0.0,
        0.0,
        0.0,
        0.0,
        0.0,
        0.0,
        0.0,
        0.2602821192169046,
        0.0,
        0.0,
        0.0,
        0.0,
        0.0,
        0.0,
        0.0,
        0.0,
        2.0,
        0.0,
        0.0,
        0.0,
        0.0,
        0.0,
        0.0,
        0.0,
        0.0,
        0.0,
        0.0,
        0.0,
        0.0,
        0.0,
        0.0,
        0.0,
        0.3486066390762342,
        0.0,
        0.0,
        0.0,
        0.0,
        0.0,
        0.0,
        0.0,
        0.0,
        0.0,
        0.0,
        0.0,
        0.7942337805147781,
        0.0,
        1.0336085739022252,
        0.18171751381139448,
        1.9456855539233688,
        0.0,
        0.0,
        0.0,
        0.0,
        6.0,
        0.0,
        0.5015054763913345,
        0.0,
        0.0,
        0.7397178807830955,
        0.0,
        0.0,
        0.0,
        0.0,
        0.0,
        0.0,
        0.3726475143474401,
        0.8799024394505472,
        0.0,
        0.0,
        0.0,
        0.0,
        0.0,
        0.0,
        0.0,
        0.0,
        0.0,
        0.15569221368974717,
        0.0,
        0.0,
        0.0,
        1.1200975605494528,
        0.0,
        0.0,
        0.0,
        0.0,
        0.0,
        0.0,
        0.0,
        0.050662732175611146,
        0.0,
        0.0,
        0.0,
        0.0,
        0.0,
        1.0420993478091176,
        0.0,
        0.0,
        0.0,
        0.0,
        0.2675713708042482,
        0.0,
        0.0,
        4.50861176757524,
        0.0,
        0.0
    ],
    "x_il_presolve": [
        0.0,
        0.0,
        0.0,
        2.353277497374795,
        1.4836191544975166,
        1.1918105121272369,
        0.0,
        0.0,
        0.0,
        0.0,
        0.0,
        3.0,
        0.0,
        0.0,
        2.8450043784478813,
        0.0,
        0.0,
        0.0,
        5.003826570908087,
        0.0,
        0.0,
        0.0,
        3.0,
        0.8274040290207909,
        2.172595970979209,
        0.0,
        2.996173429091913,
        0.0,
        2.2057662194852217,
        0.0,
        1.1379514096611751,
        0.646722502625205,
        0.0,
        0.0,
        0.0,
        0.0,
        0.0,
        0.0,
        0.8620485903388251,
        0.0,
        0.0,
        0.0,
        2.844307786310253,
        0.0,
        0.0,
        2.172595970979209,
        0.0,
        2.393922147957271,
        0.0,
        0.0,
        0.0,
        0.0,
        0.0,
        0.0,
        0.0,
        0.0,
        0.0,
        5.527378422379731,
        0.0,
        0.0,
        0.0,
        0.0,
        0.0,
        0.6060778520427288,
        0.05431444607663134,
        0.0,
        0.0,
        2.98239965057291,
        0.0,
        0.0,
        5.7623522672024245
    ],
    "x_lj_presolve": [
        1.2210734891227994,
        3.5919415102552357,
        0.0,
        0.9493372678243889,
        0.5644580264746769,
        0.62735248565256,
        0.0,
        0.0,
        2.0,
        1.0,
        0.0,
        1.6029390871324827,
        1.0,
        0.3970609128675174,
        1.8087053066177043,
        0.0,
        0.0,
        0.0,
        0.39706091286751727,
        0.0,
        0.0,
        2.0,
        1.0,
        0.05431444607663134,
        0.0,
        0.0,
        4.464885949706441,
        3.535114050293559,
        0.0,
        0.0,
        0.6903292813866342,
        0.8182824861886056,
        1.4913882324247603,
        2.0,
        6.0,
        0.0,
        1.8443077863102528,
        1.0,
        0.0,
        0.0,
        0.0,
        0.0,
        0.0,
        0.0,
        5.0,
        2.0109975768772475,
        2.0,
        0.0,
        0.0,
        1.0000000000000002,
        2.0,
        0.0,
        0.0
    ],
    "q_presolve": [
        0.0,
        0.0,
        0.0,
        0.784425832458265,
        0.21161313183028255,
        1.0,
        0.0,
        0.0,
        0.0,
        0.0,
        0.0,
        1.0,
        0.0,
        0.0,
        0.35562554730598517,
        0.0,
        0.0,
        0.0,
        0.6254783213635109,
        0.0,
        0.0,
        0.0,
        1.0,
        0.2758013430069303,
        0.2715744963724011,
        0.0,
        0.3745216786364891,
        0.0,
        1.0,
        0.0,
        0.5689757048305876,
        0.21557416754173503,
        0.0,
        0.0,
        0.0,
        0.0,
        0.0,
        0.0,
        0.43102429516941254,
        0.0,
        0.0,
        0.0,
        1.0,
        0.0,
        0.0,
        0.7241986569930696,
        0.0,
        0.7979740493190903,
        0.0,
        0.0,
        0.0,
        0.0,
        0.0,
        0.0,
        0.0,
        1.0,
        0.0,
        0.7883868681697174,
        0.0,
        0.0,
        0.0,
        0.0,
        0.0,
        0.20202595068090975,
        1.0,
        0.0,
        0.0,
        0.3727999563216137,
        0.0,
        0.0,
        1.0
    ],