{
    "upper_bound_presolve": -612.8689084065612,
    "x_ij_presolve": [
        0.0,
        0.0,
        1.5814922166040484,
        0.0,
        0.0,
        0.0,
        1.8715248398670286,
        0.0,
        0.0,
        0.0,
        0.0,
        0.0,
        0.0,
        0.0,
        0.0,
        0.0,
        0.0,
        0.0,
        0.22830195276647983,
        0.0,
        0.0,
        0.0,
        0.0,
        0.0,
        0.0,
        0.0,
        0.0,
        2.0,
        0.0,
        2.5025476502570383,
        0.0,
        0.0,
        0.0,
        0.0,
        0.0,
        0.0,
        0.0,
        0.0,
        0.0,
        0.0,
        0.0,
        0.0,
        0.0,
        0.4185077833959514,
        0.0,
        0.0,
        0.0,
        0.0,
        0.0,
        0.0,
        0.0,
        0.0,
        0.0,
        0.0,
        0.0,
        0.1634361622270453,
        0.0,
        0.0,
        0.1650998539904546,
        1.7819242616306927,
        0.0,
        0.0,
        0.0,
        0.0,
        6.0,
        0.0,
        0.0,
        0.0,
        0.0,
        0.7716980472335202,
        0.0,
        0.0,
        0.0,
        0.0,
        0.0,
        0.0,
        0.26484233683391756,
        0.7940912223945259,
        0.0,
        0.0,
        0.0,
        0.0,
        0.0,
        0.0,
        0.0,
        0.0,
        0.0,
        0.0,
        0.0,
        0.0,
        0.0,
        1.205908777605474,
        0.8585455195528225,
        0.0,
        0.0,
        0.0,
        0.0,
        0.0,
        0.0,
        0.0,
        0.0,
        0.0,
        0.0,
        0.0,
        0.0,
        0.7073050843860815,
        0.0,
        0.0,
        0.0,
        0.0,
        0.1238198362216473,
        0.0,
        0.06846357024579915,
        2.3103638090094605,
        0.0,
        0.0
    ],
    "x_il_presolve": [
        0.0,
        0.0,
        0.0,
        2.2986167767969645,
        4.743399867690333,
        0.8636328232990541,
        0.0,
        0.0,
        2.90057163210102,
        0.7013832232030354,
        0.0,
        3.0,
        0.0,
        0.0,
        0.4974523497429617,
        0.0,
        0.0,
        0.0,
        5.462218437226559,
        0.0,
        0.0,
        0.0,
        3.0,
        1.0463516923331997,
        1.9536483076668003,
        0.0,
        2.537781562773441,
        0.0,
        2.8365638377729545,
        0.0,
        2.8349001460095455,
        0.0,
        0.0,
        0.0,
        0.0,
        0.0,
        0.0,
        0.0,
        1.8585112703828106,
        0.3697906823836689,
        0.0,
        0.0,
        3.0,
        0.0,
        0.0,
        1.9536483076668003,
        0.0,
        3.0,
        0.0,
        0.0,
        0.0,
        0.0,
        0.0,
        0.0,
        0.0,
        0.0,
        0.0,
        0.0,
        0.0,
        0.0,
        0.0,
        0.0,
        0.0,
        0.0,
        0.21807573836930716,
        0.0,
        0.0,
        2.6483277104892173,
        2.849025074033875,
        0.0,
        2.6302093176163313
    ],
    "x_lj_presolve": [
        2.0,
        0.0,
        0.0,
        1.0,
        0.12847516013297167,
        0.7351576631660824,
        0.0,
        0.0,
        2.0,
        1.0,
        0.0,
        1.1634361622270455,
        0.9315364297542008,
        0.9050274080187534,
        2.0,
        0.0,
        0.0,
        0.0,
        0.8365638377729544,
        0.0,
        0.0,
        2.0,
        1.0,
        0.21807573836930716,
        0.0,
        0.0,
        6.0,
        2.0000000000000004,
        0.0,
        0.0,
        1.1688750793922709,
        0.8349001460095454,
        0.9962247745981835,
        2.0,
        6.0,
        0.0,
        2.0,
        1.0,
        0.0,
        0.0,
        0.0,
        0.0,
        0.0,
        0.0,
        5.0,
        2.5924249417242087,
        2.0,
        0.0,
        0.0,
        1.0,
        2.0,
        2.6934114163923564,
        0.0
    ],
    "q_presolve": [
        0.0,
        0.0,
        0.0,
        0.7662055922656549,
        0.6247542654815006,
        1.0,
        0.0,
        0.0,
        0.3625714540126275,
        0.23379440773434512,
        0.0,
        1.0,
        0.0,
        0.0,
        0.062181543717870214,
        0.0,
        0.0,
        0.0,
        0.6827773046533199,
        0.0,
        0.0,
        0.0,
        1.0,
        0.3487838974443999,
        0.24420603845835004,
        0.0,
        0.31722269534668013,
        0.0,
        1.0,
        0.0,
        0.6040169707066985,
        0.0,
        0.0,
        0.0,
        0.0,
        0.0,
        0.0,
        0.0,
        0.3959830292933017,
        0.1232635607945563,
        0.0,
        0.0,
        1.0,
        0.0,
        0.0,
        0.6512161025556001,
        0.0,
        1.0,
        0.0,
        0.0,
        0.0,
        0.0,
        0.0,
        0.0,
        0.0,
        1.0,
        0.0,
        0.0,
        0.0,
        0.0,
        0.0,
        0.0,
        0.0,
        0.0,
        1.0,
        0.0,
        0.0,
        0.33104096381115217,
        0.37524573451849935,
        0.0,
        0.8767364392054438
    ],