{
    "upper_bound_presolve": -624.6732002808391,
    "x_ij_presolve": [
        0.0,
        0.0,
        1.5810906579881727,
        0.0,
        0.0,
        0.0,
        1.8448440742183079,
        0.0,
        0.0,
        0.0,
        0.0,
        0.0,
        0.0,
        0.0,
        0.0,
        0.0,
        0.0,
        0.0,
        0.2339378186968335,
        0.0,
        0.0,
        0.0,
        0.0,
        0.0,
        0.0,
        0.0,
        0.0,
        2.0,
        0.0,
        0.0,
        0.0,
        0.0,
        0.0,
        0.0,
        0.0,
        0.0,
        0.0,
        0.0,
        0.0,
        0.0,
        0.0,
        0.0,
        0.0,
        0.41890934201182745,
        0.0,
        0.0,
        0.0,
        0.0,
        0.0,
        0.0,
        0.0,
        0.0,
        0.0,
        0.0,
        0.0,
        0.4789479161919903,
        0.0,
        0.0,
        0.11485974229483087,
        2.0,
        0.0,
        0.0,
        0.0,
        0.0,
        6.0,
        0.0,
        0.0,
        0.0,
        0.0,
        0.7660621813031665,
        0.0,
        0.0,
        0.0,
        0.0,
        0.0,
        0.0,
        0.5373511688076671,
        0.9350812598366075,
        0.0,
        0.0,
        0.0,
        0.0,
        0.0,
        0.0,
        0.0,
        0.0,
        0.0,
        0.059424166641548065,
        0.0,
        0.0,
        0.0,
        0.0,
        2.4674241808161157,
        0.0,
        0.0,
        0.0,
        0.0,
        0.0,
        0.0,
        0.0,
        0.0,
        0.0,
        0.0,
        0.0,
        0.0,
        0.8765115702123728,
        0.0,
        0.0,
        0.0,
        0.0,
        0.14905597076442406,
        0.0,
        0.0,
        1.7436150112049422,
        0.0,
        0.0
    ],
    "x_il_presolve": [
        0.0,
        0.0,
        0.0,
        2.2883649139366464,
        4.956080159737894,
        0.6178047569740253,
        0.0,
        0.0,
        0.0,
        0.7116350860633538,
        0.0,
        3.0,
        0.0,
        0.0,
        2.893580835167689,
        0.0,
        0.0,
        0.0,
        5.4850733159954475,
        0.0,
        0.0,
        0.0,
        3.0,
        0.9569900129362161,
        2.043009987063784,
        0.0,
        2.5149266840045534,
        0.0,
        2.5210520838080095,
        0.0,
        2.885140257705169,
        0.0,
        0.0,
        0.0,
        0.0,
        0.0,
        0.0,
        0.0,
        2.230817447818261,
        0.0031203708785722335,
        0.0,
        0.0,
        2.940575833358452,
        0.0,
        0.0,
        2.043009987063784,
        0.0,
        3.0,
        0.0,
        0.0,
        0.0,
        0.0,
        0.0,
        0.0,
        2.118546643155286,
        0.0,
        0.0,
        0.0,
        0.0,
        0.0,
        0.0,
        0.0,
        0.0,
        0.0,
        0.0,
        0.0,
        0.0,
        3.0634091777685275,
        3.043919840262106,
        0.0,
        5.475827545313418
    ],
    "x_lj_presolve": [
        2.0,
        2.4789479161919905,
        0.0,
        1.0,
        0.1551559257816923,
        0.4626488311923329,
        0.0,
        0.0,
        2.0,
        1.0,
        0.0,
        1.4789479161919907,
        1.0,
        0.5210520838080097,
        2.0,
        0.0,
        0.0,
        0.0,
        0.5210520838080095,
        0.0,
        0.0,
        2.0,
        1.0,
        0.0,
        0.0,
        0.0,
        6.0,
        2.0,
        0.0,
        0.0,
        0.9744324590232032,
        0.8851402577051691,
        1.1404272832716276,
        2.0,
        6.0,
        0.0,
        1.940575833358452,
        1.0,
        0.0,
        0.0,
        1.0649187401633924,
        1.053627902991894,
        0.0,
        0.0,
        5.0,
        3.0,
        2.0,
        0.0,
        0.0,
        0.9999999999999998,
        2.0,
        3.11595770552343,
        0.0
    ],
    "q_presolve": [
        0.0,
        0.0,
        0.0,
        0.7627883046455488,
        0.6195100199672368,
        1.0,
        0.0,
        0.0,
        0.0,
        0.23721169535445127,
        0.0,
        1.0,
        0.0,
        0.0,
        0.3616976043959611,
        0.0,
        0.0,
        0.0,
        0.6856341644994309,
        0.0,
        0.0,
        0.0,
        1.0,
        0.3189966709787387,
        0.255376248382973,
        0.0,
        0.3143658355005692,
        0.0,
        1.0,
        1.0,
        0.5639492004772118,
        0.0,
        0.0,
        0.0,
        0.0,
        0.0,
        0.0,
        0.0,
        0.43605079952278825,
        0.000569520084202761,
        0.0,
        0.0,
        1.0,
        0.0,
        0.0,
        0.6810033290212614,
        0.0,
        1.0,
        0.0,
        0.0,
        0.0,
        0.0,
        0.0,
        0.0,
        1.0,
        0.0,
        0.0,
        0.0,
        0.0,
        0.0,
        0.0,
        0.0,
        0.0,
        0.0,
        0.0,
        0.0,
        0.0,
        0.38292614722106594,
        0.38048998003276324,
        0.0,
        0.9994304799157973
    ],