{
    "upper_bound_presolve": -620.8268732253007,
    "x_ij_presolve": [
        0.0,
        0.0,
        1.6424469324405642,
        0.0,
        0.43257288707602093,
        0.0,
        1.4482177128470795,
        0.0,
        0.0,
        0.0,
        0.0,
        0.0,
        0.0,
        0.0,
        0.0,
        0.0,
        0.0,
        0.0,
        0.29759868166473624,
        0.0,
        0.0,
        0.0,
        0.0,
        0.0,
        0.0,
        0.0,
        0.0,
        2.0,
        0.0,
        0.0,
        0.0,
        0.0,
        0.0,
        0.0,
        0.0,
        0.0,
        0.0,
        0.0,
        0.0,
        0.0,
        0.0,
        0.0,
        0.0,
        0.35755306755943594,
        0.0,
        0.0,
        0.0,
        0.0,
        0.0,
        0.0,
        0.0,
        0.0,
        0.0,
        0.0,
        0.0,
        0.05069007058402974,
        0.0,
        1.3697291638152618,
        0.11582927600789482,
        1.9758875814679584,
        0.0,
        0.0,
        0.0,
        0.0,
        6.0,
        0.0,
        0.0,
        0.0,
        0.0,
        0.7024013183352638,
        0.0,
        0.0,
        0.0,
        0.0,
        0.0,
        0.0,
        0.3117698148556039,
        0.6085248583177768,
        0.0,
        0.0,
        0.0,
        0.0,
        0.0,
        0.0,
        0.0,
        0.0,
        0.0,
        0.07454006985400663,
        0.0,
        0.0,
        0.09928044273246504,
        1.3914751416822233,
        0.59365394349365,
        0.0,
        0.0,
        0.0,
        0.0,
        0.0,
        0.0,
        0.0,
        0.0,
        0.0,
        0.0,
        0.0,
        0.0,
        0.7973243091147532,
        0.0,
        0.0,
        0.0,
        0.0,
        0.0,
        0.0,
        0.10296262353293638,
        5.0868464148773525,
        0.0,
        0.0
    ],
    "x_il_presolve": [
        0.0,
        0.0,
        0.0,
        2.066165802472082,
        1.8863713701111757,
        1.2400124722973165,
        0.0,
        0.0,
        0.0,
        0.9338341975279181,
        0.0,
        3.0,
        0.0,
        0.0,
        2.939738502042267,
        0.0,
        0.0,
        0.0,
        5.571605480645415,
        0.0,
        0.0,
        0.0,
        3.0,
        0.7499294636319779,
        2.250070536368022,
        0.0,
        2.4283945193545855,
        0.0,
        2.9493099294159704,
        0.0,
        1.5144415601768433,
        0.0,
        0.0,
        0.0,
        0.0,
        0.0,
        0.0,
        0.0,
        0.4855584398231567,
        0.0,
        0.0,
        0.0,
        2.9254599301459896,
        0.0,
        0.0,
        2.250070536368022,
        0.0,
        2.7438908935944286,
        0.0,
        0.0,
        0.0,
        0.0,
        0.0,
        0.0,
        0.0,
        0.0,
        0.0,
        5.6893487171472215,
        0.0,
        0.0,
        0.0,
        0.0,
        0.0,
        0.2561091064055716,
        0.0241124185320417,
        0.0,
        0.0,
        2.810190961589711,
        0.0,
        0.0,
        4.8401540299842205
    ],
    "x_lj_presolve": [
        1.5674271129239792,
        2.272726917060241,
        0.0,
        1.0,
        0.5517822871529205,
        0.688230185144396,
        0.0,
        0.0,
        2.0,
        1.0,
        0.0,
        1.0506900705840294,
        0.8970373764670636,
        1.052272552948907,
        2.0,
        0.0,
        0.0,
        0.0,
        0.9493099294159706,
        0.0,
        0.0,
        2.0,
        1.0,
        0.0241124185320417,
        0.0,
        0.0,
        4.630270836184738,
        3.369729163815262,
        0.0,
        0.0,
        1.202675690885247,
        0.8841707239921053,
        0.9131535851226477,
        2.0,
        6.0,
        0.0,
        1.9254599301459934,
        1.0,
        0.0,
        0.0,
        0.0,
        0.0,
        0.0,
        0.0,
        4.900719557267535,
        2.6750005299908515,
        1.900719557267535,
        0.0,
        0.0,
        1.0992804427324652,
        2.0,
        0.0,
        0.0
    ],
    "q_presolve": [
        0.0,
        0.0,
        0.0,
        0.6887219341573606,
        0.24900225303781565,
        1.0,
        0.0,
        0.0,
        0.0,
        0.3112780658426394,
        0.0,
        1.0,
        0.0,
        0.0,
        0.3674673127552834,
        0.0,
        0.0,
        0.0,
        0.6964506850806769,
        0.0,
        0.0,
        0.0,
        1.0,
        0.24997648787732596,
        0.28125881704600275,
        0.0,
        0.3035493149193232,
        0.0,
        1.0,
        0.0,
        0.7572207800884216,
        0.0,
        0.0,
        0.0,
        0.0,
        0.0,
        0.0,
        0.0,
        0.24277921991157836,
        0.0,
        0.0,
        0.0,
        1.0,
        0.0,
        0.0,
        0.750023512122674,
        0.0,
        0.9146302978648095,
        0.0,
        0.0,
        0.0,
        0.0,
        0.0,
        0.0,
        0.0,
        1.0,
        0.0,
        0.7509977469621858,
        0.0,
        0.0,
        0.0,
        0.0,
        0.0,
        0.08536970213519053,
        1.0,
        0.0,
        0.0,
        0.35127387019871387,
        0.0,
        0.0,
        1.0
    ],