{
    "upper_bound_presolve": -624.8471463754765,
    "x_ij_presolve": [
        0.0,
        0.2032555559169987,
        1.480639122823913,
        0.0,
        0.0,
        0.0,
        1.6887209546986675,
        0.0,
        0.0,
        0.0,
        0.0,
        0.0,
        0.0,
        0.0,
        0.0,
        0.0,
        0.0,
        0.0,
        0.21608828076377729,
        0.0,
        0.0,
        0.0,
        0.0,
        0.0,
        0.0,
        0.0,
        0.0,
        2.0,
        0.0,
        0.0,
        0.0,
        0.0,
        0.0,
        0.0,
        0.0,
        0.0,
        0.0,
        0.0,
        0.0,
        0.0,
        0.0,
        0.0,
        0.0,
        0.5193608771760871,
        0.0,
        0.0,
        0.0,
        0.0,
        0.0,
        0.0,
        0.0,
        0.0,
        0.0,
        0.0,
        0.0,
        0.7509803091938485,
        0.0,
        0.7380588303427033,
        0.06399307566040925,
        1.7733608642066374,
        0.0,
        0.0,
        0.0,
        0.0,
        6.0,
        0.0,
        0.0,
        0.0,
        0.0,
        0.7839117192362227,
        0.0,
        0.0,
        0.0,
        0.0,
        0.0,
        0.0,
        0.3415430453349169,
        1.0584607901811403,
        0.0,
        0.0,
        0.0,
        0.0,
        0.0,
        0.0,
        0.0,
        0.0,
        0.0,
        0.0,
        0.0,
        0.0,
        0.0,
        0.0,
        0.0,
        0.0,
        0.0,
        0.0,
        0.0,
        0.0,
        0.0,
        0.0,
        0.0,
        0.0,
        0.0,
        0.0,
        0.0,
        0.5131628631719733,
        0.0,
        0.0,
        0.23223246157649463,
        0.0,
        0.0,
        0.0,
        0.0,
        3.008807686406953,
        0.0,
        0.0
    ],
    "x_il_presolve": [
        0.0,
        0.0,
        0.0,
        2.344107515977661,
        4.399962330203808,
        0.9697359999664157,
        0.0,
        0.0,
        1.6853132002267224,
        0.6558924840223386,
        0.0,
        3.0,
        0.0,
        0.0,
        3.0,
        0.0,
        0.0,
        0.0,
        7.480639122823913,
        0.0,
        0.9826871198175825,
        0.0,
        3.0,
        1.076467844023576,
        1.9235321559764238,
        0.0,
        0.5193608771760878,
        0.0,
        2.2490196908061515,
        0.0,
        2.197948093996887,
        0.0,
        0.0,
        0.0,
        0.0,
        0.0,
        0.0,
        0.0,
        2.216088280763777,
        0.0,
        0.0,
        0.0,
        3.0,
        0.0,
        0.0,
        1.9235321559764242,
        0.0,
        3.0,
        0.0,
        0.0,
        0.0,
        0.0,
        0.0,
        0.0,
        2.4698129504647257,
        0.0,
        0.0,
        0.0,
        0.0,
        0.0,
        0.0,
        0.0,
        0.0,
        0.0,
        0.22663913579336264,
        0.0,
        0.0,
        1.3911546437968547,
        3.6000376697961927,
        0.0,
        5.315492291700356
    ],
    "x_lj_presolve": [
        2.0,
        2.315492291700356,
        0.0,
        1.0,
        0.3112790453013327,
        0.658456954665083,
        0.0,
        0.0,
        2.0,
        1.0,
        0.0,
        1.5477247532768503,
        1.0,
        0.4522752467231497,
        1.7967444440830014,
        0.0,
        0.0,
        0.0,
        0.45227524672314967,
        0.0,
        0.0,
        2.0,
        1.0,
        0.22663913579336264,
        0.0,
        0.0,
        5.261941169657297,
        2.7380588303427036,
        0.0,
        0.0,
        1.4868371368280264,
        0.9360069243395908,
        0.5771559388323825,
        2.0,
        6.0,
        0.0,
        2.0,
        1.0,
        0.0,
        0.0,
        0.9415392098188599,
        2.510960860463448,
        0.0,
        0.0,
        4.767767538423506,
        3.232232461576494,
        1.7677675384235054,
        0.0,
        0.0,
        1.2322324615764944,
        2.0,
        2.414036374760664,
        0.0
    ],
    "q_presolve": [
        0.0,
        0.0,
        0.0,
        0.7813691719925537,
        0.549995291275476,
        1.0,
        0.0,
        0.0,
        0.2106641500283403,
        0.2186308280074462,
        0.0,
        1.0,
        0.0,
        0.0,
        0.375,
        0.0,
        0.0,
        0.0,
        0.9350798903529891,
        0.0,
        0.2846305864773608,
        0.0,
        1.0,
        0.3588226146745253,
        0.24044151949705297,
        0.0,
        0.06492010964701098,
        0.0,
        1.0,
        0.0,
        0.49794517022213336,
        0.0,
        0.0,
        0.0,
        0.0,
        0.0,
        0.0,
        0.0,
        0.5020548297778666,
        0.0,
        0.0,
        0.0,
        1.0,
        0.0,
        0.0,
        0.6411773853254747,
        0.0,
        1.0,
        0.0,
        0.0,
        0.0,
        0.0,
        0.0,
        0.0,
        0.7153694135226393,
        0.0,
        0.0,
        0.0,
        0.0,
        0.0,
        0.0,
        0.0,
        0.0,
        0.0,
        1.0,
        0.0,
        0.0,
        0.17389433047460684,
        0.450004708724524,
        0.0,
        1.0
    ],