{
    "upper_bound_presolve": -620.9387984265423,
    "x_ij_presolve": [
        0.0,
        0.5550836569642084,
        1.4732105998158018,
        0.0,
        0.0,
        0.0,
        1.5779288546907173,
        0.0,
        0.0,
        0.0,
        0.0,
        0.0,
        0.0,
        0.0,
        0.0,
        0.0,
        0.0,
        0.0,
        0.2875709873309475,
        0.0,
        0.0,
        0.0,
        0.0,
        0.0,
        0.0,
        0.0,
        0.0,
        2.0,
        0.0,
        0.0,
        0.0,
        0.0,
        0.0,
        0.0,
        0.0,
        0.0,
        0.0,
        0.0,
        0.0,
        0.0,
        0.0,
        0.0,
        0.0,
        0.5267894001841983,
        0.0,
        0.0,
        0.0,
        0.0,
        0.0,
        0.0,
        0.0,
        0.0,
        0.0,
        0.0,
        0.0,
        1.2742723734439545,
        0.0,
        1.5198919304750826,
        0.17540397665809374,
        1.8460146056778557,
        0.0,
        0.0,
        0.0,
        0.0,
        6.0,
        0.0,
        0.0,
        0.0,
        0.0,
        0.7124290126690526,
        0.0,
        0.0,
        0.0,
        0.0,
        0.0,
        0.0,
        0.47963946922030126,
        0.33285635353860143,
        0.0,
        0.0,
        0.0,
        0.0,
        0.0,
        0.0,
        0.0,
        0.0,
        0.0,
        0.08170797738676121,
        0.0,
        0.0,
        0.3342969508902102,
        1.6671436464613985,
        0.0,
        0.0,
        0.0,
        0.0,
        0.0,
        0.0,
        0.0,
        0.0,
        0.0,
        0.0,
        0.0,
        0.0,
        0.0,
        0.9704777108563315,
        0.0,
        0.0,
        0.0,
        0.0,
        0.21653372471744953,
        0.0,
        0.0,
        4.637584587768125,
        0.0,
        0.0
    ],
    "x_il_presolve": [
        0.0,
        0.0,
        0.0,
        2.0811631280680687,
        1.542975781632588,
        0.9424316760889813,
        0.0,
        0.0,
        0.0,
        0.9188368719319309,
        0.0,
        3.0,
        0.0,
        0.0,
        2.780883286667841,
        0.0,
        0.0,
        0.0,
        7.473210599815802,
        0.0,
        0.0,
        0.0,
        3.0,
        0.770096263373683,
        2.229903736626317,
        0.0,
        0.5267894001841994,
        0.0,
        1.7257276265560457,
        0.0,
        1.3047040928668239,
        0.0,
        0.0,
        0.0,
        0.0,
        0.0,
        0.0,
        0.0,
        0.6952959071331761,
        0.0,
        0.0,
        0.0,
        2.9182920226132385,
        0.0,
        0.0,
        2.229903736626317,
        0.0,
        2.5912158700047314,
        0.0,
        0.0,
        0.0,
        0.0,
        0.0,
        0.0,
        0.0,
        0.0,
        0.0,
        6.265667400163215,
        0.0,
        0.0,
        0.0,
        0.0,
        0.0,
        0.4087841299952691,
        0.15398539432214442,
        0.0,
        0.0,
        2.989212976705843,
        0.0,
        0.0,
        5.576248583793733
    ],
    "x_lj_presolve": [
        2.0,
        2.5762485837937334,
        0.0,
        1.0,
        0.4220711453092826,
        0.5203605307796987,
        0.0,
        0.0,
        2.0,
        1.0,
        0.0,
        1.7191887164797461,
        1.0,
        0.28081128352025386,
        1.4449163430357916,
        0.0,
        0.0,
        0.0,
        0.28081128352025403,
        0.0,
        0.0,
        2.0,
        1.0,
        0.15398539432214442,
        0.0,
        0.0,
        4.480108069524918,
        3.519891930475082,
        0.0,
        0.0,
        0.812988564426219,
        0.8245960233419063,
        1.3624154122318748,
        2.0,
        6.0,
        0.0,
        1.9182920226132387,
        1.0,
        0.0,
        0.0,
        0.0,
        0.0,
        0.0,
        0.0,
        4.66570304910979,
        3.1429401326860127,
        1.66570304910979,
        0.0,
        0.0,
        1.3342969508902098,
        2.0,
        0.0,
        0.0
    ],
    "q_presolve": [
        0.0,
        0.0,
        0.0,
        0.6937210426893563,
        0.19759844901476725,
        1.0,
        0.0,
        0.0,
        0.0,
        0.30627895731064364,
        0.0,
        1.0,
        0.0,
        0.0,
        0.3476104108334801,
        0.0,
        0.0,
        0.0,
        0.9341513249769753,
        0.0,
        0.0,
        0.0,
        1.0,
        0.2566987544578943,
        0.27873796707828963,
        0.0,
        0.06584867502302481,
        0.0,
        1.0,
        0.0,
        0.6523520464334119,
        0.0,
        0.0,
        0.0,
        0.0,
        0.0,
        0.0,
        0.0,
        0.34764795356658806,
        0.0,
        0.0,
        0.0,
        1.0,
        0.0,
        0.0,
        0.7433012455421056,
        0.0,
        0.8637386233349102,
        0.0,
        0.0,
        0.0,
        0.0,
        0.0,
        0.0,
        0.0,
        1.0,
        0.0,
        0.8024015509852328,
        0.0,
        0.0,
        0.0,
        0.0,
        0.0,
        0.1362613766650897,
        1.0,
        0.0,
        0.0,
        0.3736516220882304,
        0.0,
        0.0,
        1.0
    ],