{
    "upper_bound_presolve": -610.7884598936295,
    "x_ij_presolve": [
        0.0,
        0.0,
        1.6402928094533982,
        0.0,
        0.19608078806931292,
        0.0,
        1.4116879236084563,
        0.0,
        0.0,
        0.0,
        0.0,
        0.0,
        0.0,
        0.0,
        0.0,
        0.0,
        0.0,
        0.0,
        0.24622888229741172,
        0.0,
        0.0,
        0.0,
        0.0,
        0.0,
        0.0,
        0.0,
        0.0,
        2.0,
        0.0,
        0.0,
        0.0,
        0.0,
        0.0,
        0.0,
        0.0,
        0.0,
        0.0,
        0.0,
        0.0,
        0.0,
        0.0,
        0.0,
        0.0,
        0.35970719054660194,
        0.0,
        0.0,
        0.0,
        0.0,
        0.0,
        0.0,
        0.0,
        0.0,
        0.0,
        0.0,
        0.0,
        0.2605622364486749,
        0.0,
        1.1305564467430926,
        0.21111232975754315,
        1.8160744531028294,
        0.0,
        0.0,
        0.0,
        0.0,
        6.0,
        0.0,
        0.0,
        0.0,
        0.0,
        0.7537711177025883,
        0.0,
        0.0,
        0.0,
        0.0,
        0.0,
        0.0,
        0.33870511271775866,
        0.8653952061678145,
        0.0,
        0.0,
        0.0,
        0.0,
        0.0,
        0.0,
        0.0,
        0.0,
        0.0,
        0.036352856840429555,
        0.0,
        0.0,
        0.0,
        1.1346047938321855,
        0.0,
        0.0,
        0.0,
        0.0,
        0.0,
        0.0,
        0.0,
        0.0,
        0.0,
        0.0,
        0.0,
        0.0,
        0.0,
        1.0770501598704028,
        0.0,
        0.0,
        0.0,
        0.0,
        0.26307772782924976,
        0.0,
        0.08128960894979523,
        3.95873402031093,
        0.0,
        0.0
    ],
    "x_il_presolve": [
        0.0,
        0.0,
        0.0,
        2.2002235838420567,
        4.3581886855792025,
        1.2496069636737852,
        0.0,
        0.0,
        2.7144548454487643,
        0.7997764161579433,
        0.0,
        3.0,
        0.0,
        0.0,
        3.0,
        0.0,
        0.0,
        0.0,
        5.073556681232928,
        0.0,
        0.0,
        0.0,
        3.0,
        0.7695421739379901,
        2.23045782606201,
        0.0,
        2.926443318767073,
        0.0,
        2.739437763551325,
        0.0,
        1.6583312234993643,
        0.0,
        0.0,
        0.0,
        0.0,
        0.0,
        0.0,
        0.0,
        0.8316945387325106,
        0.0,
        0.0,
        0.0,
        2.9636471431595703,
        0.0,
        0.0,
        2.23045782606201,
        0.0,
        1.5209921572463365,
        0.0,
        0.0,
        0.0,
        0.0,
        0.0,
        0.0,
        0.0,
        0.0,
        0.0,
        0.0,
        0.0,
        0.0,
        0.0,
        0.0,
        0.0,
        1.4790078427536635,
        0.18392554689717058,
        0.0,
        0.0,
        0.05508732848922677,
        3.641811314420799,
        0.0,
        4.9831918394295664
    ],
    "x_lj_presolve": [
        1.803919211930687,
        2.179272627498879,
        0.0,
        1.0,
        0.5883120763915439,
        0.6612948872822414,
        0.0,
        0.0,
        2.0,
        1.0,
        0.0,
        1.2605622364486753,
        0.9187103910502048,
        0.8207273725011202,
        2.0,
        0.0,
        0.0,
        0.0,
        0.7394377635513248,
        0.0,
        0.0,
        2.0,
        1.0,
        0.18392554689717058,
        0.0,
        0.0,
        4.869443553256907,
        3.1305564467430935,
        0.0,
        0.0,
        0.6598721123003476,
        0.7888876702424568,
        1.5512402174571955,
        2.0,
        6.0,
        0.0,
        1.9636471431595703,
        1.0,
        0.0,
        0.0,
        0.0,
        0.0,
        0.0,
        0.0,
        5.0,
        3.0000000000000004,
        2.0,
        0.0,
        0.0,
        0.9999999999999999,
        2.0,
        0.49002576223187494,
        0.0
    ],
    "q_presolve": [
        0.0,
        0.0,
        0.0,
        0.7334078612806856,
        0.5447735856974003,
        1.0,
        0.0,
        0.0,
        0.33930685568109553,
        0.2665921387193144,
        0.0,
        1.0,
        0.0,
        0.0,
        0.375,
        0.0,
        0.0,
        0.0,
        0.6341945851541159,
        0.0,
        0.0,
        0.0,
        1.0,
        0.25651405797933,
        0.2788072282577512,
        0.0,
        0.3658054148458841,
        0.0,
        1.0,
        0.0,
        0.6659895847876525,
        0.0,
        0.0,
        0.0,
        0.0,
        0.0,
        0.0,
        0.0,
        0.3340104152123475,
        0.0,
        0.0,
        0.0,
        1.0,
        0.0,
        0.0,
        0.74348594202067,
        0.0,
        0.5069973857487788,
        0.0,
        0.0,
        0.0,
        0.0,
        0.0,
        0.0,
        0.0,
        1.0,
        0.0,
        0.0,
        0.0,
        0.0,
        0.0,
        0.0,
        0.0,
        0.4930026142512211,
        1.0,
        0.0,
        0.0,
        0.006885916061153346,
        0.4552264143025998,
        0.0,
        1.0
    ],