{
    "upper_bound_presolve": -616.5049250580613,
    "x_ij_presolve": [
        0.0,
        0.5365794686788418,
        1.261000361007688,
        0.0,
        0.0,
        0.0,
        1.498046248102864,
        0.0,
        0.0,
        0.0,
        0.0,
        0.0,
        0.0,
        0.0,
        0.0,
        0.0,
        0.0,
        0.0,
        0.28710282587185365,
        0.0,
        2.7128971741281465,
        0.0,
        0.0,
        0.0,
        0.0,
        0.0,
        0.0,
        2.0,
        0.0,
        2.3375022805179024,
        0.0,
        0.0,
        0.0,
        0.0,
        0.0,
        0.0,
        0.0,
        0.0,
        0.0,
        0.0,
        0.0,
        0.0,
        0.0,
        0.733190402526203,
        0.0,
        0.0,
        0.0,
        0.0,
        0.0,
        0.0,
        0.0,
        0.0,
        0.0,
        0.0,
        0.0,
        0.0,
        0.0,
        0.43619762970193976,
        0.11184925610166281,
        2.0,
        0.0,
        0.0,
        0.0,
        0.0,
        6.0,
        0.0,
        0.0,
        0.0,
        0.0,
        0.7128971741281465,
        0.0,
        0.0,
        0.0,
        0.0,
        0.0,
        0.0,
        0.40409206551826954,
        1.0482603166497322,
        0.0,
        0.0,
        0.0,
        0.0,
        0.0,
        0.0,
        0.0,
        0.0,
        0.0,
        0.0,
        0.0,
        0.0,
        0.0,
        0.0,
        0.0,
        0.0,
        0.0,
        0.0,
        0.0,
        0.0,
        0.0,
        0.0,
        0.0,
        0.0,
        0.0,
        0.0,
        0.0,
        0.263413503630431,
        0.0,
        0.0,
        0.0,
        0.0,
        0.05496206161617859,
        0.0,
        0.0,
        0.5317368899034506,
        0.0,
        0.0
    ],
    "x_il_presolve": [
        0.0,
        0.0,
        0.0,
        2.4207266223941986,
        5.333230370457,
        1.0978616863788666,
        0.0,
        0.0,
        1.817023062479375,
        0.0,
        0.0,
        3.0,
        0.0,
        0.0,
        0.6624977194820975,
        0.0,
        0.0,
        0.0,
        7.266809597473797,
        0.0,
        1.0147282563089832,
        0.0,
        3.0,
        1.0494714258271816,
        1.9505285741728184,
        0.0,
        0.7331904025262034,
        0.0,
        3.0,
        0.0,
        1.872679736590596,
        0.5792733776058013,
        0.0,
        0.0,
        0.0,
        0.0,
        0.0,
        0.0,
        1.5194405609547883,
        0.7676622649170651,
        0.0,
        0.0,
        3.0,
        0.0,
        0.0,
        1.9505285741728184,
        0.0,
        3.0,
        0.0,
        0.0,
        0.0,
        0.0,
        0.0,
        0.0,
        3.565562101683453,
        0.0,
        0.0,
        0.0,
        0.0,
        0.0,
        0.0,
        0.0,
        0.0,
        0.0,
        0.0,
        0.0,
        0.0,
        3.5699506438657083,
        2.6667696295430003,
        0.0,
        2.232337735082935
    ],
    "x_lj_presolve": [
        2.0,
        0.0,
        0.0,
        1.0,
        0.5019537518971361,
        0.5959079344817304,
        0.0,
        0.0,
        2.0,
        1.0,
        0.0,
        0.46342053132115785,
        1.0,
        1.5365794686788423,
        1.4634205313211581,
        0.0,
        0.0,
        0.0,
        1.536579468678842,
        0.0,
        0.0,
        2.0,
        1.0,
        0.0,
        0.0,
        0.0,
        5.56380237029806,
        2.4361976297019408,
        0.0,
        0.0,
        1.6816244347533904,
        0.8881507438983373,
        0.43022482134827256,
        2.0,
        6.0,
        0.0,
        2.0,
        1.0,
        0.0,
        0.0,
        0.9517396833502679,
        3.5638023702980592,
        0.06474830434410946,
        0.00580923646610892,
        5.868272512730636,
        2.125918250803255,
        1.9352516956558905,
        0.0,
        0.9330208170747455,
        0.13172748726936406,
        2.0,
        1.3921202975453846,
        0.0
    ],
    "q_presolve": [
        0.0,
        0.0,
        0.0,
        0.8069088741313996,
        0.666653796307125,
        1.0,
        0.0,
        0.0,
        0.2271278828099219,
        0.0,
        0.0,
        1.0,
        0.0,
        0.0,
        0.08281221493526218,
        0.0,
        0.0,
        0.0,
        0.9083511996842246,
        0.0,
        0.22154234273342957,
        0.0,
        1.0,
        0.3498238086090605,
        0.24381607177160233,
        0.0,
        0.09164880031577542,
        0.0,
        1.0,
        0.0,
        0.5520676073739806,
        0.19309112586860044,
        1.0,
        0.0,
        0.0,
        0.0,
        0.0,
        0.0,
        0.4479323926260192,
        0.25588742163902173,
        0.0,
        0.0,
        1.0,
        0.0,
        0.0,
        0.6501761913909395,
        0.0,
        1.0,
        0.0,
        0.0,
        0.0,
        0.0,
        0.0,
        0.0,
        0.7784576572665705,
        0.0,
        0.0,
        0.0,
        0.0,
        0.0,
        0.0,
        0.0,
        0.0,
        0.0,
        0.0,
        0.0,
        0.0,
        0.4462438304832136,
        0.33334620369287504,
        0.0,
        0.7441125783609783
    ],