{
    "upper_bound_presolve": -623.580672700806,
    "x_ij_presolve": [
        0.0,
        0.29304612427960985,
        1.5738470077727387,
        0.0,
        0.0,
        0.0,
        1.6541108233623036,
        0.0,
        0.0,
        0.0,
        0.0,
        0.0,
        0.0,
        0.0,
        0.0,
        0.0,
        0.0,
        0.0,
        0.31245334681359527,
        0.0,
        0.8857755003478326,
        0.0,
        0.0,
        0.0,
        0.7277870707526991,
        0.3324270984319875,
        0.0,
        1.9397858308153135,
        0.0,
        0.0,
        0.0,
        0.0,
        0.0,
        0.0,
        0.0,
        0.0,
        0.0,
        0.0,
        0.0,
        0.0,
        0.0,
        0.0,
        0.0,
        0.4261529922272614,
        0.0,
        0.0,
        0.0,
        0.0,
        0.0,
        0.0,
        0.0,
        0.0,
        0.0,
        0.0,
        0.0,
        1.0452534543475316,
        0.0,
        0.5193265044930806,
        0.05905168939185632,
        1.8429271985095061,
        0.0,
        0.0,
        0.0,
        0.0,
        6.0,
        0.0,
        0.0,
        0.0,
        0.0,
        0.6875466531864047,
        0.0,
        0.0,
        0.0,
        0.0,
        0.0,
        0.0,
        0.376127218374353,
        0.9941191876350801,
        0.0,
        0.0,
        0.0,
        0.0,
        0.0,
        0.0,
        0.0,
        0.02740861800360019,
        0.0,
        0.1309521807513693,
        0.03280555118108624,
        0.0,
        0.0,
        0.0,
        1.5789179646647187,
        0.0,
        0.0,
        0.0,
        0.0,
        0.0,
        0.0,
        0.0,
        0.0,
        0.0,
        0.0,
        0.0,
        0.0,
        0.0,
        0.0,
        0.0,
        0.0,
        0.0,
        0.0,
        0.0,
        0.0,
        1.532716961718894,
        0.0,
        0.0
    ],
    "x_il_presolve": [
        0.0,
        0.0,
        0.0,
        3.0,
        4.694343178515776,
        0.9697619582633432,
        0.0,
        0.0,
        0.0,
        0.0,
        0.0,
        3.0,
        0.0,
        0.0,
        2.730884295874217,
        0.0,
        0.0,
        0.0,
        5.325343334544434,
        0.0,
        0.0,
        0.0,
        3.0,
        0.904821240733993,
        2.095178759266007,
        0.0,
        2.674656665455565,
        0.0,
        1.9547465456524686,
        0.0,
        2.421621806115063,
        0.0,
        0.0,
        0.0,
        0.0,
        0.0,
        0.0,
        0.0,
        2.0406198732416674,
        0.0,
        0.0,
        0.0,
        2.869047819248631,
        0.0,
        0.0,
        2.095178759266007,
        0.0,
        3.0,
        0.0,
        0.0,
        0.0,
        0.0,
        0.0,
        0.0,
        1.8623828888595892,
        0.0,
        0.0,
        0.0,
        0.0,
        0.0,
        0.0,
        0.0,
        0.0,
        0.0,
        0.1570728014904938,
        0.0,
        0.0,
        3.1739369448597747,
        3.2933460934213312,
        0.0,
        5.764518058130815
    ],
    "x_lj_presolve": [
        2.0,
        2.7645180581308146,
        0.0,
        1.0,
        0.3458891766376963,
        0.623872781625647,
        0.0,
        0.0,
        1.272212929247301,
        0.6675729015680126,
        1.0602141691846865,
        1.7522073300679217,
        1.0,
        0.24779266993207835,
        1.7069538757203901,
        0.0,
        0.0,
        0.0,
        0.2477926699320784,
        0.0,
        0.0,
        2.0,
        1.0,
        0.1570728014904938,
        0.0,
        0.0,
        5.480673495506919,
        2.51932650449308,
        0.0,
        0.0,
        2.0,
        0.9409483106081437,
        0.059051689391856114,
        2.0,
        6.0,
        0.0,
        1.8690478192486306,
        1.0,
        0.0,
        0.0,
        1.0058808123649199,
        0.8565020764946695,
        0.0,
        0.0,
        5.0,
        2.9876892719371075,
        2.0,
        0.0,
        0.0,
        1.0,
        0.9397858308153135,
        3.5224558485414166,
        0.0
    ],
    "q_presolve": [
        0.0,
        0.0,
        0.0,
        1.0,
        0.5876972699737159,
        1.0,
        0.0,
        0.0,
        0.0,
        0.0,
        0.0,
        1.0,
        0.0,
        0.0,
        0.3413605369842772,
        0.0,
        0.0,
        0.0,
        0.6656679168180543,
        0.0,
        0.0,
        0.0,
        1.0,
        0.3016070802446643,
        0.2618973449082509,
        0.0,
        0.3343320831819457,
        0.0,
        1.0,
        0.0,
        0.5426917634959119,
        0.0,
        0.0,
        0.0,
        0.0,
        0.0,
        0.0,
        0.0,
        0.45730823650408825,
        0.0,
        0.0,
        0.0,
        1.0,
        0.0,
        0.0,
        0.6983929197553357,
        0.0,
        1.0,
        0.0,
        0.0,
        0.0,
        0.0,
        0.0,
        0.0,
        1.0,
        0.0,
        0.0,
        0.0,
        0.0,
        0.0,
        0.0,
        0.0,
        0.0,
        0.0,
        1.0,
        0.0,
        0.0,
        0.39674211810747184,
        0.4123027300262842,
        0.0,
        1.0
    ],