{
    "upper_bound_presolve": -624.1431628114494,
    "x_ij_presolve": [
        0.0,
        0.0,
        1.310697716797923,
        0.0,
        0.7807523632884045,
        0.0,
        1.5690513564997177,
        0.0,
        0.0,
        0.0,
        0.0,
        0.0,
        0.0,
        0.0,
        0.0,
        0.0,
        0.0,
        0.0,
        0.19312065569716264,
        0.0,
        0.0,
        0.0,
        0.0,
        0.0,
        0.0,
        0.0,
        0.0,
        2.0,
        0.0,
        0.0,
        0.0,
        0.0,
        0.0,
        0.0,
        0.0,
        0.0,
        0.0,
        0.0,
        0.0,
        0.0,
        0.0,
        0.0,
        0.0,
        0.6893022832020769,
        0.0,
        0.0,
        0.0,
        0.0,
        0.0,
        0.0,
        0.0,
        0.0,
        0.0,
        0.0,
        0.0,
        0.43186626952282836,
        0.0,
        1.3102229967164685,
        0.5490860432399755,
        1.8873641846061318,
        0.0,
        0.0,
        0.0,
        0.0,
        6.0,
        0.0,
        0.20770608662953685,
        0.0,
        0.0,
        0.8068793443028374,
        0.0,
        0.0,
        0.0,
        0.0,
        0.0,
        0.0,
        0.361060960781655,
        0.7627605290476912,
        0.0,
        0.0,
        0.0,
        0.0,
        0.0,
        0.0,
        0.0,
        0.0,
        0.0,
        0.052193534647877605,
        0.0,
        0.0,
        0.0,
        1.2372394709523087,
        0.0,
        0.0,
        0.0,
        0.0,
        0.0,
        0.0,
        0.0,
        0.0,
        0.0,
        0.0,
        0.0,
        0.0,
        0.0,
        0.20685939382379548,
        0.0,
        0.0,
        0.0,
        0.0,
        0.06120567718846498,
        0.0,
        0.028009575737156872,
        5.182848885747764,
        0.0,
        0.0
    ],
    "x_il_presolve": [
        0.0,
        0.0,
        0.0,
        2.3653518669727482,
        1.4277187920976426,
        1.0698876827186274,
        0.0,
        0.0,
        0.021749345345480307,
        0.6346481330272522,
        0.0,
        3.0,
        0.0,
        0.0,
        3.0,
        0.0,
        0.0,
        0.0,
        7.3106977167979235,
        0.0,
        0.0,
        0.0,
        3.0,
        0.7496852066720938,
        2.250314793327906,
        0.0,
        0.6893022832020761,
        0.0,
        2.5681337304771716,
        0.0,
        1.1406909600435557,
        0.0,
        0.0,
        0.0,
        0.0,
        0.0,
        0.0,
        0.0,
        0.8593090399564443,
        0.0,
        0.0,
        0.0,
        2.947806465352122,
        0.0,
        0.0,
        2.2503147933279064,
        0.0,
        3.0,
        0.0,
        0.0,
        0.0,
        0.0,
        0.0,
        0.0,
        0.0,
        0.0,
        0.0,
        6.1218340220292795,
        0.0,
        0.0,
        0.0,
        0.0,
        0.0,
        0.0,
        0.11263581539386822,
        0.0,
        0.0,
        2.7279358613266145,
        0.0,
        0.0,
        5.073551516370343
    ],
    "x_lj_presolve": [
        1.2192476367115956,
        2.8543038796587483,
        0.0,
        1.0,
        0.43094864350028234,
        0.638939039218345,
        0.0,
        0.0,
        2.0,
        1.0,
        0.0,
        1.4318662695228288,
        0.9719904242628431,
        0.5961433062143285,
        2.0,
        0.0,
        0.0,
        0.0,
        0.5681337304771714,
        0.0,
        0.0,
        2.0,
        1.0,
        0.11263581539386822,
        0.0,
        0.0,
        4.482070916653995,
        3.5179290833460053,
        0.0,
        0.0,
        1.7319349289877395,
        0.45091395676002455,
        0.817151114252236,
        2.0,
        6.0,
        0.0,
        1.9478064653521223,
        1.0,
        0.0,
        0.0,
        0.0,
        0.0,
        0.0,
        0.0,
        5.0,
        2.549552814126923,
        2.0,
        0.0,
        0.0,
        0.9999999999999999,
        2.0,
        0.0,
        0.0
    ],
    "q_presolve": [
        0.0,
        0.0,
        0.0,
        0.7884506223242493,
        0.18911302791683998,
        1.0,
        0.0,
        0.0,
        0.0027186681681850384,
        0.21154937767575074,
        0.0,
        1.0,
        0.0,
        0.0,
        0.375,
        0.0,
        0.0,
        0.0,
        0.9138372145997404,
        0.0,
        1.0,
        0.0,
        1.0,
        0.24989506889069796,
        0.28128934916598825,
        0.0,
        0.08616278540025951,
        0.0,
        1.0,
        0.0,
        0.5703454800217779,
        0.0,
        0.0,
        0.0,
        0.0,
        0.0,
        0.0,
        0.0,
        0.4296545199782221,
        0.0,
        0.0,
        0.0,
        1.0,
        0.0,
        0.0,
        0.7501049311093021,
        0.0,
        1.0,
        0.0,
        0.0,
        0.0,
        0.0,
        0.0,
        0.0,
        0.0,
        0.0,
        0.0,
        0.81088697208316,
        0.0,
        0.0,
        0.0,
        0.0,
        0.0,
        0.0,
        1.0,
        0.0,
        0.0,
        0.3409919826658268,
        0.0,
        0.0,
        1.0
    ],