{
    "upper_bound_presolve": -610.065399217989,
    "x_ij_presolve": [
        0.0,
        0.39198343348039605,
        0.7050536482903087,
        0.0,
        0.0,
        0.0,
        1.8035620015252045,
        0.0,
        0.0,
        0.0,
        0.0,
        0.0,
        0.0,
        0.0,
        0.0,
        0.0,
        0.0,
        0.0,
        0.2920505512948304,
        0.0,
        1.7203811924647523,
        0.0,
        0.0,
        0.0,
        0.0,
        0.0,
        0.0,
        2.0,
        0.0,
        3.0,
        0.0,
        0.0,
        0.0,
        0.0,
        0.0,
        0.0,
        0.0,
        0.0,
        0.0,
        0.0,
        0.0,
        0.0,
        0.0,
        0.09215491593784686,
        0.0,
        0.0,
        0.0,
        0.0,
        0.0,
        0.0,
        0.0,
        0.0,
        0.0,
        0.0,
        0.0,
        1.0400019840583612,
        0.0,
        1.0190545548298573,
        0.24472580572472796,
        1.8754716436654115,
        0.0,
        0.0,
        0.0,
        0.0,
        6.0,
        0.0,
        0.0,
        0.0,
        0.0,
        0.7079494487051696,
        0.0,
        0.0,
        0.0,
        0.0,
        0.0,
        0.0,
        0.27839687904639926,
        1.0652737266352172,
        0.3517170517079081,
        0.0,
        0.0,
        0.0,
        0.0,
        0.0,
        0.0,
        0.0,
        0.0,
        0.0,
        0.0,
        0.0,
        0.0,
        0.0,
        0.0,
        0.0,
        0.0,
        0.0,
        0.0,
        0.1719117515969331,
        0.0,
        0.0,
        0.0,
        0.0,
        0.0,
        0.0,
        0.0,
        1.4080785640345848,
        0.0,
        0.0,
        0.0,
        0.0,
        0.08896113671986668,
        0.0,
        0.0,
        2.2140840272305145,
        0.0,
        0.0
    ],
    "x_il_presolve": [
        0.0,
        0.0,
        0.0,
        1.8405199921626496,
        4.957694848310007,
        0.4900437601474837,
        0.0,
        0.0,
        3.0,
        0.9875682562404173,
        0.0,
        3.0,
        0.0,
        0.0,
        0.0,
        0.0,
        0.0,
        0.0,
        7.907845084062154,
        0.0,
        0.0,
        0.4279973592809127,
        3.0,
        0.6546496843596259,
        2.345350315640374,
        0.0,
        0.09215491593784665,
        0.0,
        1.9599980159416388,
        0.0,
        1.7362196394454148,
        0.0,
        0.0,
        0.0,
        0.0,
        0.0,
        0.0,
        0.0,
        0.5875496343801391,
        1.4469427534500723,
        0.0,
        0.0,
        3.0,
        0.0,
        0.0,
        2.345350315640374,
        0.0,
        1.7375090217009992,
        0.0,
        0.0,
        0.0,
        0.0,
        0.0,
        0.0,
        1.0523198815376364,
        0.0,
        0.0,
        0.0,
        0.0,
        0.0,
        0.0,
        0.0,
        0.0,
        1.2624909782990013,
        0.12452835633458854,
        0.0,
        0.0,
        2.654649684359626,
        3.0423051516899933,
        0.0,
        2.0521501811918292
    ],
    "x_lj_presolve": [
        2.0,
        0.49909293464190124,
        0.0,
        1.0,
        0.19643799847479568,
        0.7216031209536007,
        0.0,
        0.0,
        2.0,
        0.8280882484030669,
        0.0,
        1.6480185505779652,
        1.0,
        0.35198144942203513,
        1.608016566519604,
        0.0,
        0.0,
        0.0,
        0.35198144942203485,
        0.0,
        0.0,
        2.0,
        1.0,
        0.12452835633458854,
        0.0,
        0.0,
        4.980945445170143,
        3.019054554829857,
        0.0,
        0.0,
        0.5029602992455483,
        0.7552741942752721,
        1.7417655064791797,
        1.648282948292092,
        6.0,
        0.35171705170790774,
        2.0,
        1.0,
        0.0,
        0.0,
        0.9347262733647826,
        0.11759360817285384,
        0.0,
        0.8510743840639367,
        5.0,
        2.1489256159360637,
        2.0,
        0.0,
        0.0,
        1.0,
        2.0,
        0.3237692738255539,
        0.0
    ],
    "q_presolve": [
        0.0,
        0.0,
        0.0,
        0.6508000566113641,
        0.6197118560387509,
        0.5337928223221331,
        0.0,
        0.0,
        0.375,
        0.34919994338863586,
        0.0,
        1.0,
        0.0,
        0.0,
        0.0,
        0.0,
        0.0,
        0.0,
        0.9884806355077692,
        0.0,
        0.0,
        0.46620717767786685,
        1.0,
        0.21821656145320864,
        0.29316878945504676,
        0.0,
        0.011519364492230831,
        0.0,
        1.0,
        0.0,
        0.7471566385707161,
        0.0,
        0.0,
        0.0,
        0.0,
        0.0,
        0.0,
        0.0,
        0.25284336142928393,
        0.41351938358795065,
        0.0,
        0.0,
        1.0,
        0.0,
        0.0,
        0.7817834385467913,
        0.0,
        0.579169673900333,
        0.0,
        0.0,
        0.0,
        0.0,
        0.0,
        0.0,
        1.0,
        0.0,
        0.0,
        0.0,
        0.0,
        0.0,
        0.0,
        0.0,
        0.0,
        0.4208303260996671,
        1.0,
        0.0,
        0.0,
        0.33183121054495324,
        0.38028814396124916,
        0.0,
        0.5864806164120494
    ],