{
    "upper_bound_presolve": -614.7599513670486,
    "x_ij_presolve": [
        0.0,
        0.0,
        1.4099738340097439,
        0.0,
        0.0,
        0.0,
        1.7428935298232258,
        0.0,
        0.0,
        0.0,
        0.0,
        0.0,
        0.0,
        0.0,
        0.0,
        0.0,
        0.0,
        0.0,
        0.243935064185807,
        0.0,
        0.0,
        0.0,
        0.0,
        0.0,
        0.0,
        0.0,
        0.0,
        2.0,
        0.0,
        2.5067746267894737,
        0.0,
        0.0,
        0.0,
        0.0,
        0.0,
        0.0,
        0.0,
        0.0,
        0.0,
        0.0,
        0.0,
        0.0,
        0.0,
        0.5900261659902561,
        0.0,
        0.0,
        0.0,
        0.0,
        0.0,
        0.0,
        0.0,
        0.0,
        0.0,
        0.0,
        0.0,
        0.32850795594758964,
        0.0,
        0.9237420201546647,
        0.13115255692872907,
        2.0,
        0.0,
        0.0,
        0.0,
        0.0,
        6.0,
        0.0,
        0.0,
        0.0,
        0.0,
        0.7560649358141931,
        0.0,
        0.0,
        0.0,
        0.0,
        0.0,
        0.0,
        0.4501261292510549,
        1.0583138833279842,
        0.0,
        0.0,
        0.0,
        0.0,
        0.0,
        0.0,
        0.0,
        0.0,
        0.0,
        0.0,
        0.0,
        0.0,
        0.0,
        0.0,
        0.0,
        0.0,
        0.0,
        0.0,
        0.0,
        0.0,
        0.0,
        0.0,
        0.0,
        0.0,
        0.0,
        0.0,
        0.0,
        1.616287952380175,
        0.0,
        0.0,
        0.0,
        0.0,
        0.04044740263400989,
        0.0,
        0.04510268984643994,
        2.5630930297239294,
        0.0,
        0.0
    ],
    "x_il_presolve": [
        0.0,
        0.0,
        0.0,
        2.290575087524269,
        5.193464075519574,
        0.8069803409257195,
        0.0,
        0.0,
        2.8464558285813935,
        0.709424912475731,
        0.0,
        3.0,
        0.0,
        0.0,
        0.4932253732105265,
        0.0,
        0.0,
        0.0,
        7.409973834009744,
        0.0,
        0.860591704638059,
        0.0,
        3.0,
        0.8845021551071156,
        2.1154978448928845,
        0.0,
        0.590026165990257,
        0.0,
        2.6714920440524104,
        0.0,
        1.945105422916606,
        0.0,
        0.0,
        0.0,
        0.0,
        0.0,
        0.0,
        0.0,
        1.3803048308613153,
        0.8636302333244914,
        0.0,
        0.0,
        3.0,
        0.0,
        0.0,
        2.1154978448928845,
        0.0,
        2.825953995077145,
        0.0,
        0.0,
        0.0,
        0.0,
        0.0,
        0.0,
        2.9290838797986125,
        0.0,
        0.0,
        0.0,
        0.0,
        0.0,
        0.0,
        0.0,
        0.0,
        0.17404600492285488,
        0.0,
        0.0,
        0.0,
        2.5448209533151958,
        2.8065359244804267,
        0.0,
        2.1363697666755086
    ],
    "x_lj_presolve": [
        2.0,
        0.0,
        0.0,
        1.0,
        0.2571064701767744,
        0.5498738707489451,
        0.0,
        0.0,
        2.0,
        1.0,
        0.0,
        1.3285079559475896,
        0.95489731015356,
        0.7165947338988503,
        2.0,
        0.0,
        0.0,
        0.0,
        0.6714920440524103,
        0.0,
        0.0,
        2.0,
        1.0,
        0.0,
        0.0,
        0.0,
        5.0762579798453356,
        2.9237420201546653,
        0.0,
        0.0,
        0.3432646449858152,
        0.8688474430712709,
        1.7878879119429136,
        2.0,
        6.0,
        0.0,
        2.0,
        1.0,
        0.0,
        0.0,
        0.9416861166720158,
        2.7477500238977446,
        0.10023944386691118,
        0.0,
        5.2233693606883245,
        2.7766306393116755,
        1.8997605561330888,
        0.0,
        0.32360880455523594,
        0.7766306393116752,
        2.0,
        1.3254102537779213,
        0.0
    ],
    "q_presolve": [
        0.0,
        0.0,
        0.0,
        0.7635250291747564,
        0.6491830094399467,
        1.0,
        0.0,
        0.0,
        0.35580697857267424,
        0.23647497082524366,
        0.0,
        1.0,
        0.0,
        0.0,
        0.06165317165131581,
        0.0,
        0.0,
        0.0,
        0.9262467292512179,
        0.0,
        0.22708848962489342,
        0.0,
        1.0,
        0.29483405170237187,
        0.26443723061161056,
        0.0,
        0.07375327074878213,
        0.0,
        1.0,
        1.0,
        0.5849219417985546,
        0.0,
        0.0,
        0.0,
        0.0,
        0.0,
        0.0,
        0.0,
        0.4150780582014454,
        0.2878767444414972,
        0.0,
        0.0,
        1.0,
        0.0,
        0.0,
        0.7051659482976281,
        0.0,
        0.9419846650257151,
        0.0,
        0.0,
        0.0,
        0.0,
        0.0,
        0.0,
        0.7729115103751066,
        0.0,
        0.0,
        0.0,
        0.0,
        0.0,
        0.0,
        0.0,
        0.0,
        0.05801533497428496,
        0.0,
        0.0,
        0.0,
        0.31810261916439947,
        0.3508169905600533,
        0.0,
        0.7121232555585029
    ],