{
    "upper_bound_presolve": -614.738623004539,
    "x_ij_presolve": [
        0.0,
        0.0,
        1.2877486613410194,
        0.0,
        0.0,
        0.0,
        1.7686492905798834,
        0.0,
        0.0,
        0.0,
        0.0,
        0.0,
        0.0,
        0.0,
        0.0,
        0.0,
        0.0,
        0.0,
        0.24277482346527765,
        0.0,
        0.9033144974201694,
        0.0,
        0.0,
        0.0,
        0.0,
        0.0,
        0.0,
        2.0,
        0.0,
        3.0,
        0.0,
        0.0,
        0.0,
        0.0,
        0.0,
        0.0,
        0.0,
        0.0,
        0.0,
        0.0,
        0.0,
        0.0,
        0.0,
        0.7122513386589806,
        0.0,
        0.0,
        0.0,
        0.0,
        0.0,
        0.0,
        0.0,
        0.0,
        0.0,
        0.0,
        0.0,
        0.3703433144546048,
        0.0,
        0.0,
        0.0,
        1.9373755081616781,
        0.0,
        0.0,
        0.009444431014598546,
        0.0,
        6.0,
        0.0,
        0.0,
        0.0,
        0.0,
        0.7572251765347224,
        0.0,
        0.0,
        0.0,
        0.0,
        0.0,
        0.0,
        0.4181727387878769,
        0.7317126522190313,
        0.0,
        0.0,
        0.0,
        0.0,
        0.0,
        0.0,
        0.0,
        0.0,
        0.0,
        0.12153923445245816,
        0.0,
        0.0,
        0.0,
        0.0,
        1.289176155215549,
        0.0,
        0.0,
        0.0,
        0.0,
        0.0,
        0.0,
        0.0,
        0.0,
        0.0,
        0.0,
        0.0,
        0.0,
        0.3835177084338986,
        0.0,
        0.0,
        0.0,
        0.0,
        0.0,
        0.0,
        0.0,
        1.7696995939998055,
        0.0,
        0.0
    ],
    "x_il_presolve": [
        0.0,
        0.0,
        0.0,
        2.2273503666300685,
        4.721319992412251,
        0.8131779706322396,
        0.0,
        0.0,
        3.0,
        0.7726496333699319,
        0.0,
        3.0,
        0.0,
        0.0,
        0.0,
        0.0,
        0.0,
        0.0,
        7.287748661341019,
        0.0,
        0.0,
        0.0,
        3.0,
        0.951620398412446,
        2.048379601587554,
        0.0,
        0.7122513386589819,
        0.0,
        2.6296566855453953,
        0.0,
        3.0,
        0.0,
        0.0,
        0.0,
        0.0,
        0.0,
        0.0,
        0.0,
        1.2947176022206561,
        0.9480572212446214,
        0.0,
        0.0,
        2.878460765547542,
        0.0,
        0.0,
        2.048379601587554,
        0.0,
        3.0,
        0.0,
        0.0,
        0.0,
        0.0,
        0.0,
        0.0,
        3.61841735947629,
        0.0,
        0.0,
        0.0,
        0.0,
        0.0,
        0.0,
        0.0,
        0.0,
        0.0,
        0.06262449183832192,
        0.0,
        0.0,
        2.951620398412446,
        3.2786800075877487,
        0.0,
        2.051942778755379
    ],
    "x_lj_presolve": [
        2.0,
        0.0,
        0.0,
        1.0,
        0.2313507094201166,
        0.581827261212123,
        0.0,
        0.0,
        2.0,
        1.0,
        0.0,
        1.3703433144546049,
        1.0,
        0.629656685545395,
        2.0,
        0.0,
        0.0,
        0.0,
        0.6296566855453952,
        0.0,
        0.0,
        2.0,
        1.0,
        0.06262449183832192,
        0.0,
        0.0,
        6.0,
        2.000000000000001,
        0.0,
        0.0,
        1.6164822915661015,
        0.9905555689854014,
        0.39296213944849706,
        2.0,
        6.0,
        0.0,
        1.8784607655475418,
        1.0,
        0.0,
        0.0,
        1.2682873477809686,
        2.3404805303298444,
        0.00964948136547705,
        0.0,
        5.629656685545395,
        2.3703433144546047,
        1.9903505186345232,
        0.0,
        0.6393061669108716,
        0.37034331445460505,
        2.0,
        2.294717602220656,
        0.0
    ],
    "q_presolve": [
        0.0,
        0.0,
        0.0,
        0.7424501222100228,
        0.5901649990515314,
        1.0,
        0.0,
        0.0,
        0.375,
        0.2575498777899773,
        0.0,
        1.0,
        0.0,
        0.0,
        0.0,
        0.0,
        0.0,
        0.0,
        0.9109685826676274,
        0.0,
        0.0,
        0.0,
        1.0,
        0.3172067994708153,
        0.25604745019844427,
        0.0,
        0.08903141733237274,
        0.0,
        1.0,
        0.0,
        0.6985325411032379,
        0.0,
        0.0,
        0.0,
        0.0,
        0.0,
        0.0,
        0.0,
        0.30146745889676213,
        0.31601907374820715,
        0.0,
        0.0,
        1.0,
        0.0,
        0.0,
        0.6827932005291847,
        0.0,
        1.0,
        0.0,
        0.0,
        0.0,
        0.0,
        0.0,
        0.0,
        1.0,
        0.0,
        0.0,
        0.0,
        0.0,
        0.0,
        0.0,
        0.0,
        0.0,
        0.0,
        1.0,
        0.0,
        0.0,
        0.36895254980155573,
        0.4098350009484686,
        0.0,
        0.6839809262517929
    ],