{
    "upper_bound_presolve": -561.9586534897978,
    "x_ij_presolve": [
        0.0,
        1.0,
        1.6072612273832236,
        0.0,
        0.0,
        0.0,
        1.5158746077191474,
        0.0,
        0.0,
        0.0,
        0.0,
        0.0,
        0.0,
        0.0,
        0.0,
        0.0,
        0.0,
        0.0,
        0.2820614895294215,
        0.0,
        0.0,
        0.0,
        0.0,
        0.0,
        0.755166371008055,
        0.2849191027714646,
        0.0,
        1.9599145262204802,
        0.0,
        0.0,
        0.0,
        0.0,
        0.0,
        0.0,
        0.0,
        0.0,
        0.0,
        0.0,
        0.0,
        0.0,
        0.0,
        0.0,
        0.46043301126643527,
        0.3927387726167763,
        0.0,
        0.0,
        0.0,
        0.0,
        0.0,
        0.0,
        0.0,
        0.0,
        0.0,
        0.0,
        0.0,
        0.0,
        0.0,
        2.364722913430724,
        0.6352770865692762,
        1.9863101877303837,
        0.0,
        0.0,
        0.0,
        0.0,
        6.0,
        0.0,
        0.0,
        0.0,
        0.0,
        0.7179385104705786,
        0.0,
        0.0,
        0.0,
        0.0,
        0.0,
        0.0,
        0.003816466416591828,
        0.749152882682188,
        0.0,
        0.0,
        0.0,
        0.0,
        0.0,
        0.0,
        0.0,
        0.0,
        0.0,
        0.0,
        0.04008547377951986,
        0.4706132093213383,
        0.0,
        0.0,
        0.0,
        0.0,
        0.0,
        0.0,
        0.0,
        0.4994815149540453,
        0.0,
        0.0,
        0.0,
        0.0,
        0.0,
        0.0,
        0.0,
        0.003632676523924076,
        0.0,
        0.0,
        1.7917060442109036,
        0.0,
        0.0699676706483132,
        0.0,
        0.0,
        5.291122566258486,
        0.0,
        0.0
    ],
    "x_il_presolve": [
        0.0,
        0.0,
        0.0,
        3.0,
        0.0,
        1.480308925864261,
        0.0,
        0.0,
        0.24793698059772537,
        0.0,
        0.0,
        1.435693144303342,
        0.0,
        0.0,
        3.0,
        0.0,
        0.5661587858378954,
        0.0,
        4.433841214162104,
        0.0,
        0.0,
        0.0,
        3.0,
        0.8868467436909258,
        2.113153256309074,
        0.0,
        3.0,
        0.0,
        3.0,
        0.0,
        0.0,
        0.0,
        0.0,
        1.5643068556966577,
        0.0,
        0.0,
        0.0,
        0.0,
        0.0,
        0.8274155403816184,
        0.0,
        0.0,
        3.0,
        0.0,
        0.0,
        2.113153256309074,
        0.0,
        3.0,
        0.0,
        0.0,
        0.0,
        0.0,
        0.0,
        0.0,
        3.0944181596761844,
        0.0,
        0.0,
        0.0,
        0.0,
        0.0,
        0.0,
        0.0,
        0.0,
        0.0,
        0.013689812269616495,
        0.0,
        0.0,
        2.6389097630932015,
        0.0,
        0.0,
        2.172584459618382
    ],
    "x_lj_presolve": [
        2.0,
        0.0,
        0.0,
        1.0,
        0.48412539228085283,
        0.9961835335834082,
        0.0,
        0.0,
        1.244833628991945,
        0.21559938227449021,
        1.5395669887335648,
        0.0,
        0.0,
        3.0,
        0.9999999999999999,
        0.0,
        0.0,
        0.0,
        2.0,
        0.0,
        0.0,
        2.0,
        1.0,
        0.013689812269616493,
        0.0,
        0.0,
        3.6352770865692756,
        4.364722913430724,
        0.0,
        0.0,
        1.9263996528277625,
        0.364722913430724,
        0.7088774337415137,
        2.0,
        6.0,
        0.0,
        2.0,
        1.0,
        0.0,
        0.0,
        1.2508471173178122,
        1.6352770865692756,
        0.20829395578909657,
        0.0,
        0.0,
        0.0,
        0.0,
        0.0,
        0.0,
        3.0,
        0.0,
        0.0,
        0.0
    ],
    "q_presolve": [
        0.0,
        0.0,
        0.0,
        1.0,
        0.0,
        1.0,
        0.0,
        0.0,
        0.030992122574715696,
        0.0,
        0.0,
        0.47856438143444735,
        0.0,
        0.0,
        0.375,
        0.0,
        0.07076984822973692,
        0.0,
        0.554230151770263,
        0.0,
        0.0,
        0.0,
        1.0,
        0.29561558123030857,
        0.26414415703863425,
        0.0,
        0.375,
        0.0,
        1.0,
        0.0,
        0.0,
        0.0,
        0.0,
        0.5214356185655525,
        0.0,
        0.0,
        0.0,
        0.0,
        0.0,
        0.2758051801272061,
        0.0,
        0.0,
        1.0,
        0.0,
        0.0,
        0.7043844187696914,
        0.0,
        1.0,
        0.0,
        0.0,
        0.0,
        0.0,
        0.0,
        1.0,
        1.0,
        0.0,
        0.0,
        0.0,
        0.0,
        0.0,
        0.0,
        0.0,
        0.0,
        0.0,
        1.0,
        0.0,
        0.0,
        0.3298637203866502,
        0.0,
        1.0,
        0.724194819872794
    ],