{
    "upper_bound_presolve": -596.2014921948905,
    "x_ij_presolve": [
        0.0,
        0.3223224584052575,
        1.3365459921068792,
        0.0,
        0.0,
        0.0,
        1.5002252875981819,
        0.0,
        0.0,
        0.0,
        0.0,
        0.0,
        0.0,
        0.0,
        0.0,
        0.0,
        0.0,
        0.0,
        0.27810160541104456,
        0.0,
        1.8648760841076764,
        0.0,
        0.0,
        0.0,
        0.0,
        0.0,
        0.0,
        2.0,
        0.0,
        3.0,
        0.0,
        0.0,
        0.0,
        0.0,
        0.0,
        0.0,
        0.0,
        0.0,
        0.0,
        0.0,
        0.0,
        0.0,
        1.3261354622454666,
        0.6634540078931209,
        0.0,
        0.0,
        0.0,
        0.0,
        0.0,
        0.0,
        0.0,
        0.0,
        0.0,
        0.0,
        0.0,
        0.8348616894037605,
        0.0,
        2.3656654875955154,
        0.16381390938253917,
        1.3519573971957357,
        0.0,
        0.0,
        0.0,
        0.0,
        6.0,
        0.0,
        0.0,
        0.0,
        0.0,
        0.7218983945889554,
        0.0,
        0.0,
        0.0,
        0.0,
        0.0,
        0.0,
        0.26021578063120937,
        0.5059771353832484,
        0.0,
        0.0,
        0.0,
        0.0,
        0.0,
        0.0,
        0.0,
        0.0,
        0.0,
        0.0,
        0.0,
        0.0,
        0.0,
        1.4940228646167517,
        0.0,
        0.0,
        0.0,
        0.0,
        0.0,
        0.13724553793590025,
        0.0,
        0.0,
        0.0,
        0.0,
        0.0,
        0.0,
        0.0,
        1.2530393691680755,
        0.0,
        0.0,
        0.0,
        0.0,
        0.12891309729492342,
        0.0,
        0.033739707566329546,
        2.5893575400467856,
        0.5366189998186333,
        0.0
    ],
    "x_il_presolve": [
        0.0,
        0.0,
        0.0,
        2.142977689518721,
        3.1274156998270692,
        1.2395589317706088,
        0.0,
        0.0,
        3.0,
        0.857022310481279,
        0.0,
        3.0,
        0.0,
        0.0,
        0.0,
        0.0,
        0.0,
        0.0,
        6.010410529861413,
        0.0,
        0.0,
        0.0,
        3.0,
        0.8349173134946466,
        2.1650826865053534,
        0.0,
        1.989589470138587,
        0.0,
        2.1651383105962396,
        0.47052060302194537,
        0.0,
        0.0,
        0.0,
        0.0,
        0.0,
        0.0,
        0.0,
        0.0,
        0.0,
        0.9918308645685115,
        0.0,
        0.0,
        3.0,
        0.0,
        0.0,
        2.165082686505354,
        0.0,
        3.0,
        0.0,
        0.0,
        0.0,
        0.0,
        0.0,
        0.0,
        0.0,
        0.0,
        0.0,
        1.8258063967170717,
        0.0,
        0.0,
        0.0,
        0.0,
        0.0,
        0.0,
        0.17752199978231897,
        0.0,
        0.0,
        2.8349173134946475,
        2.4130723415973145,
        0.0,
        2.1206742207222073
    ],
    "x_lj_presolve": [
        2.0,
        0.11250508529071845,
        0.0,
        1.0,
        0.49977471240181814,
        0.7397842193687907,
        0.0,
        0.0,
        2.0,
        0.8627544620640997,
        0.13724553793590027,
        1.5125392309985028,
        0.9662602924336705,
        0.5212004765678264,
        1.6776775415947425,
        0.0,
        0.0,
        0.0,
        0.48746076900149715,
        0.0,
        0.0,
        2.0,
        1.0,
        0.6480426028042643,
        0.0,
        0.0,
        3.6343345124044846,
        4.365665487595515,
        0.0,
        0.0,
        0.618047533537001,
        0.8361860906174609,
        1.545766375845538,
        2.0,
        6.0,
        0.0,
        2.0,
        1.0,
        0.0,
        0.0,
        0.0,
        0.0,
        0.0,
        0.0,
        5.0,
        2.3662944381414555,
        2.0,
        0.0,
        0.0,
        1.0000000000000002,
        0.0,
        0.0,
        0.0
    ],
    "q_presolve": [
        0.0,
        0.0,
        0.0,
        0.7143258965062402,
        0.42455752021448223,
        1.0,
        0.0,
        0.0,
        0.375,
        0.28567410349375966,
        0.0,
        1.0,
        0.0,
        0.0,
        0.0,
        0.0,
        0.0,
        0.0,
        0.7513013162326766,
        0.0,
        1.0,
        0.0,
        1.0,
        0.2783057711648822,
        0.2706353358131692,
        0.0,
        0.24869868376732338,
        0.0,
        1.0,
        0.7260643065531018,
        0.06507488584704031,
        0.0,
        0.0,
        0.0,
        0.0,
        0.0,
        0.0,
        0.0,
        0.3288549272677037,
        0.31865999810113443,
        0.0,
        0.0,
        1.0,
        0.0,
        0.0,
        0.7216942288351179,
        0.0,
        1.0,
        0.0,
        0.0,
        0.0,
        0.0,
        0.0,
        0.0,
        0.0,
        0.0,
        0.0,
        0.24785954621408396,
        0.0,
        0.0,
        0.0,
        0.0,
        0.0,
        0.0,
        0.2739356934468982,
        0.0,
        0.0,
        0.35436466418683094,
        0.32758293357143375,
        0.6060701868852559,
        0.6813400018988657
    ],