{
    "upper_bound_presolve": -579.9186306165388,
    "x_ij_presolve": [
        0.0,
        1.9052688409545107,
        1.5077617370743779,
        0.0,
        0.0,
        0.0,
        1.860583151485179,
        0.0,
        0.0,
        0.39478839856146114,
        0.0,
        0.0,
        0.0,
        0.0,
        0.0,
        0.0,
        0.0,
        1.152370290118395,
        0.2246546813304037,
        0.0,
        0.0,
        0.0,
        0.0,
        0.0,
        0.0,
        0.0,
        0.0,
        2.0,
        0.0,
        3.0,
        0.0,
        0.0,
        0.0,
        0.0,
        0.0,
        0.0,
        0.0,
        0.0,
        0.0,
        0.0,
        0.0,
        0.0,
        0.0,
        0.0,
        0.0,
        0.0,
        0.0,
        0.0,
        0.0,
        0.0,
        0.0,
        0.0,
        0.0,
        0.0,
        0.0,
        3.0,
        0.0,
        0.4884191120556379,
        0.2924152175540299,
        1.2491903535732858,
        0.0,
        0.0,
        0.0,
        0.6136582654094326,
        6.0,
        0.0,
        0.5115808879443621,
        0.0,
        0.0,
        0.7753453186695963,
        0.0,
        0.0,
        0.0,
        0.0,
        0.0,
        0.0,
        0.17147642606981364,
        0.9658059385810996,
        0.492238262925622,
        0.0,
        0.0,
        0.0,
        0.0,
        0.0,
        0.0,
        0.0,
        0.0,
        0.1701544766161746,
        0.0,
        0.1661847159262135,
        0.0,
        1.0341940614189002,
        0.0,
        0.0,
        0.0,
        0.0,
        0.0,
        0.0,
        0.0,
        0.0,
        0.0,
        0.0,
        0.0,
        0.0,
        0.0,
        1.3100216990171454,
        0.0,
        0.0,
        0.7052586366392397,
        0.0,
        0.2113923309586395,
        0.0,
        0.0,
        3.7328957634286213,
        0.0,
        0.0
    ],
    "x_il_presolve": [
        0.0,
        0.0,
        0.0,
        2.2867137555001817,
        0.0,
        0.14344557821551918,
        0.0,
        0.0,
        1.847629709881605,
        0.7132862444998183,
        0.0,
        3.0,
        0.0,
        0.0,
        0.0,
        0.0,
        0.0,
        0.0,
        7.171835712403974,
        0.0,
        0.0,
        0.8244948442294884,
        3.0,
        0.9033416154943441,
        2.096658384505656,
        0.0,
        0.8281642875960262,
        0.0,
        0.0,
        0.666737201077005,
        1.5524284693133268,
        0.0,
        0.0,
        0.0,
        0.0,
        0.0,
        0.0,
        0.0,
        0.9008465197282373,
        0.9862046062834476,
        0.0,
        0.0,
        2.9245766824293145,
        0.0,
        0.0,
        2.096658384505656,
        0.0,
        0.31009855154296184,
        0.0,
        0.0,
        0.0,
        0.0,
        0.0,
        0.0,
        0.0,
        0.0,
        0.0,
        0.0,
        0.0,
        0.0,
        0.0,
        0.0,
        0.0,
        2.689901448457038,
        0.08407244534970917,
        0.0,
        0.0,
        4.055711905612739,
        0.0,
        0.0,
        2.0137953937165523
    ],
    "x_lj_presolve": [
        2.0,
        0.0,
        0.0,
        1.0,
        0.13941684851482122,
        0.8285235739301864,
        0.0,
        0.0,
        2.0,
        1.0,
        0.0,
        0.2339714444721725,
        0.16081695408928892,
        2.6052116014385387,
        0.0,
        0.0,
        0.0,
        0.0,
        0.0,
        0.0,
        0.0,
        2.0,
        1.0,
        0.7508096464267141,
        0.0,
        0.0,
        5.0,
        3.0,
        0.0,
        0.0,
        0.4785859700242148,
        0.7075847824459702,
        1.8138292475298152,
        1.5077617370743779,
        6.0,
        0.4922382629256221,
        1.8298455233838253,
        1.0,
        0.0,
        0.0947311590454893,
        0.0,
        0.0,
        0.0,
        0.0,
        0.0,
        0.0,
        1.2947413633607603,
        0.0,
        0.0,
        1.70525863663924,
        2.0,
        0.453274989041564,
        0.0
    ],
    "q_presolve": [
        0.0,
        0.0,
        0.0,
        0.7622379185000606,
        0.0,
        0.14819670187259776,
        0.0,
        0.0,
        0.23095371373520063,
        0.2377620814999394,
        0.0,
        1.0,
        0.0,
        0.0,
        0.0,
        0.0,
        0.0,
        0.0,
        0.8964794640504967,
        1.0,
        1.0,
        0.8518032981274022,
        1.0,
        0.30111387183144805,
        0.26208229806320693,
        0.0,
        0.10352053594950328,
        0.0,
        0.0,
        0.8880242871814042,
        0.63279839245409,
        0.0,
        0.0,
        0.0,
        0.0,
        0.0,
        0.0,
        0.0,
        0.3672016075459101,
        0.3287348687611492,
        0.0,
        0.0,
        1.0,
        0.0,
        0.0,
        0.698886128168552,
        0.0,
        0.10336618384765395,
        0.0,
        0.0,
        0.0,
        0.0,
        0.0,
        1.0,
        0.0,
        0.0,
        0.0,
        0.0,
        0.0,
        0.0,
        0.0,
        0.0,
        0.0,
        0.896633816152346,
        0.11197571281859577,
        0.0,
        0.0,
        0.5069639882015924,
        0.0,
        0.0,
        0.6712651312388508
    ],