{
    "upper_bound_presolve": -627.1819165303269,
    "x_ij_presolve": [
        0.0,
        0.4472973311232391,
        1.0898765169084472,
        0.0,
        0.21896892342415142,
        0.0,
        1.6624918286262347,
        0.0,
        0.0,
        0.0,
        0.0,
        0.0,
        0.0,
        0.0,
        0.0,
        0.0,
        0.0,
        0.0,
        0.22834483312514478,
        0.0,
        0.0,
        0.0,
        0.0,
        0.0,
        0.0,
        0.0,
        0.0,
        2.0,
        0.0,
        0.0,
        0.0,
        0.0,
        0.0,
        0.0,
        0.0,
        0.0,
        0.0,
        0.0,
        0.0,
        0.0,
        0.0,
        0.0,
        0.0,
        0.6587182958259566,
        0.0,
        0.0,
        0.0,
        0.0,
        0.0,
        0.0,
        0.0,
        0.0,
        0.0,
        0.0,
        0.0,
        1.0087174241206989,
        0.0,
        0.0,
        0.0,
        2.0,
        0.0,
        0.0,
        0.0,
        0.0,
        6.0,
        0.0,
        0.0,
        0.0,
        0.0,
        0.7716551668748552,
        0.0,
        0.0,
        0.0,
        0.0,
        0.0,
        0.0,
        0.3430199488397725,
        0.9345294336455222,
        0.0,
        0.0,
        0.0,
        0.0,
        0.0,
        0.0,
        0.0,
        0.0,
        0.0,
        0.0,
        0.0,
        0.0,
        0.0,
        0.0,
        0.0,
        0.0,
        0.0,
        0.0,
        0.0,
        0.0,
        0.0,
        0.0,
        0.0,
        0.0,
        0.0,
        0.0,
        0.0,
        0.7785282113501963,
        0.0,
        0.0,
        0.0,
        0.0,
        0.0,
        0.0,
        0.02431697152401645,
        1.8703323799107778,
        0.0,
        0.0
    ],
    "x_il_presolve": [
        0.0,
        0.0,
        0.0,
        2.212856825483868,
        4.6901214904878,
        0.9944882225339928,
        0.0,
        0.0,
        0.4520275142853326,
        0.7871431745161324,
        0.0,
        3.0,
        0.0,
        0.0,
        3.0,
        0.0,
        0.0,
        0.0,
        7.341281704174044,
        0.0,
        0.5471111406647781,
        0.0,
        3.0,
        0.8249945264752612,
        2.175005473524739,
        0.0,
        0.6587182958259569,
        0.0,
        1.9912825758793011,
        0.0,
        3.0,
        0.0,
        0.0,
        0.0,
        0.0,
        0.0,
        0.0,
        0.0,
        2.2283448331251448,
        0.0,
        0.0,
        0.0,
        3.0,
        0.0,
        0.0,
        2.175005473524739,
        0.0,
        3.0,
        0.0,
        0.0,
        0.0,
        0.0,
        0.0,
        0.0,
        3.6819074172784862,
        0.0,
        0.0,
        0.0,
        0.0,
        0.0,
        0.0,
        0.0,
        0.0,
        0.0,
        0.0,
        0.0,
        0.0,
        2.3729670121899287,
        3.309878509512199,
        0.0,
        5.520068545219288
    ],
    "x_lj_presolve": [
        1.7810310765758488,
        2.739037468643439,
        0.0,
        1.0,
        0.3375081713737654,
        0.6569800511602275,
        0.0,
        0.0,
        2.0,
        1.0,
        0.0,
        1.5614200929974604,
        0.9756830284759835,
        0.4628968785265559,
        1.552702668876761,
        0.0,
        0.0,
        0.0,
        0.4385799070025397,
        0.0,
        0.0,
        2.0,
        1.0,
        0.0,
        0.0,
        0.0,
        6.0,
        1.8772054243861171,
        0.0,
        0.1227945756138817,
        1.2214717886498037,
        0.8772054243861183,
        0.9013227869640777,
        2.0,
        6.0,
        0.0,
        2.0,
        1.0,
        0.0,
        0.0,
        1.0654705663544777,
        3.114077151493184,
        0.04947084009560258,
        0.25140518726559635,
        4.950529159904398,
        2.798065652830005,
        1.9505291599043975,
        0.0,
        0.0,
        1.0494708400956025,
        2.0,
        3.2283448331251448,
        0.0
    ],
    "q_presolve": [
        0.0,
        0.0,
        0.0,
        0.737618941827956,
        0.586265186310975,
        1.0,
        0.0,
        0.0,
        0.056503439285666576,
        0.2623810581720441,
        0.0,
        1.0,
        0.0,
        0.0,
        0.375,
        0.0,
        0.0,
        0.0,
        0.9176602130217555,
        0.0,
        0.12937071170736583,
        0.0,
        1.0,
        0.2749981754917537,
        0.2718756841905924,
        0.0,
        0.08233978697824461,
        0.0,
        1.0,
        0.0,
        0.5737953589045898,
        0.0,
        0.0,
        0.0,
        0.0,
        0.0,
        0.0,
        0.0,
        0.4262046410954102,
        0.0,
        0.0,
        0.0,
        1.0,
        0.0,
        0.0,
        0.7250018245082464,
        0.0,
        1.0,
        0.0,
        0.0,
        0.0,
        0.0,
        0.0,
        0.0,
        0.8706292882926342,
        0.0,
        0.0,
        0.0,
        0.0,
        0.0,
        0.0,
        0.0,
        0.0,
        0.0,
        1.0,
        0.0,
        0.0,
        0.2966208765237411,
        0.413734813689025,
        0.0,
        1.0
    ],