{
    "upper_bound_presolve": -611.0309302875311,
    "x_ij_presolve": [
        0.0,
        0.5785282933253061,
        1.4790749868588178,
        0.0,
        0.7435119031999714,
        0.0,
        1.6017915567030654,
        0.0,
        0.0,
        0.0,
        0.0,
        0.0,
        0.0,
        0.0,
        0.0,
        0.0,
        0.0,
        0.0,
        0.2978422482337735,
        0.0,
        0.0,
        0.0,
        0.0,
        0.0,
        0.0,
        0.0,
        0.0,
        2.0,
        0.0,
        0.0,
        0.0,
        0.0,
        0.0,
        0.0,
        0.0,
        0.0,
        0.0,
        0.0,
        0.0,
        0.0,
        0.0,
        0.0,
        0.0,
        0.5209250131411823,
        0.0,
        0.0,
        0.0,
        0.0,
        0.0,
        0.0,
        0.0,
        0.0,
        0.0,
        0.0,
        0.0,
        1.4207583195376625,
        0.0,
        1.016855836158383,
        0.16708674783406818,
        2.0,
        0.0,
        0.0,
        0.0,
        0.0,
        6.0,
        0.0,
        0.3796290316605205,
        0.0,
        0.0,
        0.7021577517662265,
        0.0,
        0.0,
        0.0,
        0.0,
        0.0,
        0.0,
        0.4562749462918788,
        0.7059588187608782,
        0.0,
        0.0,
        0.0,
        0.0,
        0.0,
        0.0,
        0.0,
        0.0,
        0.0,
        0.0,
        0.0,
        0.0,
        0.609413788880414,
        1.294041181239122,
        0.686374522499691,
        0.0,
        0.0,
        0.0,
        0.0,
        0.0,
        0.0,
        0.0,
        0.0,
        0.0,
        0.0,
        0.0,
        0.0,
        1.1472492896775301,
        0.0,
        0.0,
        0.0,
        0.0,
        0.22887921390277832,
        0.0,
        0.0,
        4.456784748585623,
        0.0,
        0.0
    ],
    "x_il_presolve": [
        0.0,
        0.0,
        0.0,
        2.347256451222849,
        0.46430779362723784,
        0.9419334970050559,
        0.0,
        0.0,
        0.0,
        0.0,
        0.0,
        3.0,
        0.0,
        0.0,
        3.0,
        0.0,
        0.0,
        0.0,
        7.4790749868588176,
        0.0,
        0.0,
        0.0,
        3.0,
        1.1543390795069814,
        1.8456609204930186,
        0.0,
        0.5209250131411822,
        0.0,
        1.5792416804623375,
        0.0,
        1.1633138672303973,
        0.6527435487771511,
        0.0,
        0.0,
        0.0,
        0.0,
        0.0,
        0.0,
        0.8366861327696029,
        0.0,
        0.0,
        0.0,
        3.0,
        0.0,
        0.0,
        1.8456609204930188,
        0.0,
        2.20312405301721,
        0.0,
        0.0,
        0.0,
        0.0,
        0.0,
        0.0,
        0.0,
        0.0,
        0.0,
        5.978576932540529,
        0.0,
        0.0,
        0.0,
        0.0,
        0.0,
        0.7968759469827905,
        0.0,
        0.0,
        0.0,
        3.1543390795069812,
        0.1599969580046178,
        0.0,
        5.886422649959587
    ],
    "x_lj_presolve": [
        1.2564880968000287,
        3.6299345531595586,
        0.0,
        1.0,
        0.3982084432969348,
        0.5437250537081212,
        0.0,
        0.0,
        2.0,
        1.0,
        0.0,
        1.8422300262123568,
        1.0,
        0.15776997378764354,
        1.421471706674694,
        0.0,
        0.0,
        0.0,
        0.1577699737876432,
        0.0,
        0.0,
        2.0,
        1.0,
        0.0,
        0.0,
        0.0,
        4.603515132181096,
        3.396484867818904,
        0.0,
        0.0,
        0.6238714964196916,
        0.8329132521659318,
        1.5432152514143767,
        2.0,
        6.0,
        0.0,
        2.0,
        1.0,
        0.0,
        0.0,
        0.0,
        0.0,
        0.0,
        0.0,
        4.390586211119587,
        2.2122954730527984,
        1.390586211119586,
        0.0,
        0.0,
        1.6094137888804139,
        2.0,
        0.0,
        0.0
    ],
    "q_presolve": [
        0.0,
        0.0,
        0.0,
        0.7824188170742831,
        0.07031896311881809,
        1.0,
        0.0,
        0.0,
        0.0,
        0.0,
        0.0,
        1.0,
        0.0,
        0.0,
        0.375,
        0.0,
        0.0,
        0.0,
        0.9348843733573522,
        0.0,
        0.0,
        0.0,
        1.0,
        0.3847796931689938,
        0.23070761506162732,
        0.0,
        0.06511562664264783,
        0.0,
        1.0,
        0.0,
        0.5816569336151987,
        0.21758118292571704,
        0.0,
        0.0,
        0.0,
        0.0,
        0.0,
        0.0,
        0.41834306638480145,
        0.0,
        0.0,
        0.0,
        1.0,
        0.0,
        0.0,
        0.6152203068310063,
        0.0,
        0.7343746843390698,
        0.0,
        0.0,
        0.0,
        0.0,
        0.0,
        0.0,
        0.0,
        1.0,
        0.0,
        0.905449653425055,
        0.0,
        0.0,
        0.0,
        0.0,
        0.0,
        0.2656253156609301,
        1.0,
        0.0,
        0.0,
        0.39429238493837265,
        0.02423138345612686,
        0.0,
        1.0
    ],