{
    "upper_bound_presolve": -627.4075773014728,
    "x_ij_presolve": [
        0.0,
        0.40600036981713516,
        0.784280918743828,
        0.0,
        0.0,
        0.0,
        1.7385977406653066,
        0.0,
        0.0,
        0.0,
        0.0,
        0.0,
        0.0,
        0.0,
        0.0,
        0.0,
        0.0,
        0.0,
        0.2766350393507427,
        0.0,
        0.0,
        0.0,
        0.0,
        0.0,
        0.0,
        0.0,
        0.0,
        2.0,
        0.0,
        3.0,
        0.0,
        0.0,
        0.0,
        0.0,
        0.0,
        0.0,
        0.0,
        0.0,
        0.0,
        0.0,
        0.0,
        0.0,
        0.0,
        0.34493877740669454,
        0.0,
        0.0,
        0.0,
        0.0,
        0.0,
        0.0,
        0.0,
        0.0,
        0.0,
        0.0,
        0.0,
        1.0913572235667561,
        0.0,
        0.31401064720156946,
        0.07554153658942572,
        1.820623529718094,
        0.0,
        0.0,
        0.0,
        0.0,
        6.0,
        0.0,
        0.0,
        0.0,
        0.0,
        0.7233649606492574,
        0.0,
        0.0,
        0.0,
        0.0,
        0.0,
        0.0,
        0.19228325024089588,
        0.7489370550862355,
        0.0,
        0.0,
        0.0,
        0.0,
        0.0,
        0.0,
        0.0,
        0.0,
        0.0,
        0.0,
        0.0,
        0.0,
        0.0,
        0.0,
        1.6057678981187615,
        0.0,
        0.0,
        0.0,
        0.0,
        0.0,
        0.0,
        0.0,
        0.0,
        0.0,
        0.0,
        0.0,
        0.0,
        0.0,
        0.0,
        0.0,
        0.0,
        0.0,
        0.0,
        0.0,
        0.0,
        2.7144377344333743,
        0.0,
        0.0
    ],
    "x_il_presolve": [
        0.0,
        0.0,
        0.0,
        2.1868822191807866,
        2.600841264204916,
        1.0691190090937976,
        0.0,
        0.0,
        2.7665640151001263,
        0.8131177808192132,
        0.0,
        3.0,
        0.0,
        0.0,
        0.0,
        0.0,
        0.0,
        0.0,
        5.396863797022831,
        0.0,
        0.0,
        0.0,
        3.0,
        0.8146804220763662,
        2.185319577923634,
        0.0,
        2.60313620297717,
        0.0,
        1.9086427764332439,
        0.0,
        2.610447816209005,
        0.0,
        0.0,
        0.0,
        0.0,
        0.0,
        0.0,
        0.0,
        2.2766350393507424,
        0.0,
        0.0,
        0.0,
        3.0,
        0.0,
        0.0,
        2.1853195779236336,
        0.0,
        3.0,
        0.0,
        0.0,
        0.0,
        0.0,
        0.0,
        0.0,
        2.24034308598804,
        0.0,
        0.0,
        5.399158735795086,
        0.0,
        0.0,
        0.0,
        0.0,
        0.0,
        0.0,
        0.179376470281906,
        0.0,
        0.0,
        3.0481164069762388,
        0.0,
        0.0,
        3.8786591210551866
    ],
    "x_lj_presolve": [
        2.0,
        0.8786591210551867,
        0.0,
        1.0,
        0.2614022593346936,
        0.8077167497591041,
        0.0,
        0.0,
        2.0,
        1.0,
        0.0,
        1.6853568537496209,
        1.0,
        0.31464314625037937,
        1.5939996301828647,
        0.0,
        0.0,
        0.0,
        0.31464314625037915,
        0.0,
        0.0,
        2.0,
        1.0,
        0.179376470281906,
        0.0,
        0.0,
        5.685989352798431,
        2.3140106472015702,
        0.0,
        0.0,
        2.0,
        0.9244584634105739,
        0.07554153658942604,
        2.0,
        6.0,
        0.0,
        2.0,
        1.0,
        0.0,
        0.0,
        1.2510629449137645,
        0.9888642311129119,
        0.000415909961364032,
        0.8707803038494776,
        5.322521963456088,
        1.8066977326944342,
        1.999584090038636,
        0.0,
        0.3229378734174525,
        0.6774780365439116,
        2.0,
        2.887082855559747,
        0.0
    ],
    "q_presolve": [
        0.0,
        0.0,
        0.0,
        0.7289607397269289,
        0.3251051580256145,
        1.0,
        0.0,
        0.0,
        0.3458205018875158,
        0.27103926027307107,
        0.0,
        1.0,
        0.0,
        0.0,
        0.0,
        0.0,
        0.0,
        0.0,
        0.6746079746278538,
        0.0,
        0.0,
        0.0,
        1.0,
        0.27156014069212203,
        0.27316494724045426,
        0.0,
        0.32539202537214623,
        0.0,
        1.0,
        0.0,
        0.534152559586595,
        0.0,
        0.0,
        0.0,
        0.0,
        0.0,
        0.0,
        0.0,
        0.4658474404134049,
        0.0,
        0.0,
        0.0,
        1.0,
        0.0,
        0.0,
        0.7284398593078779,
        0.0,
        1.0,
        0.0,
        0.0,
        0.0,
        0.0,
        0.0,
        0.0,
        1.0,
        0.0,
        0.0,
        0.6748948419743857,
        0.0,
        0.0,
        0.0,
        0.0,
        0.0,
        0.0,
        1.0,
        0.0,
        0.0,
        0.38101455087202984,
        0.0,
        0.0,
        1.0
    ],