{
    "upper_bound_presolve": -629.8894031769979,
    "x_ij_presolve": [
        0.0,
        0.0,
        1.395885976929822,
        0.0,
        0.4160190379290297,
        0.0,
        1.3199683203875139,
        0.0,
        0.0,
        0.0,
        0.0,
        0.0,
        0.0,
        0.0,
        0.0,
        0.0,
        0.0,
        0.0,
        0.25987537169141384,
        0.0,
        0.0,
        0.0,
        0.0,
        0.0,
        0.0,
        0.0,
        0.0,
        2.0,
        0.0,
        0.0,
        0.0,
        0.0,
        0.0,
        0.0,
        0.0,
        0.0,
        0.0,
        0.0,
        0.0,
        0.0,
        0.0,
        0.0,
        0.0,
        0.6041140230701779,
        0.0,
        0.0,
        0.0,
        0.0,
        0.0,
        0.0,
        0.0,
        0.0,
        0.0,
        0.0,
        0.0,
        0.6405880965007654,
        0.0,
        1.428245066809581,
        0.17836351694482713,
        1.9250704413774955,
        0.0,
        0.0,
        0.0,
        0.0,
        6.0,
        0.0,
        0.0,
        0.0,
        0.0,
        0.7401246283085862,
        0.0,
        0.0,
        0.0,
        0.0,
        0.0,
        0.0,
        0.3197910425282952,
        0.8139251522637335,
        0.0,
        0.0,
        0.0,
        0.0,
        0.0,
        0.0,
        0.0,
        0.0,
        0.0,
        0.0,
        0.0,
        0.0,
        0.0,
        0.0,
        0.0,
        0.0,
        0.0,
        0.0,
        0.0,
        0.0,
        0.0,
        0.0,
        0.0,
        0.0,
        0.0,
        0.0,
        0.0,
        0.998900732384293,
        0.0,
        0.0,
        0.0,
        0.0,
        0.08052485809509716,
        0.0,
        0.0,
        4.742210892575782,
        0.0,
        0.0
    ],
    "x_il_presolve": [
        0.0,
        0.0,
        0.0,
        2.1828682711102254,
        1.9887370695379516,
        1.3602406370841909,
        0.0,
        0.0,
        0.37182580158408113,
        0.8171317288897745,
        0.0,
        3.0,
        0.0,
        0.0,
        3.0,
        0.0,
        0.0,
        0.0,
        5.873944383028405,
        0.0,
        0.0,
        0.0,
        3.0,
        0.6618234415405324,
        2.3381765584594674,
        0.0,
        2.1260556169715947,
        0.0,
        2.3594119034992347,
        0.0,
        1.3933914162455918,
        0.0,
        0.0,
        0.0,
        0.0,
        0.0,
        0.0,
        0.0,
        0.6066085837544083,
        0.0,
        0.0,
        0.0,
        3.0,
        0.0,
        0.0,
        2.338176558459468,
        0.0,
        3.0,
        0.0,
        0.0,
        0.0,
        0.0,
        0.0,
        0.0,
        1.5581551218327083,
        0.0,
        0.0,
        5.49284227382311,
        0.0,
        0.0,
        0.0,
        0.0,
        0.0,
        0.0,
        0.07492955862250461,
        0.0,
        0.0,
        2.289997639956451,
        0.0,
        0.0,
        5.703831113050449
    ],
    "x_lj_presolve": [
        1.5839809620709702,
        3.1198501509794787,
        0.0,
        1.0,
        0.6800316796124862,
        0.6802089574717047,
        0.0,
        0.0,
        2.0,
        1.0,
        0.0,
        1.6405880965007655,
        1.0,
        0.35941190349923413,
        2.0,
        0.0,
        0.0,
        0.0,
        0.35941190349923463,
        0.0,
        0.0,
        2.0,
        1.0,
        0.07492955862250461,
        0.0,
        0.0,
        4.571754933190419,
        3.4282450668095805,
        0.0,
        0.0,
        0.9205744095206098,
        0.8216364830551729,
        1.2577891074242176,
        2.0,
        6.0,
        0.0,
        2.0,
        1.0,
        0.0,
        0.0,
        1.1860748477362664,
        0.332921671936217,
        0.03915860216022473,
        0.0,
        4.960841397839776,
        2.520737945521287,
        1.9608413978397754,
        0.0,
        0.0,
        1.0391586021602246,
        2.0,
        0.0,
        0.0
    ],
    "q_presolve": [
        0.0,
        0.0,
        0.0,
        0.7276227570367418,
        0.26581781443014424,
        1.0,
        0.0,
        0.0,
        0.04647822519801014,
        0.27237724296325816,
        0.0,
        1.0,
        0.0,
        0.0,
        0.375,
        0.0,
        0.0,
        0.0,
        0.7342430478785508,
        0.0,
        0.0,
        0.0,
        1.0,
        0.22060781384684414,
        0.2922720698074335,
        0.0,
        0.26575695212144934,
        0.0,
        1.0,
        0.0,
        0.6966957081227959,
        0.0,
        0.0,
        0.0,
        0.0,
        0.0,
        0.0,
        0.0,
        0.30330429187720415,
        0.0,
        0.0,
        0.0,
        1.0,
        0.0,
        0.0,
        0.7793921861531559,
        0.0,
        1.0,
        0.0,
        0.0,
        0.0,
        0.0,
        0.0,
        0.0,
        1.0,
        0.0,
        0.0,
        0.7341821855698558,
        0.0,
        0.0,
        0.0,
        0.0,
        0.0,
        0.0,
        1.0,
        0.0,
        0.0,
        0.2862497049945564,
        0.0,
        0.0,
        1.0
    ],