{
    "upper_bound_presolve": -617.6780206481286,
    "x_ij_presolve": [
        0.0,
        0.0,
        1.486759545848469,
        0.0,
        0.8641439313887793,
        0.0,
        1.2370303641402098,
        0.0,
        0.0,
        0.0,
        0.0,
        0.0,
        0.0,
        0.0,
        0.0,
        0.0,
        0.0,
        0.0,
        0.2653928318902009,
        0.0,
        0.0,
        0.0,
        0.0,
        0.0,
        0.0,
        0.0,
        0.0,
        2.0,
        0.0,
        0.0,
        0.0,
        0.0,
        0.0,
        0.0,
        0.0,
        0.0,
        0.0,
        0.0,
        0.0,
        0.0,
        0.0,
        0.0,
        0.0,
        0.513240454151531,
        0.0,
        0.0,
        0.0,
        0.0,
        0.0,
        0.0,
        0.0,
        0.0,
        0.0,
        0.0,
        0.0,
        0.2687101952464233,
        0.0,
        0.0,
        0.10432068365832178,
        2.0,
        0.0,
        0.0,
        0.0,
        0.0,
        6.0,
        0.0,
        0.0,
        0.0,
        0.0,
        0.7346071681097991,
        0.0,
        0.0,
        0.0,
        0.0,
        0.0,
        0.0,
        0.0,
        0.9178035381685342,
        0.0,
        0.0,
        0.0,
        0.0,
        0.0,
        0.0,
        0.0,
        0.0,
        0.0,
        0.0,
        0.0,
        0.0,
        0.0,
        0.0,
        0.0,
        0.0,
        0.0,
        0.0,
        0.0,
        0.0,
        0.0,
        0.030353764528905307,
        0.0,
        0.0,
        0.0,
        0.0,
        0.0,
        0.777473984310642,
        0.0,
        0.0,
        0.0,
        0.0,
        0.026011720207126564,
        0.0,
        0.06964447542238861,
        1.931121463592031,
        0.0,
        0.0
    ],
    "x_il_presolve": [
        0.0,
        0.0,
        0.0,
        2.2239085541227266,
        4.213943826542726,
        1.7629696358597902,
        0.0,
        0.0,
        0.0,
        0.7760914458772736,
        0.0,
        3.0,
        0.0,
        0.0,
        3.0,
        0.0,
        0.0,
        0.0,
        5.485221077683292,
        0.0,
        1.4182963454601096,
        0.0,
        3.0,
        0.8774369866892597,
        2.12256301331074,
        0.0,
        2.514778922316707,
        0.0,
        2.7312898047535765,
        0.0,
        2.895679316341678,
        0.0,
        0.0,
        0.0,
        0.0,
        0.0,
        0.0,
        0.0,
        2.265392831890201,
        0.0,
        0.0,
        0.0,
        3.0,
        0.0,
        0.0,
        2.1225630133107405,
        0.0,
        3.0,
        0.0,
        0.0,
        0.0,
        0.0,
        0.0,
        0.0,
        3.3951899211249326,
        0.0,
        0.0,
        0.0,
        0.0,
        0.0,
        0.0,
        0.0,
        0.0,
        0.0,
        0.0,
        0.0,
        0.0,
        2.87743698668926,
        3.095785354089193,
        0.0,
        4.99483884327443
    ],
    "x_lj_presolve": [
        1.135856068611221,
        2.8893365391921155,
        0.0,
        0.9696462354710947,
        0.76296963585979,
        1.0,
        0.0,
        0.0,
        2.0,
        1.0,
        0.0,
        1.268710195246424,
        0.9303555245776114,
        0.8009342801759648,
        2.0,
        0.0,
        0.0,
        0.0,
        0.7312898047535761,
        0.0,
        0.0,
        2.0,
        1.0,
        0.0,
        0.0,
        0.0,
        6.0,
        2.0000000000000004,
        0.0,
        0.0,
        1.1965142954822314,
        0.8956793163416783,
        0.9078063881760902,
        2.0,
        6.0,
        0.0,
        2.0,
        1.0,
        0.0,
        0.0,
        1.082196461831466,
        3.731289804753576,
        0.0,
        0.0,
        5.0,
        2.3097291806319196,
        2.0,
        0.0,
        0.0,
        0.9999999999999998,
        2.0,
        3.161072148231879,
        0.0
    ],
    "q_presolve": [
        0.0,
        0.0,
        0.0,
        0.7413028513742422,
        0.5764842612374916,
        1.0,
        0.0,
        0.0,
        0.0,
        0.2586971486257579,
        0.0,
        1.0,
        0.0,
        0.0,
        0.375,
        0.0,
        0.0,
        0.0,
        0.6856526347104115,
        0.0,
        0.294650543683036,
        0.0,
        1.0,
        0.2924789955630866,
        0.2653203766638425,
        0.0,
        0.3143473652895884,
        0.0,
        1.0,
        1.0,
        0.5610615843325698,
        0.0,
        0.0,
        0.0,
        0.0,
        0.0,
        0.0,
        0.0,
        0.4389384156674301,
        0.0,
        0.0,
        0.0,
        1.0,
        0.0,
        0.0,
        0.7075210044369135,
        0.0,
        1.0,
        0.0,
        0.0,
        0.0,
        0.0,
        0.0,
        0.0,
        0.7053494563169641,
        0.0,
        0.0,
        0.0,
        0.0,
        0.0,
        0.0,
        0.0,
        0.0,
        0.0,
        0.0,
        0.0,
        0.0,
        0.3596796233361575,
        0.42351573876250836,
        0.0,
        1.0
    ],