{
    "upper_bound_presolve": -609.5512729038558,
    "x_ij_presolve": [
        0.0,
        0.0333231185762555,
        1.5062283515144104,
        0.0,
        0.0,
        0.0,
        1.9725694032374799,
        0.0,
        0.0,
        0.0,
        0.0,
        0.0,
        0.0,
        0.0,
        0.0,
        0.0,
        0.0,
        0.0,
        0.0,
        0.0,
        0.0,
        0.0,
        0.0,
        0.0,
        0.0,
        0.0,
        0.0,
        2.0,
        0.027430596762520288,
        0.0,
        0.0,
        0.0,
        0.0,
        0.0,
        0.0,
        0.0,
        0.0,
        0.0,
        0.0,
        0.0,
        0.0,
        0.0,
        0.0,
        0.49377164848559046,
        0.0,
        0.0,
        0.0,
        0.0,
        0.0,
        0.0,
        0.0,
        0.0,
        0.0,
        0.0,
        0.0,
        0.0,
        0.0,
        0.5672114150410088,
        0.5912553157810235,
        1.6180317198413774,
        0.0,
        0.0,
        0.0,
        0.0,
        6.0,
        0.0,
        0.0,
        0.0,
        0.0,
        0.7858339841012174,
        0.0,
        0.0,
        0.0,
        0.0,
        0.0,
        0.0,
        0.0,
        0.9831726309655089,
        0.0,
        0.0,
        0.0,
        0.0,
        0.0,
        0.0,
        0.0,
        0.0,
        0.0,
        0.0,
        0.0,
        0.23293631992761166,
        0.0,
        0.0,
        2.405635662346683,
        0.0,
        0.0,
        0.0,
        0.0,
        0.0,
        0.0,
        0.0,
        0.0,
        0.0,
        0.0,
        0.0,
        0.0,
        0.5421456758980906,
        0.0,
        0.0,
        1.7834849493195293,
        0.0,
        0.0656549499637266,
        0.0,
        0.08798825415690588,
        4.8009440583571585,
        0.0,
        0.0
    ],
    "x_il_presolve": [
        0.0,
        0.0,
        0.0,
        2.165626043025301,
        0.0,
        0.1294737596206577,
        0.0,
        0.0,
        0.9015764812802125,
        0.8343739569746992,
        0.0,
        3.0,
        0.0,
        0.0,
        3.0,
        0.0,
        0.0,
        0.0,
        6.825608183627578,
        0.0,
        0.0,
        0.8705262403793423,
        3.0,
        0.7922881665003141,
        2.207711833499686,
        0.0,
        1.1743918163724216,
        0.0,
        3.0,
        0.5961342960574052,
        1.2453989731205626,
        0.0,
        0.0,
        0.0,
        0.0,
        0.0,
        0.0,
        0.0,
        0.754601026879437,
        1.1544364945597712,
        0.0,
        0.0,
        3.0,
        0.0,
        0.0,
        2.207711833499686,
        0.0,
        3.0,
        0.0,
        0.0,
        0.0,
        0.0,
        0.0,
        0.0,
        2.26049534232727,
        0.0,
        0.0,
        0.0,
        0.0,
        0.0,
        0.0,
        0.0,
        0.0,
        0.0,
        0.0,
        0.0,
        0.0,
        1.890711685220102,
        1.1547010523021075,
        0.0,
        5.929341474537771
    ],
    "x_lj_presolve": [
        2.0,
        4.083777969097542,
        0.0,
        1.0,
        0.0,
        1.0,
        0.0,
        0.0,
        2.0,
        1.0,
        0.0,
        1.3264672755565556,
        0.9120117458430942,
        0.7615209786003501,
        1.9666768814237445,
        0.0,
        0.0,
        0.0,
        0.6735327244434444,
        0.35979039413281133,
        0.0,
        2.0,
        1.0,
        0.38196828015862266,
        0.21416601589878254,
        0.0,
        5.432788584958991,
        2.5672114150410086,
        0.0,
        0.0,
        1.392199374138183,
        0.40874468421897603,
        1.199055941642841,
        2.0,
        6.0,
        0.0,
        2.0,
        1.0,
        0.0,
        0.0,
        1.0168273690344911,
        1.027152922612308,
        0.2165150506804707,
        0.0,
        0.0,
        1.1547010523021075,
        0.0,
        0.0,
        0.0,
        3.0,
        2.0,
        0.0,
        0.0
    ],
    "q_presolve": [
        0.0,
        0.0,
        0.0,
        0.7218753476751004,
        0.0,
        0.1294737596206577,
        0.0,
        0.0,
        0.11269706016002656,
        0.2781246523248997,
        0.0,
        1.0,
        0.0,
        0.0,
        0.375,
        0.0,
        0.0,
        0.0,
        0.8532010229534472,
        0.0,
        0.0,
        0.8705262403793423,
        1.0,
        0.2640960555001047,
        0.27596397918746074,
        0.0,
        0.1467989770465527,
        0.0,
        1.0,
        1.0,
        0.6226994865602814,
        0.0,
        0.0,
        0.0,
        0.0,
        0.0,
        0.0,
        0.0,
        0.37730051343971854,
        0.1629690399100473,
        0.0,
        0.0,
        1.0,
        0.0,
        0.0,
        0.7359039444998954,
        0.0,
        1.0,
        0.0,
        0.0,
        0.0,
        0.0,
        0.0,
        0.0,
        1.0,
        0.0,
        0.0,
        0.0,
        0.0,
        0.0,
        0.0,
        0.0,
        0.0,
        0.0,
        0.0,
        0.0,
        0.0,
        0.23633896065251275,
        1.0,
        0.0,
        0.8370309600899527
    ],