{
    "upper_bound_presolve": -603.0534807674859,
    "x_ij_presolve": [
        0.0,
        0.0,
        1.5933154044699238,
        0.0,
        0.0,
        0.0,
        1.8083082978102236,
        0.0,
        0.0,
        0.0,
        0.0,
        0.0,
        0.0,
        0.0,
        0.0,
        0.0,
        0.0,
        0.0,
        0.2530918289162257,
        0.0,
        0.0,
        0.0,
        0.0,
        0.0,
        0.0,
        0.0,
        0.0,
        2.0,
        0.0,
        1.141579410966165,
        0.0,
        0.0,
        0.0,
        0.0,
        0.0,
        0.0,
        0.0,
        0.0,
        0.0,
        0.0,
        0.0,
        0.0,
        0.0,
        0.40668459553007624,
        0.0,
        0.0,
        0.0,
        0.0,
        0.0,
        0.0,
        0.0,
        0.0,
        0.0,
        0.0,
        0.0,
        0.346387244795645,
        0.0,
        1.538468297209876,
        0.29844228388596294,
        1.7752418505232572,
        0.0,
        0.0,
        0.0,
        0.0,
        6.0,
        0.0,
        0.9937523250146981,
        0.0,
        0.0,
        0.7469081710837743,
        0.0,
        0.0,
        0.0,
        0.0,
        0.0,
        0.0,
        0.34704308741933926,
        0.7122383857975091,
        0.0,
        0.0,
        0.0,
        0.0,
        0.0,
        0.0,
        0.0,
        0.0,
        0.0,
        0.0,
        0.0,
        0.0,
        0.0675036077231755,
        1.287761614202491,
        0.0,
        0.0,
        0.0,
        0.0,
        0.0,
        0.12817433768117356,
        0.0,
        0.0,
        0.0,
        0.0,
        0.0,
        0.0,
        0.0,
        1.7315747130595536,
        0.0,
        0.0,
        0.0,
        0.0,
        0.09369065941726144,
        0.0,
        0.0,
        3.876292343637223,
        0.0,
        0.0
    ],
    "x_il_presolve": [
        0.0,
        0.0,
        0.0,
        2.1982441902441407,
        4.3152597555391665,
        0.8446486147704373,
        0.0,
        0.0,
        1.8018140739753545,
        0.8017558097558598,
        0.0,
        3.0,
        0.0,
        0.0,
        1.858420589033835,
        0.0,
        0.0,
        0.0,
        5.206320332605751,
        0.0,
        0.0,
        0.0,
        3.0,
        0.7628809459955448,
        2.2371190540044554,
        0.0,
        2.79367966739425,
        0.0,
        2.653612755204355,
        0.0,
        1.1630894189041607,
        0.0,
        0.0,
        0.0,
        0.0,
        0.0,
        0.0,
        0.0,
        0.7087362434146655,
        1.5443555855015605,
        0.0,
        0.0,
        3.0,
        0.0,
        0.0,
        2.237119054004456,
        0.0,
        0.22475814947674272,
        0.0,
        0.0,
        0.0,
        0.0,
        0.0,
        0.0,
        0.0,
        0.0,
        0.0,
        1.7573695305016703,
        0.0,
        0.0,
        0.0,
        0.0,
        0.0,
        2.775241850523257,
        0.2247581494767428,
        0.0,
        0.0,
        2.1026462829863535,
        1.927370713959162,
        0.0,
        2.5929486406047446
    ],
    "x_lj_presolve": [
        2.0,
        1.1373042261063047,
        0.0,
        1.0,
        0.19169170218977652,
        0.6529569125806608,
        0.0,
        0.0,
        2.0,
        0.8718256623188264,
        0.1281743376811736,
        1.3463872447956449,
        1.0,
        0.6536127552043548,
        2.0,
        0.0,
        0.0,
        0.0,
        0.6536127552043549,
        0.0,
        0.0,
        2.0,
        1.0,
        0.2247581494767428,
        0.0,
        0.0,
        3.467779377775426,
        4.532220622224575,
        0.0,
        0.0,
        0.17473462752318492,
        0.701557716114038,
        2.1237076563627766,
        2.0,
        6.0,
        0.0,
        2.0,
        1.0,
        0.0,
        0.0,
        0.0,
        0.0,
        0.0,
        0.0,
        4.932496392276825,
        3.067503607723175,
        1.9324963922768246,
        0.0,
        0.0,
        1.0675036077231754,
        1.8718256623188263,
        0.0,
        0.0
    ],
    "q_presolve": [
        0.0,
        0.0,
        0.0,
        0.7327480634147134,
        0.5394074694423958,
        1.0,
        0.0,
        0.0,
        0.22522675924691932,
        0.2672519365852866,
        0.0,
        1.0,
        0.0,
        0.0,
        0.23230257362922938,
        0.0,
        0.0,
        0.0,
        0.6507900415757188,
        0.0,
        0.0,
        0.0,
        1.0,
        0.2542936486651816,
        0.27963988175055693,
        0.0,
        0.34920995842428126,
        0.0,
        1.0,
        0.0,
        0.6213663175572239,
        0.0,
        0.0,
        0.0,
        0.0,
        0.0,
        0.0,
        0.0,
        0.37863368244277607,
        0.3732758098272562,
        0.0,
        0.0,
        1.0,
        0.0,
        0.0,
        0.7457063513348186,
        0.0,
        0.07491938315891424,
        0.0,
        0.0,
        0.0,
        0.0,
        0.0,
        0.0,
        0.0,
        1.0,
        0.0,
        0.2196711913127088,
        0.0,
        0.0,
        0.0,
        0.0,
        0.0,
        0.9250806168410857,
        1.0,
        0.0,
        0.0,
        0.2628307853732942,
        0.24092133924489526,
        0.0,
        0.6267241901727438
    ],