{
    "upper_bound_presolve": -606.0871613691346,
    "x_ij_presolve": [
        0.0,
        0.41565695888166015,
        1.5779823752525552,
        0.0,
        0.0,
        0.0,
        1.7665485928662161,
        0.0,
        0.0,
        0.0,
        0.0,
        0.0,
        0.0,
        0.0,
        0.0,
        0.0,
        0.0,
        0.0,
        0.21869836883714316,
        0.0,
        0.0,
        0.0,
        0.0,
        0.0,
        0.0,
        0.0,
        0.0,
        2.0,
        0.0,
        0.2933251347016344,
        0.0,
        0.0,
        0.0,
        0.0,
        0.0,
        0.0,
        0.0,
        0.0,
        0.0,
        0.0,
        0.0,
        0.0,
        0.0,
        0.4220176247474448,
        0.0,
        0.0,
        0.0,
        0.0,
        0.0,
        0.0,
        0.0,
        0.0,
        0.0,
        0.0,
        0.0,
        0.8329772152299609,
        0.0,
        1.4405530899003243,
        0.1097834962072889,
        1.7785961657848364,
        0.0,
        0.0,
        0.0,
        0.0,
        6.0,
        0.0,
        0.0,
        0.0,
        0.0,
        0.7813016311628569,
        0.0,
        0.0,
        0.0,
        0.0,
        0.0,
        0.0,
        0.2096763583268652,
        0.620259297369642,
        0.0,
        0.0,
        0.0,
        0.0,
        0.0,
        0.0,
        0.0,
        0.0,
        0.0,
        0.1484672021034661,
        0.0,
        0.0,
        0.0,
        0.0,
        0.0,
        0.0,
        0.0,
        0.0,
        0.0,
        0.13512111503487123,
        0.0,
        0.0,
        0.0,
        0.0,
        0.0,
        0.0,
        0.0,
        0.6513668878768877,
        0.0,
        0.0,
        0.4503859053158821,
        0.0,
        0.0,
        0.0,
        0.10635557904417521,
        5.238849615915824,
        0.0,
        0.0
    ],
    "x_il_presolve": [
        0.0,
        0.0,
        0.0,
        2.2701469416387905,
        1.016013010666049,
        1.0237750488069186,
        0.0,
        0.0,
        0.7061536154112231,
        0.7298530583612096,
        0.0,
        3.0,
        0.0,
        0.0,
        2.7066748652983654,
        0.0,
        0.0,
        0.0,
        5.752937949581438,
        0.0,
        0.0,
        0.0,
        3.0,
        1.06762328574959,
        1.93237671425041,
        0.0,
        2.2470620504185628,
        0.0,
        2.167022784770039,
        0.0,
        1.4496634138923872,
        0.0,
        0.0,
        0.0,
        0.0,
        0.0,
        0.0,
        0.0,
        0.41521547107274165,
        1.8034828977644013,
        0.0,
        0.0,
        2.851532797896534,
        0.0,
        0.0,
        1.93237671425041,
        0.0,
        2.385388776103786,
        0.0,
        0.0,
        0.0,
        0.0,
        0.0,
        0.0,
        3.1062103975000728,
        0.0,
        0.0,
        6.983986989333953,
        0.0,
        0.0,
        0.0,
        0.0,
        0.0,
        0.614611223896214,
        0.22140383421516363,
        0.0,
        0.0,
        2.654794805040001,
        0.0,
        0.0,
        2.7637707395222075
    ],
    "x_lj_presolve": [
        2.0,
        1.5672536372866088,
        0.0,
        1.0,
        0.23345140713378387,
        0.7903236416731347,
        0.0,
        0.0,
        2.0,
        0.8648788849651289,
        0.13512111503487123,
        1.417320256348301,
        0.8936444209558247,
        0.6890353226958743,
        1.58434304111834,
        0.0,
        0.0,
        0.0,
        0.5826797436516991,
        0.0,
        0.0,
        2.0,
        1.0,
        0.22140383421516363,
        0.0,
        0.0,
        4.559446910099676,
        3.4405530899003245,
        0.0,
        0.0,
        1.3486331121231125,
        0.8902165037927111,
        0.7611503840841761,
        2.0,
        6.0,
        0.0,
        1.851532797896534,
        1.0,
        0.0,
        0.0,
        1.379740702630358,
        1.726469694869715,
        0.0,
        0.0,
        4.549614094684118,
        3.4503859053158825,
        1.5496140946841177,
        0.0,
        0.0,
        1.4503859053158823,
        1.8648788849651288,
        0.0,
        0.0
    ],
    "q_presolve": [
        0.0,
        0.0,
        0.0,
        0.7567156472129302,
        0.12700162633325612,
        1.0,
        0.0,
        0.0,
        0.08826920192640288,
        0.24328435278706986,
        0.0,
        1.0,
        0.0,
        0.0,
        0.3383343581622957,
        0.0,
        0.0,
        0.0,
        0.7191172436976797,
        0.0,
        0.0,
        0.0,
        1.0,
        0.3558744285831967,
        0.24154708928130125,
        0.0,
        0.28088275630232035,
        0.0,
        1.0,
        0.0,
        0.7773498995456181,
        0.0,
        0.0,
        0.0,
        0.0,
        0.0,
        0.0,
        0.0,
        0.22265010045438188,
        0.3948725078548177,
        0.0,
        0.0,
        1.0,
        0.0,
        0.0,
        0.6441255714168033,
        0.0,
        0.7951295920345953,
        0.0,
        0.0,
        0.0,
        0.0,
        0.0,
        0.0,
        1.0,
        0.0,
        0.0,
        0.8729983736667439,
        0.0,
        0.0,
        0.0,
        0.0,
        0.0,
        0.20487040796540468,
        1.0,
        0.0,
        0.0,
        0.33184935063000015,
        0.0,
        0.0,
        0.6051274921451822
    ],