{
    "upper_bound_presolve": -602.6042816119883,
    "x_ij_presolve": [
        0.0,
        0.029592338018389765,
        1.5698784801188446,
        0.0,
        0.0,
        0.0,
        1.7764701475274038,
        0.0,
        0.0,
        0.0,
        0.0,
        0.0,
        0.0,
        0.0,
        0.0,
        0.0,
        0.0,
        0.0,
        0.2855907419039378,
        0.0,
        0.0,
        0.0,
        0.0,
        0.0,
        0.5685501992496323,
        0.2485253124724463,
        0.0,
        2.0,
        0.0,
        1.6560738292822448,
        0.0,
        0.0,
        0.0,
        0.0,
        0.0,
        0.0,
        0.0,
        0.0,
        0.0,
        0.0,
        0.0,
        0.0,
        0.0,
        0.4301215198811552,
        0.0,
        0.0,
        0.0,
        0.0,
        0.0,
        0.0,
        0.0,
        0.0,
        0.0,
        0.0,
        0.0,
        0.4334570211092841,
        0.0,
        1.063070834117396,
        0.3091923943621918,
        1.9331736843758272,
        0.0,
        0.0,
        0.0,
        0.0,
        6.0,
        0.0,
        0.39178122783152974,
        0.0,
        0.0,
        0.7144092580960623,
        0.0,
        0.0,
        0.0,
        0.0,
        0.0,
        0.0,
        0.5149230416679957,
        0.5167542250443895,
        0.0,
        0.0,
        0.0,
        0.0,
        0.0,
        0.0,
        0.0,
        0.0,
        0.0,
        0.0,
        0.0,
        0.0,
        0.0,
        1.4832457749556107,
        0.22388528479410602,
        0.0,
        0.0,
        0.0,
        0.0,
        0.0,
        0.0,
        0.0,
        0.0,
        0.0,
        0.0,
        0.0,
        0.0,
        1.0837212259194045,
        0.0,
        0.0,
        0.11788220714951776,
        0.0,
        0.0,
        0.0,
        0.036458461755896565,
        4.3227328685415936,
        0.0,
        0.0
    ],
    "x_il_presolve": [
        0.0,
        0.0,
        0.0,
        2.839541227934321,
        2.8166450439966457,
        0.7086068108046005,
        0.0,
        0.0,
        1.4762723227554921,
        0.0,
        0.0,
        3.0,
        0.0,
        0.0,
        1.3439261707177552,
        0.0,
        0.0,
        0.0,
        5.0,
        0.0,
        0.0,
        0.0,
        3.0,
        0.7946429191343332,
        2.205357080865667,
        0.0,
        3.0,
        0.0,
        2.566542978890716,
        0.0,
        1.467277999454733,
        0.1604587720656795,
        0.0,
        0.0,
        0.0,
        0.0,
        0.0,
        0.0,
        0.0,
        1.0827488104754002,
        0.0,
        0.0,
        3.0,
        0.0,
        0.0,
        2.205357080865667,
        0.0,
        0.23698432847095519,
        0.0,
        0.0,
        0.0,
        0.0,
        0.0,
        0.0,
        0.0,
        0.0,
        0.0,
        4.516990711961932,
        0.0,
        0.0,
        0.0,
        0.0,
        0.0,
        2.763015671529045,
        0.06682631562417277,
        0.0,
        0.0,
        2.9744444256610865,
        0.666364244041423,
        0.0,
        2.5107013744278346
    ],
    "x_lj_presolve": [
        2.0,
        0.5934501849032345,
        0.0,
        1.0,
        0.22352985247259624,
        0.4850769583320043,
        0.0,
        0.0,
        1.4314498007503678,
        0.7514746875275538,
        0.8170755117220784,
        1.4038646830908943,
        0.9635415382441035,
        0.6325937786650024,
        1.9704076619816102,
        0.0,
        0.0,
        0.0,
        0.5961353169091059,
        0.0,
        0.0,
        2.0,
        1.0,
        0.06682631562417277,
        0.0,
        0.0,
        4.545147938051074,
        3.454852061948926,
        0.0,
        0.0,
        0.6319252629037845,
        0.6908076056378082,
        1.6772671314584071,
        2.0,
        6.0,
        0.0,
        2.0,
        1.0,
        0.0,
        0.0,
        0.0,
        0.0,
        0.0,
        0.0,
        4.882117792850482,
        3.1178822071495187,
        1.8821177928504824,
        0.0,
        0.0,
        1.1178822071495174,
        1.1829244882779217,
        0.0,
        0.28435351117681124
    ],
    "q_presolve": [
        0.0,
        0.0,
        0.0,
        0.9465137426447735,
        0.3520806304995807,
        1.0,
        0.0,
        0.0,
        0.18453404034443652,
        0.0,
        0.0,
        1.0,
        0.0,
        0.0,
        0.1679907713397194,
        0.0,
        0.0,
        0.0,
        0.625,
        0.0,
        0.0,
        0.0,
        1.0,
        0.2648809730447777,
        0.27566963510820836,
        0.0,
        0.37499999999999994,
        0.0,
        1.0,
        0.0,
        1.0,
        0.05348625735522649,
        0.0,
        0.0,
        0.0,
        0.0,
        0.0,
        0.0,
        0.0,
        0.3013117630026522,
        0.0,
        0.0,
        1.0,
        0.0,
        0.0,
        0.7351190269552222,
        0.0,
        0.07899477615698507,
        0.0,
        0.0,
        0.0,
        0.0,
        0.0,
        0.0,
        0.0,
        1.0,
        0.0,
        0.5646238389952414,
        0.0,
        0.0,
        0.0,
        0.0,
        0.0,
        0.921005223843015,
        1.0,
        0.0,
        0.0,
        0.3718055532076358,
        0.08329553050517788,
        0.0,
        0.6986882369973478
    ],