{
    "upper_bound_presolve": -618.3338909324027,
    "x_ij_presolve": [
        0.0,
        0.0,
        1.6266108688076553,
        0.0,
        0.0,
        0.0,
        1.7087207017670754,
        0.0,
        0.0,
        0.0,
        0.0,
        0.0,
        0.0,
        0.0,
        0.0,
        0.0,
        0.0,
        0.0,
        0.26091593348120645,
        0.0,
        0.0,
        0.0,
        0.0,
        0.0,
        0.0,
        0.0,
        0.0,
        2.0,
        0.0,
        0.0,
        0.0,
        0.0,
        0.0,
        0.0,
        0.0,
        0.0,
        0.0,
        0.0,
        0.0,
        0.0,
        0.0,
        0.0,
        0.0,
        0.3733891311923448,
        0.0,
        0.0,
        0.0,
        0.0,
        0.0,
        0.0,
        0.0,
        0.0,
        0.0,
        0.0,
        0.0,
        0.26756101874192884,
        0.0,
        1.5711420168905506,
        0.13229310931549623,
        2.0,
        0.0,
        0.0,
        0.0,
        0.0,
        6.0,
        0.0,
        0.0,
        0.0,
        0.0,
        0.7106961046680423,
        0.0,
        0.0,
        0.0,
        0.0,
        0.0,
        0.0,
        0.38127961423197804,
        0.6214578400596285,
        0.0,
        0.0,
        0.0,
        0.0,
        0.0,
        0.0,
        0.0,
        0.0,
        0.0,
        0.0,
        0.0,
        0.0,
        0.0,
        0.0,
        0.0,
        0.0,
        0.0,
        0.0,
        0.0,
        0.0,
        0.0,
        0.0,
        0.0,
        0.0,
        0.0,
        0.0,
        0.0,
        1.410420809299182,
        0.0,
        0.0,
        0.21355211871084087,
        0.0,
        0.058409349849396545,
        0.0,
        0.006635930454474054,
        4.398876731535926,
        0.0,
        0.0
    ],
    "x_il_presolve": [
        0.0,
        0.0,
        0.0,
        2.1347388249810746,
        3.4662008354148486,
        0.9099996840009469,
        0.0,
        0.0,
        2.028136196215615,
        0.8652611750189259,
        0.0,
        3.0,
        0.0,
        0.0,
        3.0,
        0.0,
        0.0,
        0.0,
        5.096775892694622,
        0.0,
        0.0,
        0.0,
        3.0,
        1.0624503314948044,
        1.9375496685051958,
        0.0,
        2.9032241073053786,
        0.0,
        2.732438981258071,
        0.02838796185075132,
        1.268176911943202,
        0.0,
        0.0,
        0.0,
        0.0,
        0.0,
        0.0,
        0.0,
        0.731823088056798,
        0.24934956640923964,
        0.0,
        0.0,
        3.0,
        0.0,
        0.0,
        1.9375496685051954,
        0.0,
        2.854498469906076,
        0.0,
        0.0,
        0.0,
        0.0,
        0.0,
        0.0,
        3.5398391243078926,
        0.0,
        0.0,
        2.0320353117041363,
        0.0,
        0.0,
        0.0,
        0.0,
        0.0,
        0.14550153009392414,
        0.0,
        0.0,
        0.0,
        1.0343141352791891,
        2.5017638528810147,
        0.0,
        4.798023403167376
    ],
    "x_lj_presolve": [
        2.0,
        2.047372969576615,
        0.0,
        1.0,
        0.29127929823292487,
        0.618720385768022,
        0.0,
        0.0,
        2.0,
        1.0,
        0.0,
        1.2675610187419293,
        0.9933640695455259,
        0.7390749117125448,
        2.0,
        0.0,
        0.0,
        0.0,
        0.7324389812580709,
        0.0,
        0.0,
        2.0,
        1.0,
        0.0,
        0.02838796185075132,
        0.0,
        4.42885798310945,
        3.5711420168905503,
        0.0,
        0.0,
        0.5311698408514216,
        0.8677068906845038,
        1.6011232684640744,
        2.0,
        6.0,
        0.0,
        2.0,
        1.0,
        0.0,
        0.0,
        1.3785421599403718,
        2.161296964367521,
        0.0,
        0.0,
        4.786447881289159,
        3.2135521187108402,
        1.786447881289159,
        0.0,
        0.0,
        1.213552118710841,
        2.0,
        0.0,
        0.0
    ],
    "q_presolve": [
        0.0,
        0.0,
        0.0,
        0.7115796083270248,
        0.433275104426856,
        1.0,
        0.0,
        0.0,
        0.25351702452695185,
        0.28842039167297523,
        0.0,
        1.0,
        0.0,
        0.0,
        0.375,
        0.0,
        0.0,
        0.0,
        0.6370969865868278,
        0.0,
        0.0,
        0.0,
        1.0,
        0.3541501104982681,
        0.24219370856314948,
        0.0,
        0.3629030134131723,
        0.0,
        1.0,
        1.0,
        0.634088455971601,
        0.0,
        0.0,
        0.0,
        0.0,
        0.0,
        0.0,
        0.0,
        0.365911544028399,
        0.049401850806788224,
        0.0,
        0.0,
        1.0,
        0.0,
        0.0,
        0.6458498895017318,
        0.0,
        0.9514994899686919,
        0.0,
        0.0,
        0.0,
        0.0,
        0.0,
        0.0,
        1.0,
        0.0,
        0.0,
        0.2540044139630171,
        0.0,
        0.0,
        0.0,
        0.0,
        0.0,
        0.048500510031308085,
        0.0,
        0.0,
        0.0,
        0.12928926690989864,
        0.31272048161012683,
        0.0,
        0.9505981491932117
    ],