{
    "upper_bound_presolve": -611.3149536305143,
    "x_ij_presolve": [
        0.0,
        1.4290235451057105,
        1.4553179004118684,
        0.0,
        0.1700491778137911,
        0.0,
        1.4990202965683326,
        0.0,
        0.0,
        0.0,
        0.0,
        0.0,
        0.0,
        0.0,
        0.0,
        0.0,
        0.0,
        0.0,
        0.26574040178145447,
        0.0,
        0.0,
        0.0,
        0.0,
        0.0,
        0.0,
        0.0,
        0.0,
        2.0,
        0.0,
        0.0,
        0.0,
        0.0,
        0.0,
        0.0,
        0.0,
        0.0,
        0.0,
        0.0,
        0.0,
        0.0,
        0.0,
        0.0,
        0.0,
        0.5446820995881317,
        0.0,
        0.0,
        0.40847209224738695,
        0.0,
        0.0,
        0.0,
        0.0,
        0.0,
        0.0,
        0.0,
        0.0,
        3.0,
        0.0,
        0.6068470857354143,
        0.3183324913761977,
        1.5029348808405574,
        0.0,
        0.0,
        0.0,
        0.546230537781212,
        6.0,
        0.0,
        0.0,
        0.0,
        0.0,
        0.7342595982185455,
        0.0,
        0.0,
        0.0,
        0.0,
        0.0,
        0.0,
        0.4856381762359976,
        0.8444966298742861,
        0.0,
        0.0,
        0.0,
        0.0,
        0.0,
        0.0,
        0.0,
        0.0,
        0.0,
        0.16250436264690266,
        0.0,
        0.0,
        0.0,
        0.0,
        0.0,
        0.0,
        0.0,
        0.0,
        0.0,
        0.0,
        0.0,
        0.0,
        0.0,
        0.0,
        0.0,
        0.0,
        0.0,
        0.9367259129181938,
        0.0,
        0.0,
        0.0,
        0.0,
        0.314776091550811,
        0.0,
        0.01978594557072884,
        4.430165504154798,
        0.0,
        0.0
    ],
    "x_il_presolve": [
        0.0,
        0.0,
        0.0,
        2.1200378272833933,
        1.6719698465846715,
        1.0153415271956698,
        0.0,
        0.0,
        0.0,
        0.879962172716607,
        0.0,
        3.0,
        0.0,
        0.0,
        2.865673532226627,
        0.0,
        0.0,
        0.0,
        5.724702049682292,
        0.0,
        0.0,
        0.0,
        3.0,
        0.6912020289827279,
        2.308797971017272,
        0.0,
        2.275297950317708,
        0.0,
        0.0,
        0.4970651191594426,
        1.5777553037289453,
        0.0,
        0.0,
        0.0,
        0.0,
        0.0,
        0.0,
        0.0,
        0.4222446962710547,
        0.0,
        0.0,
        0.0,
        3.0,
        0.0,
        0.0,
        2.308797971017272,
        0.0,
        1.1784568006984832,
        0.0,
        0.0,
        0.0,
        0.0,
        0.0,
        0.0,
        1.5486562843902996,
        0.0,
        0.0,
        5.782426475189367,
        0.0,
        0.0,
        0.0,
        0.0,
        0.0,
        1.8215431993015168,
        0.0,
        0.0,
        0.0,
        2.825528496756101,
        0.4097439619675621,
        0.0,
        5.399794055092668
    ],
    "x_lj_presolve": [
        1.8299508221862089,
        2.569843232906459,
        0.0,
        1.0,
        0.5009797034316674,
        0.5143618237640025,
        0.0,
        0.0,
        2.0,
        1.0,
        0.0,
        1.453769462218788,
        0.9802140544292712,
        0.5660164833519411,
        0.0,
        0.0,
        0.0,
        0.0,
        0.0,
        0.0,
        0.0,
        2.0,
        1.0,
        0.4970651191594426,
        0.0,
        0.0,
        5.3931529142645855,
        2.6068470857354145,
        0.0,
        0.0,
        0.748497995530995,
        0.6816675086238024,
        1.5698344958452026,
        2.0,
        6.0,
        0.0,
        1.8374956373530973,
        1.0,
        0.0,
        0.1625043626469027,
        1.155503370125714,
        0.39315291426458554,
        0.0,
        0.0,
        5.0,
        2.8641402837415995,
        2.0,
        0.0,
        0.0,
        0.9999999999999998,
        2.0,
        0.0,
        0.0
    ],
    "q_presolve": [
        0.0,
        0.0,
        0.0,
        0.7066792757611311,
        0.2126068185789257,
        1.0,
        0.0,
        0.0,
        0.0,
        0.293320724238869,
        0.0,
        1.0,
        0.0,
        0.0,
        0.35820919152832836,
        0.0,
        0.0,
        0.0,
        0.7155877562102865,
        1.0,
        0.0,
        0.0,
        1.0,
        0.23040067632757597,
        0.288599746377159,
        0.0,
        0.2844122437897135,
        0.0,
        0.0,
        1.0,
        0.7888776518644727,
        0.0,
        0.0,
        0.0,
        0.0,
        0.0,
        0.0,
        0.0,
        0.21112234813552735,
        0.0,
        0.0,
        0.0,
        1.0,
        0.0,
        0.0,
        0.7695993236724241,
        0.0,
        0.3928189335661611,
        0.0,
        0.0,
        0.0,
        0.0,
        0.0,
        0.0,
        1.0,
        0.0,
        0.0,
        0.7352903517176583,
        0.0,
        0.0,
        0.0,
        0.0,
        0.0,
        0.607181066433839,
        0.0,
        0.0,
        0.0,
        0.3531910620945126,
        0.052102829703415995,
        0.0,
        1.0
    ],