{
    "upper_bound_presolve": -632.9268179462422,
    "x_ij_presolve": [
        0.0,
        0.0,
        0.7444323550334485,
        0.0,
        0.6322033788694903,
        0.0,
        1.4326377920860731,
        0.0,
        0.0,
        0.0,
        0.0,
        0.0,
        0.0,
        0.0,
        0.0,
        0.0,
        0.0,
        0.0,
        0.0,
        0.0,
        3.0,
        0.0,
        0.0,
        0.0,
        0.0,
        0.0,
        0.0,
        2.0,
        0.0,
        0.0,
        0.0,
        0.0,
        0.0,
        0.0,
        0.0,
        0.0,
        0.0,
        0.0,
        0.0,
        0.0,
        0.0,
        0.0,
        0.0,
        0.4073226280342326,
        0.0,
        0.0,
        0.0,
        0.0,
        0.0,
        0.0,
        0.0,
        0.0,
        0.0,
        0.0,
        0.0,
        0.6807842059414295,
        0.0,
        0.0,
        0.05747648359130772,
        1.9671472674421697,
        0.0,
        0.0,
        0.0,
        0.0,
        6.0,
        0.0,
        0.0,
        0.0,
        0.0,
        0.8069107593339914,
        0.0,
        0.0,
        0.0,
        0.0,
        0.0,
        0.0,
        0.3804828250102271,
        0.4908376989504527,
        0.0,
        0.0,
        0.0,
        0.0,
        0.0,
        0.0,
        0.0,
        0.0,
        0.0,
        0.0,
        0.0,
        0.0,
        0.0,
        0.0,
        0.0,
        0.0,
        0.0,
        0.0,
        0.0,
        0.0,
        0.0,
        0.0,
        0.0,
        0.0,
        0.0,
        0.0,
        0.0,
        0.2389854849640307,
        0.0,
        0.0,
        0.0,
        0.0,
        0.0,
        0.0,
        0.0,
        0.4058098216624733,
        0.0,
        0.0
    ],
    "x_il_presolve": [
        0.0,
        0.0,
        0.0,
        2.3880574259313265,
        4.887358558729988,
        1.1868793829036997,
        0.0,
        0.0,
        0.2579818669818414,
        0.0,
        0.0,
        3.0,
        0.0,
        0.0,
        3.0,
        0.0,
        0.0,
        0.0,
        7.592677371965768,
        0.0,
        0.0,
        0.0,
        3.0,
        0.8543412782360009,
        2.145658721763999,
        0.0,
        0.40732262803423247,
        0.0,
        2.3192157940585707,
        0.22594197322383913,
        2.1046389691161793,
        0.6119425740686734,
        0.0,
        0.0,
        0.0,
        0.0,
        0.0,
        0.0,
        2.1930892406660085,
        0.0,
        0.0,
        0.0,
        3.0,
        0.0,
        0.0,
        2.145658721763999,
        0.0,
        3.0,
        0.0,
        0.0,
        0.0,
        0.0,
        0.0,
        0.0,
        4.828378095108118,
        0.0,
        0.0,
        0.0,
        0.0,
        0.0,
        0.0,
        0.0,
        0.0,
        0.0,
        0.0,
        0.0,
        0.0,
        2.5963594112541597,
        3.1126414412700116,
        0.0,
        5.896825844004258
    ],
    "x_lj_presolve": [
        1.3677966211305097,
        3.529029222873748,
        0.0,
        1.0,
        0.5673622079139268,
        0.619517174989773,
        0.0,
        0.0,
        2.0,
        1.0,
        0.0,
        1.6807842059414293,
        1.0,
        0.31921579405857065,
        2.0,
        0.0,
        0.0,
        0.0,
        0.3192157940585708,
        0.0,
        0.0,
        2.0,
        1.0,
        0.032852732557830486,
        0.19308924066600863,
        0.0,
        6.0,
        2.0,
        0.0,
        0.0,
        1.7610145150359693,
        0.9425235164086923,
        0.2964619685553383,
        2.0,
        6.0,
        0.0,
        2.0,
        1.0,
        0.0,
        0.0,
        1.5091623010495472,
        3.3192157940585703,
        0.0,
        0.8482450169323181,
        5.0,
        2.1517549830676814,
        2.0,
        0.0,
        0.0,
        0.9999999999999999,
        2.0,
        2.2977282097821883,
        0.0
    ],
    "q_presolve": [
        0.0,
        0.0,
        0.0,
        0.7960191419771089,
        0.6109198198412485,
        1.0,
        0.0,
        0.0,
        0.032247733372730174,
        0.0,
        0.0,
        1.0,
        0.0,
        0.0,
        0.375,
        0.0,
        0.0,
        0.0,
        0.949084671495721,
        0.0,
        0.0,
        0.0,
        1.0,
        0.284780426078667,
        0.26820734022049986,
        0.0,
        0.05091532850427905,
        0.0,
        1.0,
        1.0,
        0.4897096480707523,
        0.2039808580228911,
        0.0,
        0.0,
        0.0,
        0.0,
        0.0,
        0.0,
        0.5102903519292477,
        0.0,
        0.0,
        0.0,
        1.0,
        0.0,
        0.0,
        0.715219573921333,
        0.0,
        1.0,
        0.0,
        0.0,
        0.0,
        0.0,
        0.0,
        0.0,
        1.0,
        0.0,
        0.0,
        0.0,
        0.0,
        0.0,
        0.0,
        0.0,
        0.0,
        0.0,
        0.0,
        0.0,
        0.0,
        0.32454492640676996,
        0.38908018015875145,
        0.0,
        1.0
    ],