{
    "upper_bound_presolve": -598.7324575420704,
    "x_ij_presolve": [
        0.0,
        1.7721688279224237,
        1.441836055756406,
        0.0,
        0.0,
        0.0,
        1.653065201934173,
        0.0,
        0.0,
        0.0,
        0.0,
        0.0,
        0.0,
        0.0,
        0.0,
        0.0,
        0.0,
        0.0,
        0.0,
        0.0,
        1.6627904263097004,
        0.0,
        0.0,
        0.0,
        0.0,
        0.0,
        0.0,
        2.0,
        0.0,
        3.0,
        0.0,
        0.0,
        0.0,
        0.0,
        0.0,
        0.0,
        0.0,
        0.0,
        0.0,
        0.0,
        0.0,
        0.0,
        0.0,
        0.5581639442435941,
        0.0,
        0.0,
        0.22783117207757625,
        0.0,
        0.0,
        0.0,
        0.0,
        0.0,
        0.0,
        0.0,
        0.0,
        3.0,
        0.0,
        0.49430826305340686,
        0.10657351931986894,
        1.5126314593269743,
        0.0,
        0.0,
        0.0,
        0.8883717342740299,
        6.0,
        0.0,
        0.3477065648982917,
        0.0,
        0.0,
        0.8098563546648508,
        0.0,
        0.0,
        0.0,
        0.0,
        0.0,
        0.0,
        0.23359533624392467,
        0.7574866980413347,
        0.0,
        0.0,
        0.0,
        0.0,
        0.0,
        0.0,
        0.0,
        0.0,
        0.0,
        0.0,
        0.0,
        0.0,
        0.6843619575486927,
        1.2425133019586652,
        0.0,
        0.0,
        0.0,
        0.0,
        0.0,
        0.0,
        0.0,
        0.0,
        0.0,
        0.0,
        0.0,
        0.0,
        0.0,
        0.0,
        0.0,
        0.0,
        0.0,
        0.0,
        0.02681933743940651,
        0.0,
        0.09813926142060363,
        3.0648671306473694,
        0.0,
        0.0
    ],
    "x_il_presolve": [
        0.0,
        0.0,
        0.0,
        2.4138484445352058,
        1.4314126352431202,
        1.1133394618219024,
        0.0,
        0.0,
        1.3715368789511448,
        0.0,
        0.0,
        3.0,
        0.0,
        0.0,
        0.0,
        0.0,
        0.0,
        0.0,
        7.441836055756406,
        0.0,
        0.0,
        0.0,
        3.0,
        1.181711149443765,
        1.818288850556235,
        0.0,
        0.5581639442435956,
        0.0,
        0.0,
        0.6775121860081751,
        1.135454476153755,
        0.5861515554647942,
        0.0,
        0.0,
        0.0,
        0.0,
        0.0,
        0.0,
        0.8645455238462451,
        0.6008055215584842,
        0.0,
        0.0,
        3.0,
        0.0,
        0.0,
        1.8182888505562351,
        0.0,
        3.0,
        0.0,
        0.0,
        0.0,
        0.0,
        0.0,
        0.0,
        0.0,
        0.0,
        0.0,
        5.977348716963941,
        0.0,
        0.0,
        0.0,
        0.0,
        0.0,
        0.0,
        0.0,
        0.0,
        0.0,
        4.81017427049262,
        0.0,
        0.0,
        2.458509759274784
    ],
    "x_lj_presolve": [
        2.0,
        0.059315280833268244,
        0.0,
        1.0,
        0.34693479806582705,
        0.7664046637560753,
        0.0,
        0.0,
        2.0,
        1.0,
        0.0,
        1.11162826572597,
        0.9018607385793964,
        0.9865109956946335,
        0.0,
        0.0,
        0.0,
        0.0,
        0.0,
        0.0,
        0.0,
        2.0,
        1.0,
        0.48736854067302593,
        0.19014364533514916,
        0.0,
        5.157985172048302,
        2.842014827951699,
        0.0,
        0.0,
        1.9731806625605934,
        0.8934264806801311,
        0.13339285675927576,
        2.0,
        6.0,
        0.0,
        2.0,
        1.0,
        0.0,
        0.0,
        0.0,
        0.0,
        0.0,
        0.0,
        5.454587628734962,
        1.9541737234720988,
        1.3156380424513074,
        0.0,
        1.1389495862836545,
        0.5454123712650383,
        2.0,
        0.0,
        0.0
    ],
    "q_presolve": [
        0.0,
        0.0,
        0.0,
        0.804616148178402,
        0.1932053911841423,
        1.0,
        0.0,
        0.0,
        0.17144210986889308,
        0.0,
        0.0,
        1.0,
        0.0,
        0.0,
        0.0,
        0.0,
        0.0,
        0.0,
        0.9302295069695508,
        1.0,
        0.0,
        0.0,
        1.0,
        0.39390371648125505,
        0.22728610631952936,
        0.0,
        0.06977049303044945,
        0.0,
        0.0,
        1.0,
        0.5677272380768775,
        0.19538385182159804,
        0.0,
        0.0,
        0.0,
        0.0,
        0.0,
        0.0,
        0.43227276192312253,
        0.19638561782845806,
        0.0,
        0.0,
        1.0,
        0.0,
        0.0,
        0.606096283518745,
        0.0,
        1.0,
        0.0,
        0.0,
        0.0,
        0.0,
        0.0,
        0.0,
        0.0,
        1.0,
        0.0,
        0.8067946088158578,
        0.0,
        0.0,
        0.0,
        0.0,
        0.0,
        0.0,
        0.0,
        0.0,
        0.0,
        0.6012717838115775,
        0.0,
        0.0,
        0.8036143821715419
    ],