{
    "upper_bound_presolve": -621.0864290769915,
    "x_ij_presolve": [
        0.0,
        1.939618639093947,
        1.634569312804751,
        0.0,
        0.6851268889814195,
        0.0,
        1.453063437064945,
        0.0,
        0.0,
        0.0,
        0.0,
        0.0,
        0.0,
        0.0,
        0.0,
        0.0,
        0.0,
        0.0,
        0.27125345514989946,
        0.0,
        0.0,
        0.0,
        0.0,
        0.0,
        0.0,
        0.0,
        0.0,
        2.0,
        0.0,
        0.0,
        0.0,
        0.0,
        0.0,
        0.0,
        0.0,
        0.0,
        0.0,
        0.0,
        0.0,
        0.0,
        0.0,
        0.0,
        0.0,
        0.3654306871952481,
        0.0,
        0.0,
        0.0,
        0.0,
        0.0,
        0.0,
        0.0,
        0.0,
        0.0,
        0.0,
        0.0,
        2.7069383382997536,
        0.0,
        0.0,
        0.0,
        2.0,
        0.0,
        0.0,
        0.0,
        0.0,
        6.0,
        0.0,
        0.0,
        0.0,
        0.0,
        0.7287465448501005,
        0.0,
        0.0,
        0.0,
        0.0,
        0.0,
        0.0,
        0.4208902948661423,
        0.710447120674573,
        0.0,
        0.0,
        0.0,
        0.0,
        0.0,
        0.0,
        0.0,
        0.0,
        0.0,
        0.0,
        0.0,
        0.0,
        0.0,
        0.0,
        0.0,
        0.0,
        0.0,
        0.0,
        0.0,
        0.03839795183660344,
        0.0,
        0.004234550022011397,
        0.0,
        0.0,
        0.0,
        0.0,
        0.0,
        0.0,
        0.0,
        0.0,
        0.0,
        0.0,
        0.0,
        0.0,
        0.07087407157666366,
        2.639217294645743,
        0.0,
        0.0
    ],
    "x_il_presolve": [
        0.0,
        0.0,
        0.0,
        2.1770897785200156,
        4.171125357888044,
        1.126046268068913,
        0.0,
        0.0,
        0.8078112323900495,
        0.8229102214799843,
        0.0,
        3.0,
        0.0,
        0.0,
        3.0,
        0.0,
        0.0,
        0.2597403557116568,
        6.029537095847196,
        0.0,
        0.0,
        0.0,
        3.0,
        0.9641918244763127,
        2.0358081755236874,
        0.0,
        1.9704629041528043,
        0.0,
        0.2930616617002464,
        0.0,
        3.0,
        0.0,
        0.0,
        0.0,
        0.0,
        0.0,
        0.0,
        0.0,
        2.2712534551498997,
        0.0,
        0.0,
        0.0,
        3.0,
        0.0,
        0.0,
        2.0358081755236874,
        0.0,
        3.0,
        0.0,
        0.0,
        0.0,
        0.0,
        0.0,
        0.0,
        2.6337458393934288,
        0.0,
        0.0,
        0.0,
        0.0,
        0.0,
        0.0,
        0.0,
        0.0,
        0.0,
        0.0,
        0.0,
        0.0,
        2.156380592086263,
        3.1335280416913314,
        0.0,
        5.442690433334682
    ],
    "x_lj_presolve": [
        1.3148731110185805,
        3.132051872338112,
        0.0,
        0.9957654499779887,
        0.5469365629350553,
        0.5791097051338577,
        0.0,
        0.0,
        2.0,
        0.9616020481633966,
        0.03839795183660349,
        1.5075793434941498,
        0.9291259284233364,
        0.5632947280825139,
        0.060381360906053005,
        0.0,
        0.0,
        0.0,
        0.4924206565058503,
        0.0,
        0.0,
        2.0,
        1.0,
        0.0,
        0.0,
        0.0,
        6.0,
        1.9488687016322455,
        0.0,
        0.05113129836775404,
        2.0,
        0.948868701632246,
        0.051131298367753965,
        2.0,
        6.0,
        0.0,
        2.0,
        1.0,
        0.0,
        0.0,
        1.2895528793254272,
        1.3441929600680014,
        0.0,
        0.0,
        5.0,
        2.304653399579374,
        2.0,
        0.0,
        0.0,
        1.0,
        1.9616020481633967,
        3.3096514069865033,
        0.0
    ],
    "q_presolve": [
        0.0,
        0.0,
        0.0,
        0.7256965928400052,
        0.5710230355526834,
        1.0,
        0.0,
        0.0,
        0.10097640404875619,
        0.27430340715999474,
        0.0,
        1.0,
        0.0,
        0.0,
        0.375,
        0.0,
        0.0,
        0.4698614468299224,
        0.7536921369808995,
        0.0,
        0.0,
        0.0,
        1.0,
        0.32139727482543756,
        0.25447602194046093,
        0.0,
        0.24630786301910054,
        0.0,
        0.5301385531700775,
        1.0,
        0.5691245973135791,
        0.0,
        0.0,
        0.0,
        0.0,
        0.0,
        0.0,
        0.0,
        0.43087540268642077,
        0.0,
        0.0,
        0.0,
        1.0,
        0.0,
        0.0,
        0.6786027251745624,
        0.0,
        1.0,
        0.0,
        0.0,
        0.0,
        0.0,
        0.0,
        0.0,
        1.0,
        0.0,
        0.0,
        0.0,
        0.0,
        0.0,
        0.0,
        0.0,
        0.0,
        0.0,
        0.0,
        0.0,
        0.0,
        0.2695475740107829,
        0.42897696444731664,
        0.0,
        1.0
    ],