{
    "upper_bound_presolve": -619.7960155522185,
    "x_ij_presolve": [
        0.0,
        0.0,
        1.5849583980044264,
        0.0,
        0.0,
        0.0,
        1.5104128767339335,
        0.0,
        0.0,
        0.0,
        0.0,
        0.0,
        0.0,
        0.0,
        0.0,
        0.0,
        0.0,
        0.0,
        0.27034906103110773,
        0.0,
        0.0,
        0.0,
        0.0,
        0.0,
        0.0,
        0.0,
        0.0,
        2.0,
        0.0,
        3.0,
        0.0,
        0.0,
        0.0,
        0.0,
        0.0,
        0.0,
        0.0,
        0.0,
        0.0,
        0.0,
        0.0,
        0.0,
        0.0,
        0.4150416019955736,
        0.0,
        0.0,
        0.0,
        0.0,
        0.0,
        0.0,
        0.0,
        0.0,
        0.0,
        0.0,
        0.0,
        0.2960405165159012,
        0.0,
        0.0,
        0.0,
        1.9442820576237292,
        0.0,
        0.0,
        0.0,
        0.0,
        6.0,
        0.0,
        0.0,
        0.0,
        0.0,
        0.7296509389688922,
        0.0,
        0.0,
        0.0,
        0.0,
        0.0,
        0.0,
        0.07594223727740498,
        0.9398752472880015,
        0.0,
        0.0,
        0.0,
        0.0,
        0.0,
        0.0,
        0.0,
        0.0,
        0.0,
        0.0,
        0.0,
        0.0,
        0.0,
        0.0,
        0.0,
        0.0,
        0.0,
        0.0,
        0.0,
        0.0,
        0.0,
        0.0,
        0.0,
        0.0,
        0.0,
        0.0,
        0.0,
        0.19250919619609916,
        0.0,
        0.0,
        0.0,
        0.0,
        0.0,
        0.0,
        0.04767923362415489,
        3.013015373721643,
        0.0,
        0.0
    ],
    "x_il_presolve": [
        0.0,
        0.0,
        0.0,
        2.1714635187943054,
        1.7074041518185212,
        1.4136448859886617,
        0.0,
        0.0,
        1.9678240457448137,
        0.8285364812056947,
        0.0,
        3.0,
        0.0,
        0.0,
        0.0,
        0.0,
        0.0,
        0.0,
        5.595152434790991,
        0.0,
        0.5866038900505425,
        0.0,
        3.0,
        0.9000909072645727,
        2.099909092735427,
        0.0,
        2.4048475652090096,
        0.0,
        2.7039594834840988,
        1.829681571334316e-05,
        2.9999817031842864,
        0.0,
        0.0,
        0.0,
        0.0,
        0.0,
        0.0,
        0.0,
        1.7050923560464273,
        0.5652567049846804,
        0.0,
        0.0,
        3.0,
        0.0,
        0.0,
        2.0999090927354276,
        0.0,
        3.0,
        0.0,
        0.0,
        0.0,
        0.0,
        0.0,
        0.0,
        4.2668817169971005,
        0.0,
        0.0,
        4.081308025477873,
        0.0,
        0.0,
        0.0,
        0.0,
        0.0,
        0.0,
        0.055699645560557384,
        0.0,
        0.0,
        3.932266861519758,
        1.0070385311344436,
        0.0,
        2.8873538694762257
    ],
    "x_lj_presolve": [
        2.0,
        0.4526105744609059,
        0.0,
        1.0,
        0.4895871232660665,
        0.9240577627225951,
        0.0,
        0.0,
        2.0,
        1.0,
        0.0,
        1.296040516515901,
        0.9523207663758452,
        0.7516387171082537,
        2.0,
        0.0,
        0.0,
        0.0,
        0.7039594834840989,
        0.0,
        0.0,
        2.0,
        1.0,
        0.055717942376270736,
        0.0,
        0.0,
        6.0,
        1.9105986291484558,
        0.0,
        0.08940137085154412,
        1.807490803803901,
        0.9105986291484559,
        0.28191056704764306,
        2.0,
        6.0,
        0.0,
        2.0,
        1.0,
        0.0,
        0.0,
        1.0601247527119984,
        3.793360854335644,
        0.0,
        0.0,
        5.0,
        1.7957507084308404,
        2.0,
        0.0,
        0.0,
        0.9999999999999999,
        2.0,
        2.705074059230714,
        0.0
    ],
    "q_presolve": [
        0.0,
        0.0,
        0.0,
        0.7238211729314351,
        0.2512458483358296,
        1.0,
        0.0,
        0.0,
        0.24597800571810172,
        0.27617882706856484,
        0.0,
        1.0,
        0.0,
        0.0,
        0.0,
        0.0,
        0.0,
        0.0,
        0.6993940543488739,
        0.0,
        0.12086239406968621,
        0.0,
        1.0,
        0.30003030242152423,
        0.2624886365919284,
        0.0,
        0.3006059456511262,
        0.0,
        1.0,
        0.0003285178647536373,
        0.6376056286137555,
        0.0,
        0.0,
        0.0,
        0.0,
        0.0,
        0.0,
        0.0,
        0.3623943713862444,
        0.16371863921344218,
        0.0,
        0.0,
        1.0,
        0.0,
        0.0,
        0.6999696975784758,
        0.0,
        1.0,
        0.0,
        0.0,
        0.0,
        0.0,
        0.0,
        0.0,
        0.8791376059303139,
        0.0,
        0.0,
        0.6005676489007438,
        0.0,
        0.0,
        0.0,
        0.0,
        0.0,
        0.0,
        0.9996714821352463,
        0.0,
        0.0,
        0.49153335768996975,
        0.1481865027634264,
        0.0,
        0.8362813607865579
    ],