{
    "upper_bound_presolve": -620.3384686807962,
    "x_ij_presolve": [
        0.0,
        0.4584907786968433,
        0.31158768352508504,
        0.0,
        1.3233192034264496,
        0.0,
        1.7678169667261152,
        0.0,
        0.0,
        0.0,
        0.0,
        0.0,
        0.0,
        0.0,
        0.0,
        0.0,
        0.0,
        0.0,
        0.2555001094436902,
        0.0,
        0.0,
        0.0,
        0.0,
        0.0,
        0.0,
        0.0,
        0.0,
        2.0,
        0.0,
        0.0,
        0.0,
        0.0,
        0.0,
        0.0,
        0.0,
        0.0,
        0.0,
        0.0,
        0.0,
        0.0,
        0.0,
        0.0,
        0.0,
        0.25658594857656924,
        0.0,
        0.0,
        0.0,
        0.0,
        0.0,
        0.0,
        0.0,
        0.0,
        0.0,
        0.0,
        0.0,
        0.922265863063588,
        0.0,
        0.0,
        0.10167458144654545,
        2.0,
        0.0,
        0.0,
        0.0,
        0.0,
        6.0,
        0.0,
        0.0,
        0.0,
        0.0,
        0.7444998905563097,
        0.0,
        0.0,
        0.0,
        0.0,
        0.0,
        0.0,
        0.526231314737323,
        0.7424515571288024,
        0.0,
        0.0,
        0.0,
        0.0,
        0.0,
        0.0,
        0.0,
        0.0,
        0.0,
        0.0,
        0.0,
        0.0,
        0.0,
        1.2575484428711978,
        0.0,
        0.0,
        0.0,
        0.0,
        0.0,
        0.11560833058196186,
        0.0,
        0.1825162110494551,
        0.0,
        0.0,
        0.0,
        0.0,
        0.0,
        0.5107376122277498,
        0.0,
        0.0,
        0.0,
        0.0,
        0.0,
        0.0,
        0.05739122705138011,
        2.118153947746598,
        0.0,
        0.0
    ],
    "x_il_presolve": [
        0.0,
        0.0,
        0.0,
        2.2347250707648825,
        4.971013447640155,
        0.7059517185365619,
        0.07058117393553831,
        0.0,
        0.009658154871161938,
        0.7652749292351174,
        0.0,
        2.406383857315365,
        0.0,
        0.0,
        3.0,
        0.0,
        0.0,
        0.0,
        7.743414051423431,
        0.0,
        0.0,
        0.0,
        2.929418826064462,
        0.8051264277133396,
        2.1948735722866606,
        0.0,
        0.2565859485765688,
        0.0,
        2.077734136936412,
        0.0,
        2.8983254185534544,
        0.0,
        0.0,
        0.0,
        0.0,
        0.0,
        0.0,
        0.0,
        2.25550010944369,
        0.0,
        0.0,
        0.0,
        3.0,
        0.0,
        0.0,
        2.19487357228666,
        0.0,
        3.0,
        0.0,
        0.0,
        0.0,
        0.0,
        0.0,
        0.0,
        0.0,
        0.0,
        0.0,
        0.0,
        0.0,
        0.0,
        0.0,
        0.0,
        0.0,
        0.0,
        0.0,
        0.0,
        0.0,
        2.795468272842178,
        3.028986552359844,
        0.0,
        5.925990953422441
    ],
    "x_lj_presolve": [
        0.6766807965735504,
        4.431826367898346,
        0.0,
        0.817483788950545,
        0.23218303327388495,
        0.47376868526267696,
        0.0,
        0.0,
        2.0,
        0.8843916694180382,
        0.11560833058196189,
        1.463775084366745,
        0.9426087729486199,
        0.0,
        1.5415092213031567,
        0.0,
        0.0,
        0.0,
        0.5362249156332551,
        0.0,
        0.0,
        2.0,
        1.0,
        0.0,
        0.0,
        0.0,
        6.0,
        2.0,
        0.0,
        0.0,
        1.4892623877722502,
        0.8983254185534546,
        0.6124121936742953,
        2.0,
        6.0,
        0.0,
        2.0,
        1.0,
        0.0,
        0.0,
        0.0,
        0.0,
        0.0,
        1.4318263678983458,
        5.0,
        1.5681736321016542,
        2.0,
        0.0,
        0.0,
        1.0,
        1.8843916694180383,
        3.2694338585791063,
        0.0
    ],
    "q_presolve": [
        0.0,
        0.0,
        0.0,
        0.7449083569216275,
        0.6213766809550194,
        1.0,
        0.02352705797851277,
        0.0,
        0.0012072693588952423,
        0.2550916430783725,
        0.0,
        1.0,
        0.0,
        0.0,
        0.375,
        0.0,
        0.0,
        0.0,
        0.9679267564279289,
        0.0,
        0.0,
        0.0,
        0.9764729420214873,
        0.26837547590444655,
        0.2743591965358326,
        0.0,
        0.0320732435720711,
        0.0,
        1.0,
        1.0,
        0.5623638989734656,
        0.0,
        0.0,
        0.0,
        0.0,
        0.0,
        0.0,
        0.0,
        0.43763610102653433,
        0.0,
        0.0,
        0.0,
        1.0,
        0.0,
        1.0,
        0.7316245240955535,
        0.0,
        1.0,
        0.0,
        0.0,
        0.0,
        0.0,
        0.0,
        0.0,
        0.0,
        0.0,
        0.0,
        0.0,
        0.0,
        0.0,
        0.0,
        0.0,
        0.0,
        0.0,
        0.0,
        0.0,
        0.0,
        0.3494335341052722,
        0.3786233190449805,
        0.0,
        1.0
    ],