{
    "upper_bound_presolve": -620.3998449681925,
    "x_ij_presolve": [
        0.0,
        0.0,
        0.6146201422831692,
        0.0,
        1.2915123112070235,
        0.0,
        1.509789064860217,
        0.0,
        0.0,
        0.0,
        0.0,
        0.0,
        0.0,
        0.0,
        0.0,
        0.0,
        0.0,
        0.0,
        0.23091360643205455,
        0.0,
        0.0,
        0.0,
        0.0,
        0.0,
        0.0,
        0.0,
        0.0,
        2.0,
        0.0,
        0.0,
        0.0,
        0.0,
        0.0,
        0.0,
        0.0,
        0.0,
        0.0,
        0.0,
        0.0,
        0.0,
        0.0,
        0.0,
        0.0,
        0.23848179231916103,
        0.0,
        0.0,
        0.0,
        0.0,
        0.0,
        0.0,
        0.0,
        0.0,
        0.0,
        0.0,
        0.0,
        0.2516155911199726,
        0.0,
        0.944205324904129,
        0.19728562730185906,
        1.419841799068999,
        0.0,
        0.0,
        0.0,
        0.0,
        6.0,
        0.0,
        0.922222980639327,
        0.0,
        0.0,
        0.7690863935679455,
        0.0,
        0.0,
        0.0,
        0.0,
        0.0,
        0.0,
        0.026024062597472423,
        0.4565585210300456,
        0.0,
        0.0,
        0.0,
        0.0,
        0.0,
        0.0,
        0.0,
        0.0,
        0.0,
        0.0,
        0.0,
        0.0,
        0.0,
        1.5434414789699544,
        1.8819561033365715,
        0.0,
        0.0,
        0.0,
        0.0,
        0.0,
        0.0,
        0.15431165618196557,
        0.0,
        0.0,
        0.0,
        0.0,
        0.0,
        1.0910783369101296,
        0.0,
        0.0,
        0.0,
        0.0,
        0.24397986823600915,
        0.0,
        0.05690401367450889,
        4.467656167552002,
        0.0,
        0.0
    ],
    "x_il_presolve": [
        0.0,
        0.0,
        0.0,
        2.291085918353342,
        2.5777184683667445,
        1.4641868725423108,
        0.0,
        0.0,
        0.0,
        0.7089140816466579,
        0.0,
        3.0,
        0.0,
        0.0,
        2.771361447868999,
        0.0,
        0.0,
        0.0,
        7.2496361320312515,
        0.0,
        0.0,
        0.0,
        3.0,
        1.0028213984064782,
        1.997178601593522,
        0.0,
        0.7503638679687488,
        0.0,
        2.7483844088800273,
        0.5801582009310008,
        1.2783508468630111,
        0.0,
        0.0,
        0.0,
        0.0,
        0.0,
        0.0,
        0.0,
        0.7216491531369887,
        0.0,
        0.0,
        0.0,
        3.0,
        0.0,
        0.0,
        1.9971786015935218,
        0.0,
        2.0040547943055658,
        0.0,
        0.0,
        0.0,
        0.0,
        0.0,
        0.0,
        0.0,
        0.0,
        0.0,
        5.4222815316332555,
        0.0,
        0.0,
        0.0,
        0.0,
        0.0,
        0.9959452056944345,
        0.0,
        0.0,
        0.0,
        3.2314599505374795,
        0.0,
        0.0,
        4.895785675454144
    ],
    "x_lj_presolve": [
        0.7084876887929766,
        3.3416096428431334,
        0.0,
        0.8456883438180344,
        0.49021093513978314,
        0.9739759374025276,
        0.0,
        0.0,
        2.0,
        1.0,
        0.0,
        1.251615591119973,
        0.9430959863254911,
        0.8052884225545365,
        2.0,
        0.0,
        0.0,
        0.0,
        0.7483844088800273,
        0.0,
        0.0,
        2.0,
        1.0,
        0.5801582009310008,
        0.0,
        0.0,
        4.133571694456544,
        3.866428305543456,
        0.0,
        0.0,
        0.6649417948538612,
        0.8027143726981409,
        1.5323438324479979,
        2.0,
        6.0,
        0.0,
        2.0,
        1.0,
        0.0,
        0.0,
        0.0,
        0.0,
        0.0,
        1.1468980653976697,
        5.0,
        1.8531019346023303,
        2.0,
        0.0,
        0.0,
        1.0,
        2.0,
        0.0,
        0.0
    ],
    "q_presolve": [
        0.0,
        0.0,
        0.0,
        0.7636953061177807,
        0.32221480854584306,
        1.0,
        0.0,
        0.0,
        0.0,
        0.2363046938822193,
        0.0,
        1.0,
        0.0,
        0.0,
        0.34642018098362487,
        0.0,
        0.0,
        0.0,
        0.9062045165039064,
        0.0,
        0.0,
        0.0,
        1.0,
        0.33427379946882607,
        0.24964732519919025,
        0.0,
        0.0937954834960936,
        0.0,
        1.0,
        1.0,
        0.6391754234315056,
        0.0,
        0.0,
        0.0,
        0.0,
        0.0,
        0.0,
        0.0,
        0.36082457656849437,
        0.0,
        0.0,
        0.0,
        1.0,
        0.0,
        0.0,
        0.6657262005311739,
        0.0,
        0.6680182647685218,
        0.0,
        0.0,
        0.0,
        0.0,
        0.0,
        0.0,
        0.0,
        1.0,
        0.0,
        0.6777851914541569,
        0.0,
        0.0,
        0.0,
        0.0,
        0.0,
        0.3319817352314781,
        0.0,
        0.0,
        0.0,
        0.40393249381718493,
        0.0,
        0.0,
        1.0
    ],