{
    "upper_bound_presolve": -612.8662763439195,
    "x_ij_presolve": [
        0.0,
        1.7619381954537818,
        1.5183759860654567,
        0.0,
        0.0,
        0.0,
        1.8674751807887549,
        0.0,
        0.0,
        0.0,
        0.0,
        0.0,
        0.0,
        0.0,
        0.0,
        0.0,
        0.0,
        0.0,
        0.32410202086424744,
        0.0,
        1.705096101523007,
        0.0,
        0.0,
        0.0,
        0.0,
        0.0,
        0.0,
        2.0,
        0.0,
        0.0,
        0.0,
        0.0,
        0.0,
        0.0,
        0.0,
        0.0,
        0.0,
        0.0,
        0.0,
        0.0,
        0.0,
        0.0,
        0.0,
        0.4816240139345434,
        0.0,
        0.0,
        0.23806180454621817,
        0.0,
        0.0,
        0.0,
        0.0,
        0.0,
        0.0,
        0.0,
        0.0,
        3.0,
        0.0,
        0.0,
        0.1558241271549687,
        2.0,
        0.0,
        0.0,
        0.0,
        0.9155473827412144,
        6.0,
        0.0,
        0.28320018802040275,
        0.0,
        0.0,
        0.6758979791357524,
        0.0,
        0.0,
        0.0,
        0.0,
        0.0,
        0.0,
        0.43463423289240627,
        0.5232265806583829,
        0.0,
        0.0,
        0.0,
        0.0,
        0.0,
        0.0,
        0.0,
        0.0,
        0.0,
        0.0,
        0.0,
        0.0,
        0.0,
        1.476773419341617,
        0.0,
        0.0,
        0.0,
        0.0,
        0.0,
        0.04163647110107559,
        0.0,
        0.0,
        0.0,
        0.0,
        0.0,
        0.0,
        0.0,
        0.0,
        0.0,
        0.0,
        0.0,
        0.0,
        0.00089488487750504,
        0.0,
        0.057660763011299646,
        1.1208577638286288,
        0.0,
        0.0
    ],
    "x_il_presolve": [
        0.0,
        0.0,
        0.0,
        2.029198122387255,
        4.862412948514489,
        0.697890586318839,
        0.0,
        0.0,
        0.0,
        0.9708018776127453,
        0.0,
        3.0,
        0.0,
        0.0,
        2.6927095564562156,
        0.0,
        0.0,
        0.0,
        7.518375986065457,
        0.0,
        0.0,
        0.0,
        3.0,
        1.0264826828110345,
        1.9735173171889657,
        0.0,
        0.48162401393454346,
        0.0,
        0.0,
        0.0,
        2.8441758728450313,
        0.0,
        0.0,
        0.0,
        0.0,
        0.0,
        0.0,
        0.0,
        2.131514778669784,
        0.1925872421944631,
        0.0,
        0.0,
        3.0,
        0.0,
        0.0,
        1.9735173171889653,
        0.0,
        3.0,
        0.0,
        0.0,
        0.0,
        0.0,
        0.0,
        0.0,
        0.0,
        0.0,
        0.0,
        0.0,
        0.0,
        0.0,
        0.0,
        0.0,
        0.0,
        0.0,
        0.0,
        0.0,
        0.0,
        3.3337731263548176,
        3.1375870514855104,
        0.0,
        4.834204612053025
    ],
    "x_lj_presolve": [
        2.0,
        2.026791854247487,
        0.0,
        1.0,
        0.13252481921124518,
        0.5653657671075939,
        0.0,
        0.0,
        2.0,
        0.9583635288989244,
        0.041636471101075635,
        1.0844526172587858,
        0.9423392369887004,
        0.9732081457525138,
        0.0,
        0.0,
        0.0,
        0.0,
        0.0,
        0.0,
        0.0,
        2.0,
        1.0,
        0.0,
        0.0,
        0.0,
        5.716799811979597,
        2.2832001880204036,
        0.0,
        0.0,
        1.999105115122495,
        0.8441758728450314,
        0.15671901203247385,
        2.0,
        6.0,
        0.0,
        2.0,
        1.0,
        0.0,
        0.0,
        0.0,
        0.0,
        0.0,
        0.0,
        5.0,
        2.9999999999999996,
        2.0,
        0.0,
        0.0,
        1.0000000000000002,
        1.9583635288989245,
        3.0173271226158906,
        0.0
    ],
    "q_presolve": [
        0.0,
        0.0,
        0.0,
        0.6763993741290849,
        0.6078016185643111,
        1.0,
        0.0,
        0.0,
        0.0,
        0.32360062587091504,
        0.0,
        1.0,
        0.0,
        0.0,
        0.33658869455702695,
        0.0,
        0.0,
        0.0,
        0.9397969982581821,
        1.0,
        1.0,
        0.0,
        1.0,
        0.34216089427034485,
        0.24668966464862072,
        0.0,
        0.06020300174181793,
        0.0,
        0.0,
        1.0,
        0.5716142887579116,
        0.0,
        0.0,
        0.0,
        0.0,
        0.0,
        0.0,
        0.0,
        0.42838571124208835,
        0.03831215768994547,
        0.0,
        0.0,
        1.0,
        0.0,
        0.0,
        0.6578391057296551,
        0.0,
        1.0,
        0.0,
        0.0,
        0.0,
        0.0,
        0.0,
        0.0,
        0.0,
        0.0,
        0.0,
        0.0,
        0.0,
        0.0,
        0.0,
        0.0,
        0.0,
        0.0,
        0.0,
        0.0,
        0.0,
        0.41672164079435225,
        0.3921983814356888,
        0.0,
        0.9616878423100546
    ],