{
    "upper_bound_presolve": -606.0356760567497,
    "x_ij_presolve": [
        0.0,
        0.0,
        1.4891414061447843,
        0.0,
        0.0,
        0.0,
        1.7833026868442496,
        0.0,
        0.0,
        0.0,
        0.0,
        0.0,
        0.0,
        0.0,
        0.0,
        0.0,
        0.0,
        0.0,
        0.0,
        0.0,
        3.0,
        0.0,
        0.0,
        0.0,
        0.7703989377012308,
        0.35257431965985625,
        0.0,
        1.877026742638913,
        0.0,
        0.0,
        0.0,
        0.0,
        0.0,
        0.0,
        0.0,
        0.0,
        0.0,
        0.0,
        0.0,
        0.0,
        0.0,
        0.0,
        0.0,
        0.5108585938552157,
        0.0,
        0.0,
        0.0,
        0.0,
        0.0,
        0.0,
        0.0,
        0.0,
        0.0,
        0.0,
        0.0,
        0.05256475659088186,
        0.0,
        1.6927831542384466,
        0.19771051765520872,
        2.0,
        0.0,
        0.0,
        0.0,
        0.0,
        6.0,
        0.0,
        0.009511433900897452,
        0.0,
        0.0,
        0.7675204145325685,
        0.0,
        0.0,
        0.0,
        0.0,
        0.0,
        0.0,
        0.11624368768437433,
        0.8159727144576364,
        0.0,
        0.0,
        0.0,
        0.0,
        0.0,
        0.0,
        0.0,
        0.0,
        0.0,
        0.0,
        0.12297325736108729,
        0.0,
        0.0,
        1.1840272855423635,
        0.0,
        0.0,
        0.0,
        0.0,
        0.0,
        0.0,
        0.0,
        0.0,
        0.0,
        0.0,
        0.0,
        0.0,
        0.0,
        1.1510516581798713,
        0.0,
        0.0,
        0.02473825532897966,
        0.0,
        0.09174611754147204,
        0.0,
        0.06432424526775928,
        1.559491706623448,
        0.0,
        0.0
    ],
    "x_il_presolve": [
        0.0,
        0.0,
        0.0,
        3.0,
        4.753036712288506,
        1.1004536254713762,
        0.0,
        0.0,
        0.0,
        0.0,
        0.0,
        3.0,
        0.0,
        0.0,
        2.9657881190681454,
        0.0,
        0.4662221583165872,
        0.0,
        4.5337778416834125,
        0.0,
        0.0,
        0.0,
        3.0,
        0.8975491297522775,
        2.1024508702477225,
        0.0,
        3.0,
        0.0,
        2.947435243409118,
        0.23247958546743147,
        0.8770267426389131,
        0.0,
        0.0,
        0.0,
        0.0,
        0.0,
        0.0,
        0.0,
        0.0,
        1.0015607294602107,
        0.0,
        0.0,
        3.0,
        0.0,
        0.0,
        2.1024508702477225,
        0.0,
        1.9605946782328467,
        0.0,
        0.0,
        0.0,
        0.0,
        0.0,
        0.0,
        0.0,
        0.0,
        0.0,
        0.0,
        0.0,
        0.0,
        0.0,
        0.0,
        0.0,
        1.039405321767154,
        0.0,
        0.0,
        0.0,
        2.931761010684132,
        3.246963287711495,
        0.0,
        3.9619415265339306
    ],
    "x_lj_presolve": [
        2.0,
        1.9635022559941415,
        0.0,
        1.0,
        0.21669731315575047,
        0.8837563123156257,
        0.0,
        0.0,
        1.2296010622987692,
        0.6474256803401438,
        1.122973257361087,
        1.0525647565908818,
        0.9356757547322407,
        1.0117594886768775,
        2.0,
        0.0,
        0.0,
        0.0,
        0.9474352434091181,
        0.0,
        0.0,
        2.0,
        1.0,
        0.0,
        0.23247958546743147,
        0.0,
        4.297705411860656,
        3.702294588139343,
        0.0,
        0.0,
        0.7572022242786567,
        0.8022894823447914,
        1.4405082933765523,
        2.0,
        6.0,
        0.0,
        2.0,
        1.0,
        0.0,
        0.0,
        0.0,
        0.0,
        0.0,
        0.0,
        4.975261744671021,
        3.0247382553289808,
        1.9752617446710206,
        0.0,
        0.0,
        1.0247382553289794,
        0.8770267426389131,
        0.0,
        0.0
    ],
    "q_presolve": [
        0.0,
        0.0,
        0.0,
        1.0,
        0.594129589036063,
        1.0,
        0.0,
        0.0,
        0.0,
        0.0,
        0.0,
        1.0,
        0.0,
        0.0,
        0.37072351488351823,
        0.0,
        0.05827776978957347,
        0.0,
        0.5667222302104266,
        0.0,
        0.0,
        0.0,
        1.0,
        0.2991830432507592,
        0.2628063587809653,
        0.0,
        0.375,
        0.0,
        1.0,
        1.0,
        1.0,
        0.0,
        0.0,
        0.0,
        0.0,
        0.0,
        0.0,
        0.0,
        0.0,
        0.20178508597446132,
        0.0,
        0.0,
        1.0,
        0.0,
        0.0,
        0.7008169567492408,
        0.0,
        0.6535315594109489,
        0.0,
        0.0,
        0.0,
        0.0,
        0.0,
        0.0,
        0.0,
        1.0,
        0.0,
        0.0,
        0.0,
        0.0,
        0.0,
        0.0,
        0.0,
        0.34646844058905124,
        0.0,
        0.0,
        0.0,
        0.3664701263355165,
        0.40587041096393683,
        0.0,
        0.7982149140255387
    ],