{
    "upper_bound_presolve": -605.9394782133687,
    "x_ij_presolve": [
        0.0,
        0.0,
        1.0652127124924116,
        0.0,
        0.0,
        0.0,
        1.782228690154486,
        0.0,
        0.0,
        0.0,
        0.0,
        0.0,
        0.0,
        0.0,
        0.0,
        0.0,
        0.0,
        0.0,
        0.2892707734144962,
        0.0,
        0.0,
        0.0,
        0.0,
        0.0,
        0.8175324708643578,
        0.3234044557761235,
        0.0,
        1.8590630733595186,
        0.0,
        2.7910040980960225,
        0.0,
        0.0,
        0.0,
        0.0,
        0.0,
        0.0,
        0.0,
        0.0,
        0.0,
        0.0,
        0.0,
        0.0,
        0.5053054468699839,
        0.44469279208920603,
        0.0,
        0.0,
        0.0,
        0.0,
        0.0,
        0.0,
        0.0,
        0.0,
        0.0,
        0.0,
        0.0,
        0.37368223840896014,
        0.0,
        2.8788085164884287,
        0.12119148351157129,
        2.0,
        0.0,
        0.0,
        0.0,
        0.0,
        6.0,
        0.0,
        0.4052268915004754,
        0.0,
        0.0,
        0.7107292265855037,
        0.0,
        0.0,
        0.0,
        0.0,
        0.0,
        0.0,
        0.4589654936706392,
        0.8313310606106752,
        0.0,
        0.0,
        0.0,
        0.0,
        0.0,
        0.0,
        0.0,
        0.0,
        0.0,
        0.0,
        0.1409369266404814,
        0.0,
        0.6897869088469469,
        1.1686689393893248,
        0.0,
        0.0,
        0.0,
        0.0,
        0.0,
        0.35375762648953485,
        0.0,
        0.0,
        0.0,
        0.0,
        0.0,
        0.0,
        0.0,
        0.0,
        0.0,
        0.0,
        0.0,
        0.0,
        0.0,
        0.0,
        0.05427523038825062,
        5.104605957235695,
        0.0,
        0.0
    ],
    "x_il_presolve": [
        0.0,
        0.0,
        0.0,
        3.0,
        2.5756015383738267,
        0.7588058161748749,
        0.0,
        0.0,
        3.0,
        0.0,
        0.0,
        3.0,
        0.0,
        0.0,
        0.2089959019039774,
        0.0,
        0.0,
        0.0,
        5.986818470688712,
        0.0,
        0.0,
        0.0,
        3.0,
        1.0501147142800316,
        1.9498852857199684,
        0.0,
        2.0131815293112876,
        0.0,
        2.62631776159104,
        0.0,
        0.0,
        0.0,
        0.0,
        0.0,
        0.0,
        0.0,
        0.0,
        0.0,
        0.0,
        1.1307052001802187,
        0.0,
        0.0,
        3.0,
        0.0,
        0.0,
        1.9498852857199689,
        0.0,
        3.0,
        0.0,
        0.0,
        0.0,
        0.0,
        0.0,
        0.0,
        0.0,
        0.0,
        0.0,
        5.424398461626173,
        0.0,
        0.0,
        0.0,
        0.0,
        0.0,
        0.0,
        0.0,
        0.0,
        0.0,
        2.841118812376054,
        0.0,
        0.0,
        1.972207855568636
    ],
    "x_lj_presolve": [
        2.0,
        0.10291305574885484,
        0.0,
        1.0,
        0.21777130984551407,
        0.5410345063293608,
        0.0,
        0.0,
        1.1824675291356421,
        0.3228379177343416,
        1.4946945531300162,
        1.3736822384089604,
        0.9457247696117494,
        0.6805929919792902,
        2.0,
        0.0,
        0.0,
        0.0,
        0.6263177615910395,
        0.0,
        0.0,
        2.0,
        1.0,
        0.0,
        0.0,
        0.0,
        2.7159645920110966,
        5.284035407988903,
        0.0,
        0.0,
        2.0,
        0.8788085164884287,
        0.12119148351157122,
        2.0,
        6.0,
        0.0,
        2.0,
        1.0,
        0.0,
        0.0,
        0.0,
        0.0,
        0.0,
        0.49009449541838224,
        5.084415650405786,
        2.4254898541758325,
        1.3102130911530532,
        0.0,
        0.7742025592527327,
        0.9155843495942141,
        0.0,
        0.0,
        0.0
    ],
    "q_presolve": [
        0.0,
        0.0,
        0.0,
        1.0,
        0.3219501922967284,
        1.0,
        0.0,
        0.0,
        0.375,
        0.0,
        0.0,
        1.0,
        0.0,
        0.0,
        0.026124487737997176,
        0.0,
        0.0,
        0.0,
        0.748352308836089,
        0.0,
        0.0,
        0.0,
        1.0,
        0.35003823809334383,
        0.24373566071499606,
        0.0,
        0.25164769116391095,
        0.0,
        1.0,
        1.0,
        0.0,
        0.0,
        0.0,
        0.0,
        0.0,
        0.0,
        0.0,
        0.0,
        0.0,
        0.3644011868412907,
        0.0,
        0.0,
        1.0,
        0.0,
        0.0,
        0.6499617619066561,
        0.0,
        1.0,
        0.0,
        0.0,
        0.0,
        0.0,
        0.0,
        0.0,
        0.0,
        1.0,
        0.0,
        0.6780498077032716,
        0.0,
        0.0,
        0.0,
        0.0,
        0.0,
        0.0,
        0.0,
        0.0,
        0.0,
        0.3551398515470067,
        0.0,
        1.0,
        0.6355988131587094
    ],