{
    "upper_bound_presolve": -621.983189873594,
    "x_ij_presolve": [
        0.0,
        0.0,
        1.2524399048841297,
        0.0,
        0.0,
        0.0,
        1.5932495017985413,
        0.0,
        0.0,
        0.0,
        0.0,
        0.0,
        0.0,
        0.0,
        0.0,
        0.0,
        0.0,
        0.0,
        0.0,
        0.0,
        3.0,
        0.0,
        0.0,
        0.0,
        0.0,
        0.0,
        0.0,
        2.0,
        0.0,
        0.0,
        0.0,
        0.0,
        0.0,
        0.0,
        0.0,
        0.0,
        0.0,
        0.0,
        0.0,
        0.0,
        0.0,
        0.0,
        0.0,
        0.7475600951158691,
        0.0,
        0.0,
        0.0,
        0.0,
        0.0,
        0.0,
        0.0,
        0.0,
        0.0,
        0.0,
        0.0,
        0.33001537355079696,
        0.0,
        0.9405306500174855,
        0.07769563139872233,
        2.0,
        0.0,
        0.0,
        0.0,
        0.0,
        6.0,
        0.0,
        0.0,
        0.0,
        0.0,
        0.8056409796366326,
        0.0,
        0.0,
        0.0,
        0.0,
        0.0,
        0.0,
        0.3657964699333928,
        0.9843099119885006,
        0.0,
        0.0,
        0.0,
        0.0,
        0.0,
        0.0,
        0.0,
        0.0,
        0.0,
        0.0,
        0.0,
        0.0,
        0.0,
        0.0,
        0.0,
        0.0,
        0.0,
        0.0,
        0.0,
        0.0,
        0.0,
        0.0,
        0.0,
        0.0,
        0.0,
        0.0,
        0.0,
        1.194831070930467,
        0.0,
        0.0,
        0.19135231273137943,
        0.0,
        0.0029102432976121106,
        0.0,
        0.0,
        1.7245630543731985,
        0.0,
        0.0
    ],
    "x_il_presolve": [
        0.0,
        0.0,
        0.0,
        2.3802488510414355,
        4.442327196618336,
        1.0409540282680658,
        0.0,
        0.0,
        0.36927291293621584,
        0.0,
        0.0,
        3.0,
        0.0,
        0.0,
        3.0,
        0.0,
        0.0,
        0.0,
        7.25243990488413,
        0.0,
        0.0,
        0.0,
        3.0,
        1.0841268118837424,
        1.9158731881162578,
        0.0,
        0.7475600951158722,
        0.0,
        2.669984626449203,
        0.19435902036336736,
        1.1676635492618601,
        0.6197511489585645,
        0.0,
        0.0,
        0.0,
        0.0,
        0.0,
        0.0,
        0.8323364507381399,
        0.0,
        0.0,
        0.0,
        3.0,
        0.0,
        0.0,
        1.9158731881162576,
        0.0,
        3.0,
        0.0,
        0.0,
        0.0,
        0.0,
        0.0,
        0.0,
        1.6975628592387006,
        0.0,
        0.0,
        0.0,
        0.0,
        0.0,
        0.0,
        0.0,
        0.0,
        0.0,
        0.0,
        0.0,
        0.0,
        2.7148538989475277,
        3.5576728033816623,
        0.0,
        5.138663060819419
    ],
    "x_lj_presolve": [
        2.0,
        2.1386630608194186,
        0.0,
        1.0,
        0.4067504982014586,
        0.6342035300666071,
        0.0,
        0.0,
        2.0,
        1.0,
        0.0,
        1.3300153735507974,
        1.0,
        0.6699846264492028,
        2.0,
        0.0,
        0.0,
        0.0,
        0.6699846264492026,
        0.0,
        0.0,
        2.0,
        1.0,
        0.0,
        0.19435902036336736,
        0.0,
        5.059469349982515,
        2.940530650017485,
        0.0,
        0.0,
        0.802258685771921,
        0.9223043686012776,
        1.2754369456268013,
        2.0,
        6.0,
        0.0,
        2.0,
        1.0,
        0.0,
        0.0,
        1.0156900880114994,
        0.6818727712272012,
        0.0,
        0.0,
        4.80864768726862,
        3.1913523127313788,
        1.8086476872686206,
        0.0,
        0.0,
        1.1913523127313794,
        2.0,
        0.0,
        0.0
    ],
    "q_presolve": [
        0.0,
        0.0,
        0.0,
        0.7934162836804785,
        0.555290899577292,
        1.0,
        0.0,
        0.0,
        0.04615911411702697,
        0.0,
        0.0,
        1.0,
        0.0,
        0.0,
        0.3749999999999999,
        0.0,
        0.0,
        0.0,
        0.906554988110516,
        0.0,
        0.0,
        0.0,
        1.0,
        0.36137560396124746,
        0.23948414851453223,
        0.0,
        0.09344501188948402,
        0.0,
        1.0,
        1.0,
        0.5838317746309301,
        0.2065837163195215,
        0.0,
        0.0,
        0.0,
        0.0,
        0.0,
        0.0,
        0.41616822536906994,
        0.0,
        0.0,
        0.0,
        1.0,
        0.0,
        0.0,
        0.6386243960387525,
        0.0,
        1.0,
        0.0,
        0.0,
        0.0,
        0.0,
        0.0,
        0.0,
        1.0,
        0.0,
        0.0,
        0.0,
        0.0,
        0.0,
        0.0,
        0.0,
        0.0,
        0.0,
        0.0,
        0.0,
        0.0,
        0.33935673736844096,
        0.44470910042270795,
        0.0,
        1.0
    ],