{
    "upper_bound_presolve": -627.8970155094722,
    "x_ij_presolve": [
        0.0,
        0.0,
        1.3605210781284054,
        0.0,
        1.0201591393375453,
        0.0,
        1.256586340877761,
        0.0,
        0.0,
        0.0,
        0.0,
        0.0,
        0.0,
        0.0,
        0.0,
        0.0,
        0.0,
        0.0,
        0.22410205430881305,
        0.0,
        0.0,
        0.0,
        0.0,
        0.0,
        0.0,
        0.0,
        0.0,
        2.0,
        0.0,
        0.0,
        0.0,
        0.0,
        0.0,
        0.0,
        0.0,
        0.0,
        0.0,
        0.0,
        0.0,
        0.0,
        0.0,
        0.0,
        0.0,
        0.6394789218715947,
        0.0,
        0.0,
        0.0,
        0.0,
        0.0,
        0.0,
        0.0,
        0.0,
        0.0,
        0.0,
        0.0,
        0.6725580290854588,
        0.0,
        1.6631477093814604,
        0.10262809896189731,
        2.0,
        0.0,
        0.0,
        0.0,
        0.0,
        6.0,
        0.0,
        0.0,
        0.0,
        0.0,
        0.775897945691187,
        0.0,
        0.0,
        0.0,
        0.0,
        0.0,
        0.0,
        0.10795713490228506,
        1.2584941529823743,
        0.0,
        0.0,
        0.0,
        0.0,
        0.0,
        0.0,
        0.0,
        0.0,
        0.0,
        0.053070333246930015,
        0.0,
        0.0,
        0.0,
        0.0,
        0.0,
        0.0,
        0.0,
        0.0,
        0.0,
        0.0,
        0.0,
        0.21036093758215485,
        0.0,
        0.0,
        0.0,
        0.0,
        0.0,
        0.8503129758171226,
        0.0,
        0.0,
        0.6225998573699296,
        0.0,
        0.17678949687926848,
        0.0,
        0.0,
        4.870269428341712,
        0.0,
        0.0
    ],
    "x_il_presolve": [
        0.0,
        0.0,
        0.0,
        2.32716563455351,
        2.963103179170783,
        1.6354565242199537,
        0.0,
        0.0,
        2.594793235934837,
        0.6728343654464904,
        0.0,
        3.0,
        0.0,
        0.0,
        3.0,
        0.0,
        0.0,
        0.0,
        7.360521078128405,
        0.0,
        0.1284996225598855,
        0.0,
        3.0,
        0.6764569090113705,
        2.3235430909886294,
        0.0,
        0.6394789218715955,
        0.0,
        2.327441970914541,
        0.0,
        1.234224191656642,
        0.0,
        0.0,
        0.0,
        0.0,
        0.0,
        0.0,
        0.0,
        0.7657758083433578,
        0.0,
        0.0,
        0.0,
        2.94692966675307,
        0.0,
        0.0,
        2.3235430909886294,
        0.0,
        3.0,
        0.0,
        0.0,
        0.0,
        0.0,
        0.0,
        0.0,
        2.2773004859908204,
        0.0,
        0.0,
        0.0,
        0.0,
        0.0,
        0.0,
        0.0,
        0.0,
        0.0,
        0.0,
        0.0,
        0.0,
        0.08166367307653381,
        2.871277401702487,
        0.0,
        5.98505751392256
    ],
    "x_lj_presolve": [
        0.9798408606624547,
        4.21557759084226,
        0.0,
        0.7896390624178452,
        0.7434136591222389,
        0.8920428650977149,
        0.0,
        0.0,
        2.0,
        1.0,
        0.0,
        1.672558029085459,
        1.0,
        0.3274419709145412,
        2.0,
        0.0,
        0.0,
        0.0,
        0.32744197091454125,
        0.0,
        0.0,
        2.0,
        1.0,
        0.0,
        0.0,
        0.0,
        4.336852290618539,
        3.6631477093814606,
        0.0,
        0.0,
        0.972897527303609,
        0.8973719010381027,
        1.1297305716582882,
        2.0,
        6.0,
        0.0,
        1.94692966675307,
        1.0,
        0.0,
        0.0,
        0.7415058470176257,
        1.6642942615330802,
        0.0,
        0.0,
        4.377400142630071,
        1.4569804382431992,
        1.3774001426300706,
        0.0,
        0.0,
        1.6225998573699294,
        2.0,
        0.0,
        0.0
    ],
    "q_presolve": [
        0.0,
        0.0,
        0.0,
        0.7757218781845033,
        0.5078693681527501,
        1.0,
        0.0,
        0.0,
        0.32434915449185464,
        0.22427812181549678,
        0.0,
        1.0,
        0.0,
        0.0,
        0.375,
        0.0,
        0.0,
        0.0,
        0.9200651347660507,
        0.0,
        0.05341242695233555,
        0.0,
        1.0,
        0.22548563633712349,
        0.2904428863735787,
        0.0,
        0.07993486523394944,
        0.0,
        1.0,
        1.0,
        0.617112095828321,
        0.0,
        0.0,
        0.0,
        0.0,
        0.0,
        0.0,
        0.0,
        0.3828879041716789,
        0.0,
        0.0,
        0.0,
        1.0,
        0.0,
        0.0,
        0.7745143636628765,
        0.0,
        1.0,
        0.0,
        0.0,
        0.0,
        0.0,
        0.0,
        0.0,
        0.9465875730476645,
        0.0,
        0.0,
        0.0,
        0.0,
        0.0,
        0.0,
        0.0,
        0.0,
        0.0,
        0.0,
        0.0,
        0.0,
        0.010207959134566727,
        0.4921306318472497,
        0.0,
        1.0
    ],