{
    "upper_bound_presolve": -603.2139750581364,
    "x_ij_presolve": [
        0.0,
        1.8116981425072476,
        1.628250156613436,
        0.0,
        0.0,
        0.0,
        1.436952128930239,
        0.0,
        0.0,
        0.0,
        0.0,
        0.0,
        0.0,
        0.0,
        0.0,
        0.0,
        0.0,
        0.0,
        0.24629905688366235,
        0.0,
        0.0,
        0.0,
        0.0,
        0.0,
        0.0,
        0.0,
        0.0,
        2.0,
        0.0,
        2.3190056725241197,
        0.0,
        0.0,
        0.0,
        0.0,
        0.0,
        0.0,
        0.0,
        0.0,
        0.0,
        0.0,
        0.0,
        0.0,
        0.0,
        0.37174984338656397,
        0.0,
        0.0,
        0.051557556871515815,
        0.0,
        0.0,
        0.0,
        0.0,
        0.0,
        0.0,
        0.0,
        0.0,
        3.0,
        0.0,
        0.0,
        0.0,
        2.0,
        0.0,
        0.0,
        0.0,
        0.8846887755694652,
        6.0,
        0.0,
        0.0,
        0.0,
        0.0,
        0.7537009431163376,
        0.0,
        0.0,
        0.0,
        0.0,
        0.0,
        0.0,
        0.3725116324970013,
        0.4166112407924544,
        0.0,
        0.0,
        0.0,
        0.0,
        0.0,
        0.0,
        0.0,
        0.0,
        0.0,
        0.1367443006212365,
        0.0,
        0.0,
        0.0,
        1.5833887592075457,
        0.012450064878496212,
        0.0,
        0.0,
        0.0,
        0.0,
        0.1568099135298701,
        0.0,
        0.0,
        0.0,
        0.0,
        0.0,
        0.0,
        0.0,
        0.38796077282328045,
        0.0,
        0.0,
        0.0,
        0.0,
        0.0,
        0.0,
        0.05745190201530074,
        2.4939561365699525,
        0.0,
        0.0
    ],
    "x_il_presolve": [
        0.0,
        0.0,
        0.0,
        2.2938316712456124,
        5.006257378988696,
        1.1905362385727596,
        0.148293476553574,
        0.0,
        2.589816172894955,
        0.7061683287543877,
        0.0,
        3.0,
        0.0,
        0.0,
        0.6809943274758805,
        0.0,
        0.0,
        0.0,
        6.188717223985464,
        0.0,
        0.0,
        0.0,
        2.851706523446426,
        0.7256598407742816,
        2.2743401592257184,
        0.0,
        1.8112827760145358,
        0.0,
        0.0,
        0.0,
        3.0,
        0.0,
        0.0,
        0.0,
        0.0,
        0.0,
        0.0,
        0.0,
        1.6935335245320582,
        0.5527655323516043,
        0.0,
        0.0,
        3.0,
        0.0,
        0.0,
        2.2743401592257184,
        0.0,
        3.0,
        0.0,
        0.0,
        0.0,
        0.0,
        0.0,
        0.0,
        0.0,
        0.0,
        0.0,
        0.0,
        0.0,
        0.0,
        0.0,
        0.0,
        0.0,
        0.0,
        0.0,
        0.0,
        0.0,
        2.4548493404034453,
        2.9937426210113025,
        0.0,
        2.4472344676483955
    ],
    "x_lj_presolve": [
        2.0,
        0.0,
        0.0,
        1.0,
        0.563047871069761,
        0.6274883675029987,
        0.0,
        0.0,
        2.0,
        0.8431900864701299,
        0.15680991352987034,
        1.1153112244305348,
        0.9425480979846993,
        0.9421406775847659,
        0.0,
        0.0,
        0.0,
        0.0,
        0.0,
        0.0,
        0.0,
        2.0,
        1.0,
        0.0,
        0.0,
        0.0,
        6.0,
        1.9934066975640476,
        0.0,
        0.006593302435952565,
        1.6120392271767194,
        0.9934066975640475,
        0.39455407525923286,
        2.0,
        6.0,
        0.0,
        1.8632556993787635,
        1.0,
        0.0,
        0.13674430062123666,
        0.0,
        0.0,
        0.0,
        0.0,
        5.261146350108886,
        2.7388536498911145,
        2.0,
        0.0,
        0.2611463501088858,
        0.7388536498911141,
        1.8431900864701298,
        2.8503434380619286,
        0.0
    ],
    "q_presolve": [
        0.0,
        0.0,
        0.0,
        0.7646105570818708,
        0.6257821723735871,
        1.0,
        0.049431158851191336,
        0.0,
        0.3237270216118694,
        0.23538944291812922,
        0.0,
        1.0,
        0.0,
        0.0,
        0.08512429093448506,
        0.0,
        0.0,
        0.0,
        0.773589652998183,
        1.0,
        0.0,
        0.0,
        0.9505688411488087,
        0.2418866135914272,
        0.2842925199032148,
        0.0,
        0.22641034700181695,
        0.0,
        0.0,
        1.0,
        0.639177281747252,
        0.0,
        0.0,
        0.0,
        0.0,
        0.0,
        0.0,
        0.0,
        0.360822718252748,
        0.18425517745053474,
        0.0,
        0.0,
        1.0,
        0.0,
        0.0,
        0.7581133864085728,
        0.0,
        1.0,
        0.0,
        0.0,
        0.0,
        0.0,
        0.0,
        0.0,
        0.0,
        1.0,
        0.0,
        0.0,
        0.0,
        0.0,
        0.0,
        0.0,
        0.0,
        0.0,
        0.0,
        0.0,
        0.0,
        0.30685616755043066,
        0.3742178276264128,
        0.0,
        0.8157448225494652
    ],