{
    "upper_bound_presolve": -595.0472447441864,
    "x_ij_presolve": [
        0.0,
        0.493486306991135,
        1.635181537713255,
        0.0,
        0.5278358362141813,
        0.0,
        1.6177898247400144,
        0.0,
        0.0,
        0.0,
        0.0,
        0.0,
        0.0,
        0.0,
        0.0,
        0.0,
        0.0,
        0.0,
        0.28644876577590567,
        0.0,
        0.0,
        0.0,
        0.0,
        0.0,
        0.0,
        0.0,
        0.0,
        2.0,
        0.0,
        0.0,
        0.0,
        0.0,
        0.0,
        0.0,
        0.0,
        0.0,
        0.0,
        0.0,
        0.0,
        0.0,
        0.0,
        0.0,
        0.0,
        0.3648184622867449,
        0.0,
        0.0,
        0.0,
        0.0,
        0.0,
        0.0,
        0.0,
        0.0,
        0.0,
        0.0,
        0.0,
        1.006653552462515,
        0.0,
        1.4998167046134785,
        0.24210039927270421,
        1.9288715939203485,
        0.0,
        0.0,
        0.0,
        0.0,
        6.0,
        0.0,
        0.36569065162580244,
        0.0,
        0.0,
        0.7135512342240943,
        0.0,
        0.0,
        0.0,
        0.0,
        0.0,
        0.0,
        0.40689013057295237,
        0.6621618978757221,
        0.0,
        0.0,
        0.0,
        0.0,
        0.0,
        0.0,
        0.0,
        0.0,
        0.0,
        0.25091735595163633,
        0.0,
        0.0,
        0.0,
        1.337838102124278,
        0.0,
        0.0,
        0.0,
        0.0,
        0.0,
        0.0,
        0.0,
        0.0,
        0.0,
        0.0,
        0.0,
        0.0,
        0.0,
        1.0144218664984226,
        0.0,
        0.0,
        0.0,
        0.0,
        0.27657597401817985,
        0.0,
        0.04931636082231256,
        4.4669017602106935,
        0.0,
        0.0
    ],
    "x_il_presolve": [
        0.0,
        0.0,
        0.0,
        2.028831285498873,
        1.644231657197144,
        0.9753200446870333,
        0.6986353011408444,
        0.0,
        0.0,
        0.9711687145011272,
        0.0,
        3.0,
        0.0,
        0.0,
        2.1749323283260247,
        0.0,
        0.0,
        0.0,
        5.037435866609624,
        0.0,
        0.0,
        0.0,
        2.301364698859156,
        0.0,
        3.0,
        0.0,
        2.9625641333903774,
        0.0,
        1.993346447537485,
        0.0,
        1.2580828961138173,
        0.0,
        0.0,
        0.0,
        0.0,
        0.0,
        0.0,
        0.0,
        0.7419171038861827,
        0.0,
        0.0,
        0.0,
        2.7490826440483636,
        0.0,
        0.0,
        0.0,
        0.0,
        1.13187501852206,
        0.0,
        0.0,
        0.0,
        0.0,
        0.0,
        0.0,
        0.0,
        0.0,
        0.0,
        5.963711415936467,
        0.0,
        0.0,
        0.0,
        0.0,
        0.0,
        1.86812498147794,
        0.07112840607965167,
        0.0,
        0.0,
        2.825067671673975,
        0.0,
        0.0,
        5.328071975301287
    ],
    "x_lj_presolve": [
        1.4721641637858187,
        2.8559078115154692,
        0.0,
        1.0,
        0.3822101752599857,
        0.5931098694270476,
        0.0,
        0.0,
        2.0,
        1.0,
        0.0,
        1.5131672454713805,
        0.9506836391776874,
        0.5361491153509323,
        1.5065136930088652,
        0.0,
        0.0,
        0.0,
        0.48683275452861974,
        0.0,
        0.0,
        0.0,
        0.0,
        0.07112840607965167,
        0.0,
        0.0,
        4.134492643760718,
        3.865507356239283,
        0.0,
        0.0,
        0.7090021594833975,
        0.7578996007272958,
        1.533098239789307,
        2.0,
        6.0,
        0.0,
        1.7490826440483636,
        1.0,
        0.0,
        0.0,
        0.0,
        0.0,
        0.0,
        0.0,
        5.0,
        2.607943073133598,
        2.0,
        0.0,
        0.0,
        1.0000000000000002,
        2.0,
        0.0,
        0.0
    ],
    "q_presolve": [
        0.0,
        0.0,
        0.0,
        0.6762770951662909,
        0.2161203943551472,
        1.0,
        0.23287843371361477,
        0.0,
        0.0,
        0.3237229048337091,
        0.0,
        1.0,
        0.0,
        0.0,
        0.2718665410407531,
        0.0,
        0.0,
        0.0,
        0.629679483326203,
        0.0,
        0.0,
        0.0,
        0.7671215662863853,
        1.0,
        0.375,
        0.0,
        0.37032051667379706,
        0.0,
        1.0,
        0.0,
        0.6290414480569086,
        0.0,
        0.0,
        0.0,
        0.0,
        0.0,
        0.0,
        0.0,
        0.37095855194309135,
        0.0,
        0.0,
        0.0,
        1.0,
        0.0,
        0.0,
        0.0,
        0.0,
        0.3772916728406866,
        0.0,
        0.0,
        0.0,
        0.0,
        0.0,
        0.0,
        0.0,
        1.0,
        0.0,
        0.7838796056448545,
        0.0,
        0.0,
        0.0,
        0.0,
        0.0,
        0.6227083271593133,
        1.0,
        0.0,
        0.0,
        0.35313345895924686,
        0.0,
        0.0,
        1.0
    ],