{
    "upper_bound_presolve": -616.1931406184174,
    "x_ij_presolve": [
        0.0,
        0.0,
        1.48306958704649,
        0.0,
        0.0,
        0.0,
        1.75372776768647,
        0.0,
        0.0,
        0.0,
        0.0,
        0.0,
        0.0,
        0.0,
        0.0,
        0.0,
        0.0,
        0.0,
        0.22721747793181368,
        0.0,
        0.0,
        0.0,
        0.0,
        0.0,
        0.0,
        0.0,
        0.0,
        2.0,
        0.0,
        0.0,
        0.0,
        0.0,
        0.0,
        0.0,
        0.0,
        0.0,
        0.0,
        0.0,
        0.0,
        0.0,
        0.0,
        0.0,
        0.0,
        0.5169304129535099,
        0.0,
        0.0,
        0.0,
        0.0,
        0.0,
        0.0,
        0.0,
        0.0,
        0.0,
        0.0,
        0.0,
        0.31879585026833934,
        0.0,
        0.12550466173739952,
        0.10762058368589779,
        1.448792380640845,
        0.0,
        0.0,
        0.0,
        0.0,
        6.0,
        0.0,
        0.0,
        0.0,
        0.0,
        0.7727825220681863,
        0.0,
        0.0,
        0.0,
        0.0,
        0.0,
        0.0,
        0.29337184452443216,
        1.0080416026765027,
        0.0,
        0.0,
        0.0,
        0.0,
        0.0,
        0.0,
        0.0,
        0.0,
        0.0,
        0.19257408375679697,
        0.0,
        0.0,
        0.0,
        0.0,
        0.0,
        0.0,
        0.0,
        0.0,
        0.0,
        0.0,
        0.0,
        0.0,
        0.0,
        0.0,
        0.0,
        0.0,
        0.0,
        1.2443687215944053,
        0.0,
        0.0,
        0.23780425116410905,
        0.0,
        0.07274044979048697,
        0.0,
        0.0,
        2.8314057096167695,
        0.0,
        0.0
    ],
    "x_il_presolve": [
        0.0,
        0.0,
        0.0,
        2.3052229923803527,
        4.560171536786038,
        0.9529003877890979,
        0.0,
        0.0,
        1.3245308095103971,
        0.6947770076196472,
        0.0,
        3.0,
        0.0,
        0.0,
        3.0,
        0.0,
        0.0,
        0.0,
        7.48306958704649,
        0.0,
        1.507525770470721,
        0.0,
        3.0,
        0.9805561868891802,
        2.01944381311082,
        0.0,
        0.5169304129535107,
        0.0,
        2.6812041497316605,
        0.5512076193591552,
        2.2156671352175477,
        0.0,
        0.0,
        0.0,
        0.0,
        0.0,
        0.0,
        0.0,
        1.5281974000948935,
        0.6990200778369201,
        0.0,
        0.0,
        2.8074259162432034,
        0.0,
        0.0,
        2.0194438131108194,
        0.0,
        2.9328109525146204,
        0.0,
        0.0,
        0.0,
        0.0,
        0.0,
        0.0,
        3.0401321148470366,
        0.0,
        0.0,
        0.0,
        0.0,
        0.0,
        0.0,
        0.0,
        0.0,
        0.06718904748537956,
        0.0,
        0.0,
        0.0,
        1.656025377378783,
        3.4398284632139613,
        0.0,
        4.3819715212673085
    ],
    "x_lj_presolve": [
        2.0,
        2.080991599104229,
        0.0,
        1.0,
        0.24627223231353004,
        0.7066281554755679,
        0.0,
        0.0,
        2.0,
        1.0,
        0.0,
        1.3187958502683392,
        1.0,
        0.681204149731661,
        2.0,
        0.0,
        0.0,
        0.0,
        0.6812041497316607,
        0.0,
        0.0,
        2.0,
        1.0,
        0.5512076193591552,
        0.0,
        0.0,
        5.874495338262601,
        2.1255046617374003,
        0.0,
        0.0,
        0.6828908286151079,
        0.8923794163141022,
        1.42472975507079,
        2.0,
        6.0,
        0.0,
        1.8074259162432031,
        1.0,
        0.0,
        0.0,
        0.9919583973234973,
        3.5556994879942607,
        0.0,
        0.0,
        4.762195748835891,
        3.2378042511641096,
        1.762195748835891,
        0.0,
        0.0,
        1.237804251164109,
        2.0,
        1.743864535312441,
        0.0
    ],
    "q_presolve": [
        0.0,
        0.0,
        0.0,
        0.7684076641267843,
        0.5700214420982548,
        1.0,
        0.0,
        0.0,
        0.16556635118879964,
        0.23159233587321573,
        0.0,
        1.0,
        0.0,
        0.0,
        0.375,
        0.0,
        0.0,
        0.0,
        0.9353836983808113,
        0.0,
        0.33149498235955943,
        0.0,
        1.0,
        0.32685206229639346,
        0.2524304766388525,
        0.0,
        0.06461630161918884,
        0.0,
        1.0,
        1.0,
        0.5918128485470537,
        0.0,
        0.0,
        0.0,
        0.0,
        0.0,
        0.0,
        0.0,
        0.4081871514529462,
        0.13757552324238365,
        0.0,
        0.0,
        1.0,
        0.0,
        0.0,
        0.6731479377036065,
        0.0,
        0.9776036508382068,
        0.0,
        0.0,
        0.0,
        0.0,
        0.0,
        0.0,
        0.6685050176404407,
        0.0,
        0.0,
        0.0,
        0.0,
        0.0,
        0.0,
        0.0,
        0.0,
        0.022396349161793182,
        0.0,
        0.0,
        0.0,
        0.20700317217234787,
        0.42997855790174516,
        0.0,
        0.8624244767576162
    ],