{
    "upper_bound_presolve": -609.7681538581606,
    "x_ij_presolve": [
        0.0,
        0.0,
        1.4757847427986408,
        0.0,
        0.0,
        0.0,
        1.6963094156636775,
        0.0,
        0.0,
        0.0,
        0.0,
        0.0,
        0.0,
        0.0,
        0.0,
        0.0,
        0.0,
        0.0,
        0.25350716994002226,
        0.0,
        0.0,
        0.0,
        0.0,
        0.0,
        0.0,
        0.0,
        0.0,
        2.0,
        0.0,
        1.7800409312192509,
        0.0,
        0.0,
        0.0,
        0.0,
        0.0,
        0.0,
        0.0,
        0.0,
        0.0,
        0.0,
        0.0,
        0.0,
        0.0,
        0.5242152572013593,
        0.0,
        0.0,
        0.0,
        0.0,
        0.0,
        0.0,
        0.0,
        0.0,
        0.0,
        0.0,
        0.0,
        0.5646013787197198,
        0.0,
        0.03430436792449519,
        0.2600674445868029,
        2.0,
        0.0,
        0.0,
        0.0,
        0.0,
        6.0,
        0.0,
        0.7172677254853573,
        0.0,
        0.0,
        0.7464928300599778,
        0.0,
        0.0,
        0.0,
        0.0,
        0.0,
        0.0,
        0.14837433799502225,
        0.40369513013780506,
        0.0,
        0.0,
        0.0,
        0.0,
        0.0,
        0.0,
        0.0,
        0.0,
        0.0,
        0.0,
        0.0,
        0.0,
        0.0,
        1.5963048698621949,
        1.3512979726611747,
        0.0,
        0.0,
        0.0,
        0.0,
        0.0,
        0.0,
        0.0,
        0.0,
        0.0,
        0.0,
        0.0,
        0.0,
        1.2207053194501376,
        0.0,
        0.0,
        0.14816401690652561,
        0.0,
        0.20470454669063134,
        0.0,
        0.0,
        2.3517919201013715,
        0.0,
        0.0
    ],
    "x_il_presolve": [
        0.0,
        0.0,
        0.0,
        2.2479779566706815,
        5.212700699270201,
        1.1553162463413003,
        0.0,
        0.0,
        2.0661826999858772,
        0.7520220433293188,
        0.0,
        3.0,
        0.0,
        0.0,
        1.2199590687807493,
        0.0,
        0.0,
        0.0,
        7.475784742798641,
        0.0,
        0.0,
        0.0,
        3.0,
        0.9423460012448224,
        2.057653998755178,
        0.0,
        0.5242152572013584,
        0.0,
        2.4353986212802803,
        0.0,
        2.705628187488702,
        0.0,
        0.0,
        0.0,
        0.0,
        0.0,
        0.0,
        0.0,
        1.2571025816823547,
        0.9964045882576675,
        0.0,
        0.0,
        3.0,
        0.0,
        0.0,
        2.0576539987551774,
        0.0,
        1.0493311073905827,
        0.0,
        0.0,
        0.0,
        0.0,
        0.0,
        0.0,
        0.0,
        0.0,
        0.0,
        0.0,
        0.0,
        0.0,
        0.0,
        0.0,
        0.0,
        1.9506688926094176,
        0.0,
        0.0,
        0.0,
        2.6562042324781974,
        2.7872993007297997,
        0.0,
        2.6399918423362756
    ],
    "x_lj_presolve": [
        2.0,
        0.6363964305939432,
        0.0,
        1.0,
        0.3036905843363226,
        0.8516256620049778,
        0.0,
        0.0,
        2.0,
        1.0,
        0.0,
        1.5646013787197202,
        1.0,
        0.4353986212802797,
        2.0,
        0.0,
        0.0,
        0.0,
        0.43539862128027995,
        0.0,
        0.0,
        2.0,
        1.0,
        0.0,
        0.0,
        0.0,
        5.2484279065901465,
        2.751572093409853,
        0.0,
        0.0,
        0.5745901338592309,
        0.739932555413197,
        1.685477310727572,
        2.0,
        6.0,
        0.0,
        2.0,
        1.0,
        0.0,
        0.0,
        0.0,
        0.0,
        0.0,
        0.0,
        4.8518359830934745,
        3.148164016906526,
        1.8518359830934745,
        0.0,
        0.0,
        1.1481640169065255,
        2.0,
        1.9627307691710565,
        0.0
    ],
    "q_presolve": [
        0.0,
        0.0,
        0.0,
        0.7493259855568938,
        0.6515875874087751,
        1.0,
        0.0,
        0.0,
        0.25827283749823465,
        0.2506740144431062,
        0.0,
        1.0,
        0.0,
        0.0,
        0.15249488359759367,
        0.0,
        0.0,
        0.0,
        0.9344730928498302,
        0.0,
        0.0,
        0.0,
        1.0,
        0.3141153337482741,
        0.25720674984439723,
        0.0,
        0.0655269071501698,
        0.0,
        1.0,
        1.0,
        0.6827686121241788,
        0.0,
        0.0,
        0.0,
        0.0,
        0.0,
        0.0,
        0.0,
        0.31723138787582117,
        0.27400879064632727,
        0.0,
        0.0,
        1.0,
        0.0,
        0.0,
        0.6858846662517258,
        0.0,
        0.34977703579686087,
        0.0,
        0.0,
        0.0,
        0.0,
        0.0,
        0.0,
        0.0,
        1.0,
        0.0,
        0.0,
        0.0,
        0.0,
        0.0,
        0.0,
        0.0,
        0.6502229642031392,
        0.0,
        0.0,
        0.0,
        0.33202552905977467,
        0.348412412591225,
        0.0,
        0.7259912093536728
    ],