{
    "upper_bound_presolve": -630.0639872972947,
    "x_ij_presolve": [
        0.0,
        0.0,
        1.36528364853469,
        0.0,
        0.0,
        0.0,
        1.0725788677437207,
        0.0,
        0.0,
        0.0,
        0.0,
        0.0,
        0.0,
        0.0,
        0.0,
        0.0,
        0.0,
        0.0,
        0.22317106665785044,
        0.0,
        0.0,
        0.0,
        0.0,
        0.0,
        0.0,
        0.0,
        0.0,
        2.0,
        0.0,
        0.0,
        0.0,
        0.0,
        0.0,
        0.0,
        0.0,
        0.0,
        0.0,
        0.0,
        0.0,
        0.0,
        0.0,
        0.0,
        0.0,
        0.6347163514653101,
        0.0,
        0.0,
        0.0,
        0.0,
        0.0,
        0.0,
        0.0,
        0.0,
        0.0,
        0.0,
        0.0,
        0.2701190361840834,
        0.0,
        0.0,
        0.0,
        2.0,
        0.0,
        0.0,
        0.0,
        0.0,
        6.0,
        0.0,
        0.0,
        0.0,
        0.0,
        0.7768289333421495,
        0.0,
        0.0,
        0.0,
        0.0,
        0.0,
        0.0,
        0.02628428327669684,
        0.9859391350309907,
        0.0,
        0.0,
        0.0,
        0.0,
        0.0,
        0.0,
        0.0,
        0.0,
        0.0,
        0.0,
        0.0,
        0.0,
        0.0,
        0.0,
        0.0,
        0.0,
        0.0,
        0.0,
        0.0,
        0.12503124912422894,
        0.0,
        0.0,
        0.0,
        0.0,
        0.0,
        0.0,
        0.0,
        0.0,
        0.0,
        0.0,
        0.0,
        0.0,
        0.04977325025675023,
        0.0,
        0.038663437974372654,
        2.328305740522384,
        0.0,
        0.0
    ],
    "x_il_presolve": [
        0.0,
        0.0,
        0.0,
        2.2439394004952637,
        4.69949440345252,
        1.9011368489795823,
        0.0,
        0.0,
        0.8439202187198263,
        0.756060599504736,
        0.0,
        3.0,
        0.0,
        0.0,
        3.0,
        0.0,
        0.0,
        0.0,
        7.365283648534689,
        0.0,
        0.40817955019458535,
        0.0,
        3.0,
        1.1266721934188395,
        1.8733278065811605,
        0.0,
        0.634716351465312,
        0.0,
        2.7298809638159165,
        0.0,
        3.0,
        0.0,
        0.0,
        0.0,
        0.0,
        0.0,
        0.0,
        0.0,
        2.2231710666578506,
        0.0,
        0.0,
        0.0,
        3.0,
        0.0,
        0.0,
        1.8733278065811605,
        0.0,
        3.0,
        0.0,
        0.0,
        0.0,
        0.0,
        0.0,
        0.0,
        4.609480972029126,
        0.0,
        0.0,
        0.0,
        0.0,
        0.0,
        0.0,
        0.0,
        0.0,
        0.0,
        0.0,
        0.0,
        0.0,
        2.282751974699013,
        3.3005055965474797,
        0.0,
        5.2314555982097115
    ],
    "x_lj_presolve": [
        2.0,
        2.2314555982097115,
        0.0,
        1.0,
        0.9274211322562792,
        0.9737157167233033,
        0.0,
        0.0,
        2.0,
        0.874968750875771,
        0.1250312491242291,
        1.2701190361840837,
        0.9613365620256273,
        0.7685444017902886,
        2.0,
        0.0,
        0.0,
        0.0,
        0.7298809638159164,
        0.0,
        0.0,
        2.0,
        1.0,
        0.0,
        0.0,
        0.0,
        6.0,
        1.7262813065612146,
        0.0,
        0.27371869343878574,
        1.9502267497432497,
        0.7262813065612143,
        0.323491943695536,
        2.0,
        6.0,
        0.0,
        2.0,
        1.0,
        0.0,
        0.0,
        1.0140608649690093,
        4.003599657254703,
        0.0,
        0.0,
        5.0,
        2.9999999999999996,
        2.0,
        0.0,
        0.0,
        1.0,
        1.8749687508757709,
        3.3482023157820797,
        0.0
    ],
    "q_presolve": [
        0.0,
        0.0,
        0.0,
        0.7479798001650879,
        0.587436800431565,
        1.0,
        0.0,
        0.0,
        0.10549002733997827,
        0.25202019983491203,
        0.0,
        1.0,
        0.0,
        0.0,
        0.375,
        0.0,
        0.0,
        0.0,
        0.920660456066836,
        0.0,
        0.08134857836370515,
        0.0,
        1.0,
        0.3755573978062799,
        0.23416597582264506,
        0.0,
        0.079339543933164,
        0.0,
        1.0,
        1.0,
        0.5743637268843291,
        0.0,
        0.0,
        0.0,
        0.0,
        0.0,
        0.0,
        0.0,
        0.4256362731156708,
        0.0,
        0.0,
        0.0,
        1.0,
        0.0,
        0.0,
        0.6244426021937202,
        0.0,
        1.0,
        0.0,
        0.0,
        0.0,
        0.0,
        0.0,
        0.0,
        0.9186514216362948,
        0.0,
        0.0,
        0.0,
        0.0,
        0.0,
        0.0,
        0.0,
        0.0,
        0.0,
        0.0,
        0.0,
        0.0,
        0.2853439968373766,
        0.41256319956843496,
        0.0,
        1.0
    ],