{
    "upper_bound_presolve": -608.2515017326625,
    "x_ij_presolve": [
        0.0,
        0.48982076642629946,
        1.370591945248482,
        0.0,
        0.5136982519418101,
        0.0,
        1.3598073627517557,
        0.0,
        0.0,
        0.0,
        0.0,
        0.0,
        0.0,
        0.0,
        0.0,
        0.0,
        0.0,
        0.0,
        0.2671743607974338,
        0.0,
        0.0,
        0.0,
        0.0,
        0.0,
        0.0,
        0.0,
        0.0,
        2.0,
        0.0,
        0.0,
        0.0,
        0.0,
        0.0,
        0.0,
        0.0,
        0.0,
        0.0,
        0.0,
        0.0,
        0.0,
        0.0,
        0.0,
        0.0,
        0.629408054751518,
        0.0,
        0.0,
        0.0,
        0.0,
        0.0,
        0.0,
        0.0,
        0.0,
        0.0,
        0.0,
        0.0,
        0.9689976973396331,
        0.0,
        1.3005013305232107,
        0.18671543073854038,
        1.880270253993422,
        0.0,
        0.0,
        0.0,
        0.0,
        6.0,
        0.0,
        0.29155591725037205,
        0.0,
        0.0,
        0.7328256392025663,
        0.0,
        0.0,
        0.0,
        0.0,
        0.0,
        0.0,
        0.1637459347719882,
        0.7884841301591092,
        0.0,
        0.0,
        0.0,
        0.0,
        0.0,
        0.0,
        0.0,
        0.0,
        0.0,
        0.0,
        0.0,
        0.0,
        0.5803557806486075,
        1.2115158698408908,
        0.0,
        0.0,
        0.0,
        0.0,
        0.0,
        0.0,
        0.0,
        0.0,
        0.0,
        0.0,
        0.0,
        0.0,
        0.0,
        1.2508881747810034,
        0.0,
        0.0,
        0.0,
        0.0,
        0.15652030141254533,
        0.0,
        0.07994966276754131,
        3.871134610929522,
        0.0,
        0.0
    ],
    "x_il_presolve": [
        0.0,
        0.0,
        0.0,
        2.193322957975046,
        3.9029271299942216,
        1.476446702476256,
        0.0,
        0.0,
        2.2371346082227124,
        0.8066770420249543,
        0.0,
        3.0,
        0.0,
        0.0,
        3.0,
        0.0,
        0.0,
        0.0,
        5.798870059216592,
        0.0,
        0.0,
        0.0,
        3.0,
        0.91362245125747,
        2.0863775487425302,
        0.0,
        2.201129940783408,
        0.0,
        2.031002302660367,
        0.0,
        1.5127832387382487,
        0.0,
        0.0,
        0.0,
        0.0,
        0.0,
        0.0,
        0.0,
        1.0219582434001397,
        0.0,
        0.0,
        0.0,
        3.0,
        0.0,
        0.0,
        2.0863775487425302,
        0.0,
        1.4270883052372352,
        0.0,
        0.0,
        0.0,
        0.0,
        0.0,
        0.0,
        0.0,
        0.0,
        0.0,
        0.0,
        0.0,
        0.0,
        0.0,
        0.0,
        0.0,
        1.572911694762765,
        0.1197297460065781,
        0.0,
        0.0,
        0.6764878430347577,
        3.215907581855634,
        0.0,
        5.18633852370552
    ],
    "x_lj_presolve": [
        1.48630174805819,
        2.70003677564733,
        0.0,
        1.0,
        0.6401926372482443,
        0.8362540652280118,
        0.0,
        0.0,
        2.0,
        1.0,
        0.0,
        1.4791769309133338,
        0.9200503372324587,
        0.6007727318542075,
        1.5101792335737008,
        0.0,
        0.0,
        0.0,
        0.5208230690866663,
        0.0,
        0.0,
        2.0,
        1.0,
        0.1197297460065781,
        0.0,
        0.0,
        4.407942752226417,
        3.592057247773582,
        0.0,
        0.0,
        0.5925915238064513,
        0.8132845692614595,
        1.5941239069320892,
        2.0,
        6.0,
        0.0,
        2.0,
        1.0,
        0.0,
        0.0,
        0.0,
        0.0,
        0.0,
        0.0,
        4.419644219351393,
        2.6991904924984627,
        1.4196442193513927,
        0.0,
        0.0,
        1.5803557806486073,
        2.0,
        0.5347414821383883,
        0.0
    ],
    "q_presolve": [
        0.0,
        0.0,
        0.0,
        0.7311076526583487,
        0.5482536521739287,
        1.0,
        0.0,
        0.0,
        0.27964182602783905,
        0.2688923473416514,
        0.0,
        1.0,
        0.0,
        0.0,
        0.375,
        0.0,
        0.0,
        0.0,
        0.724858757402074,
        0.0,
        0.0,
        0.0,
        1.0,
        0.3045408170858233,
        0.2607971935928163,
        0.0,
        0.275141242597926,
        0.0,
        1.0,
        0.0,
        0.59681953737626,
        0.0,
        0.0,
        0.0,
        0.0,
        0.0,
        0.0,
        0.0,
        0.40318046262373997,
        0.0,
        0.0,
        0.0,
        1.0,
        0.0,
        0.0,
        0.6954591829141767,
        0.0,
        0.47569610174574506,
        0.0,
        0.0,
        0.0,
        0.0,
        0.0,
        0.0,
        0.0,
        1.0,
        0.0,
        0.0,
        0.0,
        0.0,
        0.0,
        0.0,
        0.0,
        0.524303898254255,
        1.0,
        0.0,
        0.0,
        0.08456098037934472,
        0.45174634782607115,
        0.0,
        1.0
    ],