{
    "upper_bound_presolve": -623.1896316060927,
    "x_ij_presolve": [
        0.0,
        0.39554479671555265,
        1.6886663242417792,
        0.0,
        0.0,
        0.0,
        1.7431346000308412,
        0.0,
        0.0,
        0.0,
        0.0,
        0.0,
        0.0,
        0.0,
        0.0,
        0.0,
        0.0,
        0.0,
        0.2724558360864579,
        0.0,
        1.6580851902653533,
        0.0,
        0.0,
        0.0,
        0.0,
        0.0,
        0.0,
        2.0,
        0.0,
        0.0,
        0.0,
        0.0,
        0.0,
        0.0,
        0.0,
        0.0,
        0.0,
        0.0,
        0.0,
        0.0,
        0.0,
        0.0,
        0.0,
        0.31133367575822085,
        0.0,
        0.0,
        0.0,
        0.0,
        0.0,
        0.0,
        0.0,
        0.0,
        0.0,
        0.0,
        0.0,
        1.0512487346093933,
        0.0,
        0.0,
        0.22557044217175903,
        0.20664172650772242,
        0.0,
        0.0,
        0.0,
        0.0,
        6.0,
        0.0,
        0.0,
        0.0,
        0.0,
        0.727544163913542,
        0.0,
        0.0,
        0.0,
        0.0,
        0.0,
        0.0,
        0.0,
        0.9818662278524422,
        0.0,
        0.0,
        0.0,
        0.0,
        0.0,
        0.0,
        0.0,
        0.0,
        0.0,
        0.0,
        0.0,
        0.0,
        0.0,
        0.0,
        0.0,
        0.0,
        0.0,
        0.0,
        0.0,
        0.0,
        0.0,
        0.0,
        0.0,
        0.0,
        0.0,
        0.0,
        0.0,
        1.3719530762802115,
        0.0,
        0.0,
        0.0,
        0.0,
        0.22261959188038016,
        0.0,
        0.0,
        2.521771699402296,
        0.0,
        0.0
    ],
    "x_il_presolve": [
        0.0,
        0.0,
        0.0,
        2.3776142107655103,
        4.764460156959381,
        0.0732492253321853,
        0.0,
        0.0,
        0.6448112587048579,
        0.0,
        0.0,
        3.0,
        0.0,
        0.0,
        3.0,
        0.0,
        0.0,
        0.0,
        5.33278426197311,
        0.0,
        0.41256853692705786,
        1.1836161746369738,
        3.0,
        0.6655470926824002,
        2.3344529073176,
        0.0,
        2.667215738026891,
        0.0,
        1.9487512653906065,
        1.0246736053016923,
        1.127370163292059,
        0.6223857892344895,
        0.0,
        0.0,
        0.0,
        0.0,
        0.0,
        0.0,
        0.872629836707941,
        0.0,
        0.0,
        0.0,
        3.0,
        0.0,
        0.0,
        2.3344529073176,
        0.0,
        0.7686846681905857,
        0.0,
        0.0,
        0.0,
        0.0,
        0.0,
        0.0,
        3.5543165006111064,
        0.0,
        0.0,
        0.0,
        0.0,
        0.0,
        0.0,
        0.0,
        0.0,
        2.2313153318094145,
        0.7686846681905855,
        0.0,
        0.0,
        2.020735833977543,
        3.234872874739781,
        0.0,
        5.656370906194678
    ],
    "x_lj_presolve": [
        2.0,
        2.6563709061946787,
        0.0,
        1.0,
        0.25686539996915897,
        1.0,
        0.0,
        0.0,
        2.0,
        1.0,
        0.0,
        1.6557039378938412,
        1.0,
        0.344296062106159,
        1.6044552032844475,
        0.0,
        0.0,
        0.0,
        0.34429606210615893,
        0.0,
        0.0,
        2.0,
        1.0,
        1.7933582734922777,
        0.0,
        0.0,
        6.0,
        2.0000000000000004,
        0.0,
        0.0,
        0.4054273318394084,
        0.774429557828241,
        1.8201431103323509,
        2.0,
        6.0,
        0.0,
        2.0,
        1.0,
        0.0,
        0.0,
        1.0181337721475578,
        2.9487512653906065,
        0.0,
        0.0,
        5.0,
        2.9993330316991624,
        2.0,
        0.0,
        0.0,
        0.9999999999999999,
        2.0,
        0.0,
        0.0
    ],
    "q_presolve": [
        0.0,
        0.0,
        0.0,
        0.7925380702551702,
        0.5956071760081912,
        0.05827929174753529,
        0.0,
        0.0,
        0.08060140733810724,
        0.0,
        0.0,
        1.0,
        0.0,
        0.0,
        0.375,
        0.0,
        0.0,
        0.0,
        0.6665980327466386,
        0.0,
        0.10400314932824385,
        0.9417207082524647,
        1.0,
        0.2218490308941334,
        0.2918066134147,
        0.0,
        0.33340196725336135,
        0.0,
        1.0,
        0.5713713876627143,
        0.5636850816460295,
        0.20746192974482983,
        0.0,
        0.0,
        0.0,
        0.0,
        0.0,
        0.0,
        0.4363149183539705,
        0.0,
        0.0,
        0.0,
        1.0,
        0.0,
        0.0,
        0.7781509691058667,
        0.0,
        0.25622822273019524,
        0.0,
        0.0,
        0.0,
        0.0,
        0.0,
        0.0,
        0.8959968506717562,
        0.0,
        0.0,
        0.0,
        0.0,
        0.0,
        0.0,
        0.0,
        0.0,
        0.7437717772698048,
        0.4286286123372857,
        0.0,
        0.0,
        0.2525919792471929,
        0.40439282399180865,
        0.0,
        1.0
    ],