{
    "upper_bound_presolve": -612.1844048058063,
    "x_ij_presolve": [
        0.0,
        0.0,
        1.068449887899251,
        0.0,
        0.0,
        0.0,
        1.5355458566942974,
        0.0,
        0.0,
        0.0,
        0.0,
        0.0,
        0.0,
        0.0,
        0.0,
        0.0,
        0.0,
        0.0,
        0.234471507858801,
        0.0,
        0.0,
        0.0,
        0.0,
        0.0,
        0.0,
        0.0,
        0.0,
        2.0,
        0.0,
        2.3408450426672025,
        0.0,
        0.0,
        0.0,
        0.0,
        0.0,
        0.0,
        0.0,
        0.0,
        0.0,
        0.0,
        0.0,
        0.0,
        0.0,
        0.5414451674371137,
        0.0,
        0.0,
        0.0,
        0.0,
        0.0,
        0.0,
        0.0,
        0.0,
        0.0,
        0.0,
        0.0,
        0.35093189847366063,
        0.0,
        1.3765561767491838,
        0.30826852651574643,
        1.9651952553954295,
        0.0,
        0.0,
        0.0,
        0.0,
        6.0,
        0.0,
        0.23987000806024122,
        0.0,
        0.0,
        0.765528492141199,
        0.0,
        0.0,
        0.0,
        0.0,
        0.0,
        0.0,
        0.264928662256225,
        1.0220283128021659,
        0.0,
        0.0,
        0.0,
        0.0,
        0.0,
        0.0,
        0.0,
        0.0,
        0.0,
        0.0,
        0.0,
        0.0,
        0.0,
        0.9779716871978339,
        0.0,
        0.0,
        0.0,
        0.0,
        0.0,
        0.0,
        0.0,
        0.0,
        0.0,
        0.0,
        0.0,
        0.0,
        0.0,
        1.7493730323115981,
        0.0,
        0.0,
        0.0,
        0.0,
        0.14287558119131308,
        0.0,
        0.02846549658209104,
        3.799482859981343,
        0.0,
        0.0
    ],
    "x_il_presolve": [
        0.0,
        0.0,
        0.0,
        2.2512812898582304,
        4.384394436966252,
        1.1995254810494775,
        0.0,
        0.0,
        3.0,
        0.7487187101417693,
        0.0,
        3.0,
        0.0,
        0.0,
        0.6591549573327975,
        0.0,
        0.0,
        0.0,
        6.914481535670408,
        0.0,
        0.0,
        0.0,
        3.0,
        0.6870958942033716,
        2.3129041057966284,
        0.0,
        1.0855184643295928,
        0.0,
        2.6490681015263395,
        0.0,
        1.3151752967350696,
        0.0,
        0.0,
        0.0,
        0.0,
        0.0,
        0.0,
        0.0,
        0.6848247032649304,
        0.842234252264355,
        0.0,
        0.0,
        3.0,
        0.0,
        0.0,
        2.3129041057966284,
        0.0,
        0.6216630392908988,
        0.0,
        0.0,
        0.0,
        0.0,
        0.0,
        0.0,
        0.0,
        0.0,
        0.0,
        1.6143704376590693,
        0.0,
        0.0,
        0.0,
        0.0,
        0.0,
        2.3783369607091007,
        0.03480474460457054,
        0.0,
        0.0,
        2.0279409368705745,
        2.0012351253746785,
        0.0,
        2.5294920516236474
    ],
    "x_lj_presolve": [
        2.0,
        0.3717263038880022,
        0.0,
        1.0,
        0.46445414330570256,
        0.735071337743775,
        0.0,
        0.0,
        2.0,
        1.0,
        0.0,
        1.350931898473661,
        0.971534503417909,
        0.6775335981084297,
        2.0,
        0.0,
        0.0,
        0.0,
        0.649068101526339,
        0.0,
        0.0,
        2.0,
        1.0,
        0.03480474460457054,
        0.0,
        0.0,
        4.383573815190576,
        3.616426184809425,
        0.0,
        0.0,
        0.10775138649708892,
        0.6917314734842536,
        2.200517140018657,
        2.0,
        6.0,
        0.0,
        2.0,
        1.0,
        0.0,
        0.0,
        0.0,
        0.0,
        0.0,
        0.3901049446636352,
        5.0,
        2.609895055336365,
        2.0,
        0.0,
        0.0,
        1.0000000000000002,
        2.0,
        0.0,
        0.0
    ],
    "q_presolve": [
        0.0,
        0.0,
        0.0,
        0.7504270966194102,
        0.5480493046207816,
        1.0,
        0.0,
        0.0,
        0.375,
        0.24957290338058977,
        0.0,
        1.0,
        0.0,
        0.0,
        0.08239436966659969,
        0.0,
        0.0,
        0.0,
        0.864310191958801,
        0.0,
        0.0,
        0.0,
        1.0,
        0.2290319647344572,
        0.2891130132245785,
        0.0,
        0.13568980804119907,
        0.0,
        1.0,
        0.0,
        0.6575876483675348,
        0.0,
        0.0,
        0.0,
        0.0,
        0.0,
        0.0,
        0.0,
        0.3424123516324652,
        0.2497931849608192,
        0.0,
        0.0,
        1.0,
        0.0,
        0.0,
        0.7709680352655428,
        0.0,
        0.2072210130969663,
        0.0,
        0.0,
        0.0,
        0.0,
        0.0,
        0.0,
        0.0,
        1.0,
        0.0,
        0.20179630470738366,
        0.0,
        0.0,
        0.0,
        0.0,
        0.0,
        0.7927789869030337,
        1.0,
        0.0,
        0.0,
        0.2534926171088218,
        0.25015439067183476,
        0.0,
        0.7502068150391809
    ],