{
    "upper_bound_presolve": -612.2618469600559,
    "x_ij_presolve": [
        0.0,
        0.2796941568883828,
        1.404083548081177,
        0.0,
        0.2569211678846857,
        0.0,
        1.5390347415137802,
        0.0,
        0.0,
        0.0,
        0.0,
        0.0,
        0.0,
        0.0,
        0.0,
        0.0,
        0.0,
        0.0,
        0.26179005476243233,
        0.0,
        0.0,
        0.0,
        0.0,
        0.0,
        0.0,
        0.0,
        0.0,
        2.0,
        0.0,
        0.0,
        0.0,
        0.0,
        0.0,
        0.0,
        0.0,
        0.0,
        0.0,
        0.0,
        0.0,
        0.0,
        0.0,
        0.0,
        0.0,
        0.5959164519188229,
        0.0,
        0.0,
        0.0,
        0.0,
        0.0,
        0.0,
        0.0,
        0.0,
        0.0,
        0.0,
        0.0,
        1.0707843283420155,
        0.0,
        1.4404553022206656,
        0.13625130104527558,
        2.0,
        0.0,
        0.0,
        0.0,
        0.0,
        6.0,
        0.0,
        0.05694400431185122,
        0.0,
        0.0,
        0.7382099452375677,
        0.0,
        0.0,
        0.0,
        0.0,
        0.0,
        0.0,
        0.4443076284539989,
        0.31329104191139556,
        0.0,
        0.0,
        0.0,
        0.0,
        0.0,
        0.0,
        0.0,
        0.0,
        0.0,
        0.06902493353163389,
        0.0,
        0.0,
        0.7909803520166555,
        1.6867089580886043,
        0.01042548862982824,
        0.0,
        0.0,
        0.0,
        0.0,
        0.0,
        0.0,
        0.0,
        0.0,
        0.0,
        0.0,
        0.0,
        0.0,
        0.6019923665780367,
        0.0,
        0.0,
        0.0,
        0.0,
        0.03369842962713947,
        0.0,
        0.0,
        5.2280579027495495,
        0.0,
        0.0
    ],
    "x_il_presolve": [
        0.0,
        0.0,
        0.0,
        2.1026477380178106,
        0.0,
        1.016657630032221,
        0.0,
        0.0,
        1.050940275707999,
        0.8973522619821893,
        0.0,
        3.0,
        0.0,
        0.0,
        3.0,
        0.0,
        0.0,
        0.0,
        7.404083548081178,
        0.0,
        0.0,
        0.0,
        3.0,
        0.9274017734007858,
        2.072598226599214,
        0.0,
        0.5959164519188234,
        0.0,
        1.9292156716579845,
        0.0,
        1.4232933967340589,
        0.0,
        0.0,
        0.0,
        0.0,
        0.0,
        0.0,
        0.0,
        0.5767066032659413,
        0.0,
        0.0,
        0.0,
        2.930975066468366,
        0.0,
        0.0,
        2.072598226599214,
        0.0,
        3.0,
        0.0,
        0.0,
        0.0,
        0.0,
        0.0,
        0.0,
        0.0,
        0.0,
        0.0,
        5.897319900240756,
        0.0,
        0.0,
        0.0,
        0.0,
        0.0,
        0.0,
        0.0,
        0.0,
        0.0,
        1.876461497692787,
        0.8617821699305246,
        0.0,
        5.9840865813810105
    ],
    "x_lj_presolve": [
        1.7430788321153143,
        3.241007749265696,
        0.0,
        1.0,
        0.4609652584862199,
        0.555692371546001,
        0.0,
        0.0,
        2.0,
        1.0,
        0.0,
        1.791090171453633,
        1.0,
        0.20890982854636697,
        1.7203058431116172,
        0.0,
        0.0,
        0.0,
        0.20890982854636714,
        0.0,
        0.0,
        2.0,
        1.0,
        0.0,
        0.0,
        0.0,
        4.502600693467484,
        3.497399306532517,
        0.0,
        0.0,
        1.364309203794824,
        0.8637486989547253,
        0.7719420972504508,
        2.0,
        6.0,
        0.0,
        1.930975066468366,
        1.0,
        0.0,
        0.0,
        0.0,
        0.0,
        0.0,
        0.0,
        4.209019647983344,
        2.5500824221879372,
        1.2090196479833444,
        0.0,
        0.0,
        1.7909803520166556,
        2.0,
        0.0,
        0.0
    ],
    "q_presolve": [
        0.0,
        0.0,
        0.0,
        0.7008825793392702,
        0.0,
        1.0,
        0.0,
        0.0,
        0.13136753446349989,
        0.29911742066072977,
        0.0,
        1.0,
        0.0,
        0.0,
        0.375,
        0.0,
        0.0,
        0.0,
        0.9255104435101472,
        0.0,
        0.0,
        0.0,
        1.0,
        0.3091339244669286,
        0.2590747783249018,
        0.0,
        0.07448955648985292,
        0.0,
        1.0,
        1.0,
        0.7116466983670294,
        0.0,
        0.0,
        0.0,
        0.0,
        0.0,
        0.0,
        0.0,
        0.2883533016329706,
        0.0,
        0.0,
        0.0,
        1.0,
        0.0,
        0.0,
        0.6908660755330714,
        0.0,
        1.0,
        0.0,
        0.0,
        0.0,
        0.0,
        0.0,
        0.0,
        0.0,
        1.0,
        0.0,
        0.8725004947426861,
        0.0,
        0.0,
        0.0,
        0.0,
        0.0,
        0.0,
        0.0,
        0.0,
        0.0,
        0.23455768721159836,
        0.1274995052573139,
        0.0,
        1.0
    ],