{
    "upper_bound_presolve": -621.5222335004034,
    "x_ij_presolve": [
        0.0,
        0.0,
        0.5255054731957712,
        0.0,
        1.171884738748527,
        0.0,
        1.611566296739196,
        0.0,
        0.0,
        0.0,
        0.0,
        0.0,
        0.0,
        0.0,
        0.0,
        0.0,
        0.0,
        0.0,
        0.19952642778133042,
        0.0,
        0.0,
        0.0,
        0.0,
        0.0,
        0.0,
        0.0,
        0.0,
        2.0,
        0.0,
        0.0,
        0.0,
        0.0,
        0.0,
        0.0,
        0.0,
        0.0,
        0.0,
        0.0,
        0.0,
        0.0,
        0.0,
        0.0,
        0.0,
        0.319247539594301,
        0.0,
        0.0,
        0.0,
        0.0,
        0.0,
        0.0,
        0.0,
        0.0,
        0.0,
        0.0,
        0.0,
        0.5484740088193996,
        0.0,
        1.655045180852162,
        0.054116598633599154,
        1.6778567357848293,
        0.0,
        0.0,
        0.0,
        0.0,
        6.0,
        0.0,
        1.0363143387909386,
        0.0,
        0.0,
        0.8004735722186695,
        0.0,
        0.0,
        0.0,
        0.0,
        0.0,
        0.0,
        0.4365343184110768,
        0.7245450132473096,
        0.0,
        0.0,
        0.0,
        0.0,
        0.0,
        0.0,
        0.0,
        0.0,
        0.0,
        0.0,
        0.0,
        0.0,
        0.0,
        1.2754549867526903,
        0.0,
        0.0,
        0.0,
        0.0,
        0.0,
        0.14822460740165253,
        0.0,
        0.25822897707026155,
        0.0,
        0.0,
        0.0,
        0.0,
        0.0,
        0.0,
        0.0,
        0.0,
        0.0,
        0.0,
        0.0,
        0.0,
        0.0,
        4.185401407182552,
        0.0,
        0.0
    ],
    "x_il_presolve": [
        0.0,
        0.0,
        0.0,
        2.3615841944257845,
        2.978602259575095,
        0.9518993848497272,
        0.7663062177139652,
        0.0,
        0.0,
        0.638415805574216,
        0.0,
        3.0,
        0.0,
        0.0,
        2.1767745584232823,
        0.0,
        0.0,
        0.0,
        6.1260977851580405,
        0.0,
        0.0,
        0.0,
        2.2336937822860348,
        0.8573893867888668,
        2.1426106132111333,
        0.0,
        1.8739022148419597,
        0.0,
        2.4515259911806004,
        0.3221432642151708,
        0.968694956299068,
        0.0,
        0.0,
        0.0,
        0.0,
        0.0,
        0.0,
        0.0,
        2.1995264277813305,
        0.0,
        0.0,
        0.0,
        3.0,
        0.0,
        0.0,
        2.142610613211133,
        0.0,
        3.0,
        0.0,
        0.0,
        0.0,
        0.0,
        0.0,
        0.0,
        0.0,
        0.0,
        0.0,
        5.021397740424905,
        0.0,
        0.0,
        0.0,
        0.0,
        0.0,
        0.0,
        0.0,
        0.0,
        0.0,
        3.6806148283655844,
        0.0,
        0.0,
        5.717643282912337
    ],
    "x_lj_presolve": [
        0.828115261251473,
        4.147756998731125,
        0.0,
        0.7417710229297385,
        0.3884337032608041,
        0.5634656815889232,
        0.0,
        0.0,
        2.0,
        0.8517753925983474,
        0.14822460740165294,
        1.5484740088193996,
        1.0,
        0.45152599118060033,
        2.0,
        0.0,
        0.0,
        0.0,
        0.4515259911806005,
        0.0,
        0.0,
        2.0,
        1.0,
        0.3221432642151708,
        0.0,
        0.0,
        3.3086404803568996,
        4.6913595196430995,
        0.0,
        0.0,
        2.0,
        0.9458834013664007,
        0.05411659863359919,
        2.0,
        6.0,
        0.0,
        2.0,
        1.0,
        0.0,
        0.0,
        0.0,
        0.0,
        0.0,
        1.1552469872099276,
        5.4440360027017975,
        1.400717010088275,
        2.0,
        0.0,
        0.44403600270179716,
        0.5559639972982028,
        1.8517753925983471,
        1.3164459914820517,
        0.0
    ],
    "q_presolve": [
        0.0,
        0.0,
        0.0,
        0.7871947314752614,
        0.37232528244688684,
        1.0,
        0.2554354059046551,
        0.0,
        0.0,
        0.21280526852473863,
        0.0,
        1.0,
        0.0,
        0.0,
        0.2720968198029103,
        0.0,
        0.0,
        0.0,
        0.7657622231447551,
        0.0,
        0.0,
        0.0,
        0.7445645940953449,
        0.2857964622629556,
        0.26782632665139167,
        0.0,
        0.23423777685524497,
        0.0,
        1.0,
        1.0,
        0.305753556606411,
        0.0,
        0.0,
        0.0,
        0.0,
        0.0,
        0.0,
        0.0,
        0.6942464433935889,
        0.0,
        0.0,
        0.0,
        1.0,
        0.0,
        0.0,
        0.7142035377370444,
        0.0,
        1.0,
        0.0,
        0.0,
        0.0,
        0.0,
        0.0,
        0.0,
        0.0,
        1.0,
        0.0,
        0.6276747175531132,
        0.0,
        0.0,
        0.0,
        0.0,
        0.0,
        0.0,
        0.0,
        0.0,
        0.0,
        0.46007685354569805,
        0.0,
        0.0,
        1.0
    ],