{
    "upper_bound_presolve": -621.0997717252608,
    "x_ij_presolve": [
        0.0,
        0.5701198245411668,
        1.5041224929226396,
        0.0,
        0.0,
        0.0,
        1.4145424992695164,
        0.0,
        0.0,
        0.0,
        0.0,
        0.0,
        0.0,
        0.0,
        0.0,
        0.0,
        0.0,
        0.0,
        0.2776576211271045,
        0.0,
        1.8051234911220353,
        0.0,
        0.0,
        0.0,
        0.0,
        0.0,
        0.0,
        2.0,
        0.0,
        0.0,
        0.0,
        0.0,
        0.0,
        0.0,
        0.0,
        0.0,
        0.0,
        0.0,
        0.0,
        0.0,
        0.0,
        0.0,
        0.0,
        0.49587750707736034,
        0.0,
        0.0,
        0.0,
        0.0,
        0.0,
        0.0,
        0.0,
        0.0,
        0.0,
        0.0,
        0.0,
        1.0661671229673388,
        0.0,
        0.789803804525049,
        0.13037271067103412,
        2.0,
        0.0,
        0.0,
        0.0,
        0.0,
        6.0,
        0.0,
        0.0,
        0.0,
        0.0,
        0.7223423788728954,
        0.0,
        0.0,
        0.0,
        0.0,
        0.0,
        0.0,
        0.36392817547172884,
        0.4802290872233601,
        0.0,
        0.0,
        0.0,
        0.0,
        0.0,
        0.0,
        0.0,
        0.0,
        0.0,
        0.0,
        0.0,
        0.0,
        0.0,
        0.0,
        0.0,
        0.0,
        0.0,
        0.0,
        0.0,
        0.0,
        0.0,
        0.0,
        0.0,
        0.0,
        0.0,
        0.0,
        0.0,
        0.4772647070148406,
        0.0,
        0.0,
        0.0,
        0.0,
        0.08764733970187397,
        0.0,
        0.0676917008747531,
        1.1421106455591952,
        0.0,
        0.0
    ],
    "x_il_presolve": [
        0.0,
        0.0,
        0.0,
        2.08278111224914,
        4.608295959375379,
        1.221529325258755,
        0.0,
        0.0,
        0.0,
        0.9172188877508599,
        0.0,
        3.0,
        0.0,
        0.0,
        2.716035997650787,
        0.0,
        0.0,
        0.0,
        5.2114118669728375,
        0.0,
        0.0,
        0.0,
        3.0,
        1.0268822708903442,
        1.9731177291096558,
        0.0,
        2.7885881330271625,
        0.0,
        1.933832877032661,
        0.0,
        2.0798234848039168,
        0.0,
        0.0,
        0.0,
        0.0,
        0.0,
        0.0,
        0.0,
        2.2776576211271045,
        0.0,
        0.0,
        0.0,
        3.0,
        0.0,
        0.0,
        1.973117729109656,
        0.0,
        3.0,
        0.0,
        0.0,
        0.0,
        0.0,
        0.0,
        0.0,
        3.6637999852842524,
        0.0,
        0.0,
        0.0,
        0.0,
        0.0,
        0.0,
        0.0,
        0.0,
        0.0,
        0.0,
        0.0,
        0.0,
        3.3108462732395565,
        3.3917040406246217,
        0.0,
        5.42835559755142
    ],
    "x_lj_presolve": [
        2.0,
        2.4283555975514193,
        0.0,
        1.0,
        0.5854575007304837,
        0.6360718245282712,
        0.0,
        0.0,
        2.0,
        1.0,
        0.0,
        1.4960472984261728,
        0.9323082991252469,
        0.5716444024485801,
        1.4298801754588333,
        0.0,
        0.0,
        0.0,
        0.5039527015738274,
        0.0,
        0.0,
        2.0,
        1.0,
        0.0,
        0.0,
        0.0,
        5.210196195474952,
        2.789803804525049,
        0.0,
        0.0,
        1.4350879532832856,
        0.8696272893289659,
        0.6952847573877485,
        2.0,
        6.0,
        0.0,
        2.0,
        1.0,
        0.0,
        0.0,
        1.51977091277664,
        2.1440290725076125,
        0.0,
        0.0,
        5.0,
        3.0000000000000004,
        2.0,
        0.0,
        0.0,
        0.9999999999999998,
        2.0,
        2.3574811059310212,
        0.0
    ],
    "q_presolve": [
        0.0,
        0.0,
        0.0,
        0.6942603707497134,
        0.5760369949219224,
        1.0,
        0.0,
        0.0,
        0.0,
        0.3057396292502867,
        0.0,
        1.0,
        0.0,
        0.0,
        0.3395044997063484,
        0.0,
        0.0,
        0.0,
        0.6514264833716047,
        0.0,
        0.0,
        0.0,
        1.0,
        0.3422940902967814,
        0.24663971613870697,
        0.0,
        0.3485735166283953,
        0.0,
        1.0,
        0.0,
        0.47729948432204183,
        0.0,
        0.0,
        0.0,
        0.0,
        0.0,
        0.0,
        0.0,
        0.5227005156779582,
        0.0,
        0.0,
        0.0,
        1.0,
        0.0,
        0.0,
        0.6577059097032186,
        0.0,
        1.0,
        0.0,
        0.0,
        0.0,
        0.0,
        0.0,
        0.0,
        1.0,
        0.0,
        0.0,
        0.0,
        0.0,
        0.0,
        0.0,
        0.0,
        0.0,
        0.0,
        1.0,
        0.0,
        0.0,
        0.41385578415494456,
        0.42396300507807766,
        0.0,
        1.0
    ],