{
    "upper_bound_presolve": -627.3462073630222,
    "x_ij_presolve": [
        0.0,
        0.0,
        1.4779914717974723,
        0.0,
        0.42267491872953905,
        0.0,
        1.5003068783899423,
        0.0,
        0.0,
        0.0,
        0.0,
        0.0,
        0.0,
        0.0,
        0.0,
        0.0,
        0.0,
        0.0,
        0.220410739180636,
        0.0,
        0.0,
        0.0,
        0.0,
        0.0,
        0.0,
        0.0,
        0.0,
        2.0,
        0.0,
        0.0,
        0.0,
        0.0,
        0.0,
        0.0,
        0.0,
        0.0,
        0.0,
        0.0,
        0.0,
        0.0,
        0.0,
        0.0,
        0.0,
        0.5220085282025277,
        0.0,
        0.0,
        0.0,
        0.0,
        0.0,
        0.0,
        0.0,
        0.0,
        0.0,
        0.0,
        0.0,
        0.5515076402658324,
        0.0,
        1.6762584132448797,
        0.12082199146797894,
        1.8835327085000924,
        0.0,
        0.0,
        0.0,
        0.0,
        6.0,
        0.0,
        1.1691430953383921,
        0.0,
        0.0,
        0.779589260819364,
        0.0,
        0.0,
        0.0,
        0.0,
        0.0,
        0.0,
        0.10806181446996163,
        0.4958145455363213,
        0.0,
        0.0,
        0.0,
        0.0,
        0.0,
        0.0,
        0.0,
        0.0,
        0.0,
        0.0,
        0.0,
        0.0,
        0.898131225718668,
        1.5041854544636786,
        0.6030908511508956,
        0.0,
        0.0,
        0.0,
        0.0,
        0.0,
        0.0,
        0.0,
        0.0,
        0.0,
        0.0,
        0.0,
        0.0,
        0.0,
        0.0,
        0.0,
        0.0,
        0.0,
        0.06286653997877914,
        0.0,
        0.0,
        6.0,
        0.0,
        0.0
    ],
    "x_il_presolve": [
        0.0,
        0.0,
        0.0,
        2.2282626649222115,
        1.5864760773321123,
        1.3916313071400963,
        0.0,
        0.0,
        0.8331351358259568,
        0.7717373350777883,
        0.0,
        3.0,
        0.0,
        0.0,
        3.0,
        0.0,
        0.0,
        0.0,
        5.894651509487073,
        0.0,
        0.0,
        0.0,
        3.0,
        0.7702685958471778,
        2.2297314041528224,
        0.0,
        2.1053484905129274,
        0.0,
        2.4484923597341677,
        0.0,
        1.2029195952871412,
        0.0,
        0.0,
        0.0,
        0.0,
        0.0,
        0.0,
        0.0,
        0.797080404712859,
        0.0,
        0.0,
        0.0,
        3.0,
        0.0,
        0.0,
        2.2297314041528224,
        0.0,
        2.816311468553242,
        0.0,
        0.0,
        0.0,
        0.0,
        0.0,
        0.0,
        0.0,
        0.0,
        0.0,
        4.901987213379297,
        0.0,
        0.0,
        0.0,
        0.0,
        0.0,
        0.0,
        0.11646729149990764,
        0.0,
        0.0,
        1.937133460021221,
        0.0,
        0.0,
        5.742238205106215
    ],
    "x_lj_presolve": [
        1.577325081270461,
        3.1649131238357544,
        0.0,
        1.0,
        0.49969312161005786,
        0.8919381855300383,
        0.0,
        0.0,
        2.0,
        1.0,
        0.0,
        1.5515076402658325,
        1.0,
        0.44849235973416757,
        2.0,
        0.0,
        0.0,
        0.0,
        0.4484923597341675,
        0.0,
        0.0,
        2.0,
        1.0,
        0.11646729149990764,
        0.0,
        0.0,
        3.154598491416728,
        4.845401508583272,
        0.0,
        0.0,
        1.9371334600212209,
        0.8791780085320211,
        0.0,
        2.0,
        6.0,
        0.0,
        2.0,
        1.0,
        0.0,
        0.0,
        0.0,
        0.0,
        0.0,
        0.0,
        4.101868774281332,
        2.3865945164300784,
        1.101868774281332,
        0.0,
        0.0,
        1.898131225718668,
        2.0,
        0.0,
        0.0
    ],
    "q_presolve": [
        0.0,
        0.0,
        0.0,
        0.7427542216407372,
        0.24450721322616398,
        1.0,
        0.0,
        0.0,
        0.1041418919782446,
        0.25724577835926277,
        0.0,
        1.0,
        0.0,
        0.0,
        0.375,
        0.0,
        0.0,
        0.0,
        0.7368314386858841,
        0.0,
        0.0,
        0.0,
        1.0,
        0.2567561986157259,
        0.2787164255191028,
        0.0,
        0.2631685613141159,
        0.0,
        1.0,
        0.0,
        0.6014597976435706,
        0.0,
        0.0,
        0.0,
        0.0,
        0.0,
        0.0,
        0.0,
        0.3985402023564295,
        0.0,
        0.0,
        0.0,
        1.0,
        0.0,
        0.0,
        0.7432438013842741,
        0.0,
        1.0,
        0.0,
        0.0,
        0.0,
        0.0,
        0.0,
        0.0,
        0.0,
        1.0,
        0.0,
        0.7554927867738359,
        0.0,
        0.0,
        0.0,
        0.0,
        0.0,
        0.0,
        1.0,
        0.0,
        0.0,
        0.24214168250265264,
        0.0,
        0.0,
        1.0
    ],