{
    "upper_bound_presolve": -622.2732851752694,
    "x_ij_presolve": [
        0.0,
        0.0,
        0.5396314165608813,
        0.0,
        0.9370505567776497,
        0.0,
        1.3781154396911444,
        0.0,
        0.0,
        0.0,
        0.0,
        0.0,
        0.0,
        0.0,
        0.0,
        0.0,
        0.0,
        0.0,
        0.28768100125058954,
        0.0,
        1.8737187594998426,
        0.0,
        0.0,
        0.0,
        0.0,
        0.0,
        0.0,
        2.0,
        0.0,
        0.0,
        0.0,
        0.0,
        0.0,
        0.0,
        0.0,
        0.0,
        0.0,
        0.0,
        0.0,
        0.0,
        0.0,
        0.0,
        0.0,
        0.19943803358546283,
        0.0,
        0.0,
        0.0,
        0.0,
        0.0,
        0.0,
        0.0,
        0.0,
        0.0,
        0.0,
        0.0,
        0.367457534432774,
        0.0,
        0.0,
        0.12785659349453932,
        2.0,
        0.0,
        0.0,
        0.0,
        0.0,
        6.0,
        0.0,
        0.0,
        0.0,
        0.0,
        0.7123189987494105,
        0.0,
        0.0,
        0.0,
        0.0,
        0.0,
        0.0,
        0.3732441381915084,
        0.9899590973553154,
        0.0,
        0.0,
        0.0,
        0.0,
        0.0,
        0.0,
        0.0,
        0.0,
        0.0,
        0.0,
        0.0,
        0.0,
        0.0,
        0.0,
        2.455239457322213,
        0.0,
        0.0,
        0.0,
        0.0,
        0.0,
        0.0,
        0.18027235611744621,
        0.0,
        0.0,
        0.0,
        0.0,
        0.0,
        0.39994462087729005,
        0.0,
        0.0,
        0.0,
        0.0,
        0.014620276777655114,
        0.0,
        0.04602791744227592,
        0.4240353415946241,
        0.0,
        0.0
    ],
    "x_il_presolve": [
        0.0,
        0.0,
        0.0,
        2.161399760750432,
        5.06974813485686,
        1.2486404221173475,
        0.0,
        0.0,
        0.023139734544791582,
        0.8386002392495681,
        0.0,
        3.0,
        0.0,
        0.0,
        3.0,
        0.0,
        0.0,
        0.17163549070968911,
        6.058757910182015,
        0.0,
        0.0,
        0.0,
        3.0,
        0.8745069509109934,
        2.1254930490890067,
        0.0,
        1.9412420898179852,
        0.0,
        2.632542465567226,
        0.0,
        2.8721434065054607,
        0.0,
        0.0,
        0.0,
        0.0,
        0.0,
        0.0,
        0.0,
        2.2876810012505895,
        0.0,
        0.0,
        0.0,
        3.0,
        0.0,
        0.0,
        2.1254930490890067,
        0.0,
        3.0,
        0.0,
        0.0,
        0.0,
        0.0,
        0.0,
        0.0,
        2.1873439108896973,
        0.0,
        0.0,
        0.0,
        0.0,
        0.0,
        0.0,
        0.0,
        0.0,
        0.0,
        0.0,
        0.0,
        0.0,
        2.851367216366201,
        2.9302518651431413,
        0.0,
        5.293401763239369
    ],
    "x_lj_presolve": [
        1.0629494432223503,
        3.410724676134465,
        0.0,
        0.8197276438825538,
        0.6218845603088559,
        0.6267558618084916,
        0.0,
        0.0,
        2.0,
        1.0,
        0.0,
        1.1958220437230853,
        0.9539720825577241,
        0.8502058737191904,
        2.0,
        0.0,
        0.0,
        0.0,
        0.8041779562769149,
        0.0,
        0.0,
        2.0,
        1.0,
        0.0,
        0.0,
        0.0,
        6.0,
        2.0000000000000004,
        0.0,
        0.0,
        1.5854351023450548,
        0.8721434065054607,
        0.542421491149484,
        2.0,
        6.0,
        0.0,
        2.0,
        1.0,
        0.0,
        0.0,
        1.0100409026446846,
        1.1773030082450124,
        0.0,
        1.2609305498536558,
        5.0,
        1.7390694501463446,
        2.0,
        0.0,
        0.0,
        0.9999999999999999,
        2.0,
        3.1598244077560493,
        0.0
    ],
    "q_presolve": [
        0.0,
        0.0,
        0.0,
        0.7204665869168106,
        0.6337185168571075,
        1.0,
        0.0,
        0.0,
        0.0028924668180989477,
        0.27953341308318935,
        0.0,
        1.0,
        0.0,
        0.0,
        0.375,
        0.0,
        0.0,
        0.061207060816342855,
        0.7573447387727519,
        0.0,
        0.0,
        0.0,
        1.0,
        0.29150231697033113,
        0.26568663113612584,
        0.0,
        0.24265526122724815,
        0.0,
        0.9387929391836571,
        1.0,
        0.5566358812885503,
        0.0,
        0.0,
        0.0,
        0.0,
        0.0,
        0.0,
        0.0,
        0.4433641187114498,
        0.0,
        0.0,
        0.0,
        1.0,
        0.0,
        0.0,
        0.7084976830296689,
        0.0,
        1.0,
        0.0,
        0.0,
        0.0,
        0.0,
        0.0,
        0.0,
        1.0,
        0.0,
        0.0,
        0.0,
        0.0,
        0.0,
        0.0,
        0.0,
        0.0,
        0.0,
        0.0,
        0.0,
        0.0,
        0.35642090204577515,
        0.36628148314289266,
        0.0,
        1.0
    ],