{
    "upper_bound_presolve": -576.2491719021782,
    "x_ij_presolve": [
        0.0,
        0.0,
        1.478464763957231,
        0.0,
        0.0,
        0.0,
        1.2992139510672294,
        0.0,
        0.0,
        2.493071909869777,
        0.0,
        0.0,
        0.0,
        0.0,
        0.0,
        0.0,
        0.0,
        0.0,
        0.23342361963421474,
        0.0,
        0.0,
        0.0,
        0.0,
        0.0,
        0.0,
        0.0,
        0.0,
        2.0,
        0.0,
        2.5503501465604224,
        0.0,
        0.0,
        0.0,
        0.0,
        0.0,
        0.0,
        0.0,
        0.0,
        0.0,
        0.0,
        0.0,
        0.0,
        0.0,
        0.521535236042769,
        0.0,
        0.0,
        0.0,
        0.0,
        0.0,
        0.0,
        0.0,
        0.0,
        0.0,
        0.0,
        0.0,
        0.38420322685611435,
        0.0,
        0.6062415498813639,
        0.1326401831910415,
        1.8885798266081006,
        0.0,
        0.0,
        0.0,
        0.0,
        6.0,
        0.0,
        0.0,
        0.0,
        0.0,
        0.7665763803657853,
        0.0,
        0.0,
        0.0,
        0.0,
        0.0,
        0.0,
        0.23023948866378882,
        0.77215984134024,
        0.0,
        0.0,
        0.0,
        0.0,
        0.0,
        0.0,
        0.0,
        0.0,
        0.0,
        0.0,
        0.0,
        0.23773260478626432,
        0.0,
        0.0,
        1.8458557460746177,
        0.0,
        0.0,
        0.0,
        0.0,
        0.0,
        0.0,
        0.0,
        0.0,
        0.0,
        0.0,
        0.0,
        0.0,
        0.9479247561584252,
        0.0,
        0.0,
        1.774365066421924,
        0.0,
        0.14279733689144386,
        0.0,
        0.0,
        2.282095837197281,
        0.0,
        0.0
    ],
    "x_il_presolve": [
        0.0,
        0.0,
        0.0,
        2.2955487002476542,
        0.0,
        0.5069280901302233,
        0.0,
        0.0,
        3.0,
        0.704451299752346,
        0.0,
        3.0,
        0.0,
        0.0,
        0.44964985343957764,
        0.0,
        0.0,
        0.0,
        5.240490571633826,
        0.0,
        0.0,
        0.9636184701387586,
        3.0,
        0.8243117443462475,
        2.1756882556537525,
        0.0,
        2.759509428366174,
        0.0,
        2.615796773143886,
        0.0,
        2.261118266927595,
        0.0,
        0.0,
        0.0,
        0.0,
        0.0,
        0.0,
        0.0,
        2.2334236196342148,
        0.0,
        0.0,
        0.0,
        3.0,
        0.0,
        0.0,
        2.1756882556537525,
        0.0,
        3.0,
        0.0,
        0.0,
        0.0,
        0.0,
        0.0,
        0.0,
        2.6171745694257407,
        0.0,
        0.0,
        0.0,
        0.0,
        0.0,
        0.0,
        0.0,
        0.0,
        0.0,
        0.11142017339189945,
        0.0,
        0.0,
        2.3746618909066695,
        0.0,
        0.0,
        3.0
    ],
    "x_lj_presolve": [
        2.0,
        0.0,
        0.0,
        1.0,
        0.7007860489327706,
        0.7697605113362112,
        0.0,
        0.0,
        2.0,
        1.0,
        0.0,
        1.3842032268561144,
        1.0,
        0.6157967731438855,
        2.0,
        0.0,
        0.0,
        0.0,
        0.6157967731438857,
        0.0,
        0.0,
        2.0,
        1.0,
        0.11142017339189945,
        0.0,
        0.0,
        5.393758450118637,
        2.606241549881364,
        0.0,
        0.0,
        0.909277906950131,
        0.8673598168089585,
        1.2233622762409104,
        2.0,
        6.0,
        0.0,
        2.0,
        1.0,
        0.0,
        0.0,
        1.2278401586597603,
        1.1636994771879046,
        0.22563493357807615,
        0.0,
        0.0,
        0.0,
        0.0,
        0.0,
        0.0,
        3.0,
        2.0,
        2.494541886561809,
        0.0
    ],
    "q_presolve": [
        0.0,
        0.0,
        0.0,
        0.7651829000825514,
        0.0,
        0.34472087033918847,
        0.0,
        0.0,
        0.375,
        0.23481709991744865,
        0.0,
        1.0,
        0.0,
        0.0,
        0.056206231679947205,
        0.0,
        0.0,
        0.0,
        0.6550613214542282,
        0.0,
        0.0,
        0.6552791296608116,
        1.0,
        0.2747705814487492,
        0.27196103195671906,
        0.0,
        0.3449386785457717,
        0.0,
        1.0,
        0.0,
        0.5030809199238064,
        0.0,
        0.0,
        0.0,
        0.0,
        0.0,
        0.0,
        0.0,
        0.49691908007619373,
        0.0,
        0.0,
        0.0,
        1.0,
        0.0,
        0.0,
        0.7252294185512509,
        0.0,
        1.0,
        0.0,
        0.0,
        0.0,
        0.0,
        0.0,
        1.0,
        1.0,
        0.0,
        0.0,
        0.0,
        0.0,
        0.0,
        0.0,
        0.0,
        0.0,
        0.0,
        1.0,
        0.0,
        0.0,
        0.2968327363633337,
        0.0,
        0.0,
        1.0
    ],