{
    "upper_bound_presolve": -618.7738757007268,
    "x_ij_presolve": [
        0.0,
        1.6747026938908853,
        1.3987630955855876,
        0.0,
        0.0,
        0.0,
        1.7185429045607403,
        0.0,
        0.0,
        0.0,
        0.0,
        0.0,
        0.0,
        0.0,
        0.0,
        0.0,
        0.0,
        0.0,
        0.3351012451835196,
        0.0,
        1.6368077743467886,
        0.0,
        0.0,
        0.0,
        0.0,
        0.0,
        0.0,
        2.0,
        0.0,
        0.0,
        0.0,
        0.0,
        0.0,
        0.0,
        0.0,
        0.0,
        0.0,
        0.0,
        0.0,
        0.0,
        0.0,
        0.0,
        0.0,
        0.6012369044144124,
        0.0,
        0.0,
        0.3252973061091149,
        0.0,
        0.0,
        0.0,
        0.0,
        0.0,
        0.0,
        0.0,
        0.0,
        3.0,
        0.0,
        0.0,
        0.1824459477359378,
        1.9346520098969968,
        0.0,
        0.0,
        0.0,
        0.17251780408594666,
        6.0,
        0.0,
        0.015713904898950914,
        0.0,
        0.0,
        0.6648987548164805,
        0.0,
        0.0,
        0.0,
        0.0,
        0.0,
        0.0,
        0.43188005009062636,
        0.9425303176621151,
        0.0,
        0.0,
        0.0,
        0.0,
        0.0,
        0.0,
        0.0,
        0.0,
        0.0,
        0.0,
        0.0,
        0.0,
        0.0,
        0.0,
        0.9842860951010489,
        0.0,
        0.0,
        0.0,
        0.0,
        0.11248055943273172,
        0.0,
        0.0,
        0.0,
        0.0,
        0.0,
        0.0,
        0.0,
        0.0,
        0.0,
        0.0,
        0.0810043013230307,
        0.0,
        0.11097270385486253,
        0.0,
        0.0,
        1.1914824396258017,
        0.0,
        0.0
    ],
    "x_il_presolve": [
        0.0,
        0.0,
        0.0,
        1.8594284600975763,
        4.54762081167127,
        0.8495770453486333,
        0.0,
        0.0,
        0.0,
        1.0280909804696918,
        0.0,
        3.0,
        0.0,
        0.0,
        2.872230402200039,
        0.0,
        0.0,
        0.0,
        7.248210210242623,
        0.0,
        0.0,
        0.0,
        3.0,
        1.1173960703906465,
        1.8826039296093533,
        0.0,
        0.7517897897573771,
        0.0,
        0.0,
        0.0,
        2.8175540522640623,
        0.0,
        0.0,
        0.0,
        0.0,
        0.0,
        0.0,
        0.0,
        2.060737082172547,
        0.0,
        0.0,
        0.0,
        3.0,
        0.0,
        0.0,
        1.8826039296093535,
        0.0,
        3.0,
        0.0,
        0.0,
        0.0,
        0.0,
        0.0,
        0.0,
        1.0574696823378849,
        0.0,
        0.0,
        0.0,
        0.0,
        0.0,
        0.0,
        0.0,
        0.0,
        0.0,
        0.06534799010300311,
        0.0,
        0.0,
        3.245165668190607,
        3.4523791883287283,
        0.0,
        5.746477894591026
    ],
    "x_lj_presolve": [
        2.0,
        2.7464778945910253,
        0.0,
        1.0,
        0.2814570954392596,
        0.5681199499093738,
        0.0,
        0.0,
        2.0,
        0.8875194405672683,
        0.0,
        1.8274821959140535,
        1.0,
        0.1725178040859464,
        0.0,
        0.0,
        0.0,
        0.0,
        0.0,
        0.0,
        0.0,
        2.0,
        1.0,
        0.06534799010300311,
        0.0,
        0.0,
        5.984286095101049,
        2.015713904898951,
        0.0,
        0.0,
        1.8890272961451375,
        0.8175540522640623,
        0.29341865159079994,
        2.0,
        6.0,
        0.0,
        2.0,
        1.0,
        0.0,
        0.0,
        1.0574696823378849,
        0.0,
        0.0,
        0.0,
        4.918995698676969,
        3.081004301323029,
        1.9189956986769694,
        0.0,
        0.0,
        1.0810043013230306,
        2.0,
        2.8782911344366093,
        0.0
    ],
    "q_presolve": [
        0.0,
        0.0,
        0.0,
        0.6439535727358712,
        0.5684526014589087,
        1.0,
        0.0,
        0.0,
        0.0,
        0.3560464272641288,
        0.0,
        1.0,
        0.0,
        0.0,
        0.3590288002750049,
        0.0,
        0.0,
        0.0,
        0.9060262762803278,
        1.0,
        0.0,
        0.0,
        1.0,
        0.37246535679688214,
        0.23532549120116916,
        0.0,
        0.09397372371967214,
        0.0,
        0.0,
        0.0,
        0.577569885563925,
        0.0,
        0.0,
        0.0,
        0.0,
        0.0,
        0.0,
        0.0,
        0.422430114436075,
        0.0,
        0.0,
        0.0,
        1.0,
        0.0,
        0.0,
        0.6275346432031178,
        0.0,
        1.0,
        0.0,
        0.0,
        0.0,
        0.0,
        0.0,
        0.0,
        1.0,
        0.0,
        0.0,
        0.0,
        0.0,
        0.0,
        0.0,
        0.0,
        0.0,
        0.0,
        1.0,
        0.0,
        0.0,
        0.40564570852382587,
        0.4315473985410912,
        0.0,
        1.0
    ],