{
    "upper_bound_presolve": -617.6348665672184,
    "x_ij_presolve": [
        0.0,
        0.0,
        1.4175070694079106,
        0.0,
        0.0,
        0.0,
        1.5395768222259496,
        0.0,
        0.0,
        0.0,
        0.0,
        0.0,
        0.0,
        0.0,
        0.0,
        0.0,
        0.0,
        0.0,
        0.2626245626052079,
        0.0,
        0.0,
        0.0,
        0.0,
        0.0,
        0.0,
        0.0,
        0.0,
        2.0,
        0.0,
        0.0,
        0.0,
        0.0,
        0.0,
        0.0,
        0.0,
        0.0,
        0.0,
        0.0,
        0.0,
        0.0,
        0.0,
        0.0,
        0.0,
        0.5824929305920893,
        0.0,
        0.0,
        0.0,
        0.0,
        0.0,
        0.0,
        0.0,
        0.0,
        0.0,
        0.0,
        0.0,
        0.27748455135371874,
        0.0,
        0.0,
        0.14809339793730625,
        2.0,
        0.0,
        0.0,
        0.0,
        0.0,
        6.0,
        0.0,
        0.0,
        0.0,
        0.0,
        0.737375437394792,
        0.0,
        0.0,
        0.0,
        0.0,
        0.0,
        0.0,
        0.0,
        0.34471058960308165,
        0.0,
        0.0,
        0.0,
        0.0,
        0.0,
        0.0,
        0.0,
        0.0,
        0.0,
        0.0,
        0.0,
        0.0,
        0.0,
        1.6552894103969185,
        0.06325567384917374,
        0.0,
        0.0,
        0.0,
        0.0,
        0.0,
        0.0,
        0.0,
        0.0,
        0.0,
        0.0,
        0.0,
        0.0,
        0.9812441122205572,
        0.0,
        0.0,
        0.0,
        0.0,
        0.0,
        0.0,
        0.0,
        2.3108224317839334,
        0.0,
        0.0
    ],
    "x_il_presolve": [
        0.0,
        0.0,
        0.0,
        2.103528619521307,
        4.7696511779961535,
        1.4604231777740504,
        0.0,
        0.0,
        0.3037066915846246,
        0.8964713804786929,
        0.0,
        3.0,
        0.0,
        0.0,
        3.0,
        0.0,
        0.0,
        0.0,
        7.417507069407911,
        0.0,
        0.0,
        0.0,
        3.0,
        0.7748782630946309,
        2.225121736905369,
        0.0,
        0.5824929305920893,
        0.0,
        2.7225154486462815,
        0.0,
        2.851906602062694,
        0.0,
        0.0,
        0.0,
        0.0,
        0.0,
        0.0,
        0.0,
        1.707933455995509,
        0.5546911066096988,
        0.0,
        0.0,
        3.0,
        0.0,
        0.0,
        2.2251217369053693,
        0.0,
        2.2814461965749233,
        0.0,
        0.0,
        0.0,
        0.0,
        0.0,
        0.0,
        0.0,
        0.0,
        0.0,
        0.012342825297786197,
        0.0,
        0.0,
        0.0,
        0.0,
        0.0,
        0.7185538034250764,
        0.0,
        0.0,
        0.0,
        2.471171571510007,
        3.21800599670606,
        0.0,
        4.72279344474402
    ],
    "x_lj_presolve": [
        2.0,
        2.2774845513537185,
        0.0,
        1.0,
        0.46042317777405045,
        1.0,
        0.0,
        0.0,
        2.0,
        1.0,
        0.0,
        1.2774845513537185,
        1.0,
        0.7225154486462815,
        2.0,
        0.0,
        0.0,
        0.0,
        0.7225154486462817,
        0.0,
        0.0,
        2.0,
        1.0,
        0.0,
        0.0,
        0.0,
        6.0,
        2.0,
        0.0,
        0.0,
        1.0187558877794427,
        0.8519066020626939,
        1.1293375101578633,
        2.0,
        6.0,
        0.0,
        2.0,
        1.0,
        0.0,
        0.0,
        0.0,
        0.0,
        0.0,
        0.0,
        5.0,
        3.0,
        2.0,
        0.0,
        0.0,
        0.9999999999999999,
        2.0,
        2.559840058058203,
        0.0
    ],
    "q_presolve": [
        0.0,
        0.0,
        0.0,
        0.7011762065071023,
        0.5962063972495192,
        1.0,
        0.0,
        0.0,
        0.037963336448078075,
        0.29882379349289767,
        0.0,
        1.0,
        0.0,
        0.0,
        0.375,
        0.0,
        0.0,
        0.0,
        0.9271883836759889,
        0.0,
        0.0,
        0.0,
        1.0,
        0.258292754364877,
        0.2781402171131711,
        0.0,
        0.07281161632401116,
        0.0,
        1.0,
        1.0,
        0.6254400517892664,
        0.0,
        0.0,
        0.0,
        0.0,
        0.0,
        0.0,
        0.0,
        0.3745599482107336,
        0.10510520707586266,
        0.0,
        0.0,
        1.0,
        0.0,
        0.0,
        0.741707245635123,
        0.0,
        0.7604820655249745,
        0.0,
        0.0,
        0.0,
        0.0,
        0.0,
        0.0,
        0.0,
        1.0,
        0.0,
        0.0015428531622232746,
        0.0,
        0.0,
        0.0,
        0.0,
        0.0,
        0.23951793447502548,
        0.0,
        0.0,
        0.0,
        0.30889644643875086,
        0.4022507495882575,
        0.0,
        0.8948947929241373
    ],