{
    "upper_bound_presolve": -623.5883288684014,
    "x_ij_presolve": [
        0.0,
        0.15365870290883807,
        1.5240871032393717,
        0.0,
        0.0,
        0.0,
        1.7795084385960507,
        0.0,
        0.0,
        0.0,
        0.0,
        0.0,
        0.0,
        0.0,
        0.0,
        0.0,
        0.0,
        0.0,
        0.2616712302706181,
        0.0,
        0.0,
        0.0,
        0.0,
        0.0,
        0.0,
        0.0,
        0.0,
        2.0,
        0.0,
        0.0,
        0.0,
        0.0,
        0.0,
        0.0,
        0.0,
        0.0,
        0.0,
        0.0,
        0.0,
        0.0,
        0.0,
        0.0,
        0.0,
        0.4759128967606284,
        0.0,
        0.0,
        0.0,
        0.0,
        0.0,
        0.0,
        0.0,
        0.0,
        0.0,
        0.0,
        0.0,
        0.5823846097456389,
        0.0,
        1.19436252366214,
        0.2666947827786876,
        2.0,
        0.0,
        0.0,
        0.0,
        0.0,
        6.0,
        0.0,
        0.6149058194710612,
        0.0,
        0.0,
        0.7383287697293819,
        0.0,
        0.0,
        0.0,
        0.0,
        0.0,
        0.0,
        0.5177915717706513,
        0.3813216746478428,
        0.0,
        0.0,
        0.0,
        0.0,
        0.0,
        0.0,
        0.0,
        0.0,
        0.0,
        0.0,
        0.0,
        0.0,
        0.0,
        1.6186783253521573,
        1.6083470471211607,
        0.0,
        0.0,
        0.0,
        0.0,
        0.0,
        0.0,
        0.0,
        0.0,
        0.0,
        0.0,
        0.0,
        0.0,
        0.969126558949845,
        0.0,
        0.0,
        0.0,
        0.0,
        0.25737641735193045,
        0.0,
        0.04704067874345509,
        4.506802240919537,
        0.0,
        0.0
    ],
    "x_il_presolve": [
        0.0,
        0.0,
        0.0,
        2.1101754200424185,
        2.2026820630568884,
        0.7026999896332982,
        0.0,
        0.0,
        0.0,
        0.8898245799575815,
        0.0,
        3.0,
        0.0,
        0.0,
        2.635695066750685,
        0.0,
        0.0,
        0.0,
        6.7982541810402015,
        0.0,
        0.0,
        0.0,
        3.0,
        0.8244757297357623,
        2.1755242702642374,
        0.0,
        1.2017458189597985,
        0.0,
        2.417615390254361,
        0.0,
        1.5389426935591726,
        0.0,
        0.0,
        0.0,
        0.0,
        0.0,
        0.0,
        0.0,
        0.46105730644082743,
        0.0,
        0.0,
        0.0,
        3.0,
        0.0,
        0.0,
        2.175524270264238,
        0.0,
        1.3116035106299195,
        0.0,
        0.0,
        0.0,
        0.0,
        0.0,
        0.0,
        0.0,
        0.0,
        0.0,
        5.797317936943112,
        0.0,
        0.0,
        0.0,
        0.0,
        0.0,
        1.6883964893700807,
        0.0,
        0.0,
        0.0,
        3.1887806629850775,
        0.0,
        0.0,
        5.381685228093346
    ],
    "x_lj_presolve": [
        2.0,
        2.3816852280933465,
        0.0,
        1.0,
        0.22049156140394932,
        0.48220842822934884,
        0.0,
        0.0,
        2.0,
        1.0,
        0.0,
        1.4287259068368012,
        0.9529593212565449,
        0.6183147719066538,
        1.846341297091162,
        0.0,
        0.0,
        0.0,
        0.5712740931631988,
        0.0,
        0.0,
        2.0,
        1.0,
        0.0,
        0.0,
        0.0,
        4.1907316568668,
        3.8092683431332004,
        0.0,
        0.0,
        0.7734970236982246,
        0.7333052172213124,
        1.4931977590804628,
        2.0,
        6.0,
        0.0,
        2.0,
        1.0,
        0.0,
        0.0,
        0.0,
        0.0,
        0.0,
        0.0,
        5.0,
        2.9999999999999996,
        2.0,
        0.0,
        0.0,
        1.0000000000000002,
        2.0,
        0.0,
        0.0
    ],
    "q_presolve": [
        0.0,
        0.0,
        0.0,
        0.7033918066808063,
        0.27533525788211105,
        1.0,
        0.0,
        0.0,
        0.0,
        0.2966081933191938,
        0.0,
        1.0,
        0.0,
        0.0,
        0.32946188334383564,
        0.0,
        0.0,
        0.0,
        0.8497817726300252,
        0.0,
        0.0,
        0.0,
        1.0,
        0.2748252432452541,
        0.2719405337830297,
        0.0,
        0.1502182273699748,
        0.0,
        1.0,
        0.0,
        0.7694713467795863,
        0.0,
        0.0,
        0.0,
        0.0,
        0.0,
        0.0,
        0.0,
        0.23052865322041372,
        0.0,
        0.0,
        0.0,
        1.0,
        0.0,
        0.0,
        0.725174756754746,
        0.0,
        0.4372011702099732,
        0.0,
        0.0,
        0.0,
        0.0,
        0.0,
        0.0,
        0.0,
        1.0,
        0.0,
        0.724664742117889,
        0.0,
        0.0,
        0.0,
        0.0,
        0.0,
        0.5627988297900268,
        1.0,
        0.0,
        0.0,
        0.3985975828731347,
        0.0,
        0.0,
        1.0
    ],