{
    "upper_bound_presolve": -619.1698697658618,
    "x_ij_presolve": [
        0.0,
        0.0,
        1.289135439670076,
        0.0,
        0.592649048799444,
        0.0,
        1.1359316197961287,
        0.0,
        0.0,
        0.0,
        0.0,
        0.0,
        0.0,
        0.0,
        0.0,
        0.0,
        0.0,
        0.0,
        0.292112018317522,
        0.0,
        0.0,
        0.0,
        0.0,
        0.0,
        0.09722007172641296,
        0.0,
        0.0,
        2.0,
        0.0,
        0.0,
        0.0,
        0.0,
        0.0,
        0.0,
        0.0,
        0.0,
        0.0,
        0.0,
        0.0,
        0.0,
        0.0,
        0.0,
        0.0,
        0.7108645603299241,
        0.0,
        0.0,
        0.0,
        0.0,
        0.0,
        0.0,
        0.0,
        0.0,
        0.0,
        0.0,
        0.0,
        0.43617290455710805,
        0.0,
        1.1706867965596874,
        0.2805971030984572,
        2.0,
        0.0,
        0.0,
        0.0,
        0.0,
        6.0,
        0.0,
        0.0,
        0.0,
        0.0,
        0.707887981682478,
        0.0,
        0.0,
        0.0,
        0.0,
        0.0,
        0.0,
        0.0,
        0.9733308611829465,
        0.0,
        0.0,
        0.0,
        0.0,
        0.0,
        0.0,
        0.0,
        0.0,
        0.0,
        0.0,
        0.0,
        0.0,
        0.0,
        1.0266691388170537,
        0.0,
        0.0,
        0.0,
        0.0,
        0.0,
        0.0,
        0.0,
        0.0,
        0.0,
        0.0,
        0.0,
        0.0,
        0.0,
        0.86451551815678,
        0.0,
        0.0,
        0.0,
        0.0,
        0.3247401146677087,
        0.0,
        0.0,
        4.530147264077055,
        0.0,
        0.0
    ],
    "x_il_presolve": [
        0.0,
        0.0,
        0.0,
        2.1539568683336126,
        1.9464958133266366,
        1.8640683802038716,
        0.0,
        0.0,
        0.31679787341279325,
        0.8460431316663877,
        0.0,
        3.0,
        0.0,
        0.0,
        3.0,
        0.0,
        0.0,
        0.0,
        7.289135439670076,
        0.0,
        0.0,
        0.0,
        3.0,
        0.7609837642782514,
        2.2390162357217487,
        0.0,
        0.7108645603299234,
        0.0,
        2.563827095442892,
        0.0,
        1.5487161003418557,
        0.0,
        0.0,
        0.0,
        0.0,
        0.0,
        0.0,
        0.0,
        0.35406382793173125,
        0.0,
        0.0,
        0.0,
        3.0,
        0.0,
        0.0,
        2.239016235721749,
        0.0,
        1.459542032789314,
        0.0,
        0.0,
        0.0,
        0.0,
        0.0,
        0.0,
        0.0,
        0.0,
        0.0,
        4.918244799164493,
        0.0,
        0.0,
        0.0,
        0.0,
        0.0,
        1.5404579672106862,
        0.0,
        0.0,
        0.0,
        2.4441858908654583,
        0.700926730389779,
        0.0,
        5.277856512876755
    ],
    "x_lj_presolve": [
        1.407350951200556,
        2.8705055616761994,
        0.0,
        1.0,
        0.8640683802038716,
        1.0,
        0.0,
        0.0,
        1.902779928273587,
        1.0,
        0.09722007172641317,
        1.4361729045571079,
        1.0,
        0.5638270954428921,
        2.0,
        0.0,
        0.0,
        0.0,
        0.5638270954428922,
        0.0,
        0.0,
        2.0,
        1.0,
        0.0,
        0.0,
        0.0,
        4.829313203440313,
        3.170686796559688,
        0.0,
        0.0,
        0.8107443671755115,
        0.7194028969015435,
        1.4698527359229452,
        2.0,
        6.0,
        0.0,
        2.0,
        1.0,
        0.0,
        0.0,
        0.0,
        0.0,
        0.0,
        0.0,
        5.0,
        2.5656673428809085,
        2.0,
        0.0,
        0.0,
        1.0000000000000002,
        1.9027799282735869,
        0.0,
        0.0
    ],
    "q_presolve": [
        0.0,
        0.0,
        0.0,
        0.7179856227778708,
        0.2572801215160797,
        1.0,
        0.0,
        0.0,
        0.039599734176599156,
        0.2820143772221292,
        0.0,
        1.0,
        0.0,
        0.0,
        0.375,
        0.0,
        0.0,
        0.0,
        0.9111419299587595,
        0.0,
        0.0,
        0.0,
        1.0,
        0.25366125475941714,
        0.2798770294652186,
        0.0,
        0.08885807004124043,
        0.0,
        1.0,
        1.0,
        0.8139228700751656,
        0.0,
        0.0,
        0.0,
        0.0,
        0.0,
        0.0,
        0.0,
        0.18607712992483436,
        0.0,
        0.0,
        0.0,
        1.0,
        0.0,
        0.0,
        0.746338745240583,
        0.0,
        0.48651401092977137,
        0.0,
        0.0,
        0.0,
        0.0,
        0.0,
        0.0,
        0.0,
        1.0,
        0.0,
        0.6500741542373563,
        0.0,
        0.0,
        0.0,
        0.0,
        0.0,
        0.5134859890702287,
        0.0,
        0.0,
        0.0,
        0.3055232363581823,
        0.09264572424656398,
        0.0,
        1.0
    ],