{
    "upper_bound_presolve": -609.9964792194774,
    "x_ij_presolve": [
        0.0,
        0.5108873614428918,
        1.55616542177511,
        0.0,
        0.0,
        0.0,
        1.832126825492608,
        0.0,
        0.0,
        0.0,
        0.0,
        0.0,
        0.0,
        0.0,
        0.0,
        0.0,
        0.0,
        0.0,
        0.2264439735101981,
        0.0,
        0.0,
        0.0,
        0.0,
        0.0,
        0.0,
        0.0,
        0.0,
        2.0,
        0.0,
        0.0,
        0.0,
        0.0,
        0.0,
        0.0,
        0.0,
        0.0,
        0.0,
        0.0,
        0.0,
        0.0,
        0.0,
        0.0,
        0.0,
        0.44383457822488964,
        0.0,
        0.0,
        0.0,
        0.0,
        0.0,
        0.0,
        0.0,
        0.0,
        0.0,
        0.0,
        0.0,
        0.5011934795272158,
        0.0,
        0.0,
        0.0,
        1.401654908439694,
        0.0,
        0.0,
        0.0,
        0.0,
        6.0,
        0.0,
        0.0,
        0.0,
        0.0,
        0.7735560264898019,
        0.0,
        0.0,
        0.0,
        0.0,
        0.0,
        0.0,
        0.10491578410481746,
        0.905957776128468,
        0.0,
        0.0,
        0.0,
        0.0,
        0.0,
        0.0,
        0.0,
        0.0,
        0.0,
        0.0,
        0.0,
        0.0,
        0.0,
        0.0,
        0.0,
        0.0,
        0.0,
        0.0,
        0.0,
        0.08185572042980023,
        0.0,
        0.0,
        0.0,
        0.0,
        0.0,
        0.0,
        0.0,
        1.3926748241128888,
        0.0,
        0.0,
        0.3416533551685399,
        0.0,
        0.2266028612400187,
        0.0,
        0.04543149640032626,
        2.7665088106795377,
        0.0,
        0.0
    ],
    "x_il_presolve": [
        0.0,
        0.0,
        0.0,
        2.2806924275116596,
        5.070557679132303,
        0.23485249232021813,
        0.0,
        0.0,
        0.7179480735255549,
        0.7193075724883404,
        0.0,
        3.0,
        0.0,
        0.0,
        3.0,
        0.0,
        0.0,
        0.0,
        5.044737754686581,
        0.0,
        0.664375343830994,
        0.8281048980823564,
        3.0,
        0.7499625843379757,
        2.250037415662024,
        0.0,
        2.9552622453134187,
        0.0,
        2.498806520472784,
        0.5983450915603059,
        2.401654908439694,
        0.0,
        0.0,
        0.0,
        0.0,
        0.0,
        0.0,
        0.0,
        0.792381931800541,
        1.4340620417096568,
        0.0,
        0.0,
        3.0,
        0.0,
        0.0,
        2.250037415662024,
        0.0,
        1.5631295565290966,
        0.0,
        0.0,
        0.0,
        0.0,
        0.0,
        0.0,
        4.266794343810842,
        0.0,
        0.0,
        0.0,
        0.0,
        0.0,
        0.0,
        0.0,
        0.0,
        1.4368704434709034,
        0.0,
        0.0,
        0.0,
        2.032014510812421,
        2.9294423208676976,
        0.0,
        3.1691592248058
    ],
    "x_lj_presolve": [
        2.0,
        1.6032212665154568,
        0.0,
        1.0,
        0.16787317450739206,
        0.8950842158951824,
        0.0,
        0.0,
        2.0,
        0.9181442795701998,
        0.08185572042980027,
        0.9903061180843241,
        0.9545685035996737,
        1.055125378316002,
        1.4891126385571083,
        0.0,
        0.0,
        0.0,
        1.0096938819156758,
        0.0,
        0.0,
        2.0,
        1.0,
        0.5983450915603059,
        0.0,
        0.0,
        6.0,
        1.6616790567024804,
        0.0,
        0.3383209432975197,
        0.3807223146470925,
        0.6616790567024804,
        1.9575986286504272,
        2.0,
        6.0,
        0.0,
        2.0,
        1.0,
        0.0,
        0.0,
        1.094042223871532,
        3.8371274637703037,
        0.0,
        0.0,
        4.65834664483146,
        3.341653355168541,
        1.65834664483146,
        0.0,
        0.0,
        1.34165335516854,
        1.9181442795701997,
        1.2758925606700353,
        0.0
    ],
    "q_presolve": [
        0.0,
        0.0,
        0.0,
        0.7602308091705532,
        0.6338197098915379,
        0.22094252736816883,
        0.0,
        0.0,
        0.08974350919069436,
        0.23976919082944684,
        0.0,
        1.0,
        0.0,
        0.0,
        0.375,
        0.0,
        0.0,
        0.0,
        0.6305922193358227,
        0.0,
        0.13472976715767992,
        0.7790574726318312,
        1.0,
        0.24998752811265856,
        0.281254676957753,
        0.0,
        0.36940778066417734,
        0.0,
        1.0,
        1.0,
        0.7519183492758514,
        0.0,
        0.0,
        0.0,
        0.0,
        0.0,
        0.0,
        0.0,
        0.2480816507241485,
        0.31153445786785133,
        0.0,
        0.0,
        1.0,
        0.0,
        0.0,
        0.7500124718873414,
        0.0,
        0.5210431855096989,
        0.0,
        0.0,
        0.0,
        0.0,
        0.0,
        0.0,
        0.8652702328423201,
        0.0,
        0.0,
        0.0,
        0.0,
        0.0,
        0.0,
        0.0,
        0.0,
        0.47895681449030114,
        0.0,
        0.0,
        0.0,
        0.2540018138515526,
        0.3661802901084622,
        0.0,
        0.6884655421321487
    ],