{
    "upper_bound_presolve": -626.1634871921086,
    "x_ij_presolve": [
        0.0,
        0.5897467878710271,
        0.37927726600064354,
        0.0,
        1.2575372085659906,
        0.0,
        1.7456432239432946,
        0.0,
        0.0,
        0.0,
        0.0,
        0.0,
        0.0,
        0.0,
        0.0,
        0.0,
        0.0,
        0.0,
        0.0,
        0.0,
        0.0,
        0.0,
        0.0,
        0.0,
        0.0,
        0.0,
        0.0,
        2.0,
        0.0,
        0.0,
        0.0,
        0.0,
        0.0,
        0.0,
        0.0,
        0.0,
        0.0,
        0.0,
        0.0,
        0.0,
        0.0,
        0.0,
        0.0,
        0.2614625980579407,
        0.0,
        0.0,
        0.0,
        0.0,
        0.0,
        0.0,
        0.0,
        0.0,
        0.0,
        0.0,
        0.0,
        1.264205984685502,
        0.0,
        1.4022378480321562,
        0.05997994768763502,
        1.8441727943066297,
        0.0,
        0.0,
        0.0,
        0.0,
        6.0,
        0.0,
        0.0,
        0.0,
        0.0,
        0.7974263030780452,
        0.0,
        0.0,
        0.0,
        0.0,
        0.0,
        0.0,
        0.4650628394651399,
        0.8695924450767307,
        0.0,
        0.0,
        0.0,
        0.0,
        0.0,
        0.0,
        0.0,
        0.0,
        0.0,
        0.0,
        0.0,
        0.0,
        0.0,
        1.1304075549232695,
        0.0,
        0.0,
        0.0,
        0.0,
        0.0,
        0.0,
        0.0,
        0.19388771809553085,
        0.0,
        0.0,
        0.0,
        0.0,
        0.0,
        0.134548555524109,
        0.0,
        0.0,
        0.0,
        0.0,
        0.0,
        0.0,
        0.0,
        5.805471496788257,
        0.0,
        0.0
    ],
    "x_il_presolve": [
        0.0,
        0.0,
        0.0,
        2.1636279105836396,
        2.1270787687509176,
        0.7892939365915655,
        0.5827427766380666,
        0.0,
        0.6020862295643947,
        0.8363720894163608,
        0.0,
        3.0,
        0.0,
        0.0,
        3.0,
        0.0,
        0.0,
        0.0,
        7.738537401942059,
        0.0,
        0.0,
        0.0,
        2.4172572233619336,
        0.7966147327761383,
        2.2033852672238616,
        0.0,
        0.2614625980579408,
        0.0,
        1.735794015314498,
        0.3584009026153252,
        1.1793813016648835,
        0.0,
        0.0,
        0.0,
        0.0,
        0.0,
        0.0,
        0.0,
        0.8206186983351164,
        0.0,
        0.0,
        0.0,
        3.0,
        0.0,
        0.0,
        2.2033852672238616,
        0.0,
        3.0,
        0.0,
        0.0,
        0.0,
        0.0,
        0.0,
        0.0,
        0.0,
        0.0,
        0.0,
        5.872921231249082,
        0.0,
        0.0,
        0.0,
        0.0,
        0.0,
        0.0,
        0.0,
        0.0,
        0.0,
        2.1945285032117434,
        0.0,
        0.0,
        5.582294406094369
    ],
    "x_lj_presolve": [
        0.7424627914340093,
        4.03371933275589,
        0.0,
        0.8061122819044692,
        0.2543567760567053,
        0.5349371605348602,
        0.0,
        0.0,
        2.0,
        1.0,
        0.0,
        1.6744591968144749,
        1.0,
        0.32554080318552536,
        1.4102532121289728,
        0.0,
        0.0,
        0.0,
        0.32554080318552525,
        0.0,
        0.0,
        2.0,
        1.0,
        0.15582720569337027,
        0.2025736969219549,
        0.0,
        4.597762151967844,
        3.402237848032156,
        0.0,
        0.0,
        1.865451444475891,
        0.9400200523123654,
        0.19452850321174353,
        2.0,
        6.0,
        0.0,
        2.0,
        1.0,
        0.0,
        0.0,
        0.0,
        0.0,
        0.0,
        1.359260135941416,
        5.0,
        1.6407398640585844,
        2.0,
        0.0,
        0.0,
        1.0,
        2.0,
        0.0,
        0.0
    ],
    "q_presolve": [
        0.0,
        0.0,
        0.0,
        0.7212093035278798,
        0.2658848460938647,
        1.0,
        0.19424759221268886,
        0.0,
        0.07526077869554934,
        0.27879069647212024,
        0.0,
        1.0,
        0.0,
        0.0,
        0.375,
        0.0,
        0.0,
        0.0,
        0.9673171752427574,
        0.0,
        0.0,
        0.0,
        0.8057524077873112,
        0.26553824425871275,
        0.2754231584029827,
        0.0,
        0.0326828247572426,
        0.0,
        1.0,
        1.0,
        0.5896906508324418,
        0.0,
        0.0,
        0.0,
        0.0,
        0.0,
        0.0,
        0.0,
        0.4103093491675582,
        0.0,
        0.0,
        0.0,
        1.0,
        0.0,
        0.0,
        0.7344617557412872,
        0.0,
        1.0,
        0.0,
        0.0,
        0.0,
        0.0,
        0.0,
        0.0,
        0.0,
        1.0,
        0.0,
        0.7341151539061352,
        0.0,
        0.0,
        0.0,
        0.0,
        0.0,
        0.0,
        0.0,
        0.0,
        0.0,
        0.2743160629014679,
        0.0,
        0.0,
        1.0
    ],