{
    "upper_bound_presolve": -605.2500397026936,
    "x_ij_presolve": [
        0.0,
        0.0,
        1.5440505330342131,
        0.0,
        0.9639741353653394,
        0.0,
        1.5862870072424728,
        0.0,
        0.0,
        0.0,
        0.0,
        0.0,
        0.0,
        0.0,
        0.0,
        0.0,
        0.0,
        0.0,
        0.21637857896508889,
        0.0,
        0.0,
        0.0,
        0.0,
        0.0,
        0.0,
        0.0,
        0.0,
        2.0,
        0.0,
        0.0,
        0.0,
        0.0,
        0.0,
        0.0,
        0.0,
        0.0,
        0.0,
        0.0,
        0.0,
        0.0,
        0.0,
        0.0,
        0.0,
        0.45594946696578686,
        0.0,
        0.0,
        0.0,
        0.0,
        0.0,
        0.0,
        0.0,
        0.0,
        0.0,
        0.0,
        0.0,
        0.17296267869390342,
        0.0,
        0.9970416357644755,
        0.021386753347160132,
        1.7114771888941256,
        0.0,
        0.0,
        0.0,
        0.0,
        6.0,
        0.0,
        0.2973408750714015,
        0.0,
        0.0,
        0.7836214210349112,
        0.0,
        0.0,
        0.0,
        0.0,
        0.0,
        0.0,
        0.4713854630892385,
        0.5988041898507251,
        0.0,
        0.0,
        0.0,
        0.0,
        0.0,
        0.0,
        0.0,
        0.0,
        0.0,
        0.06607285834440524,
        0.0,
        0.0,
        0.0,
        1.401195810149275,
        0.0,
        0.0,
        0.0,
        0.0,
        0.0,
        0.11715670001625077,
        0.0,
        0.09223192590282495,
        0.0,
        0.0,
        0.0,
        0.0,
        0.0,
        0.6318341891579888,
        0.0,
        0.0,
        0.0,
        0.0,
        0.0,
        0.0,
        0.03891288632629726,
        3.3201949787310205,
        0.0,
        0.0
    ],
    "x_il_presolve": [
        0.0,
        0.0,
        0.0,
        2.3141743514464723,
        3.618568927633133,
        0.9423275296682887,
        0.5038325158951305,
        0.0,
        1.4809427373400148,
        0.6858256485535275,
        0.0,
        3.0,
        0.0,
        0.0,
        3.0,
        0.0,
        0.0,
        0.0,
        5.556635928275227,
        0.0,
        0.0,
        0.0,
        2.4961674841048698,
        0.7149223146080024,
        2.2850776853919976,
        0.0,
        2.4433640717247713,
        0.0,
        2.8270373213060966,
        0.2885228111058744,
        1.69304879978249,
        0.0,
        0.0,
        0.0,
        0.0,
        0.0,
        0.0,
        0.0,
        2.216378578965089,
        0.0,
        0.0,
        0.0,
        2.9339271416555945,
        0.0,
        0.0,
        2.2850776853919976,
        0.0,
        2.8776725619205727,
        0.0,
        0.0,
        0.0,
        0.0,
        0.0,
        0.0,
        0.0,
        0.0,
        0.0,
        0.0,
        0.0,
        0.0,
        0.0,
        0.0,
        0.0,
        0.12232743807942703,
        0.0,
        0.0,
        0.0,
        1.2339795772679878,
        3.406912557674694,
        0.0,
        5.052362245791614
    ],
    "x_lj_presolve": [
        1.0360258646346605,
        3.1085683070597785,
        0.0,
        0.9077680740971751,
        0.4137129927575272,
        0.5286145369107615,
        0.0,
        0.0,
        2.0,
        0.8828432999837492,
        0.1171567000162508,
        1.1729626786939031,
        0.9610871136737027,
        0.8659502076323943,
        2.0,
        0.0,
        0.0,
        0.0,
        0.8270373213060968,
        0.0,
        0.0,
        2.0,
        1.0,
        0.2885228111058744,
        0.0,
        0.0,
        4.705617489164124,
        3.294382510835877,
        0.0,
        0.0,
        1.3681658108420112,
        0.9786132466528399,
        0.6532209425051488,
        2.0,
        6.0,
        0.0,
        1.9339271416555948,
        1.0,
        0.0,
        0.0,
        0.0,
        0.0,
        0.0,
        0.0,
        5.0,
        2.0254814853078273,
        2.0,
        0.0,
        0.0,
        1.0,
        1.8828432999837492,
        2.0265840787638303,
        0.0
    ],
    "q_presolve": [
        0.0,
        0.0,
        0.0,
        0.7713914504821575,
        0.5150634778841187,
        1.0,
        0.16794417196504347,
        0.0,
        0.18511784216750185,
        0.22860854951784254,
        0.0,
        1.0,
        0.0,
        0.0,
        0.375,
        0.0,
        0.0,
        0.0,
        0.6945794910344034,
        0.0,
        0.0,
        0.0,
        0.8320558280349566,
        0.23830743820266748,
        0.2856347106739997,
        0.0,
        0.30542050896559647,
        0.0,
        1.0,
        1.0,
        0.43306823116506477,
        0.0,
        0.0,
        0.0,
        0.0,
        0.0,
        0.0,
        0.0,
        0.5669317688349351,
        0.0,
        0.0,
        0.0,
        1.0,
        0.0,
        0.0,
        0.7616925617973325,
        0.0,
        0.9592241873068575,
        0.0,
        0.0,
        0.0,
        0.0,
        0.0,
        0.0,
        0.0,
        1.0,
        0.0,
        0.0,
        0.0,
        0.0,
        0.0,
        0.0,
        0.0,
        0.040775812693142344,
        0.0,
        0.0,
        0.0,
        0.15424744715849847,
        0.48493652211588134,
        0.0,
        1.0
    ],