{
    "upper_bound_presolve": -631.3169545256936,
    "x_ij_presolve": [
        0.0,
        0.0,
        1.136154159873882,
        0.0,
        0.0,
        0.0,
        1.8836776960083979,
        0.0,
        0.0,
        0.0,
        0.0,
        0.0,
        0.0,
        0.0,
        0.0,
        0.0,
        0.0,
        0.0,
        0.27324244736552844,
        0.0,
        0.0,
        0.0,
        0.0,
        0.0,
        0.0,
        0.0,
        0.0,
        2.0,
        0.0,
        0.0,
        0.0,
        0.0,
        0.0,
        0.0,
        0.0,
        0.0,
        0.0,
        0.0,
        0.0,
        0.0,
        0.0,
        0.0,
        0.0,
        0.8638458401261185,
        0.0,
        0.0,
        0.0,
        0.0,
        0.0,
        0.0,
        0.0,
        0.0,
        0.0,
        0.0,
        0.0,
        0.34563485368959773,
        0.0,
        0.8796240022374447,
        0.053562534290267014,
        1.3920850859906508,
        0.0,
        0.0,
        0.0,
        0.0,
        6.0,
        0.0,
        0.0,
        0.0,
        0.0,
        0.7267575526344715,
        0.0,
        0.0,
        0.0,
        0.0,
        0.0,
        0.0,
        0.0,
        0.572520734284602,
        0.0,
        0.0,
        0.0,
        0.0,
        0.0,
        0.0,
        0.0,
        0.0,
        0.0,
        0.1399255876170199,
        0.0,
        0.0,
        0.0,
        0.0,
        0.0,
        0.0,
        0.0,
        0.0,
        0.0,
        0.0,
        0.0,
        0.0,
        0.0,
        0.0,
        0.0,
        0.0,
        0.0,
        0.48365894899564804,
        0.0,
        0.0,
        0.0,
        0.0,
        0.0,
        0.0,
        0.0,
        5.43835065286567,
        0.0,
        0.0
    ],
    "x_il_presolve": [
        0.0,
        0.0,
        0.0,
        2.0702984306545544,
        2.412232878601976,
        0.356734735570969,
        0.0,
        0.0,
        0.5870040237684218,
        0.9297015693454453,
        0.0,
        3.0,
        0.0,
        0.0,
        3.0,
        0.0,
        0.0,
        0.0,
        7.136154159873882,
        0.0,
        0.0,
        0.7595875684206332,
        3.0,
        1.148653370902752,
        1.8513466290972478,
        0.0,
        0.8638458401261182,
        0.0,
        2.6543651463104023,
        0.6079149140093492,
        1.458898549462939,
        0.0,
        0.0,
        0.0,
        0.0,
        0.0,
        0.0,
        0.0,
        0.541101450537061,
        0.8756001434799368,
        0.0,
        0.0,
        2.86007441238298,
        0.0,
        0.0,
        1.8513466290972482,
        0.0,
        3.0,
        0.0,
        0.0,
        0.0,
        0.0,
        0.0,
        0.0,
        4.310061877879367,
        0.0,
        0.0,
        5.5877671213980245,
        0.0,
        0.0,
        0.0,
        0.0,
        0.0,
        0.0,
        0.0,
        0.0,
        0.0,
        2.561649347134331,
        0.0,
        0.0,
        4.386621105967063
    ],
    "x_lj_presolve": [
        2.0,
        2.262221249446999,
        0.0,
        1.0,
        0.11632230399160225,
        1.0,
        0.0,
        0.0,
        2.0,
        1.0,
        0.0,
        1.3456348536895977,
        1.0,
        0.6543651463104022,
        2.0,
        0.0,
        0.0,
        0.0,
        0.6543651463104022,
        0.0,
        0.0,
        2.0,
        1.0,
        0.6079149140093492,
        0.0,
        0.0,
        5.120375997762555,
        2.879624002237445,
        0.0,
        0.0,
        1.516341051004352,
        0.946437465709733,
        0.5372214832859149,
        2.0,
        6.0,
        0.0,
        1.8600744123829802,
        1.0,
        0.0,
        0.0,
        1.427479265715398,
        2.7747411440729572,
        0.10784146809101221,
        0.0,
        4.9165863957574025,
        3.0834136042425984,
        1.892158531908988,
        0.0,
        0.024427863848415124,
        1.083413604242597,
        2.0,
        0.0,
        0.0
    ],
    "q_presolve": [
        0.0,
        0.0,
        0.0,
        0.6900994768848515,
        0.301529109825247,
        0.319562490416435,
        0.0,
        0.0,
        0.07337550297105272,
        0.3099005231151485,
        0.0,
        1.0,
        0.0,
        0.0,
        0.375,
        0.0,
        0.0,
        0.0,
        0.8920192699842352,
        0.0,
        0.0,
        0.680437509583565,
        1.0,
        0.382884456967584,
        0.23141832863715597,
        0.0,
        0.10798073001576478,
        0.0,
        1.0,
        1.0,
        0.7294492747314695,
        0.0,
        0.0,
        0.0,
        0.0,
        0.0,
        0.0,
        0.0,
        0.2705507252685305,
        0.16639363910667054,
        0.0,
        0.0,
        1.0,
        0.0,
        0.0,
        0.6171155430324161,
        0.0,
        1.0,
        0.0,
        0.0,
        0.0,
        0.0,
        0.0,
        0.0,
        1.0,
        0.0,
        0.0,
        0.698470890174753,
        0.0,
        0.0,
        0.0,
        0.0,
        0.0,
        0.0,
        0.0,
        0.0,
        0.0,
        0.3202061683917914,
        0.0,
        0.0,
        0.8336063608933295
    ],