{
    "upper_bound_presolve": -597.3245022126666,
    "x_ij_presolve": [
        0.0,
        1.746910486386777,
        1.3763898336585216,
        0.0,
        0.0,
        0.0,
        1.6440396420128387,
        0.0,
        0.0,
        0.0,
        0.0,
        0.0,
        0.0,
        0.0,
        0.0,
        0.0,
        0.0,
        0.0,
        0.0,
        0.0,
        3.0,
        0.0,
        0.0,
        0.0,
        0.0,
        0.0,
        0.0,
        2.0,
        0.0,
        0.0,
        0.0,
        0.0,
        0.0,
        0.0,
        0.0,
        0.0,
        0.0,
        0.0,
        0.0,
        0.0,
        0.0,
        0.0,
        0.0,
        0.6236101663414784,
        0.0,
        0.0,
        0.0605701282328415,
        0.0,
        0.0,
        0.0,
        0.0,
        0.0,
        0.0,
        0.0,
        0.0,
        3.0,
        0.0,
        0.39520964737957504,
        0.09070891661759962,
        1.537907290929452,
        0.0,
        0.0,
        0.0,
        0.8548590674703604,
        6.0,
        0.0,
        0.0,
        0.0,
        0.0,
        0.799569033932117,
        0.0,
        0.0,
        0.0,
        0.0,
        0.0,
        0.0,
        0.29184773929928076,
        0.7720391641705889,
        0.0,
        0.0,
        0.0,
        0.0,
        0.0,
        0.0,
        0.0,
        0.0,
        0.0,
        0.1925193853803815,
        0.0,
        0.0,
        0.0,
        0.0,
        0.0,
        0.0,
        0.0,
        0.0,
        0.0,
        0.0,
        0.0,
        0.0,
        0.0,
        0.0,
        0.0,
        0.0,
        0.0,
        0.8080212326903334,
        0.0,
        0.0,
        1.785676788625907,
        0.0,
        0.0,
        0.0,
        0.09678642128135483,
        2.1012698506920673,
        0.0,
        0.0
    ],
    "x_il_presolve": [
        0.0,
        0.0,
        0.0,
        2.3325920172108505,
        2.5114952836735065,
        1.0641126186878807,
        0.0,
        0.0,
        0.5113013692535926,
        0.0,
        0.0,
        3.0,
        0.0,
        0.0,
        3.0,
        0.0,
        0.0,
        0.0,
        7.376389833658521,
        0.0,
        0.0,
        0.0,
        3.0,
        1.0747382142293793,
        1.9252617857706205,
        0.0,
        0.6236101663414789,
        0.0,
        0.0,
        0.6625236751384311,
        1.1841497780752444,
        0.6674079827891497,
        0.0,
        0.0,
        0.0,
        0.0,
        0.0,
        0.0,
        0.8158502219247555,
        0.973823635075207,
        0.0,
        0.0,
        3.0,
        0.0,
        0.0,
        1.92526178577062,
        0.0,
        2.954238141338181,
        0.0,
        0.0,
        0.0,
        0.0,
        0.0,
        0.0,
        2.047074399823929,
        0.0,
        0.0,
        0.0,
        0.0,
        0.0,
        0.0,
        0.0,
        0.0,
        0.04576185866181906,
        0.0,
        0.0,
        0.0,
        2.5634368449757874,
        3.2385068830507917,
        0.0,
        4.3245287094487805
    ],
    "x_lj_presolve": [
        2.0,
        2.298352344523987,
        0.0,
        1.0,
        0.35596035798716125,
        0.7081522607007193,
        0.0,
        0.0,
        2.0,
        1.0,
        0.0,
        1.1451409325296396,
        0.9032135787186452,
        0.9516454887517151,
        0.0,
        0.0,
        0.0,
        0.0,
        0.0,
        0.0,
        0.0,
        2.0,
        1.0,
        0.4620927090705481,
        0.20043096606788308,
        0.0,
        5.604790352620425,
        2.395209647379575,
        0.0,
        0.0,
        1.1919787673096665,
        0.9092910833824005,
        0.8987301493079327,
        2.0,
        6.0,
        0.0,
        1.8074806146196185,
        1.0,
        0.0,
        0.1925193853803816,
        1.227960835829411,
        0.604790352620425,
        0.21432321137409294,
        0.0,
        3.0,
        2.7500021667242978,
        0.0,
        0.0,
        0.0,
        3.0,
        2.0,
        0.0,
        0.0
    ],
    "q_presolve": [
        0.0,
        0.0,
        0.0,
        0.7775306724036168,
        0.43678162387619984,
        1.0,
        0.0,
        0.0,
        0.06391267115669907,
        0.0,
        0.0,
        1.0,
        0.0,
        0.0,
        0.375,
        0.0,
        0.0,
        0.0,
        0.9220487292073153,
        1.0,
        0.0,
        0.0,
        1.0,
        0.35824607140979314,
        0.24065772322132756,
        0.0,
        0.07795127079268487,
        0.0,
        0.0,
        1.0,
        0.5920748890376222,
        0.22246932759638322,
        0.0,
        0.0,
        0.0,
        0.0,
        0.0,
        0.0,
        0.40792511096237777,
        0.18379744715952762,
        0.0,
        0.0,
        1.0,
        0.0,
        0.0,
        0.6417539285902069,
        0.0,
        0.984746047112727,
        0.0,
        0.0,
        0.0,
        0.0,
        0.0,
        0.0,
        1.0,
        0.0,
        0.0,
        0.0,
        0.0,
        0.0,
        0.0,
        0.0,
        0.0,
        0.015253952887273058,
        0.0,
        0.0,
        0.0,
        0.3204296056219734,
        0.5632183761238002,
        0.0,
        0.8162025528404724
    ],