{
    "upper_bound_presolve": -633.0019033267208,
    "x_ij_presolve": [
        0.0,
        0.28240625736035574,
        0.0,
        0.0,
        1.1135834873866717,
        0.0,
        1.529225136557355,
        0.0,
        0.0,
        0.0,
        0.0,
        0.0,
        0.0,
        0.0,
        0.0,
        0.0,
        0.0,
        0.0,
        0.26155110681894495,
        0.0,
        0.0,
        0.0,
        0.0,
        0.0,
        0.0,
        0.0,
        0.0,
        2.0,
        0.0,
        0.0,
        0.0,
        0.0,
        0.0,
        0.0,
        0.0,
        0.0,
        0.0,
        0.0,
        0.0,
        0.0,
        0.0,
        0.0,
        0.0,
        0.23512561181544103,
        0.0,
        0.0,
        0.0,
        0.0,
        0.0,
        0.0,
        0.0,
        0.0,
        0.0,
        0.0,
        0.0,
        0.9786517602830114,
        0.0,
        0.0,
        0.02067858903870565,
        2.0,
        0.0,
        0.0,
        0.0,
        0.0,
        6.0,
        0.0,
        0.0,
        0.0,
        0.0,
        0.738448893181055,
        0.0,
        0.0,
        0.0,
        0.0,
        0.0,
        0.0,
        0.43684228741975817,
        0.6241320772046455,
        0.0,
        0.0,
        0.0,
        0.0,
        0.0,
        0.0,
        0.0,
        0.0,
        0.0,
        0.0,
        0.0,
        0.0,
        0.0,
        1.3758679227953545,
        0.0,
        0.0,
        0.0,
        0.0,
        0.0,
        0.16092148200333972,
        0.0,
        0.32582105246881843,
        0.0,
        0.0,
        0.0,
        0.0,
        0.0,
        0.0,
        0.0,
        0.0,
        0.0,
        0.0,
        0.0,
        0.0,
        0.0,
        2.4071839616677173,
        0.0,
        0.0
    ],
    "x_il_presolve": [
        0.0,
        0.0,
        0.0,
        2.1960469797024853,
        5.100663910304206,
        1.0339325760228868,
        0.0,
        0.0,
        0.09697769784026417,
        0.8039530202975147,
        0.0,
        3.0,
        0.0,
        0.0,
        3.0,
        0.0,
        0.0,
        0.0,
        7.764874388184559,
        0.0,
        0.0,
        0.0,
        3.0,
        0.7918514515055923,
        2.2081485484944077,
        0.0,
        0.23512561181544217,
        0.0,
        2.0213482397169886,
        0.0,
        2.9793214109612944,
        0.0,
        0.0,
        0.0,
        0.0,
        0.0,
        0.0,
        0.0,
        2.261551106818945,
        0.0,
        0.0,
        0.0,
        3.0,
        0.0,
        0.0,
        2.2081485484944077,
        0.0,
        3.0,
        0.0,
        0.0,
        0.0,
        0.0,
        0.0,
        0.0,
        0.0,
        0.0,
        0.0,
        0.0,
        0.0,
        0.0,
        0.0,
        0.0,
        0.0,
        0.0,
        0.0,
        0.0,
        0.0,
        2.694873753665328,
        2.8637183944011286,
        0.0,
        6.227676496056388
    ],
    "x_lj_presolve": [
        0.8864165126133283,
        4.6670810359118775,
        0.0,
        0.6741789475311817,
        0.47077486344264496,
        0.5631577125802418,
        0.0,
        0.0,
        2.0,
        0.8390785179966602,
        0.1609214820033396,
        1.6962455029226553,
        1.0,
        0.3037544970773445,
        1.7175937426396441,
        0.0,
        0.0,
        0.0,
        0.30375449707734464,
        0.0,
        0.0,
        2.0,
        1.0,
        0.0,
        0.0,
        0.0,
        6.0,
        1.9999999999999998,
        0.0,
        0.0,
        2.0,
        0.9793214109612942,
        0.020678589038706018,
        2.0,
        6.0,
        0.0,
        2.0,
        1.0,
        0.0,
        0.0,
        0.0,
        0.0,
        0.0,
        1.764874388184559,
        5.170343449509997,
        1.0291644670107782,
        2.0,
        0.0,
        0.17034344950999775,
        0.8296565504900023,
        1.8390785179966604,
        3.4017939997835795,
        0.0
    ],
    "q_presolve": [
        0.0,
        0.0,
        0.0,
        0.7320156599008285,
        0.6404343381772053,
        1.0,
        0.0,
        0.0,
        0.01212221223003302,
        0.2679843400991716,
        0.0,
        1.0,
        0.0,
        0.0,
        0.375,
        0.0,
        0.0,
        0.0,
        0.9706092985230699,
        0.0,
        0.0,
        0.0,
        1.0,
        0.2639504838351974,
        0.27601856856180096,
        0.0,
        0.02939070147693027,
        0.0,
        1.0,
        1.0,
        0.5684781304741944,
        0.0,
        0.0,
        0.0,
        0.0,
        0.0,
        0.0,
        0.0,
        0.4315218695258056,
        0.0,
        0.0,
        0.0,
        1.0,
        0.0,
        0.0,
        0.7360495161648025,
        0.0,
        1.0,
        0.0,
        0.0,
        0.0,
        0.0,
        0.0,
        0.0,
        0.0,
        1.0,
        0.0,
        0.0,
        0.0,
        0.0,
        0.0,
        0.0,
        0.0,
        0.0,
        0.0,
        0.0,
        0.0,
        0.336859219208166,
        0.3595656618227947,
        0.0,
        1.0
    ],