{
    "upper_bound_presolve": -598.9924384008002,
    "x_ij_presolve": [
        0.0,
        1.6665122220527406,
        1.527192889353736,
        0.0,
        0.0,
        0.0,
        1.9111582789608432,
        0.0,
        0.0,
        0.0,
        0.0,
        0.0,
        0.0,
        0.0,
        0.0,
        0.0,
        0.0,
        0.0,
        0.20449001560129837,
        0.0,
        0.0,
        0.0,
        0.0,
        0.0,
        0.0,
        0.0,
        0.0,
        2.0,
        0.0,
        0.0,
        0.0,
        0.0,
        0.0,
        0.0,
        0.0,
        0.0,
        0.0,
        0.0,
        0.0,
        0.0,
        0.0,
        0.0,
        0.0,
        0.47280711064626385,
        0.0,
        0.0,
        0.33348777794725926,
        0.0,
        0.0,
        0.0,
        0.0,
        0.0,
        0.0,
        0.0,
        0.0,
        3.0,
        0.0,
        0.47638129281808783,
        0.5313787103636956,
        2.0,
        0.0,
        0.0,
        0.0,
        0.8159719805318331,
        6.0,
        0.0,
        0.0,
        0.0,
        0.0,
        0.7955099843987016,
        0.0,
        0.0,
        0.0,
        0.0,
        0.0,
        0.0,
        0.24172531169931624,
        0.7088672178603191,
        0.0,
        0.0,
        0.0,
        0.0,
        0.0,
        0.0,
        0.0,
        0.0,
        0.0,
        0.0,
        0.0,
        0.0,
        0.0,
        1.2911327821396807,
        0.13356631102013933,
        0.0,
        0.0,
        0.0,
        0.0,
        0.0,
        0.0,
        0.0,
        0.0,
        0.0,
        0.0,
        0.0,
        0.0,
        0.8505485420536983,
        0.0,
        0.0,
        0.22809923251377778,
        0.0,
        0.15310455430246656,
        0.0,
        0.023769320389868658,
        2.8322016409013058,
        0.0,
        0.0
    ],
    "x_il_presolve": [
        0.0,
        0.20654185907440994,
        0.0,
        2.2910114203015364,
        4.49121264927338,
        0.6405745502654305,
        0.0,
        0.0,
        1.6613489724540218,
        0.7089885796984638,
        0.0,
        3.0,
        0.0,
        0.0,
        3.0,
        0.0,
        0.0,
        0.0,
        5.489914844485571,
        0.0,
        0.0,
        0.0,
        3.0,
        1.1434861061337607,
        1.8565138938662393,
        0.0,
        2.510085155514428,
        0.0,
        0.0,
        0.0,
        1.9922399968182165,
        0.0,
        0.0,
        0.0,
        0.0,
        0.0,
        0.0,
        0.0,
        1.6405265555606159,
        0.5639634600406822,
        0.0,
        0.0,
        3.0,
        0.0,
        0.0,
        1.8565138938662393,
        0.0,
        2.739903810251014,
        0.0,
        0.0,
        0.0,
        0.0,
        0.0,
        0.0,
        0.0,
        0.0,
        0.0,
        0.0,
        0.0,
        0.0,
        0.0,
        0.0,
        0.0,
        0.2600961897489863,
        0.0,
        0.0,
        0.0,
        1.482137133679739,
        3.50878735072662,
        0.0,
        4.3681960065238385
    ],
    "x_lj_presolve": [
        2.0,
        1.9321594665645208,
        0.0,
        1.0,
        0.08884172103915666,
        0.7582746883006838,
        0.0,
        0.0,
        2.0,
        1.0,
        0.0,
        1.1840280194681667,
        0.9762306796101313,
        0.8397413009217016,
        0.0,
        0.0,
        0.0,
        0.0,
        0.0,
        0.0,
        0.0,
        2.0,
        1.0,
        0.0,
        0.0,
        0.0,
        5.523618707181912,
        2.4763812928180853,
        0.0,
        0.0,
        0.9963469036438352,
        0.4686212896363031,
        1.5350318067198614,
        2.0,
        6.0,
        0.0,
        2.0,
        1.0,
        0.0,
        0.0,
        0.0,
        0.0,
        0.0,
        0.0,
        4.771900767486223,
        3.228099232513778,
        1.7719007674862224,
        0.0,
        0.0,
        1.2280992325137774,
        2.0,
        1.6327665523788324,
        0.0
    ],
    "q_presolve": [
        0.0,
        0.24381756375131536,
        0.0,
        0.7636704734338454,
        0.5614015811591725,
        0.7561824362486848,
        0.0,
        0.0,
        0.20766862155675272,
        0.23632952656615464,
        0.0,
        1.0,
        0.0,
        0.0,
        0.375,
        0.0,
        0.0,
        0.0,
        0.6862393555606964,
        1.0,
        0.0,
        0.0,
        1.0,
        0.38116203537792026,
        0.23206423673327992,
        0.0,
        0.3137606444393035,
        0.0,
        0.0,
        0.9173568499877345,
        0.5484084837587089,
        0.0,
        0.0,
        0.0,
        0.0,
        0.0,
        0.0,
        0.0,
        0.4515915162412911,
        0.11434412529923918,
        0.0,
        0.0,
        1.0,
        0.0,
        0.0,
        0.6188379646220797,
        0.0,
        0.9133012700836712,
        0.0,
        0.0,
        0.0,
        0.0,
        0.0,
        0.0,
        0.0,
        1.0,
        0.0,
        0.0,
        0.0,
        0.0,
        0.0,
        0.0,
        0.0,
        0.08669872991632878,
        0.08264315001226553,
        0.0,
        0.0,
        0.1852671417099674,
        0.4385984188408275,
        0.0,
        0.8856558747007609
    ],