{
    "upper_bound_presolve": -572.7061933301462,
    "x_ij_presolve": [
        0.0,
        1.584536980114732,
        1.4686032822405422,
        0.0,
        0.0,
        0.0,
        1.7529022875197817,
        0.0,
        0.0,
        1.3310238636104137,
        0.0,
        0.0,
        0.0,
        0.0,
        0.0,
        0.0,
        0.0,
        0.0,
        0.3075296804579148,
        0.0,
        2.6924703195420854,
        0.0,
        0.0,
        0.0,
        0.0,
        0.0,
        0.0,
        2.0,
        0.0,
        0.0,
        0.0,
        0.0,
        0.0,
        0.0,
        0.0,
        0.0,
        0.0,
        0.0,
        0.0,
        0.0,
        0.0,
        0.0,
        0.9690065874931784,
        0.5313967177594577,
        0.0,
        0.0,
        0.0,
        0.0,
        0.0,
        0.0,
        0.0,
        0.0,
        0.0,
        0.0,
        0.0,
        0.0,
        0.0,
        1.8968907264561399,
        0.16199606114913512,
        1.5285830224923085,
        0.0,
        0.0,
        0.0,
        0.0,
        6.0,
        0.0,
        0.0,
        0.0,
        0.0,
        0.6924703195420852,
        0.0,
        0.0,
        0.0,
        0.0,
        0.0,
        0.0,
        0.42136366192267855,
        0.5294524097932789,
        0.0,
        0.0,
        0.0,
        0.0,
        0.0,
        0.0,
        0.0,
        0.0,
        0.0,
        0.0,
        0.0,
        0.0,
        0.0,
        0.0,
        0.0,
        0.0,
        0.0,
        0.0,
        0.0,
        0.12537330155483742,
        0.0,
        0.0,
        0.0,
        0.0,
        0.0,
        0.0,
        0.0,
        0.9566727759547401,
        0.0,
        0.0,
        1.7078009540195613,
        0.0,
        0.14777342040637306,
        0.0,
        0.0,
        2.041087422947666,
        0.9056201109519844,
        0.0
    ],
    "x_il_presolve": [
        0.0,
        0.0,
        0.0,
        2.310105482507072,
        0.0,
        0.8257340505575397,
        0.0,
        0.0,
        0.0,
        0.0,
        0.0,
        3.0,
        0.0,
        0.0,
        2.072573252728013,
        0.0,
        0.21266153426343984,
        0.0,
        4.78733846573656,
        0.0,
        0.0,
        0.0,
        3.0,
        1.0848134214539626,
        1.9151865785460374,
        0.0,
        3.0,
        0.0,
        3.0,
        0.2512186949017969,
        0.0,
        0.6898945174929281,
        0.0,
        0.0,
        0.0,
        0.0,
        0.0,
        0.0,
        0.0,
        1.661602236178124,
        0.0,
        0.0,
        3.0,
        0.0,
        0.0,
        1.9151865785460374,
        0.0,
        2.602459004797067,
        0.0,
        0.0,
        0.0,
        0.0,
        0.0,
        0.0,
        3.865855909731019,
        0.0,
        0.0,
        0.0,
        0.0,
        0.0,
        0.0,
        0.0,
        0.0,
        0.397540995202933,
        0.22019828260589483,
        0.0,
        0.0,
        4.012240168725949,
        0.0,
        0.0,
        3.007373900211462
    ],
    "x_lj_presolve": [
        2.0,
        1.668976136389586,
        0.0,
        1.0,
        0.24709771248021825,
        0.5786363380773214,
        0.0,
        0.0,
        2.0,
        0.8746266984451626,
        0.12537330155483736,
        0.0,
        0.0,
        3.0,
        0.41546301988526807,
        0.0,
        0.0,
        0.0,
        2.0,
        0.5845369801147319,
        0.0,
        2.0,
        1.0,
        0.4714169775076917,
        0.0,
        0.0,
        4.10310927354386,
        3.8968907264561405,
        0.0,
        0.0,
        0.895553803638887,
        0.8380039388508649,
        1.2664422575102479,
        2.0,
        6.0,
        0.0,
        2.0,
        1.0,
        0.0,
        0.0,
        1.470547590206721,
        2.103109273543859,
        0.2921990459804386,
        0.0,
        0.0,
        0.0,
        0.0,
        0.0,
        0.0,
        3.0,
        0.0,
        0.0,
        0.0
    ],
    "q_presolve": [
        0.0,
        0.0,
        0.0,
        0.7700351608356907,
        0.0,
        1.0,
        0.0,
        0.0,
        0.0,
        0.0,
        0.0,
        1.0,
        0.0,
        0.0,
        0.2590716565910016,
        0.0,
        0.02658269178292998,
        0.0,
        0.59841730821707,
        0.0,
        0.0,
        0.0,
        1.0,
        0.36160447381798755,
        0.23939832231825467,
        0.0,
        0.375,
        0.0,
        1.0,
        0.5329012464293311,
        0.0,
        0.22996483916430932,
        0.0,
        0.0,
        0.0,
        0.0,
        0.0,
        0.0,
        0.0,
        0.3558815011342087,
        0.0,
        0.0,
        1.0,
        0.0,
        0.0,
        0.6383955261820125,
        0.0,
        0.8674863349323556,
        0.0,
        0.0,
        0.0,
        0.0,
        0.0,
        1.0,
        1.0,
        0.0,
        0.0,
        0.0,
        0.0,
        0.0,
        0.0,
        0.0,
        0.0,
        0.13251366506764434,
        0.4670987535706689,
        0.0,
        0.0,
        0.5015300210907436,
        0.0,
        1.0,
        0.6441184988657914
    ],