{
    "upper_bound_presolve": -621.6056073639761,
    "x_ij_presolve": [
        0.0,
        0.447289873542412,
        1.501557185751901,
        0.0,
        1.4683715191218123,
        0.0,
        1.6233515414111104,
        0.0,
        0.0,
        0.0,
        0.0,
        0.0,
        0.0,
        0.0,
        0.0,
        0.0,
        0.0,
        0.0,
        0.30395424818484057,
        0.0,
        0.6777616743893554,
        0.0,
        0.0,
        0.0,
        0.0,
        0.0,
        0.0,
        2.0,
        0.0,
        0.0,
        0.0,
        0.0,
        0.0,
        0.0,
        0.0,
        0.0,
        0.0,
        0.0,
        0.0,
        0.0,
        0.0,
        0.0,
        0.0,
        0.4984428142480988,
        0.0,
        0.0,
        0.0,
        0.0,
        0.0,
        0.0,
        0.0,
        0.0,
        0.0,
        0.0,
        0.0,
        0.9468215181116854,
        0.0,
        1.0002156731687153,
        0.23183899563331184,
        1.7799890774441185,
        0.0,
        0.0,
        0.0,
        0.0,
        6.0,
        0.0,
        0.0,
        0.0,
        0.0,
        0.6960457518151594,
        0.0,
        0.0,
        0.0,
        0.0,
        0.0,
        0.0,
        0.08261713850696281,
        1.0465224755318099,
        0.0,
        0.0,
        0.0,
        0.0,
        0.0,
        0.0,
        0.0,
        0.0,
        0.0,
        0.17194048043896323,
        0.0,
        0.0,
        0.0,
        0.0,
        0.0,
        0.0,
        0.0,
        0.0,
        0.0,
        0.0,
        0.0,
        0.23210293276261124,
        0.0,
        0.0,
        0.0,
        0.0,
        0.0,
        1.165381477165957,
        0.0,
        0.0,
        0.0,
        0.0,
        0.24865794522440893,
        0.0,
        0.04703273618138778,
        3.676359907586966,
        0.0,
        0.0
    ],
    "x_il_presolve": [
        0.0,
        0.0,
        0.0,
        2.3497185619469496,
        1.7606056911631616,
        1.294031320081927,
        0.0,
        0.0,
        0.0,
        0.09298811250699568,
        0.0,
        2.4524989083878856,
        0.0,
        0.0,
        2.05470190318721,
        0.0,
        0.0,
        0.0,
        6.7669300274763176,
        0.0,
        0.828352676377488,
        0.0,
        3.0,
        1.0826513141944472,
        1.9173486858055528,
        0.0,
        1.2330699725236818,
        0.0,
        2.0531784818883145,
        0.0,
        1.2106520056519179,
        0.5572933255460549,
        0.0,
        0.0,
        0.0,
        0.0,
        0.0,
        0.0,
        0.7893479943480823,
        0.0,
        0.0,
        0.0,
        2.8280595195610365,
        0.0,
        0.0,
        1.9173486858055528,
        0.0,
        1.1597050979877552,
        0.0,
        0.0,
        0.0,
        0.0,
        0.0,
        0.0,
        2.178087656810302,
        0.0,
        0.0,
        4.205590826163412,
        0.0,
        0.0,
        0.0,
        0.0,
        0.0,
        1.8402949020122452,
        0.22001092255588156,
        0.0,
        0.0,
        4.027949411007238,
        0.0,
        0.0,
        6.3333290307890024
    ],
    "x_lj_presolve": [
        0.5316284808781878,
        5.033803482673426,
        0.0,
        0.7678970672373887,
        0.3766484585888897,
        0.9173828614930373,
        0.0,
        0.0,
        2.0,
        1.0,
        0.0,
        1.4995316445692735,
        0.9529672638186122,
        0.0,
        1.552710126457588,
        0.0,
        0.0,
        0.0,
        0.5004683554307267,
        0.0,
        0.0,
        2.0,
        1.0,
        0.22001092255588156,
        0.0,
        0.0,
        4.999784326831285,
        3.0002156731687153,
        0.0,
        0.0,
        0.5859605776096344,
        0.7681610043666878,
        1.645878418023678,
        2.0,
        6.0,
        0.0,
        1.8280595195610367,
        1.0,
        0.0,
        0.0,
        0.95347752446819,
        2.0529628087195997,
        0.0,
        0.0,
        5.0,
        0.9661965173265736,
        2.0,
        0.0,
        0.0,
        1.0,
        2.0,
        0.0,
        0.0
    ],
    "q_presolve": [
        0.0,
        0.0,
        0.0,
        0.7832395206489832,
        0.2950968319682639,
        1.0,
        0.0,
        0.0,
        0.0,
        0.03099603750233189,
        0.0,
        1.0,
        0.0,
        0.0,
        0.25683773789840125,
        0.0,
        0.0,
        0.0,
        0.8458662534345397,
        0.0,
        0.2755260658103058,
        0.0,
        1.0,
        0.3608837713981491,
        0.2396685857256941,
        0.0,
        0.15413374656546022,
        0.0,
        1.0,
        0.0,
        0.6053260028259589,
        0.18576444184868499,
        0.0,
        0.0,
        0.0,
        0.0,
        0.0,
        0.0,
        0.39467399717404117,
        0.0,
        0.0,
        0.0,
        1.0,
        0.0,
        0.0,
        0.6391162286018509,
        0.0,
        0.38656836599591843,
        0.0,
        0.0,
        0.0,
        0.0,
        0.0,
        0.0,
        0.7244739341896943,
        0.0,
        0.0,
        0.7049031680317361,
        0.0,
        0.0,
        0.0,
        0.0,
        0.0,
        0.6134316340040816,
        1.0,
        0.0,
        0.0,
        0.5034936763759047,
        0.0,
        0.0,
        1.0
    ],