{
    "upper_bound_presolve": -601.2172772405929,
    "x_ij_presolve": [
        0.0,
        1.357192024586887,
        1.159393761042153,
        0.0,
        0.0,
        0.0,
        1.6944153995939037,
        0.0,
        0.0,
        0.0,
        0.0,
        0.0,
        0.0,
        0.0,
        0.0,
        0.0,
        0.0,
        0.0,
        0.22345102540761247,
        0.0,
        0.0,
        0.0,
        0.0,
        0.0,
        0.0,
        0.0,
        0.0,
        2.0,
        0.0,
        3.0,
        0.0,
        0.0,
        0.0,
        0.0,
        0.0,
        0.0,
        0.0,
        0.0,
        0.0,
        0.0,
        0.0,
        0.0,
        0.0,
        0.8406062389578471,
        0.0,
        0.0,
        0.5263562017236222,
        0.0,
        0.0,
        0.0,
        0.0,
        0.0,
        0.0,
        0.0,
        0.0,
        3.0,
        0.0,
        0.0,
        0.030144104405851167,
        2.0,
        0.0,
        0.0,
        0.0,
        0.7342167986643835,
        6.0,
        0.0,
        0.0,
        0.0,
        0.0,
        0.7765489745923875,
        0.0,
        0.0,
        0.0,
        0.0,
        0.0,
        0.0,
        0.39918670627548153,
        0.9148973554144404,
        0.0,
        0.0,
        0.0,
        0.0,
        0.0,
        0.0,
        0.0,
        0.0,
        0.0,
        0.1164517736894906,
        0.0,
        0.0,
        0.0,
        1.0851026445855596,
        0.0,
        0.0,
        0.0,
        0.0,
        0.0,
        0.12082176439978379,
        0.0,
        0.0,
        0.0,
        0.0,
        0.0,
        0.0,
        0.0,
        0.6168568977288503,
        0.0,
        0.0,
        0.0,
        0.0,
        0.0,
        0.0,
        0.06297146343292238,
        2.0964485443055674,
        0.0,
        0.0
    ],
    "x_il_presolve": [
        0.0,
        0.0,
        0.0,
        2.244864685403097,
        4.915436339712306,
        0.9063978941306147,
        0.0,
        0.0,
        3.0,
        0.7551353145969028,
        0.0,
        3.0,
        0.0,
        0.0,
        0.0,
        0.0,
        0.0,
        0.0,
        7.159393761042153,
        0.0,
        0.0,
        0.0,
        3.0,
        0.9943489643865144,
        2.005651035613486,
        0.0,
        0.840606238957846,
        0.0,
        0.0,
        0.0,
        2.969855895594149,
        0.0,
        0.0,
        0.0,
        0.0,
        0.0,
        0.0,
        0.0,
        1.2897087814591333,
        0.9337422439484796,
        0.0,
        0.0,
        3.0,
        0.0,
        0.0,
        2.005651035613486,
        0.0,
        3.0,
        0.0,
        0.0,
        0.0,
        0.0,
        0.0,
        0.0,
        0.0,
        0.0,
        0.0,
        0.23833263241269706,
        0.0,
        0.0,
        0.0,
        0.0,
        0.0,
        0.0,
        0.0,
        0.0,
        0.0,
        2.994348964386514,
        2.8462310278749965,
        0.0,
        2.14523350606088
    ],
    "x_lj_presolve": [
        2.0,
        0.07897575000935991,
        0.0,
        1.0,
        0.30558460040609625,
        0.6008132937245184,
        0.0,
        0.0,
        2.0,
        0.8791782356002162,
        0.12082176439978384,
        1.2657832013356165,
        0.9370285365670776,
        0.797188262097306,
        0.0,
        0.0,
        0.0,
        0.0,
        0.0,
        0.0,
        0.0,
        2.0,
        1.0,
        0.0,
        0.0,
        0.0,
        6.0,
        1.9999999999999998,
        0.0,
        0.0,
        1.3831431022711498,
        0.9698558955941489,
        0.6470010021347011,
        2.0,
        6.0,
        0.0,
        1.8835482263105094,
        1.0,
        0.0,
        0.11645177368949088,
        0.0,
        0.0,
        0.0,
        0.0,
        5.876164012106665,
        2.1238359878933344,
        2.0,
        0.0,
        0.8761640121066655,
        0.12383598789333454,
        1.8791782356002162,
        2.380386441453066,
        0.0
    ],
    "q_presolve": [
        0.0,
        0.0,
        0.0,
        0.748288228467699,
        0.6144295424640384,
        1.0,
        0.0,
        0.0,
        0.375,
        0.2517117715323009,
        0.0,
        1.0,
        0.0,
        0.0,
        0.0,
        0.0,
        0.0,
        0.0,
        0.8949242201302693,
        1.0,
        0.0,
        0.0,
        1.0,
        0.3314496547955048,
        0.2507063794516857,
        0.0,
        0.10507577986973075,
        0.0,
        0.0,
        1.0,
        0.6972205191748987,
        0.0,
        0.0,
        0.0,
        0.0,
        0.0,
        0.0,
        0.0,
        0.30277948082510137,
        0.3032639162376128,
        0.0,
        0.0,
        1.0,
        0.0,
        0.0,
        0.6685503452044953,
        0.0,
        1.0,
        0.0,
        0.0,
        0.0,
        0.0,
        0.0,
        0.0,
        0.0,
        1.0,
        0.0,
        0.029791579051587136,
        0.0,
        0.0,
        0.0,
        0.0,
        0.0,
        0.0,
        0.0,
        0.0,
        0.0,
        0.3742936205483143,
        0.35577887848437456,
        0.0,
        0.6967360837623873
    ],