{
    "upper_bound_presolve": -623.1907288171884,
    "x_ij_presolve": [
        0.0,
        0.5285446811732506,
        1.4193472995482919,
        0.0,
        0.0,
        0.0,
        1.7285718798959628,
        0.0,
        0.0,
        0.0,
        0.0,
        0.0,
        0.0,
        0.0,
        0.0,
        0.0,
        0.0,
        0.0,
        0.25115230917787673,
        0.0,
        0.0,
        0.0,
        0.0,
        0.0,
        0.0,
        0.0,
        0.0,
        2.0,
        0.0,
        0.0,
        0.0,
        0.0,
        0.0,
        0.0,
        0.0,
        0.0,
        0.0,
        0.0,
        0.0,
        0.0,
        0.0,
        0.0,
        0.0,
        0.5806527004517081,
        0.0,
        0.0,
        0.0,
        0.0,
        0.0,
        0.0,
        0.0,
        0.0,
        0.0,
        0.0,
        0.0,
        1.189796737505543,
        0.0,
        0.0,
        0.0,
        1.850863129547537,
        0.0,
        0.0,
        0.0,
        0.0,
        6.0,
        0.0,
        0.0,
        0.0,
        0.0,
        0.7488476908221232,
        0.0,
        0.0,
        0.0,
        0.0,
        0.0,
        0.0,
        0.47669160204676736,
        1.010634171027472,
        0.0,
        0.0,
        0.0,
        0.0,
        0.0,
        0.0,
        0.0,
        0.0,
        0.0,
        0.0,
        0.0,
        0.0,
        0.0,
        0.0,
        0.0,
        0.0,
        0.0,
        0.0,
        0.0,
        0.11032115329263859,
        0.0,
        0.0,
        0.0,
        0.0,
        0.0,
        0.0,
        0.0,
        0.010552775575689123,
        0.2097469924079873,
        0.0,
        0.1055264535779785,
        0.0,
        0.029870699116974084,
        0.0,
        0.0,
        2.4116581357754487,
        0.0,
        0.0
    ],
    "x_il_presolve": [
        0.0,
        0.0,
        0.0,
        2.2261275554633455,
        4.613453124410363,
        0.7947365180572699,
        0.0,
        0.0,
        0.6495350746780012,
        0.7738724445366546,
        0.0,
        3.0,
        0.0,
        0.0,
        3.0,
        0.0,
        0.0,
        0.0,
        6.070585579318395,
        0.0,
        0.0,
        0.0,
        3.0,
        0.8214593641959418,
        2.178540635804058,
        0.0,
        1.9294144206816037,
        0.0,
        1.8102032624944573,
        0.0,
        3.0,
        0.0,
        0.0,
        0.0,
        0.0,
        0.0,
        0.0,
        0.0,
        2.251152309177877,
        0.0,
        0.0,
        0.0,
        3.0,
        0.0,
        0.0,
        2.178540635804058,
        0.0,
        3.0,
        0.0,
        0.0,
        0.0,
        0.0,
        0.0,
        0.0,
        1.0308462917987016,
        0.0,
        0.0,
        0.0,
        0.0,
        0.0,
        0.0,
        0.0,
        0.0,
        0.0,
        0.14913687045246282,
        0.0,
        0.0,
        2.171924289517941,
        3.386546875589637,
        0.0,
        5.51424513992814
    ],
    "x_lj_presolve": [
        2.0,
        2.514245139928141,
        0.0,
        1.0,
        0.2714281201040373,
        0.5233083979532326,
        0.0,
        0.0,
        2.0,
        0.8896788467073614,
        0.1103211532926386,
        1.661252056332293,
        1.0,
        0.3387479436677073,
        1.4714553188267496,
        0.0,
        0.0,
        0.0,
        0.3387479436677072,
        0.0,
        0.0,
        2.0,
        1.0,
        0.14913687045246282,
        0.0,
        0.0,
        6.0,
        1.813555072938627,
        0.0,
        0.1864449270613725,
        1.959576525307337,
        0.8135550729386275,
        0.2268684017540355,
        2.0,
        6.0,
        0.0,
        2.0,
        1.0,
        0.0,
        0.0,
        0.989365828972528,
        0.0,
        0.04148046282617347,
        0.0,
        4.852993083595848,
        3.1470069164041514,
        1.852993083595848,
        0.0,
        0.0,
        1.1470069164041519,
        1.8896788467073615,
        3.361473462470516,
        0.0
    ],
    "q_presolve": [
        0.0,
        0.0,
        0.0,
        0.7420425184877818,
        0.5766816405512953,
        1.0,
        0.0,
        0.0,
        0.08119188433475015,
        0.25795748151221815,
        0.0,
        1.0,
        0.0,
        0.0,
        0.375,
        0.0,
        0.0,
        0.0,
        0.7588231974147995,
        0.0,
        0.0,
        0.0,
        1.0,
        0.27381978806531393,
        0.2723175794755073,
        0.0,
        0.24117680258520047,
        0.0,
        1.0,
        0.0,
        0.5713031775438411,
        0.0,
        0.0,
        0.0,
        0.0,
        0.0,
        0.0,
        0.0,
        0.42869682245615887,
        0.0,
        0.0,
        0.0,
        1.0,
        0.0,
        0.0,
        0.7261802119346861,
        0.0,
        1.0,
        0.0,
        0.0,
        0.0,
        0.0,
        0.0,
        0.0,
        1.0,
        0.0,
        0.0,
        0.0,
        0.0,
        0.0,
        0.0,
        0.0,
        0.0,
        0.0,
        1.0,
        0.0,
        0.0,
        0.2714905361897426,
        0.4233183594487046,
        0.0,
        1.0
    ],