{
    "upper_bound_presolve": -624.7172286001428,
    "x_ij_presolve": [
        0.0,
        0.5713950252041627,
        1.5796011835496893,
        0.0,
        0.0,
        0.0,
        1.1344019521724442,
        0.0,
        0.0,
        0.0,
        0.0,
        0.0,
        0.0,
        0.0,
        0.0,
        0.0,
        0.0,
        0.0,
        0.24749218001208215,
        0.0,
        0.0,
        0.0,
        0.0,
        0.0,
        0.0,
        0.0,
        0.0,
        2.0,
        0.0,
        0.0,
        0.0,
        0.0,
        0.0,
        0.0,
        0.0,
        0.0,
        0.0,
        0.0,
        0.0,
        0.0,
        0.0,
        0.0,
        0.0,
        0.4203988164503117,
        0.0,
        0.0,
        0.0,
        0.0,
        0.0,
        0.0,
        0.0,
        0.0,
        0.0,
        0.0,
        0.0,
        1.0743424941720967,
        0.0,
        1.3453984626700939,
        0.5260350045719546,
        2.0,
        0.0,
        0.0,
        0.0,
        0.0,
        6.0,
        0.0,
        0.9490123344729767,
        0.0,
        0.0,
        0.7525078199879178,
        0.0,
        0.0,
        0.0,
        0.0,
        0.0,
        0.0,
        0.0813843556652053,
        0.4229928350223516,
        0.0,
        0.0,
        0.0,
        0.0,
        0.0,
        0.0,
        0.0,
        0.0,
        0.0,
        0.0,
        0.0,
        0.0,
        0.05581741788905464,
        1.5770071649776485,
        0.6312467086848333,
        0.0,
        0.0,
        0.0,
        0.0,
        0.0,
        0.0,
        0.0,
        0.0,
        0.0,
        0.0,
        0.0,
        0.0,
        0.11368875092808192,
        0.0,
        0.0,
        0.0,
        0.0,
        0.0,
        0.0,
        0.07993589388887647,
        5.360276244499964,
        0.0,
        0.0
    ],
    "x_il_presolve": [
        0.0,
        0.0,
        0.0,
        2.196572319548381,
        1.8774488528667161,
        1.7842136921623506,
        0.0,
        0.0,
        0.5624502897782444,
        0.8034276804516194,
        0.0,
        3.0,
        0.0,
        0.0,
        3.0,
        0.0,
        0.0,
        0.0,
        6.982449421743295,
        0.0,
        0.0,
        0.0,
        3.0,
        1.1222381513894033,
        1.8777618486105965,
        0.0,
        1.017550578256704,
        0.0,
        1.925657505827903,
        0.0,
        1.1285665327579517,
        0.0,
        0.0,
        0.0,
        0.0,
        0.0,
        0.0,
        0.0,
        0.8714334672420484,
        0.0,
        0.0,
        0.0,
        3.0,
        0.0,
        0.0,
        1.877761848610597,
        0.0,
        2.381189896721709,
        0.0,
        0.0,
        0.0,
        0.0,
        0.0,
        0.0,
        0.0,
        0.0,
        0.0,
        6.122551147133283,
        0.0,
        0.0,
        0.0,
        0.0,
        0.0,
        0.6188101032782912,
        0.0,
        0.0,
        0.0,
        2.559787861611159,
        0.0,
        0.0,
        5.367194157190004
    ],
    "x_lj_presolve": [
        2.0,
        2.3671941571900037,
        0.0,
        1.0,
        0.8655980478275559,
        0.9186156443347947,
        0.0,
        0.0,
        2.0,
        1.0,
        0.0,
        1.5029474689679343,
        0.9200641061111235,
        0.5769884249209422,
        1.4286049747958371,
        0.0,
        0.0,
        0.0,
        0.4970525310320658,
        0.0,
        0.0,
        2.0,
        1.0,
        0.0,
        0.0,
        0.0,
        3.7055892028569293,
        4.294410797143071,
        0.0,
        0.0,
        1.886311249071918,
        0.4739649954280455,
        0.6397237555000362,
        2.0,
        6.0,
        0.0,
        2.0,
        1.0,
        0.0,
        0.0,
        0.0,
        0.0,
        0.0,
        0.0,
        4.944182582110945,
        3.0558174178890547,
        1.9441825821109453,
        0.0,
        0.0,
        1.055817417889055,
        2.0,
        0.0,
        0.0
    ],
    "q_presolve": [
        0.0,
        0.0,
        0.0,
        0.7321907731827936,
        0.23468110660833952,
        1.0,
        0.0,
        0.0,
        0.07030628622228055,
        0.2678092268172064,
        0.0,
        1.0,
        0.0,
        0.0,
        0.375,
        0.0,
        0.0,
        0.0,
        0.8728061777179119,
        0.0,
        0.0,
        0.0,
        1.0,
        0.37407938379646777,
        0.23472023107632456,
        0.0,
        0.127193822282088,
        0.0,
        1.0,
        0.0,
        0.5642832663789759,
        0.0,
        0.0,
        0.0,
        0.0,
        0.0,
        0.0,
        0.0,
        0.4357167336210242,
        0.0,
        0.0,
        0.0,
        1.0,
        0.0,
        1.0,
        0.6259206162035323,
        0.0,
        0.793729965573903,
        0.0,
        0.0,
        0.0,
        0.0,
        0.0,
        0.0,
        0.0,
        0.0,
        0.0,
        0.7653188933916605,
        0.0,
        0.0,
        0.0,
        0.0,
        0.0,
        0.20627003442609707,
        1.0,
        0.0,
        0.0,
        0.3199734827013949,
        0.0,
        0.0,
        1.0
    ],