{
    "upper_bound_presolve": -617.0144868952221,
    "x_ij_presolve": [
        0.0,
        1.7119148317067723,
        1.51164526436655,
        0.0,
        0.0,
        0.0,
        1.5380609077836438,
        0.0,
        0.0,
        0.0,
        0.0,
        0.0,
        0.0,
        0.0,
        0.0,
        0.0,
        0.0,
        0.0,
        0.0,
        0.0,
        0.0,
        0.0,
        0.0,
        0.0,
        0.0,
        0.0,
        0.0,
        2.0,
        0.0,
        0.0,
        0.0,
        0.0,
        0.0,
        0.0,
        0.0,
        0.0,
        0.0,
        0.0,
        0.0,
        0.0,
        0.0,
        0.0,
        0.0,
        0.4883547356334503,
        0.0,
        0.0,
        0.28808516829322767,
        0.0,
        0.0,
        0.0,
        0.0,
        0.0,
        0.0,
        0.0,
        0.0,
        3.0,
        0.0,
        0.9188755509893035,
        0.1717942915784064,
        1.7358301938200313,
        0.0,
        0.0,
        0.0,
        0.30489272914645,
        6.0,
        0.0,
        0.0,
        0.0,
        0.0,
        0.7811844401947297,
        0.0,
        0.0,
        0.0,
        0.0,
        0.0,
        0.0,
        0.36906246703171725,
        0.9893620098642689,
        0.0,
        0.0,
        0.0,
        0.0,
        0.0,
        0.0,
        0.0,
        0.0,
        0.0,
        0.0,
        0.0,
        0.0,
        0.0,
        0.0,
        0.0,
        0.0,
        0.0,
        0.0,
        0.0,
        0.11054856824353843,
        0.0,
        0.0,
        0.0,
        0.0,
        0.0,
        0.0,
        0.0,
        0.0,
        0.0,
        0.0,
        0.4021930590293608,
        0.0,
        0.0,
        0.0,
        0.0,
        6.0,
        0.0,
        0.0
    ],
    "x_il_presolve": [
        0.0,
        0.0,
        0.0,
        2.093011078552058,
        0.507674721667233,
        1.0928766251846391,
        0.0,
        0.0,
        0.7379692184390346,
        0.9069889214479425,
        0.0,
        3.0,
        0.0,
        0.0,
        3.0,
        0.0,
        0.0,
        0.0,
        6.3007711481451505,
        0.0,
        0.0,
        0.0,
        3.0,
        0.7379692184390347,
        2.262030781560965,
        0.0,
        1.69922885185485,
        0.0,
        0.0,
        0.4829853659852391,
        1.4263447914470506,
        0.0,
        0.0,
        0.0,
        0.0,
        0.0,
        0.0,
        0.0,
        0.6478542842056083,
        0.0,
        0.0,
        0.0,
        3.0,
        0.0,
        0.0,
        2.262030781560965,
        0.0,
        2.6434580645253964,
        0.0,
        0.0,
        0.0,
        0.0,
        0.0,
        0.0,
        1.0917624391464282,
        0.0,
        0.0,
        7.492325278332768,
        0.0,
        0.0,
        0.0,
        0.0,
        0.0,
        0.0,
        0.0,
        0.0,
        0.0,
        2.0,
        0.0,
        0.0,
        5.292914211824189
    ],
    "x_lj_presolve": [
        2.0,
        2.2929142118241894,
        0.0,
        1.0,
        0.46193909221635626,
        0.6309375329682828,
        0.0,
        0.0,
        2.0,
        0.8894514317564616,
        0.11054856824353868,
        1.6951072708535502,
        1.0,
        0.30489272914644944,
        0.0,
        0.0,
        0.0,
        0.0,
        0.0,
        0.0,
        0.0,
        2.0,
        1.0,
        0.2641698061799687,
        0.21881555980527043,
        0.0,
        5.081124449010696,
        2.9188755509893025,
        0.0,
        0.0,
        1.8152523561038025,
        0.8282057084215937,
        0.0,
        2.0,
        6.0,
        0.0,
        2.0,
        1.0,
        0.0,
        0.0,
        1.010637990135731,
        0.08112444901069712,
        0.0,
        0.0,
        4.597806940970639,
        3.4021930590293614,
        1.5978069409706392,
        0.0,
        0.0,
        1.4021930590293608,
        1.8894514317564612,
        0.0,
        0.18474764389619758
    ],
    "q_presolve": [
        0.0,
        0.0,
        0.0,
        0.6976703595173526,
        0.06345934020840413,
        1.0,
        0.0,
        0.0,
        0.09224615230487933,
        0.3023296404826475,
        0.0,
        1.0,
        0.0,
        0.0,
        0.375,
        0.0,
        0.0,
        0.0,
        0.7875963935181438,
        1.0,
        0.0,
        0.0,
        1.0,
        0.24598973947967825,
        0.28275384769512063,
        0.0,
        0.21240360648185624,
        0.0,
        0.0,
        1.0,
        0.6876605086704336,
        0.0,
        0.0,
        0.0,
        0.0,
        0.0,
        0.0,
        0.0,
        0.3123394913295664,
        0.0,
        0.0,
        0.0,
        1.0,
        0.0,
        0.0,
        0.7540102605203217,
        0.0,
        1.0,
        0.0,
        0.0,
        0.0,
        0.0,
        0.0,
        0.0,
        1.0,
        0.0,
        0.0,
        0.936540659791596,
        0.0,
        0.0,
        0.0,
        0.0,
        0.0,
        0.0,
        0.0,
        0.0,
        0.0,
        0.25,
        0.0,
        0.0,
        1.0
    ],