{
    "upper_bound_presolve": -618.1982032891384,
    "x_ij_presolve": [
        0.0,
        1.9590114904422253,
        1.5199471964029767,
        0.0,
        0.0,
        0.0,
        1.7604674389034147,
        0.0,
        0.0,
        0.0,
        0.0,
        0.0,
        0.0,
        0.0,
        0.0,
        0.0,
        0.0,
        0.0,
        0.24588972405519205,
        0.0,
        0.0,
        0.0,
        0.0,
        0.0,
        0.0,
        0.0,
        0.0,
        2.0,
        0.0,
        2.530225956806728,
        0.0,
        0.0,
        0.0,
        0.0,
        0.0,
        0.0,
        0.0,
        0.0,
        0.0,
        0.0,
        0.0,
        0.0,
        0.0,
        0.4800528035970231,
        0.0,
        0.0,
        0.04098850955777463,
        0.0,
        0.0,
        0.0,
        0.0,
        0.0,
        0.0,
        0.0,
        0.0,
        3.0,
        0.0,
        0.9263480158599237,
        0.11158696566785073,
        1.3940589893183515,
        0.0,
        0.0,
        0.0,
        0.7591867089791446,
        6.0,
        0.0,
        0.0,
        0.0,
        0.0,
        0.754110275944808,
        0.0,
        0.0,
        0.0,
        0.0,
        0.0,
        0.0,
        0.4114248643129535,
        0.9658365274906465,
        0.0,
        0.0,
        0.0,
        0.0,
        0.0,
        0.0,
        0.0,
        0.0,
        0.0,
        0.0,
        0.0,
        0.0,
        0.0,
        1.0341634725093536,
        0.0,
        0.0,
        0.0,
        0.0,
        0.0,
        0.0,
        0.0,
        0.0,
        0.0,
        0.0,
        0.0,
        0.0,
        0.0,
        0.23680011919599364,
        0.0,
        0.0,
        0.0,
        0.0,
        0.0,
        0.0,
        0.07795498842309698,
        5.651612915136155,
        0.0,
        0.0
    ],
    "x_il_presolve": [
        0.0,
        0.0,
        0.0,
        2.183942737750231,
        1.466585643544359,
        0.8281076967836317,
        0.0,
        0.0,
        3.0,
        0.8160572622497688,
        0.0,
        3.0,
        0.0,
        0.0,
        0.46977404319327226,
        0.0,
        0.0,
        0.0,
        7.519947196402978,
        0.0,
        0.07365198414007544,
        0.0,
        3.0,
        0.7402061396340194,
        2.2597938603659804,
        0.0,
        0.4800528035970231,
        0.0,
        0.0,
        0.6059410106816485,
        1.3561240077905772,
        0.0,
        0.0,
        0.0,
        0.0,
        0.0,
        0.0,
        0.0,
        0.6438759922094227,
        0.3096480598318103,
        0.0,
        0.0,
        3.0,
        0.0,
        0.0,
        2.259793860365981,
        0.0,
        3.0,
        0.0,
        0.0,
        0.0,
        0.0,
        0.0,
        0.0,
        0.0,
        0.0,
        0.0,
        5.710349355104456,
        0.0,
        0.0,
        0.0,
        0.0,
        0.0,
        0.0,
        0.0,
        0.0,
        0.0,
        2.270432096440748,
        0.0,
        0.0,
        3.1460492873104053
    ],
    "x_lj_presolve": [
        2.0,
        0.4556973471422156,
        0.0,
        1.0,
        0.2395325610965853,
        0.5885751356870464,
        0.0,
        0.0,
        2.0,
        1.0,
        0.0,
        1.2408132910208556,
        0.9220450115769031,
        0.8371416974022413,
        0.0,
        0.0,
        0.0,
        0.0,
        0.0,
        0.0,
        0.0,
        2.0,
        1.0,
        0.6059410106816485,
        0.0,
        0.0,
        5.073651984140077,
        2.926348015859924,
        0.0,
        0.0,
        1.7631998808040064,
        0.8884130343321494,
        0.3483870848638442,
        2.0,
        6.0,
        0.0,
        2.0,
        1.0,
        0.0,
        0.0,
        0.0,
        0.07365198414007545,
        0.0,
        0.0,
        5.0,
        2.1769349986488153,
        2.0,
        0.0,
        0.0,
        0.9999999999999999,
        2.0,
        0.0,
        0.0
    ],
    "q_presolve": [
        0.0,
        0.0,
        0.0,
        0.7279809125834104,
        0.20434707069528563,
        1.0,
        0.0,
        0.0,
        0.375,
        0.27201908741658964,
        0.0,
        1.0,
        0.0,
        0.0,
        0.05872175539915903,
        0.0,
        0.0,
        0.18132350025022884,
        0.9399933995503722,
        0.7151655702261128,
        1.0,
        0.0,
        1.0,
        0.24673537987800648,
        0.28247423254574755,
        0.0,
        0.060006600449627884,
        0.0,
        0.10351092952365833,
        1.0,
        0.6780620038952886,
        0.0,
        0.0,
        0.0,
        0.0,
        0.0,
        0.0,
        0.0,
        0.32193799610471135,
        0.08960508653568355,
        0.0,
        0.0,
        1.0,
        0.0,
        0.0,
        0.7532646201219936,
        0.0,
        1.0,
        0.0,
        0.0,
        0.0,
        0.0,
        0.0,
        0.0,
        0.0,
        0.0,
        0.0,
        0.7956529293047143,
        0.0,
        0.0,
        0.0,
        0.0,
        0.0,
        0.0,
        0.0,
        0.0,
        0.0,
        0.2838040120550935,
        0.0,
        0.0,
        0.9103949134643166
    ],