{
    "upper_bound_presolve": -613.8009483688835,
    "x_ij_presolve": [
        0.0,
        0.10362414328589782,
        1.567656291608835,
        0.0,
        0.0,
        0.0,
        1.5677779287975055,
        0.0,
        0.0,
        0.0,
        0.0,
        0.0,
        0.0,
        0.0,
        0.0,
        0.0,
        0.0,
        0.0,
        0.0,
        0.0,
        3.0,
        0.0,
        0.0,
        0.0,
        0.0,
        0.0,
        0.0,
        2.0,
        0.0,
        3.0,
        0.0,
        0.0,
        0.0,
        0.0,
        0.0,
        0.0,
        0.0,
        0.0,
        0.0,
        0.0,
        0.0,
        0.0,
        0.0,
        0.4323437083911651,
        0.0,
        0.0,
        0.0,
        0.0,
        0.0,
        0.0,
        0.0,
        0.0,
        0.0,
        0.0,
        0.0,
        0.6947346794378781,
        0.0,
        0.0,
        0.053202543054885976,
        2.0,
        0.0,
        0.0,
        0.0,
        0.0,
        6.0,
        0.0,
        0.0,
        0.0,
        0.0,
        0.7853437563325574,
        0.0,
        0.0,
        0.0,
        0.0,
        0.0,
        0.0,
        0.045128231175683806,
        0.8956203829444939,
        0.0,
        0.0,
        0.0,
        0.0,
        0.0,
        0.0,
        0.0,
        0.0,
        0.0,
        0.2502747878071464,
        0.0,
        0.0,
        0.0,
        0.0,
        0.0,
        0.0,
        0.0,
        0.0,
        0.0,
        0.0,
        0.0,
        0.0,
        0.0,
        0.0,
        0.0,
        0.0,
        0.0,
        0.0,
        0.0,
        0.0,
        0.0,
        0.0,
        0.0,
        0.0,
        0.0,
        0.7687840219248624,
        0.0,
        0.0
    ],
    "x_il_presolve": [
        0.0,
        0.0,
        0.0,
        2.3091059755922423,
        4.827572189296799,
        1.3870938400268107,
        0.0,
        0.0,
        1.9813497204337005,
        0.0,
        0.0,
        3.0,
        0.0,
        0.0,
        0.0,
        0.0,
        0.0,
        0.0,
        5.640196401726855,
        0.0,
        0.8916441261433053,
        0.0,
        3.0,
        1.258730254699016,
        1.7412697453009838,
        0.0,
        2.3598035982731456,
        0.0,
        2.305265320562122,
        0.2146562436674426,
        2.0412471888699137,
        0.6908940244077575,
        0.0,
        0.0,
        0.0,
        0.0,
        0.0,
        0.0,
        1.1189077702798078,
        1.0354972652871373,
        0.0,
        0.0,
        2.7497252121928537,
        0.0,
        0.0,
        1.741269745300984,
        0.0,
        3.0,
        0.0,
        0.0,
        0.0,
        0.0,
        0.0,
        0.0,
        3.627552248136012,
        0.0,
        0.0,
        0.0,
        0.0,
        0.0,
        0.0,
        0.0,
        0.0,
        0.0,
        0.0,
        0.0,
        0.0,
        4.2773805342653155,
        2.9538354438098224,
        0.0,
        2.6825126769670504
    ],
    "x_lj_presolve": [
        2.0,
        0.7180099422541878,
        0.0,
        1.0,
        0.4322220712024945,
        0.9548717688243162,
        0.0,
        0.0,
        2.0,
        1.0,
        0.0,
        1.5911105361519806,
        1.0,
        0.4088894638480194,
        1.8963758567141022,
        0.0,
        0.0,
        0.0,
        0.4088894638480196,
        0.0,
        0.0,
        2.0,
        1.0,
        0.0,
        0.2146562436674426,
        0.0,
        6.0,
        2.0,
        0.0,
        0.0,
        2.0,
        0.9467974569451141,
        0.05320254305488635,
        2.0,
        6.0,
        0.0,
        1.7497252121928537,
        1.0,
        0.0,
        0.0,
        1.104379617055506,
        3.3052653205621225,
        0.10955143666168911,
        0.0,
        5.908307039208841,
        1.873100593897793,
        1.890448563338311,
        0.0,
        1.0178584758705302,
        0.09169296079115852,
        2.0,
        1.1601549591497213,
        0.0
    ],
    "q_presolve": [
        0.0,
        0.0,
        0.0,
        0.7697019918640808,
        0.6203983156925874,
        1.0,
        0.0,
        0.0,
        0.24766871505421256,
        0.0,
        0.0,
        1.0,
        0.0,
        0.0,
        0.0,
        0.0,
        0.0,
        0.0,
        0.7050245502158569,
        0.0,
        0.19730147847038337,
        0.0,
        1.0,
        0.41957675156633867,
        0.21765871816262297,
        0.0,
        0.2949754497841432,
        0.0,
        1.0,
        1.0,
        0.6459326252213708,
        0.23029800813591916,
        0.0,
        0.0,
        0.0,
        0.0,
        0.0,
        0.0,
        0.3540673747786291,
        0.27850847129777356,
        0.0,
        0.0,
        1.0,
        0.0,
        0.0,
        0.5804232484336613,
        0.0,
        1.0,
        0.0,
        0.0,
        0.0,
        0.0,
        0.0,
        0.0,
        0.8026985215296165,
        0.0,
        0.0,
        0.0,
        0.0,
        0.0,
        0.0,
        0.0,
        0.0,
        0.0,
        0.0,
        0.0,
        0.0,
        0.5346725667831644,
        0.379601684307411,
        0.0,
        0.7214915287022264
    ],