{
    "upper_bound_presolve": -622.5808335459341,
    "x_ij_presolve": [
        0.0,
        0.0,
        1.6413011271579334,
        0.0,
        0.8562170449994774,
        0.0,
        1.4371843966494258,
        0.0,
        0.0,
        0.0,
        0.0,
        0.0,
        0.0,
        0.0,
        0.0,
        0.0,
        0.0,
        0.0,
        0.24458091286509356,
        0.0,
        0.0,
        0.0,
        0.0,
        0.0,
        0.0,
        0.0,
        0.0,
        2.0,
        0.0,
        0.0,
        0.0,
        0.0,
        0.0,
        0.0,
        0.0,
        0.0,
        0.0,
        0.0,
        0.0,
        0.0,
        0.0,
        0.0,
        0.0,
        0.3586988728420666,
        0.0,
        0.0,
        0.0,
        0.0,
        0.0,
        0.0,
        0.0,
        0.0,
        0.0,
        0.0,
        0.0,
        0.5141497292656715,
        0.0,
        0.0,
        0.3353912355761821,
        1.2777658239737264,
        0.0,
        0.0,
        0.0,
        0.0,
        6.0,
        0.0,
        0.0,
        0.0,
        0.0,
        0.7554190871349065,
        0.0,
        0.0,
        0.0,
        0.0,
        0.0,
        0.0,
        0.2126754045948119,
        0.9800672496005043,
        0.0,
        0.0,
        0.0,
        0.0,
        0.0,
        0.0,
        0.0,
        0.0,
        0.0,
        0.0,
        0.0,
        0.0,
        0.0,
        0.0,
        0.0,
        0.0,
        0.0,
        0.0,
        0.0,
        0.0,
        0.0,
        0.0,
        0.0,
        0.0,
        0.0,
        0.0,
        0.0,
        1.1833087302100487,
        0.0,
        0.0,
        0.0,
        0.0,
        0.18605220800797356,
        0.0,
        0.0,
        3.7783717383140263,
        0.0,
        0.0
    ],
    "x_il_presolve": [
        0.0,
        0.0,
        0.0,
        2.2191317902726992,
        2.079432590849421,
        1.3501401987557626,
        0.0,
        0.0,
        0.0,
        0.780868209727301,
        0.0,
        3.0,
        0.0,
        0.0,
        2.360478623028461,
        0.0,
        0.0,
        0.0,
        5.277959568334505,
        0.0,
        1.0305692605579808,
        0.0,
        3.0,
        0.983890075508248,
        2.016109924491752,
        0.0,
        2.722040431665496,
        0.0,
        2.4858502707343284,
        0.7222341760262736,
        1.9423745883975443,
        0.0,
        0.0,
        0.0,
        0.0,
        0.0,
        0.0,
        0.0,
        0.5745014994942255,
        0.0,
        0.0,
        0.0,
        3.0,
        0.0,
        0.0,
        2.016109924491752,
        0.0,
        0.9076982355075471,
        0.0,
        0.0,
        0.0,
        0.0,
        0.0,
        0.0,
        3.5239770508124173,
        0.0,
        0.0,
        4.638000439330246,
        0.0,
        0.0,
        0.0,
        0.0,
        0.0,
        2.092301764492453,
        0.0,
        0.0,
        0.0,
        3.6234114524797874,
        0.41216460119821297,
        0.0,
        5.47957176265174
    ],
    "x_lj_presolve": [
        1.1437829550005227,
        3.3357888076512174,
        0.0,
        1.0,
        0.5628156033505743,
        0.7873245954051882,
        0.0,
        0.0,
        2.0,
        1.0,
        0.0,
        1.5141497292656716,
        1.0,
        0.48585027073432846,
        2.0,
        0.0,
        0.0,
        0.0,
        0.4858502707343283,
        0.0,
        0.0,
        2.0,
        1.0,
        0.7222341760262736,
        0.0,
        0.0,
        6.0,
        2.0000000000000004,
        0.0,
        0.0,
        0.630639061781978,
        0.664608764423818,
        1.7047521737942042,
        2.0,
        6.0,
        0.0,
        2.0,
        1.0,
        0.0,
        0.0,
        1.0199327503994957,
        3.485850270734328,
        0.04876329023657465,
        0.0,
        4.951236709763426,
        2.1783609216144537,
        1.9512367097634253,
        0.0,
        0.0,
        1.0487632902365744,
        2.0,
        0.5168760878917696,
        0.0
    ],
    "q_presolve": [
        0.0,
        0.0,
        0.0,
        0.7397105967575665,
        0.29166198407855254,
        1.0,
        0.0,
        0.0,
        0.0,
        0.26028940324243366,
        0.0,
        1.0,
        0.0,
        0.0,
        0.2950598278785576,
        0.0,
        0.0,
        0.0,
        0.6597449460418131,
        0.0,
        0.22627264937128225,
        0.0,
        1.0,
        0.3279633585027493,
        0.252013740561469,
        0.0,
        0.340255053958187,
        0.0,
        1.0,
        1.0,
        0.7717402528245045,
        0.0,
        0.0,
        0.0,
        0.0,
        0.0,
        0.0,
        0.0,
        0.2282597471754955,
        0.0,
        0.0,
        0.0,
        1.0,
        0.0,
        0.0,
        0.6720366414972507,
        0.0,
        0.30256607850251566,
        0.0,
        0.0,
        0.0,
        0.0,
        0.0,
        0.0,
        0.7737273506287178,
        0.0,
        0.0,
        0.6505276565563906,
        0.0,
        0.0,
        0.0,
        0.0,
        0.0,
        0.6974339214974843,
        0.0,
        0.0,
        0.0,
        0.4529264315599734,
        0.05781035936505674,
        0.0,
        1.0
    ],