{
    "upper_bound_presolve": -575.281406912064,
    "x_ij_presolve": [
        0.0,
        0.9999999999999998,
        1.5411947434409021,
        0.0,
        0.0,
        0.0,
        1.5412781513019318,
        0.0,
        0.0,
        0.0,
        0.0,
        0.0,
        0.0,
        0.0,
        0.0,
        0.0,
        0.0,
        0.0,
        0.3284032321088442,
        0.0,
        2.6715967678911556,
        0.0,
        0.0,
        0.0,
        0.5441143274967605,
        0.23453578094050326,
        0.0,
        2.0,
        0.0,
        0.0,
        0.0,
        0.0,
        0.0,
        0.0,
        0.0,
        0.0,
        0.0,
        0.0,
        0.0,
        0.0,
        0.0,
        0.0,
        0.0,
        0.45880525655909793,
        0.0,
        0.0,
        0.0,
        0.0,
        0.0,
        0.0,
        0.0,
        0.0,
        0.0,
        0.0,
        0.0,
        0.0,
        0.0,
        1.286358137554591,
        0.2521552037415291,
        1.96517137432931,
        0.0,
        0.0,
        0.0,
        0.0,
        6.0,
        0.0,
        0.12545053150429522,
        0.0,
        0.0,
        0.6715967678911559,
        0.0,
        0.0,
        0.0,
        0.0,
        0.0,
        0.0,
        0.3038607892150742,
        0.6266038544385,
        0.0,
        0.0,
        0.0,
        0.0,
        0.0,
        0.0,
        0.0,
        0.0,
        0.0,
        0.0,
        0.0,
        0.17795099355477523,
        0.0,
        1.3733961455615,
        0.0,
        0.0,
        0.0,
        0.0,
        0.0,
        0.0,
        0.0,
        0.0,
        0.0,
        0.0,
        0.0,
        0.0,
        0.0,
        0.9425623750404605,
        0.0,
        0.0,
        0.18741586517986106,
        0.0,
        0.2532324893538772,
        0.0,
        0.0,
        1.8804531639729778,
        0.0,
        0.0
    ],
    "x_il_presolve": [
        0.0,
        0.0,
        0.0,
        2.7598632328588564,
        0.0,
        1.154861059482994,
        0.0,
        0.0,
        0.18847879072918416,
        0.0,
        0.0,
        3.0,
        0.0,
        0.0,
        3.0,
        0.0,
        0.0,
        0.0,
        5.3598275814171625,
        0.0,
        0.0,
        0.0,
        3.0,
        0.8528775774802342,
        2.147122422519766,
        0.0,
        2.640172418582838,
        0.0,
        3.0,
        0.0,
        1.2213498915627368,
        0.24013676714114307,
        0.0,
        0.0,
        0.0,
        0.0,
        0.0,
        0.0,
        0.0,
        0.30087755212649064,
        0.0,
        0.0,
        3.0,
        0.0,
        0.0,
        2.147122422519766,
        0.0,
        0.8925316970342607,
        0.0,
        0.0,
        0.0,
        0.0,
        0.0,
        0.0,
        0.0,
        0.0,
        0.0,
        0.0,
        0.0,
        0.0,
        0.0,
        0.0,
        0.0,
        2.1074683029657395,
        0.034828625670690026,
        0.0,
        0.0,
        2.6643987867510504,
        0.0,
        0.0,
        2.8683863232956686
    ],
    "x_lj_presolve": [
        2.0,
        0.16926387542215918,
        0.0,
        1.0,
        0.4587218486980682,
        0.6961392107849259,
        0.0,
        0.0,
        1.4558856725032396,
        0.7654642190594967,
        0.7786501084372632,
        0.0,
        0.0,
        3.0,
        1.0000000000000002,
        0.0,
        0.0,
        0.0,
        2.0,
        0.0,
        0.0,
        2.0,
        1.0,
        0.034828625670690026,
        0.0,
        0.0,
        4.588191330941114,
        3.4118086690588862,
        0.0,
        0.0,
        0.8042051356056624,
        0.7478447962584709,
        1.4479500681358668,
        2.0,
        6.0,
        0.0,
        2.0,
        1.0,
        0.0,
        0.0,
        0.0,
        0.0,
        0.0,
        0.0,
        0.0,
        0.0,
        1.812584134820139,
        0.0,
        0.0,
        1.187415865179861,
        1.2213498915627368,
        0.0,
        0.0
    ],
    "q_presolve": [
        0.0,
        0.0,
        0.0,
        0.9199544109529523,
        0.0,
        1.0,
        0.0,
        0.0,
        0.02355984884114802,
        0.0,
        0.0,
        1.0,
        0.0,
        0.0,
        0.375,
        0.0,
        0.0,
        0.0,
        0.6699784476771453,
        0.0,
        0.0,
        0.0,
        1.0,
        0.28429252582674475,
        0.2683903028149707,
        0.0,
        0.3300215523228547,
        0.0,
        1.0,
        0.0,
        1.0,
        0.08004558904704766,
        0.0,
        0.0,
        0.0,
        0.0,
        0.0,
        0.0,
        0.0,
        0.09493609997571201,
        0.0,
        0.0,
        1.0,
        0.0,
        0.0,
        0.7157074741732553,
        0.0,
        0.29751056567808687,
        0.0,
        0.0,
        0.0,
        0.0,
        0.0,
        1.0,
        0.0,
        1.0,
        0.0,
        0.0,
        0.0,
        0.0,
        0.0,
        0.0,
        0.0,
        0.7024894343219131,
        1.0,
        0.0,
        0.0,
        0.3330498483438813,
        0.0,
        0.0,
        0.9050639000242879
    ],