{
    "upper_bound_presolve": -615.9363816732582,
    "x_ij_presolve": [
        0.0,
        0.36749737456260745,
        1.4464605735297507,
        0.0,
        0.7464967411524778,
        0.0,
        1.451041417995168,
        0.0,
        0.0,
        0.0,
        0.0,
        0.0,
        0.0,
        0.0,
        0.0,
        0.0,
        0.0,
        0.0,
        0.3134837533341217,
        0.0,
        0.0,
        0.0,
        0.0,
        0.0,
        0.7302680285258415,
        0.332148507706616,
        0.0,
        1.9375834637675424,
        0.0,
        0.0,
        0.0,
        0.0,
        0.0,
        0.0,
        0.0,
        0.0,
        0.0,
        0.0,
        0.0,
        0.0,
        0.0,
        0.0,
        0.0,
        0.5535394264702493,
        0.0,
        0.0,
        0.0,
        0.0,
        0.0,
        0.0,
        0.0,
        0.0,
        0.0,
        0.0,
        0.0,
        0.8808850854111252,
        0.0,
        1.8534640610579256,
        0.17739488919889626,
        1.7975177300763003,
        0.0,
        0.0,
        0.0,
        0.0,
        6.0,
        0.0,
        0.0,
        0.0,
        0.0,
        0.6865162466658783,
        0.0,
        0.0,
        0.0,
        0.0,
        0.0,
        0.0,
        0.4478092567481859,
        0.5688575218917659,
        0.0,
        0.0,
        0.0,
        0.0,
        0.0,
        0.0,
        0.0,
        0.0,
        0.0,
        0.0,
        0.06241653623245753,
        0.0,
        0.0,
        1.4311424781082343,
        0.0,
        0.0,
        0.0,
        0.0,
        0.0,
        0.0,
        0.0,
        0.06304610836396748,
        0.0,
        0.0,
        0.0,
        0.0,
        0.0,
        0.0,
        0.0,
        0.0,
        0.0,
        0.0,
        0.0,
        0.0,
        0.0427980358134412,
        6.0,
        0.0,
        0.0
    ],
    "x_il_presolve": [
        0.0,
        0.0,
        0.0,
        3.0,
        0.5534807828161902,
        1.1011493252566462,
        0.6349606406085471,
        0.0,
        0.8636900186538962,
        0.0,
        0.0,
        3.0,
        0.0,
        0.0,
        3.0,
        0.0,
        0.0,
        0.0,
        7.446460573529751,
        0.0,
        0.0,
        0.0,
        2.365039359391453,
        0.8208919828404551,
        2.1791080171595447,
        0.0,
        0.5535394264702492,
        0.0,
        2.1191149145888746,
        0.0,
        0.9691410497431782,
        0.0,
        0.0,
        0.0,
        0.0,
        0.0,
        0.0,
        0.0,
        0.0,
        0.0,
        0.0,
        0.0,
        3.0,
        0.0,
        0.0,
        2.179108017159545,
        0.0,
        2.791047524825468,
        0.0,
        0.0,
        0.0,
        0.0,
        0.0,
        0.0,
        0.0,
        0.0,
        0.0,
        6.5846299076526105,
        0.0,
        0.0,
        0.0,
        0.0,
        0.0,
        0.0,
        0.20248226992369958,
        0.0,
        0.0,
        1.9572019641865588,
        0.0,
        0.0,
        5.522936135049832
    ],
    "x_lj_presolve": [
        1.2535032588475223,
        3.332478984566278,
        0.0,
        0.9369538916360326,
        0.5489585820048322,
        0.5521907432518142,
        0.0,
        0.0,
        1.2697319714741586,
        0.667851492293384,
        1.0624165362324574,
        1.513387710848518,
        0.9572019641865588,
        0.5294103249649231,
        1.6325026254373924,
        0.0,
        0.0,
        0.0,
        0.48661228915148197,
        0.0,
        0.0,
        2.0,
        1.0,
        0.20248226992369958,
        0.0,
        0.0,
        4.146535938942074,
        3.853464061057925,
        0.0,
        0.0,
        1.9684424140243644,
        0.8226051108011038,
        0.0,
        2.0,
        6.0,
        0.0,
        2.0,
        1.0,
        0.0,
        0.0,
        0.0,
        0.0,
        0.0,
        0.0,
        5.0,
        2.138110690468799,
        2.0,
        0.0,
        0.0,
        1.0000000000000002,
        0.9375834637675425,
        0.0,
        0.03155758597563563
    ],
    "q_presolve": [
        0.0,
        0.0,
        0.0,
        1.0,
        0.07753883440827394,
        1.0,
        0.21165354686951565,
        0.0,
        0.10796125233173702,
        0.0,
        0.0,
        1.0,
        0.0,
        0.0,
        0.375,
        0.0,
        0.0,
        0.0,
        0.9308075716912189,
        0.0,
        0.0,
        0.0,
        0.7883464531304843,
        0.27363066094681837,
        0.27238850214494303,
        0.0,
        0.06919242830878117,
        0.0,
        1.0,
        0.0,
        1.0,
        0.0,
        0.0,
        0.0,
        0.0,
        0.0,
        0.0,
        0.0,
        0.0,
        0.0,
        0.0,
        0.0,
        1.0,
        0.0,
        0.0,
        0.7263693390531817,
        0.0,
        1.0,
        0.0,
        0.0,
        0.0,
        0.0,
        0.0,
        0.0,
        0.0,
        1.0,
        0.0,
        0.9224611655917262,
        0.0,
        0.0,
        0.0,
        0.0,
        0.0,
        0.0,
        1.0,
        0.0,
        0.0,
        0.24465024552331982,
        0.0,
        0.0,
        1.0
    ],