{
    "upper_bound_presolve": -598.6153449564523,
    "x_ij_presolve": [
        0.0,
        1.0000000000000004,
        1.5249221469495688,
        0.0,
        0.5120545296313522,
        0.0,
        1.322159985594146,
        0.0,
        0.0,
        0.0,
        0.0,
        0.0,
        0.0,
        0.0,
        0.0,
        0.0,
        0.0,
        0.0,
        0.2701048716640287,
        0.0,
        0.0,
        0.0,
        0.0,
        0.0,
        0.0,
        0.0,
        0.0,
        2.0,
        0.0,
        0.0,
        0.0,
        0.0,
        0.0,
        0.0,
        0.0,
        0.0,
        0.0,
        0.0,
        0.0,
        0.0,
        0.0,
        0.0,
        0.0,
        0.47507785305043104,
        0.0,
        0.0,
        0.0,
        0.0,
        0.0,
        0.0,
        0.0,
        0.0,
        0.0,
        0.0,
        0.0,
        0.0,
        0.0,
        1.6483311734403985,
        0.18631606072424506,
        1.7815678641443577,
        0.0,
        0.0,
        0.0,
        0.0,
        6.0,
        0.0,
        0.0,
        0.0,
        0.0,
        0.7298951283359713,
        0.0,
        0.0,
        0.0,
        0.0,
        0.0,
        0.0,
        0.2900432665260026,
        1.1866097003140774,
        0.0,
        0.0,
        0.0,
        0.0,
        0.0,
        0.0,
        0.0,
        0.0,
        0.0,
        0.07095875661216472,
        0.0,
        0.0,
        0.0,
        0.0,
        0.0,
        0.0,
        0.0,
        0.0,
        0.0,
        0.0,
        0.0,
        0.0,
        0.0,
        0.0,
        0.0,
        0.0,
        0.0,
        0.963395076309022,
        0.0,
        0.0,
        0.0,
        0.0,
        0.30820566844059455,
        0.0,
        0.0,
        4.542083194526139,
        0.0,
        0.0
    ],
    "x_il_presolve": [
        0.0,
        0.0,
        0.0,
        2.1328031179445457,
        1.810330370587017,
        1.3877967478798514,
        0.0,
        0.0,
        0.0,
        0.8671968820554543,
        0.0,
        0.0,
        0.0,
        0.0,
        2.8971726785468443,
        0.0,
        0.0,
        0.0,
        5.490550918537649,
        0.0,
        0.22994891621965005,
        0.0,
        3.0,
        1.0468838155801088,
        1.953116184419891,
        0.0,
        2.5094490814623507,
        0.0,
        3.0,
        0.0,
        1.1653527658353564,
        0.0,
        0.0,
        0.0,
        0.0,
        0.0,
        0.0,
        0.0,
        0.8346472341646436,
        0.0,
        0.0,
        0.0,
        2.9290412433878354,
        0.0,
        0.0,
        1.9531161844198914,
        0.0,
        1.956153267583501,
        0.0,
        0.0,
        0.0,
        0.0,
        0.0,
        0.0,
        2.995769307287026,
        0.0,
        0.0,
        5.57779622058691,
        0.0,
        0.0,
        0.0,
        0.0,
        0.0,
        1.043846732416499,
        0.2184321358556424,
        0.0,
        0.0,
        3.149711137033267,
        0.0,
        0.0,
        6.039159781933571
    ],
    "x_lj_presolve": [
        1.4879454703686479,
        3.551214311564922,
        0.0,
        1.0,
        0.677840014405854,
        0.7099567334739975,
        0.0,
        0.0,
        2.0,
        1.0,
        0.0,
        0.0,
        0.0,
        0.0,
        0.9999999999999994,
        0.0,
        0.0,
        0.0,
        2.0,
        0.0,
        0.0,
        2.0,
        1.0,
        0.2184321358556424,
        0.0,
        0.0,
        4.351668826559601,
        3.6483311734403983,
        0.0,
        0.0,
        0.7283992552503835,
        0.8136839392757549,
        1.4579168054738614,
        2.0,
        6.0,
        0.0,
        1.9290412433878354,
        1.0,
        0.0,
        0.0,
        0.8133902996859227,
        2.351668826559602,
        0.060659097261151575,
        0.0,
        4.939340902738849,
        2.448785688435078,
        1.9393409027388486,
        0.0,
        0.0,
        1.0606590972611518,
        2.0,
        0.0,
        0.0
    ],
    "q_presolve": [
        0.0,
        0.0,
        0.0,
        0.7109343726481819,
        0.24503239735357146,
        1.0,
        0.0,
        0.0,
        0.0,
        0.2890656273518181,
        0.0,
        0.0,
        0.0,
        0.0,
        0.36214658481835554,
        0.0,
        0.0,
        0.0,
        0.6863188648172062,
        0.0,
        0.07128611375412472,
        0.0,
        1.0,
        0.3489612718600363,
        0.24413952305248632,
        0.0,
        0.31368113518279384,
        0.0,
        1.0,
        0.0,
        0.5826763829176782,
        0.0,
        0.0,
        1.0,
        0.0,
        0.0,
        0.0,
        0.0,
        0.4173236170823218,
        0.0,
        0.0,
        0.0,
        1.0,
        0.0,
        0.0,
        0.6510387281399638,
        0.0,
        0.6520510891945004,
        0.0,
        0.0,
        0.0,
        0.0,
        0.0,
        0.0,
        0.9287138862458753,
        0.0,
        0.0,
        0.7549676026464286,
        0.0,
        0.0,
        0.0,
        0.0,
        0.0,
        0.3479489108054996,
        1.0,
        0.0,
        0.0,
        0.3937138921291583,
        0.0,
        0.0,
        1.0
    ],