{
    "upper_bound_presolve": -601.6833324636464,
    "x_ij_presolve": [
        0.0,
        0.29876640806520616,
        1.174149225760624,
        0.0,
        0.0,
        0.0,
        1.9687524254255868,
        0.0,
        0.0,
        0.0,
        0.0,
        0.0,
        0.0,
        0.0,
        0.0,
        0.0,
        0.0,
        0.0,
        0.27744127001949237,
        0.0,
        0.0,
        0.0,
        0.0,
        0.0,
        0.7245674866532571,
        0.2792839875786936,
        0.0,
        1.9649009511936357,
        0.03124757457441332,
        0.0,
        0.0,
        0.0,
        0.0,
        0.0,
        0.0,
        0.0,
        0.0,
        0.0,
        0.0,
        0.0,
        0.0,
        0.0,
        0.6621583473577067,
        0.8258507742393759,
        0.0,
        0.0,
        0.0,
        0.0,
        0.0,
        0.0,
        0.0,
        0.0,
        0.0,
        0.0,
        0.0,
        0.7162246401864641,
        0.0,
        2.3291212608728262,
        0.325463771386789,
        1.5491888443185944,
        0.0,
        0.0,
        0.0,
        0.0,
        6.0,
        0.0,
        0.0,
        0.0,
        0.0,
        0.7225587299805076,
        0.0,
        0.0,
        0.0,
        0.0,
        0.0,
        0.0,
        0.0,
        0.7202712124509294,
        0.0,
        0.0,
        0.0,
        0.0,
        0.0,
        0.0,
        0.0,
        0.0,
        0.0,
        0.0,
        0.035099048806364205,
        0.0,
        0.0,
        1.2797287875490706,
        0.0,
        0.0,
        0.0,
        0.0,
        0.0,
        0.33399017841034245,
        0.0,
        0.0,
        0.0,
        0.0,
        0.0,
        0.0,
        0.0,
        1.5413426253635525,
        0.0,
        0.0,
        0.35030787152386966,
        0.0,
        0.246221473551644,
        0.0,
        0.06111894160284189,
        3.8869721296980146,
        0.0,
        0.0
    ],
    "x_il_presolve": [
        0.0,
        0.2820620542956728,
        0.0,
        3.0,
        3.540104497083416,
        0.7179379457043271,
        0.0,
        0.0,
        0.19505795564203512,
        0.0,
        0.0,
        3.0,
        0.0,
        0.0,
        3.0,
        0.0,
        0.0,
        0.0,
        6.511990878402917,
        0.0,
        0.0,
        0.0,
        3.0,
        0.8550513612957898,
        2.1449486387042103,
        0.0,
        1.4880091215970837,
        0.0,
        2.2837753598135357,
        0.34541496774038444,
        0.0,
        0.0,
        0.0,
        0.0,
        0.0,
        0.0,
        0.0,
        0.0,
        0.0,
        1.5972557862634174,
        0.0,
        0.0,
        3.0,
        0.0,
        0.0,
        2.1449486387042103,
        0.0,
        0.10539618794102132,
        0.0,
        0.0,
        0.0,
        0.0,
        0.0,
        0.0,
        0.0,
        0.0,
        0.0,
        3.3142014534228386,
        0.0,
        0.0,
        0.0,
        0.0,
        0.0,
        2.8946038120589788,
        0.1053961879410212,
        0.0,
        0.0,
        2.6599934056537538,
        1.1456940494937464,
        0.0,
        3.408775632731129
    ],
    "x_lj_presolve": [
        2.0,
        2.0060314189945467,
        0.0,
        1.0,
        0.0,
        1.0,
        0.0,
        0.0,
        1.2754325133467428,
        0.386725834010964,
        1.3378416526422932,
        1.417458232121258,
        0.9388810583971582,
        0.6436607094815839,
        1.7012335919347938,
        0.0,
        0.0,
        0.0,
        0.582541767878742,
        0.0,
        0.0,
        2.0,
        1.0,
        0.4508111556814056,
        0.0,
        0.0,
        3.6708787391271738,
        4.329121260872827,
        0.0,
        0.0,
        0.21243590108480362,
        0.674536228613211,
        2.1130278703019854,
        2.0,
        6.0,
        0.0,
        2.0,
        1.0,
        0.0,
        0.0,
        0.0,
        0.0,
        0.0,
        0.0,
        4.64969212847613,
        3.3503078715238694,
        1.6496921284761303,
        0.0,
        0.0,
        1.3503078715238697,
        0.0,
        0.0,
        0.0
    ],
    "q_presolve": [
        0.0,
        0.28206205429567294,
        0.0,
        1.0,
        0.442513062135427,
        0.7179379457043271,
        0.0,
        0.0,
        0.02438224445525439,
        0.0,
        0.0,
        1.0,
        0.0,
        0.0,
        0.375,
        0.0,
        0.0,
        0.0,
        0.8139988598003646,
        0.0,
        0.0,
        0.0,
        1.0,
        0.28501712043192995,
        0.2681185798380263,
        0.0,
        0.18600114019963546,
        0.0,
        1.0,
        0.7662076756248106,
        0.0,
        0.0,
        0.0,
        0.0,
        0.0,
        0.0,
        0.0,
        0.0,
        0.0,
        0.3190662727770541,
        0.0,
        0.0,
        1.0,
        0.0,
        0.0,
        0.71498287956807,
        0.0,
        0.035132062647007106,
        0.0,
        0.0,
        0.0,
        0.0,
        0.0,
        0.0,
        0.0,
        1.0,
        0.0,
        0.4142751816778548,
        0.0,
        0.0,
        0.0,
        0.0,
        0.0,
        0.9648679373529929,
        0.2337923243751894,
        0.0,
        0.0,
        0.3324991757067192,
        0.1432117561867183,
        1.0,
        0.6809337272229459
    ],