{
    "upper_bound_presolve": -620.2767818992204,
    "x_ij_presolve": [
        0.0,
        0.07686008449518712,
        0.319513159539462,
        0.0,
        1.1484161563187218,
        0.0,
        1.6726698019149868,
        0.0,
        0.0,
        0.0,
        0.0,
        0.0,
        0.0,
        0.0,
        0.0,
        0.0,
        0.0,
        0.0,
        0.2691396269175939,
        0.0,
        0.8151100175689888,
        0.0,
        0.0,
        0.0,
        0.0,
        0.0,
        0.0,
        2.0,
        0.0,
        0.0,
        0.0,
        0.0,
        0.0,
        0.0,
        0.0,
        0.0,
        0.0,
        0.0,
        0.0,
        0.0,
        0.0,
        0.0,
        0.0,
        0.2585321115868177,
        0.0,
        0.0,
        0.0,
        0.0,
        0.0,
        0.0,
        0.0,
        0.0,
        0.0,
        0.0,
        0.0,
        0.735310392610648,
        0.0,
        0.0,
        0.1896295912717291,
        2.0,
        0.0,
        0.0,
        0.0,
        0.0,
        6.0,
        0.0,
        0.0,
        0.0,
        0.0,
        0.7308603730824061,
        0.0,
        0.0,
        0.0,
        0.0,
        0.0,
        0.0,
        0.4371974573930729,
        0.45345847139694323,
        0.0,
        0.0,
        0.0,
        0.0,
        0.0,
        0.0,
        0.0,
        0.0,
        0.0,
        0.16159401526355635,
        0.0,
        0.0,
        0.0,
        1.5465415286030568,
        0.0,
        0.0,
        0.0,
        0.0,
        0.0,
        0.0,
        0.0,
        0.17602792003776657,
        0.0,
        0.0,
        0.0,
        0.0,
        0.0,
        0.2927665966078481,
        0.0,
        0.0,
        0.0,
        0.0,
        0.1306525326093268,
        0.0,
        0.0,
        1.4923312262962427,
        0.0,
        0.0
    ],
    "x_il_presolve": [
        0.0,
        0.0,
        0.0,
        2.093174802143664,
        4.782857631019819,
        0.8901327406919404,
        0.0,
        0.0,
        0.0,
        0.9068251978563364,
        0.0,
        3.0,
        0.0,
        0.0,
        3.0,
        0.0,
        0.0,
        0.0,
        7.741467888413183,
        0.0,
        0.0,
        0.0,
        3.0,
        1.1598738721142503,
        1.8401261278857495,
        0.0,
        0.2585321115868176,
        0.0,
        2.264689607389352,
        0.0,
        2.810370408728271,
        0.0,
        0.0,
        0.0,
        0.0,
        0.0,
        0.0,
        0.0,
        2.269139626917594,
        0.0,
        0.0,
        0.0,
        2.838405984736444,
        0.0,
        0.0,
        1.8401261278857497,
        0.0,
        3.0,
        0.0,
        0.0,
        0.0,
        0.0,
        0.0,
        0.0,
        0.0,
        0.0,
        0.0,
        0.0,
        0.0,
        0.0,
        0.0,
        0.0,
        0.0,
        0.0,
        0.0,
        0.0,
        0.0,
        3.1598738721142503,
        3.2171423689801806,
        0.0,
        5.755960960632694
    ],
    "x_lj_presolve": [
        0.8515838436812783,
        4.080405036989182,
        0.0,
        0.8239720799622334,
        0.32733019808501324,
        0.5628025426069271,
        0.0,
        0.0,
        2.0,
        1.0,
        0.0,
        1.6584503081154611,
        1.0,
        0.34154969188453865,
        1.923139915504813,
        0.0,
        0.0,
        0.0,
        0.3415496918845388,
        0.0,
        0.0,
        2.0,
        1.0,
        0.0,
        0.0,
        0.0,
        6.0,
        1.9999999999999998,
        0.0,
        0.0,
        1.5765808707828253,
        0.8103704087282709,
        0.6130487204889038,
        2.0,
        6.0,
        0.0,
        1.8384059847364438,
        1.0,
        0.0,
        0.0,
        0.0,
        0.0,
        0.0,
        1.4219547288737204,
        5.0,
        1.5780452711262791,
        2.0,
        0.0,
        0.0,
        0.9999999999999998,
        2.0,
        3.0795100356458645,
        0.0
    ],
    "q_presolve": [
        0.0,
        0.0,
        0.0,
        0.6977249340478879,
        0.5978572038774774,
        1.0,
        0.0,
        0.0,
        0.0,
        0.3022750659521121,
        0.0,
        1.0,
        0.0,
        0.0,
        0.375,
        0.0,
        0.0,
        0.0,
        0.9676834860516479,
        0.0,
        1.0,
        0.0,
        1.0,
        0.3866246240380834,
        0.23001576598571868,
        0.0,
        0.0323165139483522,
        0.0,
        1.0,
        1.0,
        0.5532758846830252,
        0.0,
        0.0,
        0.0,
        0.0,
        0.0,
        0.0,
        0.0,
        0.44672411531697476,
        0.0,
        0.0,
        0.0,
        1.0,
        0.0,
        0.0,
        0.6133753759619166,
        0.0,
        1.0,
        0.0,
        0.0,
        0.0,
        0.0,
        0.0,
        0.0,
        0.0,
        0.0,
        0.0,
        0.0,
        0.0,
        0.0,
        0.0,
        0.0,
        0.0,
        0.0,
        0.0,
        0.0,
        0.0,
        0.3949842340142813,
        0.4021427961225226,
        0.0,
        1.0
    ],