{
    "upper_bound_presolve": -592.3168935536733,
    "x_ij_presolve": [
        0.006001691941611519,
        1.717934410644201,
        1.604057968099234,
        0.0,
        1.9939983080583885,
        0.0,
        1.5378264278507432,
        0.0,
        0.0,
        0.0,
        0.0,
        0.0,
        0.0,
        0.0,
        0.0,
        0.0,
        0.0,
        0.0,
        0.2402868999277353,
        0.0,
        0.0,
        0.0,
        0.0,
        0.0,
        0.0,
        0.0,
        0.0,
        2.0,
        0.0,
        2.0093570774453857,
        0.0,
        0.0,
        0.0,
        0.0,
        0.0,
        0.0,
        0.0,
        0.0,
        0.0,
        0.0,
        0.0,
        0.0,
        0.0,
        0.3959420319007659,
        0.0,
        0.0,
        0.13071230373528964,
        0.0,
        0.0,
        0.0,
        0.0,
        0.0,
        0.0,
        0.0,
        0.0,
        3.0,
        0.0,
        0.44755378212929786,
        0.12385934374452649,
        0.6705676854914874,
        0.0,
        0.0,
        0.0,
        0.6031738165794588,
        6.0,
        0.0,
        0.5524462178707024,
        0.0,
        0.0,
        0.7597131000722648,
        0.0,
        0.0,
        0.0,
        0.0,
        0.0,
        0.0,
        0.4450278269417419,
        0.890807678309651,
        0.0,
        0.0,
        0.0,
        0.0,
        0.0,
        0.0,
        0.0,
        0.0,
        0.0,
        0.15135328562050954,
        0.0,
        0.0,
        0.0,
        1.109192321690349,
        0.0,
        0.0,
        0.0,
        0.0,
        0.0,
        0.0,
        0.0,
        0.7645162349014369,
        0.0,
        0.0,
        0.0,
        0.0,
        0.0,
        0.5720729219884861,
        0.0,
        0.0,
        0.5372792453012037,
        0.0,
        0.0,
        0.0,
        0.0856736257725147,
        5.3040677342669875,
        0.0,
        0.0
    ],
    "x_il_presolve": [
        0.0,
        0.0,
        0.0,
        2.282620554648496,
        2.9707357734178492,
        1.017145745207515,
        0.0,
        0.0,
        2.231498811193577,
        0.7173794453515041,
        0.0,
        3.0,
        0.0,
        0.0,
        0.9906429225546142,
        0.0,
        0.0,
        0.0,
        6.122025253628177,
        0.0,
        0.0,
        0.0,
        3.0,
        0.8324003737086891,
        2.167599626291311,
        0.0,
        1.8779747463718233,
        0.0,
        0.0,
        0.986934388361536,
        1.4416524857646398,
        0.0,
        0.0,
        0.0,
        0.0,
        0.0,
        0.0,
        0.0,
        0.5583475142353604,
        0.0,
        0.0,
        0.0,
        3.0,
        0.0,
        0.0,
        2.167599626291311,
        0.0,
        2.334864221681349,
        0.0,
        0.0,
        0.0,
        0.0,
        0.0,
        0.0,
        0.0,
        0.0,
        0.0,
        5.029264226582151,
        0.0,
        0.0,
        0.0,
        0.0,
        0.0,
        0.6651357783186509,
        0.34249792614697644,
        0.0,
        0.0,
        2.6102586399604975,
        0.0,
        0.0,
        0.0
    ],
    "x_lj_presolve": [
        0.0,
        0.0,
        0.0,
        0.0,
        0.4621735721492569,
        0.5549721730582582,
        0.0,
        0.0,
        2.0,
        1.0,
        0.0,
        1.396826183420541,
        0.9143263742274853,
        0.6888474423519735,
        0.0,
        0.0,
        0.0,
        0.0,
        0.0,
        0.0,
        0.0,
        2.0,
        1.0,
        1.3294323145085125,
        0.0,
        0.0,
        5.0,
        3.0,
        0.0,
        0.0,
        1.427927078011514,
        0.8761406562554737,
        0.6959322657330123,
        2.0,
        6.0,
        0.0,
        1.8486467143794905,
        1.0,
        0.0,
        0.15135328562050962,
        0.0,
        0.0,
        0.0,
        0.0,
        4.698204519797359,
        3.3017954802026406,
        1.462720754698796,
        0.23548376509856309,
        0.0,
        1.301795480202641,
        2.0,
        0.0,
        0.0
    ],
    "q_presolve": [
        0.0,
        0.0,
        0.0,
        0.7608735182161653,
        0.37134197167723115,
        1.0,
        0.0,
        0.0,
        0.2789373513991971,
        0.2391264817838347,
        0.0,
        1.0,
        0.0,
        0.0,
        0.12383036531932677,
        0.0,
        0.0,
        0.0,
        0.7652531567035221,
        1.0,
        1.0,
        0.0,
        1.0,
        0.2774667912362297,
        0.27094995328641386,
        0.0,
        0.2347468432964779,
        0.0,
        0.0,
        0.7423727989690122,
        0.7208262428823199,
        0.0,
        0.0,
        0.0,
        0.0,
        0.0,
        0.0,
        0.0,
        0.2791737571176802,
        0.0,
        0.0,
        0.0,
        1.0,
        0.0,
        0.0,
        0.7225332087637703,
        0.0,
        0.7782880738937831,
        0.0,
        0.0,
        0.0,
        0.0,
        0.0,
        0.0,
        0.0,
        0.0,
        0.0,
        0.6286580283227688,
        0.0,
        1.0,
        0.0,
        0.0,
        0.0,
        0.22171192610621698,
        0.2576272010309878,
        0.0,
        0.0,
        0.3262823299950622,
        0.0,
        0.0,
        0.0
    ],