{
    "upper_bound_presolve": -620.5226402978524,
    "x_ij_presolve": [
        0.0,
        0.0,
        1.3152572035881964,
        0.0,
        0.0,
        0.0,
        1.9673140309463175,
        0.0,
        0.0,
        0.0,
        0.0,
        0.0,
        0.0,
        0.0,
        0.0,
        0.0,
        0.0,
        0.0,
        0.0,
        0.0,
        2.90654293146752,
        0.0,
        0.0,
        0.0,
        0.7671791932539812,
        0.2868688488141306,
        0.0,
        1.9132659888782058,
        0.032685969053682484,
        0.0,
        0.0,
        0.0,
        0.0,
        0.0,
        0.0,
        0.0,
        0.0,
        0.0,
        0.0,
        0.0,
        0.0,
        0.0,
        0.573738433181292,
        0.6847427964118037,
        0.0,
        0.0,
        0.0,
        0.0,
        0.0,
        0.0,
        0.0,
        0.0,
        0.0,
        0.0,
        0.0,
        0.714906354333202,
        0.0,
        2.3711136303387517,
        0.010824417510916007,
        1.597735346259695,
        0.0,
        0.0,
        0.0,
        0.0,
        6.0,
        0.0,
        0.913980015328046,
        0.0,
        0.0,
        0.7842027015899724,
        0.0,
        0.0,
        0.0,
        0.0,
        0.0,
        0.0,
        0.0,
        0.6764047240577694,
        0.0,
        0.0,
        0.0,
        0.0,
        0.0,
        0.0,
        0.0,
        0.0,
        0.0,
        0.04042107822257782,
        0.08673401112179449,
        0.0,
        0.0,
        1.3235952759422305,
        0.0,
        0.0,
        0.0,
        0.0,
        0.0,
        0.3722135247505962,
        0.0,
        0.0,
        0.0,
        0.0,
        0.0,
        0.0,
        0.0,
        0.0,
        0.0,
        0.0,
        0.03283195605684559,
        0.0,
        0.0,
        0.0,
        0.0,
        1.763485432452709,
        0.0,
        0.0
    ],
    "x_il_presolve": [
        0.0,
        0.5890368549860043,
        0.0,
        3.0,
        4.482762424079596,
        0.4109631450139958,
        0.0,
        0.0,
        0.1585944662074981,
        0.0,
        0.0,
        3.0,
        0.0,
        0.0,
        3.0,
        0.0,
        0.0,
        0.0,
        6.741518770406905,
        0.0,
        0.0,
        0.0,
        3.0,
        0.877871457834384,
        2.122128542165616,
        0.0,
        1.2584812295930956,
        0.0,
        2.285093645666798,
        0.6180619521503324,
        0.0,
        0.0,
        0.0,
        0.0,
        0.0,
        0.0,
        0.0,
        0.0,
        1.329971636079771,
        0.0,
        0.0,
        0.0,
        2.959578921777422,
        0.0,
        0.0,
        2.1221285421656155,
        0.0,
        2.989175582489084,
        0.0,
        0.0,
        0.0,
        0.0,
        0.0,
        0.0,
        0.0,
        0.0,
        0.0,
        0.0,
        0.0,
        0.0,
        0.0,
        0.0,
        0.0,
        0.0,
        0.0,
        0.0,
        0.0,
        2.7192769916268866,
        3.517237575920404,
        0.0,
        5.682074398276357
    ],
    "x_lj_presolve": [
        2.0,
        2.6820743982763564,
        0.0,
        1.0,
        0.0,
        1.0,
        0.0,
        0.0,
        1.2328208067460187,
        0.3409176264352732,
        1.4262615668187082,
        1.714906354333202,
        1.0,
        0.285093645666798,
        2.0,
        0.0,
        0.0,
        0.0,
        0.28509364566679807,
        0.0,
        0.0,
        2.0,
        1.0,
        0.40226465374030485,
        0.21579729841002754,
        0.0,
        2.7149063543332024,
        5.285093645666798,
        0.0,
        0.0,
        2.0,
        0.989175582489084,
        0.0,
        2.0,
        6.0,
        0.0,
        1.9595789217774222,
        1.0,
        0.0,
        0.0,
        0.0,
        0.0,
        0.0,
        0.0,
        4.967168043943154,
        3.0328319560568455,
        1.9671680439431543,
        0.0,
        0.0,
        1.0328319560568457,
        0.0,
        1.329971636079771,
        0.0
    ],
    "q_presolve": [
        0.0,
        0.5890368549860043,
        0.0,
        1.0,
        0.5603453030099496,
        0.4109631450139958,
        0.0,
        0.0,
        0.01982430827593726,
        0.0,
        0.0,
        1.0,
        0.0,
        0.0,
        0.375,
        0.0,
        0.0,
        0.0,
        0.8426898463008631,
        0.0,
        0.0,
        0.0,
        1.0,
        0.29262381927812803,
        0.265266067770702,
        0.0,
        0.15731015369913695,
        0.0,
        1.0,
        1.0,
        0.0,
        0.0,
        0.0,
        0.0,
        0.0,
        0.0,
        0.0,
        0.0,
        1.0,
        0.0,
        0.0,
        0.0,
        1.0,
        0.0,
        0.0,
        0.7073761807218719,
        0.0,
        1.0,
        0.0,
        0.0,
        0.0,
        0.0,
        0.0,
        0.0,
        0.0,
        1.0,
        0.0,
        0.0,
        0.0,
        0.0,
        0.0,
        0.0,
        0.0,
        0.0,
        0.0,
        0.0,
        0.0,
        0.33990962395336083,
        0.4396546969900505,
        0.0,
        1.0
    ],