{
    "upper_bound_presolve": -620.7073333275088,
    "x_ij_presolve": [
        0.0,
        0.0,
        1.4062511159769489,
        0.0,
        0.7458587693505284,
        0.0,
        1.3988471628594914,
        0.0,
        0.0,
        0.0,
        0.0,
        0.0,
        0.0,
        0.0,
        0.0,
        0.0,
        0.0,
        0.0,
        0.0,
        0.0,
        0.0,
        0.0,
        0.0,
        0.0,
        0.0,
        0.0,
        0.0,
        2.0,
        0.0,
        0.0,
        0.0,
        0.0,
        0.0,
        0.0,
        0.0,
        0.0,
        0.0,
        0.0,
        0.0,
        0.0,
        0.0,
        0.0,
        0.0,
        0.593748884023052,
        0.0,
        0.0,
        0.0,
        0.0,
        0.0,
        0.0,
        0.0,
        0.0,
        0.0,
        0.0,
        0.0,
        0.16087213569211287,
        0.0,
        0.0,
        0.5502462913613672,
        1.6549622805795146,
        0.0,
        0.0,
        0.0,
        0.0,
        6.0,
        0.0,
        0.0,
        0.0,
        0.0,
        0.8128839140406139,
        0.0,
        0.0,
        0.0,
        0.0,
        0.0,
        0.0,
        0.3247373553677644,
        0.912374257786005,
        0.0,
        0.0,
        0.0,
        0.0,
        0.0,
        0.0,
        0.0,
        0.0,
        0.0,
        0.0,
        0.0,
        0.0,
        0.0,
        0.0,
        0.0,
        0.0,
        0.0,
        0.0,
        0.0,
        0.0,
        0.0,
        0.0313265162808075,
        0.0,
        0.0,
        0.0,
        0.0,
        0.0,
        0.5732026332541701,
        0.0,
        0.0,
        0.0,
        0.0,
        0.12969437720441976,
        0.0,
        0.06493515328218087,
        2.642140708961896,
        0.0,
        0.0
    ],
    "x_il_presolve": [
        0.0,
        0.0,
        0.0,
        2.3253128374672816,
        1.8077946946729317,
        1.2764154817727444,
        0.0,
        0.0,
        0.3600874324573575,
        0.6746871625327188,
        0.0,
        3.0,
        0.0,
        0.0,
        3.0,
        0.0,
        0.0,
        0.0,
        6.342966742348172,
        0.0,
        0.5322249279676915,
        0.0,
        3.0,
        0.8530651680651832,
        2.146934831934817,
        0.0,
        1.6570332576518283,
        0.0,
        2.839127864307887,
        0.5321538053798717,
        1.9175999032587612,
        0.0,
        0.0,
        0.0,
        0.0,
        0.0,
        0.0,
        0.0,
        2.1871160859593863,
        0.0,
        0.0,
        0.0,
        3.0,
        0.0,
        0.0,
        2.146934831934817,
        0.0,
        2.136433352181515,
        0.0,
        0.0,
        0.0,
        0.0,
        0.0,
        0.0,
        4.476438867822785,
        0.0,
        0.0,
        5.326600626753973,
        0.0,
        0.0,
        0.0,
        0.0,
        0.0,
        0.8635666478184851,
        0.0,
        0.0,
        0.0,
        2.4929777356078247,
        0.0,
        0.0,
        5.102446186083099
    ],
    "x_lj_presolve": [
        1.2541412306494715,
        2.879631471714434,
        0.0,
        0.9686734837191925,
        0.6011528371405088,
        0.6752626446322356,
        0.0,
        0.0,
        2.0,
        1.0,
        0.0,
        1.1608721356921134,
        0.9350648467178191,
        0.9040630175900674,
        2.0,
        0.0,
        0.0,
        0.0,
        0.8391278643078868,
        0.0,
        0.0,
        2.0,
        1.0,
        0.34503771942048544,
        0.1871160859593862,
        0.0,
        6.0,
        1.9999999999999996,
        0.0,
        0.0,
        1.2971029895414101,
        0.4497537086386329,
        1.253143301819957,
        2.0,
        6.0,
        0.0,
        2.0,
        1.0,
        0.0,
        0.0,
        1.087625742213995,
        3.8391278643078874,
        0.08191018926859384,
        0.0,
        4.918089810731406,
        2.216305510695499,
        1.9180898107314062,
        0.0,
        0.0,
        1.081910189268594,
        2.0,
        2.1047159892181475,
        0.0
    ],
    "q_presolve": [
        0.0,
        0.0,
        0.0,
        0.7751042791557605,
        0.25339143868906977,
        1.0,
        0.0,
        0.0,
        0.04501092905716969,
        0.22489572084423956,
        0.0,
        1.0,
        0.0,
        0.0,
        0.375,
        0.0,
        0.0,
        0.0,
        0.7928708427935215,
        0.0,
        0.10626086111329715,
        0.0,
        1.0,
        0.2843550560217277,
        0.2683668539918521,
        0.0,
        0.20712915720647854,
        0.0,
        1.0,
        1.0,
        0.46716993533674883,
        0.0,
        0.0,
        0.0,
        0.0,
        0.0,
        0.0,
        0.0,
        0.5328300646632511,
        0.0,
        0.0,
        0.0,
        1.0,
        0.0,
        0.0,
        0.7156449439782723,
        0.0,
        0.7121444507271716,
        0.0,
        0.0,
        0.0,
        0.0,
        0.0,
        0.0,
        0.8937391388867029,
        0.0,
        0.0,
        0.7466085613109302,
        0.0,
        0.0,
        0.0,
        0.0,
        0.0,
        0.2878555492728284,
        0.0,
        0.0,
        0.0,
        0.3116222169509781,
        0.0,
        0.0,
        1.0
    ],