{
    "upper_bound_presolve": -619.5680583946128,
    "x_ij_presolve": [
        0.0,
        0.050968184439636854,
        1.4230241213641983,
        0.0,
        0.0,
        0.0,
        1.4711253170239025,
        0.0,
        0.0,
        0.0,
        0.0,
        0.0,
        0.0,
        0.0,
        0.0,
        0.0,
        0.0,
        0.0,
        0.0,
        0.0,
        0.0,
        0.0,
        0.0,
        0.0,
        0.0,
        0.0,
        0.0,
        2.0,
        0.0,
        3.0,
        0.0,
        0.0,
        0.0,
        0.0,
        0.0,
        0.0,
        0.0,
        0.0,
        0.0,
        0.0,
        0.0,
        0.0,
        0.0,
        0.5769758786358018,
        0.0,
        0.0,
        0.0,
        0.0,
        0.0,
        0.0,
        0.0,
        0.0,
        0.0,
        0.0,
        0.0,
        0.7717583448508847,
        0.0,
        1.1434823280360793,
        0.20516853026784482,
        1.8561252256452851,
        0.0,
        0.0,
        0.0,
        0.0,
        6.0,
        0.0,
        0.8614965246243282,
        0.0,
        0.0,
        0.7892551388813106,
        0.0,
        0.0,
        0.0,
        0.0,
        0.0,
        0.0,
        0.30675162465518674,
        0.2975294190022946,
        0.0,
        0.0,
        0.0,
        0.0,
        0.0,
        0.0,
        0.0,
        0.0,
        0.0,
        0.0,
        0.0,
        0.0,
        0.8003558296201985,
        1.7024705809977054,
        1.223262802488708,
        0.0,
        0.0,
        0.0,
        0.0,
        0.0,
        0.0,
        0.0,
        0.0,
        0.0,
        0.0,
        0.0,
        0.0,
        0.8838733902714621,
        0.0,
        0.0,
        0.0,
        0.0,
        0.21451844499769382,
        0.0,
        0.0,
        4.696439634462999,
        0.0,
        0.0
    ],
    "x_il_presolve": [
        0.0,
        0.0,
        0.0,
        2.035200087843143,
        1.4434360416526395,
        1.2221230583209108,
        0.0,
        0.0,
        2.7125118796321326,
        0.9647999121568572,
        0.0,
        3.0,
        0.0,
        0.0,
        0.0,
        0.0,
        0.0,
        0.0,
        6.737063863668402,
        0.0,
        0.0,
        0.0,
        3.0,
        0.8015538001714393,
        2.1984461998285605,
        0.0,
        1.262936136331598,
        0.0,
        2.228241655149115,
        0.35461963547340436,
        1.2967295062226714,
        0.0,
        0.0,
        0.0,
        0.0,
        0.0,
        0.0,
        0.0,
        0.7032704937773286,
        0.0,
        0.0,
        0.0,
        3.0,
        0.0,
        0.0,
        2.198446199828561,
        0.0,
        1.5606851334126846,
        0.0,
        0.0,
        0.0,
        0.0,
        0.0,
        0.0,
        0.0,
        0.0,
        0.0,
        4.24270538728005,
        0.0,
        0.0,
        0.0,
        0.0,
        0.0,
        1.4393148665873154,
        0.0,
        0.0,
        0.0,
        3.0890419205393065,
        0.0,
        0.0,
        4.23429290185836
    ],
    "x_lj_presolve": [
        2.0,
        1.2342929018583602,
        0.0,
        1.0,
        0.5288746829760976,
        0.6932483753448132,
        0.0,
        0.0,
        2.0,
        1.0,
        0.0,
        1.720790160411248,
        1.0,
        0.27920983958875223,
        1.9490318155603632,
        0.0,
        0.0,
        0.0,
        0.2792098395887519,
        0.0,
        0.0,
        2.0,
        1.0,
        0.14387477435471496,
        0.21074486111868942,
        0.0,
        3.995021147339593,
        4.0049788526604075,
        0.0,
        0.0,
        0.9016081647308443,
        0.7948314697321552,
        1.3035603655370007,
        2.0,
        6.0,
        0.0,
        2.0,
        1.0,
        0.0,
        0.0,
        0.0,
        0.0,
        0.0,
        0.0,
        4.199644170379802,
        1.4864972585528877,
        1.1996441703798018,
        0.0,
        0.0,
        1.8003558296201982,
        2.0,
        0.0,
        0.0
    ],
    "q_presolve": [
        0.0,
        0.0,
        0.0,
        0.6784000292810477,
        0.25385158981590406,
        1.0,
        0.0,
        0.0,
        0.3390639849540166,
        0.3215999707189524,
        0.0,
        1.0,
        0.0,
        0.0,
        0.0,
        0.0,
        0.0,
        0.0,
        0.8421329829585502,
        0.0,
        0.0,
        0.0,
        1.0,
        0.26718460005714645,
        0.27480577497857006,
        0.0,
        0.15786701704144976,
        0.0,
        1.0,
        1.0,
        0.6483647531113357,
        0.0,
        0.0,
        0.0,
        0.0,
        0.0,
        0.0,
        0.0,
        0.3516352468886643,
        0.0,
        0.0,
        0.0,
        1.0,
        0.0,
        0.0,
        0.7328153999428536,
        0.0,
        0.5202283778042281,
        0.0,
        0.0,
        0.0,
        0.0,
        0.0,
        0.0,
        0.0,
        1.0,
        0.0,
        0.746148410184096,
        0.0,
        0.0,
        0.0,
        0.0,
        0.0,
        0.4797716221957718,
        0.0,
        0.0,
        0.0,
        0.3861302400674133,
        0.0,
        0.0,
        1.0
    ],