{
    "upper_bound_presolve": -617.9532368491936,
    "x_ij_presolve": [
        0.0,
        0.0,
        1.4372831398411337,
        0.0,
        0.27490636593458223,
        0.0,
        1.3838313168652883,
        0.0,
        0.0,
        0.0,
        0.0,
        0.0,
        0.0,
        0.0,
        0.0,
        0.0,
        0.0,
        0.0,
        0.2381512786663589,
        0.0,
        0.0,
        0.0,
        0.0,
        0.0,
        0.0,
        0.0,
        0.0,
        2.0,
        0.0,
        0.0,
        0.0,
        0.0,
        0.0,
        0.0,
        0.0,
        0.0,
        0.0,
        0.0,
        0.0,
        0.0,
        0.0,
        0.0,
        0.0,
        0.5627168601588663,
        0.0,
        0.0,
        0.0,
        0.0,
        0.0,
        0.0,
        0.0,
        0.0,
        0.0,
        0.0,
        0.0,
        0.6036185869980848,
        0.0,
        1.015194472675601,
        0.13338930178949507,
        1.3687989652874737,
        0.0,
        0.0,
        0.0,
        0.0,
        6.0,
        0.0,
        0.3975668139875024,
        0.0,
        0.0,
        0.7618487213336411,
        0.0,
        0.0,
        0.0,
        0.0,
        0.0,
        0.0,
        0.3217487365250863,
        0.6847757467160716,
        0.0,
        0.0,
        0.0,
        0.0,
        0.0,
        0.0,
        0.0,
        0.0,
        0.0,
        0.02124913330918749,
        0.0,
        0.0,
        0.7694405471562311,
        1.3152242532839284,
        0.0,
        0.0,
        0.0,
        0.0,
        0.0,
        0.0,
        0.0,
        0.0,
        0.0,
        0.0,
        0.0,
        0.0,
        0.0,
        0.8073573315770121,
        0.0,
        0.0,
        0.0,
        0.0,
        0.14664782524890072,
        0.0,
        0.0,
        4.912605541384592,
        0.0,
        0.0
    ],
    "x_il_presolve": [
        0.0,
        0.0,
        0.0,
        2.248970096811694,
        0.7741525951910772,
        1.2944199466096253,
        0.0,
        0.0,
        0.0,
        0.751029903188306,
        0.0,
        3.0,
        0.0,
        0.0,
        2.844536290526042,
        0.0,
        0.0,
        0.0,
        6.0585404972654615,
        0.0,
        0.0,
        0.0,
        3.0,
        0.7786343062644641,
        2.221365693735536,
        0.0,
        1.9414595027345376,
        0.0,
        2.396381413001915,
        0.6312010347125265,
        1.2202151908223775,
        0.0,
        0.0,
        0.0,
        0.0,
        0.0,
        0.0,
        0.0,
        0.7797848091776225,
        0.0,
        0.0,
        0.0,
        2.978750866690807,
        0.0,
        0.0,
        2.221365693735536,
        0.0,
        2.4132429683173613,
        0.0,
        0.0,
        0.0,
        0.0,
        0.0,
        0.0,
        0.0,
        0.0,
        0.0,
        5.983859759280098,
        0.0,
        0.0,
        0.0,
        0.0,
        0.0,
        0.5867570316826386,
        0.0,
        0.0,
        0.0,
        2.9340980157384213,
        0.0,
        0.0,
        5.801259319436095
    ],
    "x_lj_presolve": [
        1.725093634065418,
        3.076165685370677,
        0.0,
        1.0,
        0.6161686831347117,
        0.6782512634749137,
        0.0,
        0.0,
        2.0,
        1.0,
        0.0,
        1.6036185869980826,
        1.0,
        0.39638141300191737,
        2.0,
        0.0,
        0.0,
        0.0,
        0.3963814130019175,
        0.0,
        0.0,
        2.0,
        1.0,
        0.6312010347125265,
        0.0,
        0.0,
        4.5872387133368955,
        3.412761286663104,
        0.0,
        0.0,
        1.0459948431740875,
        0.866610698210505,
        1.0873944586154076,
        2.0,
        6.0,
        0.0,
        1.9787508666908125,
        1.0,
        0.0,
        0.0,
        0.0,
        0.0,
        0.0,
        0.0,
        4.230559452843769,
        2.527452901627406,
        1.2305594528437689,
        0.0,
        0.0,
        1.7694405471562311,
        2.0,
        0.0,
        0.0
    ],
    "q_presolve": [
        0.0,
        0.0,
        0.0,
        0.7496566989372314,
        0.11455329682534382,
        1.0,
        0.0,
        0.0,
        0.0,
        0.2503433010627687,
        0.0,
        1.0,
        0.0,
        0.0,
        0.35556703631575526,
        0.0,
        0.0,
        0.0,
        0.7573175621581827,
        0.0,
        0.0,
        0.0,
        1.0,
        0.25954476875482135,
        0.277670711716942,
        0.0,
        0.24268243784181723,
        0.0,
        1.0,
        1.0,
        0.6101075954111888,
        0.0,
        0.0,
        0.0,
        0.0,
        0.0,
        0.0,
        0.0,
        0.38989240458881125,
        0.0,
        0.0,
        0.0,
        1.0,
        0.0,
        0.0,
        0.7404552312451786,
        0.0,
        0.8044143227724537,
        0.0,
        0.0,
        0.0,
        0.0,
        0.0,
        0.0,
        0.0,
        1.0,
        0.0,
        0.8854467031746562,
        0.0,
        0.0,
        0.0,
        0.0,
        0.0,
        0.19558567722754613,
        0.0,
        0.0,
        0.0,
        0.36676225196730267,
        0.0,
        0.0,
        1.0
    ],