{
    "upper_bound_presolve": -616.5299102001429,
    "x_ij_presolve": [
        0.0,
        0.20119024682951067,
        0.28790283506905484,
        0.0,
        0.8696578935872007,
        0.0,
        1.505596159892946,
        0.0,
        0.0,
        0.0,
        0.0,
        0.0,
        0.0,
        0.0,
        0.0,
        0.0,
        0.0,
        0.0,
        0.29988849533339124,
        0.0,
        1.6125697229776188,
        0.0,
        0.0,
        0.0,
        0.0,
        0.0,
        0.0,
        2.0,
        0.0,
        0.0,
        0.0,
        0.0,
        0.0,
        0.0,
        0.0,
        0.0,
        0.0,
        0.0,
        0.0,
        0.0,
        0.0,
        0.0,
        0.0,
        0.12148231899629806,
        0.0,
        0.0,
        0.0,
        0.0,
        0.0,
        0.0,
        0.0,
        0.0,
        0.0,
        0.0,
        0.0,
        0.6884098828556827,
        0.0,
        0.0,
        0.16883777620438709,
        1.8066161463797383,
        0.0,
        0.0,
        0.0,
        0.0,
        6.0,
        0.0,
        0.0,
        0.0,
        0.0,
        0.7001115046666089,
        0.0,
        0.0,
        0.0,
        0.0,
        0.0,
        0.0,
        0.3890620719428334,
        0.6510971805171433,
        0.0,
        0.0,
        0.0,
        0.0,
        0.0,
        0.0,
        0.0,
        0.0,
        0.0,
        0.0,
        0.0,
        0.0,
        0.6616561640766658,
        1.3489028194828567,
        0.44517747265349433,
        0.0,
        0.0,
        0.0,
        0.0,
        0.0,
        0.0,
        0.03841712040678269,
        0.0,
        0.0,
        0.0,
        0.0,
        0.0,
        0.0,
        0.0,
        0.0,
        0.0,
        0.0,
        0.03258123937814545,
        0.0045340521029819955,
        0.02139283124678437,
        1.0549605423108446,
        0.0,
        0.0
    ],
    "x_il_presolve": [
        0.0,
        0.0,
        0.0,
        2.1026198293893286,
        4.953774862417163,
        1.1053417681642206,
        0.0,
        0.0,
        0.7207690150578628,
        0.8973801706106715,
        0.0,
        3.0,
        0.0,
        0.0,
        3.0,
        0.0,
        0.0,
        0.0,
        5.9479405295761785,
        0.0,
        0.0,
        0.0,
        3.0,
        0.704831738853785,
        2.295168261146215,
        0.0,
        2.05205947042382,
        0.0,
        2.311590117144317,
        0.0,
        2.831162223795613,
        0.0,
        0.0,
        0.0,
        0.0,
        0.0,
        0.0,
        0.0,
        2.2998884953333913,
        0.0,
        0.0,
        0.0,
        2.9954659478970194,
        0.0,
        0.0,
        2.295168261146215,
        0.0,
        3.0,
        0.0,
        0.0,
        0.0,
        0.0,
        0.0,
        0.0,
        0.0,
        0.0,
        0.0,
        0.0,
        0.0,
        0.0,
        0.0,
        0.0,
        0.0,
        0.0,
        0.1933838536202616,
        0.0,
        0.0,
        1.9840627237959227,
        3.0462251375828373,
        0.0,
        5.486710472643386
    ],
    "x_lj_presolve": [
        1.1303421064127992,
        3.39478548663737,
        0.0,
        0.9615828795932173,
        0.494403840107054,
        0.6109379280571666,
        0.0,
        0.0,
        2.0,
        1.0,
        0.0,
        1.4872196360261725,
        0.9786071687532156,
        0.5341731952206119,
        1.7988097531704894,
        0.0,
        0.0,
        0.0,
        0.5127803639738275,
        0.0,
        0.0,
        2.0,
        1.0,
        0.1933838536202616,
        0.0,
        0.0,
        6.0,
        2.0000000000000004,
        0.0,
        0.0,
        1.9674187606218547,
        0.831162223795613,
        0.2014190155825322,
        2.0,
        6.0,
        0.0,
        1.9954659478970194,
        1.0,
        0.0,
        0.0,
        0.0,
        0.0,
        0.0,
        1.5906148459346472,
        4.338343835923334,
        2.071041318142018,
        1.3383438359233342,
        0.0,
        0.0,
        1.6616561640766658,
        2.0,
        3.1310507191290045,
        0.0
    ],
    "q_presolve": [
        0.0,
        0.0,
        0.0,
        0.7008732764631095,
        0.6192218578021453,
        1.0,
        0.0,
        0.0,
        0.09009612688223285,
        0.2991267235368905,
        0.0,
        1.0,
        0.0,
        0.0,
        0.375,
        0.0,
        0.0,
        0.0,
        0.7434925661970224,
        0.0,
        0.0,
        0.0,
        1.0,
        0.23494391295126169,
        0.2868960326432769,
        0.0,
        0.2565074338029775,
        0.0,
        1.0,
        0.0,
        0.5517704616017132,
        0.0,
        0.0,
        0.0,
        0.0,
        0.0,
        0.0,
        0.0,
        0.44822953839828683,
        0.0,
        0.0,
        0.0,
        1.0,
        0.0,
        0.0,
        0.7650560870487384,
        0.0,
        1.0,
        0.0,
        0.0,
        0.0,
        0.0,
        0.0,
        0.0,
        0.0,
        1.0,
        0.0,
        0.0,
        0.0,
        0.0,
        0.0,
        0.0,
        0.0,
        0.0,
        1.0,
        0.0,
        0.0,
        0.24800784047449032,
        0.38077814219785466,
        0.0,
        1.0
    ],