{
    "upper_bound_presolve": -625.1052732454874,
    "x_ij_presolve": [
        0.0,
        0.6022439139190814,
        1.5502983710086171,
        0.0,
        1.1844591034647973,
        0.0,
        1.6636288342975047,
        0.0,
        0.0,
        0.0,
        0.0,
        0.0,
        0.0,
        0.0,
        0.0,
        0.0,
        0.0,
        0.0,
        0.26859097138162635,
        0.0,
        0.0,
        0.0,
        0.0,
        0.0,
        0.0,
        0.0,
        0.0,
        2.0,
        0.0,
        0.0,
        0.0,
        0.0,
        0.0,
        0.0,
        0.0,
        0.0,
        0.0,
        0.0,
        0.0,
        0.0,
        0.0,
        0.0,
        0.0,
        0.44970162899138305,
        0.0,
        0.0,
        0.0,
        0.0,
        0.0,
        0.0,
        0.0,
        0.0,
        0.0,
        0.0,
        0.0,
        1.1683653360703488,
        0.0,
        0.0,
        0.7208043594141612,
        1.1797179797234023,
        0.0,
        0.0,
        0.0,
        0.0,
        6.0,
        0.0,
        0.0,
        0.0,
        0.0,
        0.7314090286183736,
        0.0,
        0.0,
        0.0,
        0.0,
        0.0,
        0.0,
        0.32632598648247685,
        0.5123890050911499,
        0.0,
        0.0,
        0.0,
        0.0,
        0.0,
        0.0,
        0.0,
        0.0,
        0.0,
        0.0,
        0.0,
        0.0,
        0.0,
        0.0,
        1.1416542942645627,
        0.0,
        0.0,
        0.0,
        0.0,
        0.0,
        0.0,
        0.09935862597923009,
        0.0,
        0.0,
        0.0,
        0.0,
        0.0,
        0.3219614315315833,
        0.0,
        0.0,
        0.0,
        0.0,
        0.0,
        0.0,
        0.042136870099869335,
        4.917184355800305,
        0.0,
        0.0
    ],
    "x_il_presolve": [
        0.0,
        0.0,
        0.0,
        2.2342917906294453,
        1.2783299938468695,
        1.0100451792200182,
        0.0,
        0.0,
        0.0,
        0.7657082093705545,
        0.0,
        3.0,
        0.0,
        0.0,
        3.0,
        0.0,
        0.0,
        0.0,
        7.426716506794488,
        0.0,
        0.0,
        0.0,
        3.0,
        1.0406787740998256,
        1.9593212259001744,
        0.0,
        0.573283493205512,
        0.0,
        1.8316346639296512,
        0.8016893265583929,
        1.4775063140274463,
        0.0,
        0.0,
        0.0,
        0.0,
        0.0,
        0.0,
        0.0,
        0.5625435392265041,
        0.0,
        0.0,
        0.0,
        3.0,
        0.0,
        0.0,
        1.9593212259001747,
        0.0,
        2.495059364963949,
        0.0,
        0.0,
        0.0,
        0.0,
        0.0,
        0.0,
        3.177591364573938,
        0.0,
        0.0,
        5.7528922015399635,
        0.0,
        0.0,
        0.0,
        0.0,
        0.0,
        0.5049406350360506,
        0.01859269371820478,
        0.0,
        0.0,
        3.040678774099826,
        0.0,
        0.0,
        5.208944627220538
    ],
    "x_lj_presolve": [
        0.8155408965352028,
        3.4927623566645654,
        0.0,
        0.9006413740207699,
        0.33637116570249526,
        0.6736740135175231,
        0.0,
        0.0,
        2.0,
        1.0,
        0.0,
        1.5661214221512676,
        0.9578631299001307,
        0.47601544794860157,
        1.3977560860809186,
        0.0,
        0.0,
        0.0,
        0.43387857784873257,
        0.0,
        0.0,
        2.0,
        1.0,
        0.8202820202765978,
        0.0,
        0.0,
        6.0,
        2.0000000000000004,
        0.0,
        0.0,
        1.6780385684684167,
        0.2791956405858389,
        1.0427657909457442,
        2.0,
        6.0,
        0.0,
        2.0,
        1.0,
        0.0,
        0.0,
        1.48761099490885,
        1.689980369665088,
        0.0,
        0.0,
        5.0,
        2.031222195386833,
        2.0,
        0.0,
        0.0,
        1.0,
        2.0,
        0.04004985325395033,
        0.0
    ],
    "q_presolve": [
        0.0,
        0.0,
        0.0,
        0.7447639302098151,
        0.18180765140455643,
        1.0,
        0.0,
        0.0,
        0.0,
        0.25523606979018487,
        0.0,
        1.0,
        0.0,
        0.0,
        0.375,
        0.0,
        0.0,
        0.0,
        0.928339563349311,
        0.0,
        0.0,
        0.0,
        1.0,
        0.3468929246999419,
        0.2449151532375218,
        0.0,
        0.071660436650689,
        0.0,
        1.0,
        0.9773337787997165,
        0.724250101864311,
        0.0,
        0.0,
        0.0,
        0.0,
        0.0,
        0.0,
        0.0,
        0.275749898135689,
        0.0,
        0.0,
        0.0,
        1.0,
        0.0,
        0.0,
        0.6531070753000582,
        0.0,
        0.8316864549879831,
        0.0,
        0.0,
        0.0,
        0.0,
        0.0,
        0.0,
        1.0,
        0.0,
        0.0,
        0.8181923485954435,
        0.0,
        0.0,
        0.0,
        0.0,
        0.0,
        0.16831354501201687,
        0.022666221200283478,
        0.0,
        0.0,
        0.3800848467624782,
        0.0,
        0.0,
        1.0
    ],