{
    "upper_bound_presolve": -598.7211272268934,
    "x_ij_presolve": [
        0.0,
        1.5344554687659417,
        1.3190304581591445,
        0.0,
        0.0,
        0.0,
        1.814866342116518,
        0.0,
        0.0,
        0.0,
        0.0,
        0.0,
        0.0,
        0.0,
        0.0,
        0.0,
        0.0,
        0.0,
        0.3103100708779503,
        0.0,
        1.6184215421621886,
        0.0,
        0.0,
        0.0,
        0.0,
        0.0,
        0.0,
        2.0,
        0.0,
        0.0,
        0.0,
        0.0,
        0.0,
        0.0,
        0.0,
        0.0,
        0.0,
        0.0,
        0.0,
        0.0,
        0.0,
        0.0,
        0.0,
        0.6809695418408555,
        0.0,
        0.0,
        0.46554453123405815,
        0.0,
        0.0,
        0.0,
        0.0,
        0.0,
        0.0,
        0.0,
        0.0,
        3.0,
        0.0,
        0.250847998667377,
        0.12742610959423523,
        2.0,
        0.0,
        0.0,
        0.0,
        0.4959187262652439,
        6.0,
        0.0,
        0.0,
        0.0,
        0.0,
        0.6896899291220497,
        0.0,
        0.0,
        0.0,
        0.0,
        0.0,
        0.0,
        0.18536337078021714,
        0.6432917277220154,
        0.0,
        0.0,
        0.0,
        0.0,
        0.0,
        0.0,
        0.0,
        0.0,
        0.0,
        0.0,
        0.0,
        0.0,
        0.0,
        1.3567082722779846,
        0.0,
        0.0,
        0.0,
        0.0,
        0.0,
        0.0,
        0.0,
        0.0,
        0.0,
        0.0,
        0.0,
        0.0,
        0.0,
        1.0189461824807076,
        0.0,
        0.0,
        0.46046972837946154,
        0.0,
        0.022430794668702826,
        0.0,
        0.016222746226561637,
        1.5652727990543793,
        0.0,
        0.0
    ],
    "x_il_presolve": [
        0.0,
        0.0,
        0.0,
        2.003740629626742,
        4.436201573059741,
        0.9997702871032648,
        0.0,
        0.0,
        0.0,
        0.9962593703732583,
        0.0,
        3.0,
        0.0,
        0.0,
        3.0,
        0.0,
        0.0,
        0.0,
        7.319030458159145,
        0.0,
        0.0,
        0.0,
        3.0,
        0.8322752331100983,
        2.1677247668899016,
        0.0,
        0.6809695418408551,
        0.0,
        0.0,
        0.0,
        2.6217258917383877,
        0.0,
        0.0,
        0.0,
        0.0,
        0.0,
        0.0,
        0.0,
        1.025776680301399,
        1.2845333905765512,
        0.0,
        0.0,
        3.0,
        0.0,
        0.0,
        2.167724766889902,
        0.0,
        3.0,
        0.0,
        0.0,
        0.0,
        0.0,
        0.0,
        0.0,
        0.0,
        0.0,
        0.0,
        0.0,
        0.0,
        0.0,
        0.0,
        0.0,
        0.0,
        0.0,
        0.0,
        0.0,
        0.0,
        2.832275233110098,
        3.5637984269402594,
        0.0,
        3.7428554085521815
    ],
    "x_lj_presolve": [
        2.0,
        2.027388799128733,
        0.0,
        1.0,
        0.18513365788348196,
        0.8146366292197829,
        0.0,
        0.0,
        2.0,
        1.0,
        0.0,
        1.504081273734756,
        0.9837772537734384,
        0.5121414724918054,
        0.0,
        0.0,
        0.0,
        0.0,
        0.0,
        0.0,
        0.0,
        2.0,
        1.0,
        0.0,
        0.0,
        0.0,
        5.749152001332623,
        2.2508479986673766,
        0.0,
        0.0,
        0.9586230228505896,
        0.8725738904057648,
        1.1688030867436454,
        2.0,
        6.0,
        0.0,
        2.0,
        1.0,
        0.0,
        0.0,
        0.0,
        0.0,
        0.0,
        0.0,
        4.539530271620539,
        3.4604697283794614,
        1.5395302716205386,
        0.0,
        0.0,
        1.4604697283794617,
        2.0,
        1.6475025720397865,
        0.0
    ],
    "q_presolve": [
        0.0,
        0.0,
        0.0,
        0.6679135432089139,
        0.5545251966324676,
        1.0,
        0.0,
        0.0,
        0.0,
        0.3320864567910861,
        0.0,
        1.0,
        0.0,
        0.0,
        0.375,
        0.0,
        0.0,
        0.0,
        0.9148788072698932,
        0.7601495572538672,
        0.0,
        0.0,
        1.0,
        0.2774250777033661,
        0.2709655958612377,
        0.0,
        0.08512119273010689,
        0.0,
        0.2398504427461328,
        1.0,
        0.7187728699180175,
        0.0,
        0.0,
        0.0,
        0.0,
        0.0,
        0.0,
        0.0,
        0.2812271300819826,
        0.2555070717425249,
        0.0,
        0.0,
        1.0,
        0.0,
        0.0,
        0.722574922296634,
        0.0,
        1.0,
        0.0,
        0.0,
        0.0,
        0.0,
        0.0,
        0.0,
        0.0,
        1.0,
        0.0,
        0.0,
        0.0,
        0.0,
        0.0,
        0.0,
        0.0,
        0.0,
        0.0,
        0.0,
        0.0,
        0.35403440413876225,
        0.4454748033675324,
        0.0,
        0.744492928257475
    ],