{
    "upper_bound_presolve": -608.1117982369935,
    "x_ij_presolve": [
        0.0,
        1.3561840144965536,
        0.4933877778267811,
        0.0,
        0.0,
        0.0,
        1.8269092750268443,
        0.0,
        0.0,
        0.0,
        0.0,
        0.0,
        0.0,
        0.0,
        0.0,
        0.0,
        0.0,
        0.0,
        0.22436370760817656,
        0.0,
        0.0,
        0.0,
        0.0,
        0.0,
        0.0,
        0.0,
        0.0,
        2.0,
        0.0,
        3.0,
        0.0,
        0.0,
        0.0,
        0.0,
        0.0,
        0.0,
        0.0,
        0.0,
        0.0,
        0.0,
        0.0,
        0.0,
        0.0,
        0.33808241443151216,
        0.0,
        0.0,
        0.6438159855034464,
        0.0,
        0.0,
        0.0,
        0.0,
        0.0,
        0.0,
        0.0,
        0.0,
        3.0,
        0.0,
        0.3869559753079711,
        0.20495458753362988,
        1.9357315545814777,
        0.0,
        0.0,
        0.0,
        0.516435274683938,
        6.0,
        0.0,
        0.0,
        0.0,
        0.0,
        0.7756362923918235,
        0.0,
        0.0,
        0.0,
        0.0,
        0.0,
        0.0,
        0.3885624452434689,
        0.8084291855969384,
        0.010205701811802295,
        0.0,
        0.0,
        0.0,
        0.0,
        0.0,
        0.0,
        0.0,
        0.0,
        0.0,
        0.0,
        0.0,
        0.0,
        0.0,
        0.0,
        0.0,
        0.0,
        0.0,
        0.0,
        0.0,
        0.0,
        0.0,
        0.0,
        0.0,
        0.0,
        0.0,
        0.0,
        1.5349052918968271,
        0.0,
        0.0,
        0.0,
        0.0,
        0.15052140451223897,
        0.0,
        0.02639020554594399,
        2.6006235448338226,
        0.0,
        0.0
    ],
    "x_il_presolve": [
        0.0,
        0.0,
        0.0,
        2.2805201137548807,
        4.552063769193772,
        0.7845282797296871,
        0.0,
        0.0,
        3.0,
        0.7194798862451196,
        0.0,
        3.0,
        0.0,
        0.0,
        0.0,
        0.0,
        0.0,
        0.0,
        6.8493495120905346,
        0.0,
        0.0,
        0.0,
        3.0,
        0.8955702769673546,
        2.1044297230326454,
        0.0,
        1.1506504879094654,
        0.0,
        0.0,
        0.0642684454185225,
        2.3438209917398765,
        0.0,
        0.0,
        0.0,
        0.0,
        0.0,
        0.0,
        0.0,
        1.165174179483606,
        1.0591895281245705,
        0.0,
        0.0,
        3.0,
        0.0,
        0.0,
        2.104429723032645,
        0.0,
        2.2522715218730203,
        0.0,
        0.0,
        0.0,
        0.0,
        0.0,
        0.0,
        1.8046148390950902,
        0.0,
        0.0,
        1.1210416626655875,
        0.0,
        0.0,
        0.0,
        0.0,
        0.0,
        0.7477284781269796,
        0.0,
        0.0,
        0.0,
        2.8955702769673555,
        2.326894568140638,
        0.0,
        2.5563090975754523
    ],
    "x_lj_presolve": [
        2.0,
        0.6154986257000222,
        0.0,
        1.0,
        0.1730907249731559,
        0.6114375547565312,
        0.0,
        0.0,
        2.0,
        1.0,
        0.0,
        1.483564725316062,
        0.973609794454056,
        0.5428254802298823,
        0.0,
        0.0,
        0.0,
        0.0,
        0.0,
        0.0,
        0.0,
        2.0,
        1.0,
        0.0642684454185225,
        0.0,
        0.0,
        5.613044024692029,
        2.386955975307971,
        0.0,
        0.0,
        0.3145733035909339,
        0.7950454124663702,
        1.890381283942696,
        1.9897942981881978,
        6.0,
        0.010205701811802515,
        2.0,
        1.0,
        0.0,
        0.0,
        1.1915708144030617,
        0.6130440246920286,
        0.0,
        1.1583241059299043,
        5.0,
        1.8416758940700957,
        2.0,
        0.0,
        0.0,
        1.0,
        2.0,
        1.5089951712234821,
        0.0
    ],
    "q_presolve": [
        0.0,
        0.0,
        0.0,
        0.7601733712516269,
        0.5690079711492214,
        1.0,
        0.0,
        0.0,
        0.37499999999999994,
        0.23982662874837316,
        0.0,
        1.0,
        0.0,
        0.0,
        0.0,
        0.0,
        0.0,
        0.0,
        0.8561686890113168,
        1.0,
        0.0,
        0.0,
        1.0,
        0.2985234256557849,
        0.2630537153790807,
        0.0,
        0.14383131098868318,
        0.0,
        0.0,
        1.0,
        0.6679464853531434,
        0.0,
        0.0,
        0.0,
        0.0,
        0.0,
        0.0,
        0.0,
        0.33205351464685673,
        0.292958077924727,
        0.0,
        0.0,
        1.0,
        0.0,
        0.0,
        0.7014765743442151,
        0.0,
        0.7507571739576734,
        0.0,
        0.0,
        0.0,
        0.0,
        0.0,
        0.0,
        1.0,
        0.0,
        0.0,
        0.1401302078331984,
        0.0,
        0.0,
        0.0,
        0.0,
        0.0,
        0.24924282604232656,
        0.0,
        0.0,
        0.0,
        0.36194628462091943,
        0.29086182101757974,
        0.0,
        0.707041922075273
    ],