{
    "upper_bound_presolve": -621.559201453828,
    "x_ij_presolve": [
        0.0,
        0.0,
        1.5296653241112181,
        0.0,
        0.0,
        0.0,
        1.789109574519496,
        0.0,
        0.0,
        0.0,
        0.0,
        0.0,
        0.0,
        0.0,
        0.0,
        0.0,
        0.0,
        0.0,
        0.2708999206234862,
        0.0,
        0.9750744648655771,
        0.0,
        0.0,
        0.0,
        0.0,
        0.0,
        0.0,
        2.0,
        0.0,
        3.0,
        0.0,
        0.0,
        0.0,
        0.0,
        0.0,
        0.0,
        0.0,
        0.0,
        0.0,
        0.0,
        0.0,
        0.0,
        0.0,
        0.470334675888782,
        0.0,
        0.0,
        0.0,
        0.0,
        0.0,
        0.0,
        0.0,
        0.0,
        0.0,
        0.0,
        0.0,
        0.1463490740384379,
        0.0,
        0.0,
        0.0,
        1.8586018503697597,
        0.0,
        0.0,
        0.0,
        0.0,
        6.0,
        0.0,
        0.0,
        0.0,
        0.0,
        0.7291000793765138,
        0.0,
        0.0,
        0.0,
        0.0,
        0.0,
        0.0,
        0.0,
        0.985879889083783,
        0.0,
        0.0,
        0.0,
        0.0,
        0.0,
        0.0,
        0.0,
        0.0,
        0.0,
        0.07653515858819895,
        0.0,
        0.0,
        0.0,
        0.0,
        0.0,
        0.0,
        0.0,
        0.0,
        0.0,
        0.0,
        0.0,
        0.0,
        0.0,
        0.0,
        0.0,
        0.0,
        0.0,
        0.0,
        0.0,
        0.0,
        0.0,
        0.0,
        0.0,
        0.0,
        0.06519929384171376,
        2.1372525823812225,
        0.0,
        0.0
    ],
    "x_il_presolve": [
        0.0,
        0.875529498706104,
        0.0,
        2.084539903460191,
        3.746584167332713,
        0.33536092677440005,
        0.0,
        0.0,
        3.0,
        0.915460096539809,
        0.0,
        3.0,
        0.0,
        0.0,
        0.0,
        0.0,
        0.0,
        0.0,
        5.846069229183204,
        0.0,
        0.8676931997457651,
        0.0,
        3.0,
        0.7226265928601803,
        2.27737340713982,
        0.0,
        2.1539307708167956,
        0.0,
        2.853650925961562,
        0.0,
        3.0,
        0.0,
        0.0,
        0.0,
        0.0,
        0.0,
        0.0,
        0.0,
        1.8102011591191256,
        0.26273847395397937,
        0.0,
        0.0,
        2.9234648414118007,
        0.0,
        0.0,
        2.2773734071398195,
        0.0,
        3.0,
        0.0,
        0.0,
        0.0,
        0.0,
        0.0,
        0.0,
        4.077549630766087,
        0.0,
        0.0,
        0.0,
        0.0,
        0.0,
        0.0,
        0.0,
        0.0,
        0.0,
        0.1413981496302405,
        0.0,
        0.0,
        2.7226265928601796,
        3.074921530916885,
        0.0,
        2.9969056079931478
    ],
    "x_lj_presolve": [
        2.0,
        0.25964408194712707,
        0.0,
        1.0,
        0.21089042548050402,
        1.0,
        0.0,
        0.0,
        2.0,
        1.0,
        0.0,
        1.1463490740384379,
        0.9348007061582863,
        0.918850219803276,
        2.0,
        0.0,
        0.0,
        0.0,
        0.8536509259615621,
        0.0,
        0.0,
        2.0,
        1.0,
        0.1413981496302405,
        0.0,
        0.0,
        6.0,
        1.9225282063659261,
        0.0,
        0.0774717936340742,
        2.0,
        0.9225282063659257,
        0.0774717936340742,
        2.0,
        6.0,
        0.0,
        1.923464841411801,
        1.0,
        0.0,
        0.0,
        1.014120110916217,
        3.9311227195956353,
        0.0,
        0.0,
        5.0,
        1.8215056982495972,
        2.0,
        0.0,
        0.0,
        0.9999999999999999,
        2.0,
        2.810201159119126,
        0.0
    ],
    "q_presolve": [
        0.0,
        0.7230460166192804,
        0.0,
        0.6948466344867303,
        0.5492312596461055,
        0.27695398338071964,
        0.0,
        0.0,
        0.375,
        0.30515336551326966,
        0.0,
        1.0,
        0.0,
        0.0,
        0.0,
        0.0,
        0.0,
        0.0,
        0.7307586536479005,
        0.0,
        0.1754601805177594,
        0.0,
        1.0,
        0.24087553095339342,
        0.2846716758924775,
        0.0,
        0.26924134635209945,
        0.0,
        1.0,
        0.0,
        0.6236745409934953,
        0.0,
        0.0,
        0.0,
        0.0,
        0.0,
        0.0,
        0.0,
        0.37632545900650466,
        0.080603423977821,
        0.0,
        0.0,
        1.0,
        0.0,
        0.0,
        0.7591244690466066,
        0.0,
        1.0,
        0.0,
        0.0,
        0.0,
        0.0,
        0.0,
        0.0,
        0.8245398194822406,
        0.0,
        0.0,
        0.0,
        0.0,
        0.0,
        0.0,
        0.0,
        0.0,
        0.0,
        1.0,
        0.0,
        0.0,
        0.34032832410752245,
        0.4507687403538946,
        0.0,
        0.919396576022179
    ],