{
    "upper_bound_presolve": -630.5147627382725,
    "x_ij_presolve": [
        0.0,
        0.0,
        1.4781195235501066,
        0.0,
        0.0,
        0.0,
        1.8697431161166747,
        0.0,
        0.0,
        0.0,
        0.0,
        0.0,
        0.0,
        0.0,
        0.0,
        0.0,
        0.0,
        0.0,
        0.24582696042458055,
        0.0,
        0.0,
        0.0,
        0.0,
        0.0,
        0.0,
        0.0,
        0.0,
        2.0,
        0.1302568838833254,
        0.0,
        0.0,
        0.0,
        0.0,
        0.0,
        0.0,
        0.0,
        0.0,
        0.0,
        0.0,
        0.0,
        0.0,
        0.0,
        0.0,
        0.5218804764498934,
        0.0,
        0.0,
        0.0,
        0.0,
        0.0,
        0.0,
        0.0,
        0.0,
        0.0,
        0.0,
        0.0,
        0.4937903366718814,
        0.0,
        1.3456015732387392,
        0.10219740731685444,
        1.7993559876392262,
        0.0,
        0.0,
        0.0,
        0.0,
        6.0,
        0.0,
        0.5808737101932089,
        0.06093573838987685,
        0.0,
        0.7541730395754195,
        0.0,
        0.0,
        0.0,
        0.0,
        0.0,
        0.0,
        0.0,
        0.26677869144754546,
        0.0,
        0.0,
        0.0,
        0.0,
        0.0,
        0.0,
        0.0,
        0.0,
        0.0,
        0.0,
        0.0,
        0.0,
        0.0,
        1.7332213085524546,
        0.9796613045715372,
        0.0,
        0.0,
        0.0,
        0.0,
        0.0,
        0.0,
        0.0,
        0.0,
        0.0,
        0.0,
        0.0,
        0.0,
        0.34856586218335434,
        0.0,
        0.0,
        0.0,
        0.0,
        0.0,
        0.0,
        0.0,
        5.403553252440827,
        0.0,
        0.0
    ],
    "x_il_presolve": [
        0.0,
        0.0,
        0.0,
        2.247610483230205,
        2.2990061749273196,
        0.0,
        0.2545143181271349,
        0.0,
        0.3781104934226884,
        0.7523895167697954,
        0.0,
        3.0,
        0.0,
        0.0,
        3.0,
        0.0,
        0.0,
        0.0,
        7.478119523550107,
        0.0,
        0.0,
        0.0,
        2.7454856818728652,
        0.9745572409818613,
        2.025442759018139,
        0.0,
        0.5218804764498938,
        0.0,
        2.506209663328119,
        0.0,
        1.5522010194444065,
        0.0,
        0.0,
        0.0,
        0.0,
        0.0,
        0.0,
        0.0,
        0.44779898055559364,
        0.0,
        0.0,
        0.0,
        3.0,
        0.0,
        0.0,
        2.025442759018139,
        0.0,
        3.0,
        0.0,
        0.0,
        0.0,
        0.0,
        0.0,
        0.0,
        0.0,
        0.0,
        0.0,
        5.700993825072681,
        0.0,
        0.0,
        0.0,
        0.0,
        0.0,
        0.0,
        0.20064401236077375,
        0.0,
        0.0,
        2.596446747559173,
        0.0,
        0.0,
        5.578538076340966
    ],
    "x_lj_presolve": [
        2.0,
        2.578538076340967,
        0.0,
        1.0,
        0.0,
        0.0,
        0.0,
        0.0,
        2.0,
        1.0,
        0.0,
        1.4937903366718812,
        1.0,
        0.5062096633281188,
        2.0,
        0.0,
        0.0,
        0.0,
        0.5062096633281187,
        0.0,
        0.0,
        2.0,
        1.0,
        0.20064401236077375,
        0.0,
        0.0,
        4.073524716568053,
        3.9264752834319476,
        0.0,
        0.0,
        1.6514341378166457,
        0.8368668542932688,
        0.5116990078900856,
        2.0,
        6.0,
        0.0,
        2.0,
        1.0,
        0.0,
        0.0,
        0.0,
        0.0,
        0.0,
        0.0,
        5.084747739669087,
        2.915252260330914,
        2.0,
        0.0,
        0.08474773966908741,
        0.9152522603309126,
        2.0,
        0.0,
        0.0
    ],
    "q_presolve": [
        0.0,
        0.0,
        0.0,
        0.7492034944100683,
        0.28737577186591495,
        0.0,
        0.08483810604237829,
        0.0,
        0.04726381167783605,
        0.2507965055899318,
        0.0,
        1.0,
        0.0,
        0.0,
        0.375,
        0.0,
        0.0,
        0.0,
        0.9347649404437633,
        0.0,
        0.0,
        0.0,
        0.9151618939576217,
        0.3248524136606204,
        0.25318034487726737,
        0.0,
        0.06523505955623672,
        0.0,
        1.0,
        0.0,
        0.7761005097222032,
        0.0,
        0.0,
        0.0,
        0.0,
        0.0,
        0.0,
        0.0,
        0.22389949027779682,
        0.0,
        0.0,
        0.0,
        1.0,
        0.0,
        0.0,
        0.6751475863393797,
        0.0,
        1.0,
        0.0,
        0.0,
        0.0,
        0.0,
        1.0,
        0.0,
        0.0,
        1.0,
        0.0,
        0.712624228134085,
        0.0,
        0.0,
        0.0,
        0.0,
        0.0,
        0.0,
        1.0,
        0.0,
        0.0,
        0.32455584344489663,
        0.0,
        0.0,
        1.0
    ],