{
    "upper_bound_presolve": -625.7604192738413,
    "x_ij_presolve": [
        0.0,
        0.05794098919240649,
        1.483186622041667,
        0.0,
        0.0,
        0.0,
        1.7822765387942487,
        0.0,
        0.0,
        0.0,
        0.0,
        0.0,
        0.0,
        0.0,
        0.0,
        0.0,
        0.0,
        0.0,
        0.32207715538245374,
        0.0,
        0.0,
        0.0,
        0.0,
        0.0,
        0.0,
        0.0,
        0.0,
        2.0,
        0.0,
        2.3115098367520623,
        0.0,
        0.0,
        0.0,
        0.0,
        0.0,
        0.0,
        0.0,
        0.0,
        0.0,
        0.0,
        0.0,
        0.0,
        0.0,
        0.5168133779583334,
        0.0,
        0.0,
        0.0,
        0.0,
        0.0,
        0.0,
        0.0,
        0.0,
        0.0,
        0.0,
        0.0,
        0.7090694025884818,
        0.0,
        1.3991082363738603,
        0.16109003708794525,
        2.0,
        0.0,
        0.0,
        0.0,
        0.0,
        6.0,
        0.0,
        0.04437639203206067,
        0.0,
        0.0,
        0.6779228446175464,
        0.0,
        0.0,
        0.0,
        0.0,
        0.0,
        0.0,
        0.4209735703871504,
        0.8346406631269574,
        0.0,
        0.0,
        0.0,
        0.0,
        0.0,
        0.0,
        0.0,
        0.0,
        0.0,
        0.0,
        0.0,
        0.0,
        0.0,
        1.1653593368730428,
        0.0,
        0.0,
        0.0,
        0.0,
        0.0,
        0.0,
        0.0,
        0.0,
        0.0,
        0.0,
        0.0,
        0.0,
        0.0,
        0.0,
        0.0,
        0.0,
        0.0,
        0.0,
        0.09535428751232829,
        0.0,
        0.0,
        5.766172232902181,
        0.0,
        0.0
    ],
    "x_il_presolve": [
        0.0,
        0.0,
        0.0,
        1.9628989102753147,
        2.102311666985273,
        0.7967498908186007,
        0.1631760448271084,
        0.0,
        3.0,
        1.0371010897246848,
        0.0,
        3.0,
        0.0,
        0.0,
        0.6884901632479378,
        0.0,
        0.0,
        0.0,
        5.265414413902283,
        0.0,
        0.0,
        0.0,
        2.8368239551728918,
        0.8269636428334269,
        2.173036357166573,
        0.0,
        2.734585586097717,
        0.0,
        2.290930597411518,
        0.0,
        1.4398017265381944,
        0.0,
        0.0,
        0.0,
        0.0,
        0.0,
        0.0,
        0.0,
        0.5601982734618056,
        0.29798933967502333,
        0.0,
        0.0,
        3.0,
        0.0,
        0.0,
        2.173036357166573,
        0.0,
        2.9773834424975454,
        0.0,
        0.0,
        0.0,
        0.0,
        0.0,
        0.0,
        0.0,
        0.0,
        0.0,
        5.098315338847854,
        0.0,
        0.0,
        0.0,
        0.0,
        0.0,
        0.0,
        0.0,
        0.0,
        0.0,
        2.138473479585491,
        0.0,
        0.0,
        3.8410022311358616
    ],
    "x_lj_presolve": [
        2.0,
        1.1389915708108853,
        0.0,
        1.0,
        0.21772346120575123,
        0.5790264296128496,
        0.0,
        0.0,
        2.0,
        1.0,
        0.0,
        1.6511284133960755,
        1.0,
        0.3488715866039247,
        1.9420590108075937,
        0.0,
        0.0,
        0.0,
        0.3488715866039245,
        0.0,
        0.0,
        2.0,
        1.0,
        0.0,
        0.0,
        0.0,
        4.55651537159408,
        3.4434846284059195,
        0.0,
        0.0,
        1.9046457124876717,
        0.8389099629120547,
        0.23382776709781908,
        2.0,
        6.0,
        0.0,
        2.0,
        1.0,
        0.0,
        0.0,
        0.0,
        0.0,
        0.0,
        0.0,
        5.0,
        2.200627005833127,
        2.0,
        0.0,
        0.0,
        1.0,
        2.0,
        0.0,
        0.0
    ],
    "q_presolve": [
        0.0,
        0.0,
        0.0,
        0.6542996367584383,
        0.2919623062383622,
        1.0,
        0.05439201494236946,
        0.0,
        0.375,
        0.34570036324156156,
        0.0,
        1.0,
        0.0,
        0.0,
        0.08606127040599222,
        0.0,
        0.0,
        0.0,
        0.6581768017377854,
        0.0,
        0.0,
        0.0,
        0.9456079850576306,
        0.27565454761114233,
        0.2716295446458217,
        0.0,
        0.34182319826221463,
        0.0,
        1.0,
        1.0,
        0.7199008632690972,
        0.0,
        0.0,
        0.0,
        0.0,
        0.0,
        0.0,
        0.0,
        0.2800991367309028,
        0.07199563820726583,
        0.0,
        0.0,
        1.0,
        0.0,
        0.0,
        0.7243454523888577,
        0.0,
        1.0,
        0.0,
        0.0,
        0.0,
        0.0,
        0.0,
        0.0,
        0.0,
        1.0,
        0.0,
        0.7080376937616377,
        0.0,
        0.0,
        0.0,
        0.0,
        0.0,
        0.0,
        0.0,
        0.0,
        0.0,
        0.2673091849481864,
        0.0,
        0.0,
        0.9280043617927342
    ],