{
    "upper_bound_presolve": -617.7492093583775,
    "x_ij_presolve": [
        0.0,
        0.024143751704153064,
        1.366570090294316,
        0.0,
        0.0,
        0.0,
        1.6857937735543869,
        0.0,
        0.0,
        0.0,
        0.0,
        0.0,
        0.0,
        0.0,
        0.0,
        0.0,
        0.0,
        0.0,
        0.0,
        0.0,
        0.0,
        0.0,
        0.0,
        0.0,
        0.0,
        0.0,
        0.0,
        2.0,
        0.0,
        2.330502951687212,
        0.0,
        0.0,
        0.0,
        0.0,
        0.0,
        0.0,
        0.0,
        0.0,
        0.0,
        0.0,
        0.0,
        0.0,
        0.0,
        0.633429909705684,
        0.0,
        0.0,
        0.0,
        0.0,
        0.0,
        0.0,
        0.0,
        0.0,
        0.0,
        0.0,
        0.0,
        0.348747645029224,
        0.0,
        0.7764757007534707,
        0.05755518793782222,
        1.8442034192776329,
        0.0,
        0.0,
        0.0,
        0.0,
        6.0,
        0.0,
        0.0,
        0.0,
        0.0,
        0.7988741492819519,
        0.0,
        0.0,
        0.0,
        0.0,
        0.0,
        0.0,
        0.0,
        0.8995897605018133,
        0.0,
        0.0,
        0.0,
        0.0,
        0.0,
        0.0,
        0.0,
        0.0,
        0.0,
        0.0,
        0.0,
        0.0,
        0.0,
        1.1004102394981867,
        0.0,
        0.0,
        0.0,
        0.0,
        0.0,
        0.0,
        0.0,
        0.0,
        0.0,
        0.0,
        0.0,
        0.0,
        0.0,
        0.0,
        0.0,
        0.0,
        0.0,
        0.0,
        0.0,
        0.0,
        0.10093823321675482,
        5.686050641018757,
        0.0,
        0.0
    ],
    "x_il_presolve": [
        0.0,
        0.0,
        0.0,
        2.365061734876849,
        1.6467943228369721,
        0.41382392572249543,
        0.35787422716581097,
        0.0,
        3.0,
        0.0,
        0.0,
        3.0,
        0.0,
        0.0,
        0.669497048312788,
        0.0,
        0.0,
        0.0,
        7.366570090294316,
        0.0,
        0.0,
        0.9003823007231175,
        2.6421257728341887,
        0.8825081740772752,
        2.1174918259227247,
        0.0,
        0.6334299097056835,
        0.0,
        2.651252354970776,
        0.3569224314404153,
        1.1741084147451413,
        0.6349382651231505,
        0.0,
        0.0,
        0.0,
        0.0,
        0.0,
        0.0,
        0.8258915852548588,
        0.5000589038387677,
        0.0,
        0.0,
        3.0,
        0.0,
        0.0,
        2.117491825922725,
        0.0,
        3.0,
        0.0,
        0.0,
        0.0,
        0.0,
        0.0,
        0.0,
        0.0,
        0.0,
        0.0,
        5.90378866337648,
        0.0,
        0.0,
        0.0,
        0.0,
        0.0,
        0.0,
        0.0,
        0.0,
        0.0,
        2.213011125764488,
        0.0,
        0.0,
        3.0989149894123056
    ],
    "x_lj_presolve": [
        2.0,
        0.5989738932510735,
        0.0,
        1.0,
        0.314206226445613,
        1.0,
        0.0,
        0.0,
        2.0,
        1.0,
        0.0,
        1.3246038933250712,
        0.8990617667832452,
        0.7763343398916838,
        1.9758562482958468,
        0.0,
        0.0,
        0.0,
        0.675396106674929,
        0.0,
        0.0,
        2.0,
        1.0,
        0.1557965807223672,
        0.2011258507180481,
        0.0,
        5.223524299246529,
        2.7764757007534713,
        0.0,
        0.0,
        2.0,
        0.9424448120621778,
        0.057555187937822425,
        2.0,
        6.0,
        0.0,
        2.0,
        1.0,
        0.0,
        0.0,
        0.0,
        0.0,
        0.0,
        0.0,
        5.2563941710434205,
        2.2941888151700303,
        2.0,
        0.0,
        0.2563941710434209,
        0.7436058289565792,
        2.0,
        0.0,
        0.0
    ],
    "q_presolve": [
        0.0,
        0.0,
        0.0,
        0.7883539116256165,
        0.21810161226541588,
        0.3148850746520345,
        0.11929140905527032,
        0.0,
        0.375,
        0.0,
        0.0,
        1.0,
        0.0,
        0.0,
        0.0836871310390985,
        0.0,
        0.0,
        0.0,
        0.9208212612867895,
        0.0,
        0.0,
        0.6851149253479655,
        0.8807085909447296,
        0.2941693913590917,
        0.26468647824034064,
        0.0,
        0.07917873871321043,
        0.0,
        1.0,
        1.0,
        0.5870542073725706,
        0.21164608837438353,
        0.0,
        0.0,
        0.0,
        0.0,
        0.0,
        0.0,
        0.4129457926274294,
        0.13894485446990787,
        0.0,
        0.0,
        1.0,
        0.0,
        0.0,
        0.7058306086409083,
        0.0,
        1.0,
        0.0,
        0.0,
        0.0,
        0.0,
        0.0,
        0.0,
        0.0,
        1.0,
        0.0,
        0.7818983877345841,
        0.0,
        0.0,
        0.0,
        0.0,
        0.0,
        0.0,
        0.0,
        0.0,
        0.0,
        0.276626390720561,
        0.0,
        0.0,
        0.8610551455300922
    ],