{
    "upper_bound_presolve": -629.4726867428163,
    "x_ij_presolve": [
        0.0,
        0.08118540321105341,
        1.359296062238486,
        0.0,
        0.9594006645669504,
        0.0,
        1.2740236570887462,
        0.0,
        0.0,
        0.0,
        0.0,
        0.0,
        0.0,
        0.0,
        0.0,
        0.0,
        0.0,
        0.0,
        0.2870163034693684,
        0.0,
        0.0,
        0.0,
        0.0,
        0.0,
        0.0,
        0.0,
        0.0,
        2.0,
        0.0,
        0.0,
        0.0,
        0.0,
        0.0,
        0.0,
        0.0,
        0.0,
        0.0,
        0.0,
        0.0,
        0.0,
        0.0,
        0.0,
        0.0,
        0.6407039377615141,
        0.0,
        0.0,
        0.0,
        0.0,
        0.0,
        0.0,
        0.0,
        0.0,
        0.0,
        0.0,
        0.0,
        0.47914517805086915,
        0.0,
        1.3792549478099994,
        0.07436671122165316,
        1.8056375035398018,
        0.0,
        0.0,
        0.0,
        0.0,
        6.0,
        0.0,
        0.0,
        0.0,
        0.0,
        0.7129836965306316,
        0.0,
        0.0,
        0.0,
        0.0,
        0.0,
        0.0,
        0.16779443216690315,
        0.8661864680186961,
        0.0,
        0.0,
        0.0,
        0.0,
        0.0,
        0.0,
        0.0,
        0.0,
        0.0,
        0.0,
        0.0,
        0.0,
        0.0,
        0.0,
        1.2827420534289815,
        0.0,
        0.0,
        0.0,
        0.0,
        0.0,
        0.0,
        0.14317867580135532,
        0.0,
        0.0,
        0.0,
        0.0,
        0.0,
        0.758035893826419,
        0.0,
        0.0,
        0.0,
        0.0,
        0.0,
        0.0,
        0.06348278571692792,
        5.104927040439131,
        0.0,
        0.0
    ],
    "x_il_presolve": [
        0.0,
        0.0,
        0.0,
        2.0825032713784326,
        1.614599500296316,
        1.5581819107443509,
        0.0,
        0.0,
        0.10972471203330142,
        0.9174967286215673,
        0.0,
        3.0,
        0.0,
        0.0,
        3.0,
        0.0,
        0.0,
        0.0,
        6.823426790681697,
        0.0,
        0.0,
        0.0,
        3.0,
        0.9413148858772422,
        2.0586851141227576,
        0.0,
        1.176573209318303,
        0.0,
        2.520854821949131,
        0.0,
        1.5463783409683478,
        0.0,
        0.0,
        0.0,
        0.0,
        0.0,
        0.0,
        0.0,
        0.45362165903165236,
        0.0,
        0.0,
        0.0,
        3.0,
        0.0,
        0.0,
        2.058685114122758,
        0.0,
        2.7329627101322895,
        0.0,
        0.0,
        0.0,
        0.0,
        0.0,
        0.0,
        1.9926713526914532,
        0.0,
        0.0,
        5.185923716414282,
        0.0,
        0.0,
        0.0,
        0.0,
        0.0,
        0.2670372898677103,
        0.19436249646019835,
        0.0,
        0.0,
        2.8315901738439404,
        0.0,
        0.0,
        5.49404478655678
    ],
    "x_lj_presolve": [
        1.0405993354330496,
        3.5966241269250863,
        0.0,
        0.8568213241986448,
        0.7259763429112539,
        0.8322055678330968,
        0.0,
        0.0,
        2.0,
        1.0,
        0.0,
        1.397959774839816,
        0.9365172142830721,
        0.6655230108771121,
        1.9188145967889467,
        0.0,
        0.0,
        0.0,
        0.6020402251601841,
        0.0,
        0.0,
        2.0,
        1.0,
        0.19436249646019835,
        0.0,
        0.0,
        4.62074505219,
        3.37925494781,
        0.0,
        0.0,
        1.241964106173581,
        0.9256332887783474,
        0.8324026050480714,
        2.0,
        6.0,
        0.0,
        2.0,
        1.0,
        0.0,
        0.0,
        1.1338135319813039,
        0.8588578207101494,
        0.0,
        0.0,
        5.062670354512796,
        1.737852862197802,
        2.0,
        0.0,
        0.06267035451279677,
        0.9373296454872035,
        2.0,
        0.0,
        0.0
    ],
    "q_presolve": [
        0.0,
        0.0,
        0.0,
        0.6941677571261443,
        0.2374228348090686,
        1.0,
        0.0,
        0.0,
        0.013715589004162677,
        0.30583224287385574,
        0.0,
        1.0,
        0.0,
        0.0,
        0.375,
        0.0,
        0.0,
        0.0,
        0.8529283488352122,
        0.0,
        0.0,
        0.0,
        1.0,
        0.3137716286257474,
        0.2573356392653447,
        0.0,
        0.1470716511647879,
        0.0,
        1.0,
        0.0,
        0.7731891704841739,
        0.0,
        0.0,
        0.0,
        0.0,
        0.0,
        0.0,
        0.0,
        0.22681082951582618,
        0.0,
        0.0,
        0.0,
        1.0,
        0.0,
        0.0,
        0.6862283713742526,
        0.0,
        0.9109875700440966,
        0.0,
        0.0,
        0.0,
        0.0,
        0.0,
        0.0,
        1.0,
        0.0,
        0.0,
        0.7625771651909314,
        0.0,
        0.0,
        0.0,
        0.0,
        0.0,
        0.08901242995590344,
        1.0,
        0.0,
        0.0,
        0.35394877173049266,
        0.0,
        0.0,
        1.0
    ],