{
    "upper_bound_presolve": -608.3033524048604,
    "x_ij_presolve": [
        0.0,
        0.5486656861713053,
        1.4679556834302467,
        0.0,
        0.9493242816178739,
        0.0,
        1.3671784554060378,
        0.0,
        0.0,
        0.0,
        0.0,
        0.0,
        0.0,
        0.0,
        0.0,
        0.0,
        0.0,
        0.0,
        0.2865186269576391,
        0.0,
        0.0,
        0.0,
        0.0,
        0.0,
        0.0,
        0.0,
        0.0,
        2.0,
        0.0,
        0.0,
        0.0,
        0.0,
        0.0,
        0.0,
        0.0,
        0.0,
        0.0,
        0.0,
        0.0,
        0.0,
        0.0,
        0.0,
        0.0,
        0.5320443165697533,
        0.0,
        0.0,
        0.0,
        0.0,
        0.0,
        0.0,
        0.0,
        0.0,
        0.0,
        0.0,
        0.0,
        1.3048046922784644,
        0.0,
        0.8211148503911011,
        0.0,
        1.9268336199670226,
        0.0,
        0.0,
        0.0,
        0.0,
        6.0,
        0.0,
        0.5782571770957056,
        0.0,
        0.0,
        0.7134813730423609,
        0.0,
        0.0,
        0.0,
        0.0,
        0.0,
        0.0,
        0.21990411834462828,
        0.5654765789201951,
        0.0,
        0.0,
        0.0,
        0.0,
        0.0,
        0.0,
        0.0,
        0.0,
        0.0,
        0.0,
        0.0,
        0.0,
        0.0,
        1.434523421079805,
        1.295823280234729,
        0.0,
        0.0,
        0.0,
        0.0,
        0.12588672484802096,
        0.0,
        0.12229933061586097,
        0.0,
        0.0,
        0.0,
        0.0,
        0.0,
        0.0,
        0.0,
        0.0,
        0.0,
        0.0,
        0.0,
        0.0,
        0.0,
        3.758193214506703,
        0.0,
        0.0
    ],
    "x_il_presolve": [
        0.0,
        0.0,
        0.0,
        2.3474941061700436,
        1.6849968099972241,
        1.4129174262493343,
        0.0,
        0.0,
        1.4193369163211946,
        0.0,
        0.0,
        3.0,
        0.0,
        0.0,
        3.0,
        0.0,
        0.0,
        0.0,
        6.718808327535668,
        0.0,
        0.0,
        0.0,
        3.0,
        0.9608968332285346,
        2.0391031667714654,
        0.0,
        1.2811916724643329,
        0.0,
        1.6951953077215358,
        0.0,
        1.5263792557789424,
        0.6525058938299564,
        0.0,
        0.0,
        0.0,
        0.0,
        0.0,
        0.0,
        2.286518626957639,
        0.0,
        0.0,
        0.0,
        3.0,
        0.0,
        0.0,
        2.039103166771466,
        0.0,
        3.0,
        0.0,
        0.0,
        0.0,
        0.0,
        0.0,
        0.0,
        0.0,
        0.0,
        0.0,
        0.0,
        0.0,
        0.0,
        0.0,
        0.0,
        0.0,
        0.0,
        0.07316638003297736,
        0.0,
        0.0,
        1.5415599169073397,
        2.700246868585957,
        0.0,
        6.602293893198938
    ],
    "x_lj_presolve": [
        1.0506757183821263,
        4.673917505432673,
        0.0,
        0.877700669384139,
        0.6328215445939624,
        0.7800958816553717,
        0.0,
        0.0,
        2.0,
        0.874113275151979,
        0.12588672484802085,
        1.7561390061071596,
        1.0,
        0.2438609938928405,
        1.4513343138286947,
        0.0,
        0.0,
        0.0,
        0.2438609938928406,
        0.0,
        0.0,
        2.0,
        1.0,
        0.07316638003297736,
        0.0,
        0.0,
        4.600627972513193,
        3.399372027486807,
        0.0,
        0.0,
        2.0,
        1.0,
        0.0,
        2.0,
        6.0,
        0.0,
        2.0,
        1.0,
        0.0,
        0.0,
        0.0,
        0.0,
        0.0,
        0.0,
        3.303022177908695,
        1.0822215006744862,
        0.0,
        0.0,
        0.30302217790869523,
        2.6969778220913048,
        1.8741132751519793,
        1.938784607584602,
        0.0
    ],
    "q_presolve": [
        0.0,
        0.0,
        0.0,
        0.7824980353900146,
        0.38424245800215745,
        1.0,
        0.0,
        0.0,
        0.17741711454014933,
        0.0,
        0.0,
        1.0,
        0.0,
        0.0,
        0.375,
        0.0,
        0.0,
        0.0,
        0.8398510409419585,
        0.0,
        0.0,
        0.0,
        1.0,
        0.3202989444095115,
        0.2548878958464332,
        0.0,
        0.1601489590580416,
        0.0,
        1.0,
        0.0,
        0.40031999353820463,
        0.2175019646099855,
        0.0,
        0.0,
        0.0,
        0.0,
        0.0,
        0.0,
        0.5996800064617953,
        0.0,
        0.0,
        0.0,
        1.0,
        0.0,
        1.0,
        0.6797010555904885,
        0.0,
        1.0,
        0.0,
        0.0,
        0.0,
        0.0,
        0.0,
        0.0,
        0.0,
        0.0,
        0.0,
        0.0,
        0.0,
        0.0,
        0.0,
        0.0,
        0.0,
        0.0,
        1.0,
        0.0,
        0.0,
        0.19269498961341747,
        0.6157575419978426,
        0.0,
        1.0
    ],