{
    "upper_bound_presolve": -609.5324621529904,
    "x_ij_presolve": [
        0.0,
        0.33392482542073704,
        1.6253829575824021,
        0.0,
        0.0,
        0.0,
        1.662682057784132,
        0.0,
        0.0,
        0.0,
        0.0,
        0.0,
        0.0,
        0.0,
        0.0,
        0.0,
        0.0,
        0.0,
        0.28054382451143717,
        0.0,
        1.740769483195893,
        0.0,
        0.0,
        0.0,
        0.0,
        0.0,
        0.0,
        2.0,
        0.0,
        3.0,
        0.0,
        0.0,
        0.0,
        0.0,
        0.0,
        0.0,
        0.0,
        0.0,
        0.0,
        0.0,
        0.0,
        0.0,
        0.0,
        0.37461704241759797,
        0.0,
        0.0,
        0.0,
        0.0,
        0.0,
        0.0,
        0.0,
        0.0,
        0.0,
        0.0,
        0.0,
        0.9773173846873077,
        0.0,
        0.7289313732364586,
        0.0,
        1.7585773490462175,
        0.0,
        0.0,
        0.0,
        0.0,
        6.0,
        0.0,
        0.06556894375033151,
        0.0,
        0.0,
        0.7194561754885629,
        0.0,
        0.0,
        0.0,
        0.0,
        0.0,
        0.0,
        0.4232862607881518,
        0.5217499520374875,
        0.0,
        0.0,
        0.0,
        0.0,
        0.0,
        0.0,
        0.0,
        0.0,
        0.0,
        0.0,
        0.0,
        0.0,
        0.6532417451629349,
        1.4782500479625125,
        0.0,
        0.0,
        0.0,
        0.0,
        0.0,
        0.0,
        0.0,
        0.0,
        0.0,
        0.0,
        0.0,
        0.0,
        0.0,
        0.0,
        0.0,
        0.0,
        0.0,
        0.0,
        0.0,
        0.0,
        0.0,
        0.9890441859747888,
        0.0,
        0.0
    ],
    "x_il_presolve": [
        0.0,
        0.0,
        0.0,
        2.147770439449471,
        4.609333390455912,
        0.9140316814277163,
        0.0,
        0.0,
        1.9557431373170298,
        0.8522295605505291,
        0.0,
        3.0,
        0.0,
        0.0,
        0.0,
        0.0,
        0.0,
        0.0,
        5.182486109560978,
        0.0,
        0.0,
        0.0,
        3.0,
        1.1697522585018012,
        1.8302477414981988,
        0.0,
        2.8175138904390225,
        0.0,
        2.0226826153126924,
        0.0,
        2.271068626763541,
        0.0,
        0.0,
        0.0,
        0.0,
        0.0,
        0.0,
        0.0,
        1.7603936945449883,
        0.5201501299664489,
        0.0,
        0.0,
        3.0,
        0.0,
        0.0,
        1.8302477414981988,
        0.0,
        3.0,
        0.0,
        0.0,
        0.0,
        0.0,
        0.0,
        0.0,
        0.0,
        0.0,
        0.0,
        0.0,
        0.0,
        0.0,
        0.0,
        0.0,
        0.0,
        0.0,
        0.2414226509537826,
        0.0,
        0.0,
        4.214009121184772,
        2.7969466928404394,
        0.0,
        3.302444610361623
    ],
    "x_lj_presolve": [
        2.0,
        0.822594740328072,
        0.0,
        1.0,
        0.3373179422158681,
        0.5767137392118483,
        0.0,
        0.0,
        2.0,
        1.0,
        0.0,
        1.6433925592665706,
        1.0,
        0.3566074407334297,
        1.666075174579263,
        0.0,
        0.0,
        0.0,
        0.3566074407334295,
        0.0,
        0.0,
        2.0,
        1.0,
        0.2414226509537826,
        0.0,
        0.0,
        5.20549968301321,
        2.794500316986791,
        0.0,
        0.0,
        2.0,
        1.0,
        0.0,
        2.0,
        6.0,
        0.0,
        2.0,
        1.0,
        0.0,
        0.0,
        0.0,
        0.0,
        0.0,
        0.0,
        5.585482264357854,
        1.8207978189384981,
        1.3467582548370651,
        0.0,
        1.2387240095207888,
        0.414517735642146,
        2.0,
        2.0314623213085294,
        0.0
    ],
    "q_presolve": [
        0.0,
        0.0,
        0.0,
        0.7159234798164903,
        0.6223547231020208,
        1.0,
        0.0,
        0.0,
        0.24446789216462872,
        0.2840765201835097,
        0.0,
        1.0,
        0.0,
        0.0,
        0.0,
        0.0,
        0.0,
        0.0,
        0.6478107636951222,
        0.0,
        0.0,
        0.0,
        1.0,
        0.3899174195006004,
        0.22878096768727485,
        0.0,
        0.3521892363048778,
        0.0,
        1.0,
        0.0,
        0.5633361906322862,
        0.0,
        0.0,
        0.0,
        0.0,
        0.0,
        0.0,
        0.0,
        0.43666380936771376,
        0.13607252803414033,
        0.0,
        0.0,
        1.0,
        0.0,
        0.0,
        0.6100825804993996,
        0.0,
        1.0,
        0.0,
        0.0,
        0.0,
        0.0,
        0.0,
        0.0,
        0.0,
        1.0,
        0.0,
        0.0,
        0.0,
        0.0,
        0.0,
        0.0,
        0.0,
        0.0,
        1.0,
        0.0,
        0.0,
        0.5267511401480965,
        0.37764527689797917,
        0.0,
        0.8639274719658597
    ],