{
    "upper_bound_presolve": -607.2281614439324,
    "x_ij_presolve": [
        0.0,
        0.4160833435928293,
        1.6238989151524168,
        0.0,
        0.0,
        0.0,
        1.7340068014917605,
        0.0,
        0.0,
        0.0,
        0.0,
        0.0,
        0.0,
        0.0,
        0.0,
        0.0,
        0.0,
        0.0,
        0.2618437289221932,
        0.0,
        0.0,
        0.0,
        0.0,
        0.0,
        0.0,
        0.0,
        0.0,
        2.0,
        0.0,
        0.0,
        0.0,
        0.0,
        0.0,
        0.0,
        0.0,
        0.0,
        0.0,
        0.0,
        0.0,
        0.0,
        0.0,
        0.0,
        0.0,
        0.37610108484758314,
        0.0,
        0.0,
        0.0,
        0.0,
        0.0,
        0.0,
        0.0,
        0.0,
        0.0,
        0.0,
        0.0,
        0.9206459780498266,
        0.0,
        0.7120640116546455,
        0.21590703610994227,
        1.3769057853163797,
        0.0,
        0.0,
        0.0,
        0.0,
        6.0,
        0.0,
        0.0,
        0.0,
        0.0,
        0.7381562710778068,
        0.0,
        0.0,
        0.0,
        0.0,
        0.0,
        0.0,
        0.5204741987344119,
        0.8998405394386939,
        0.0,
        0.0,
        0.0,
        0.0,
        0.0,
        0.0,
        0.0,
        0.0,
        0.0,
        0.0,
        0.0,
        0.0,
        0.0,
        0.0,
        0.0,
        0.0,
        0.0,
        0.0,
        0.0,
        0.0,
        0.0,
        0.0,
        0.0,
        0.0,
        0.0,
        0.0,
        0.0,
        0.0,
        0.0,
        0.0,
        0.24900378560966072,
        0.0,
        0.21124168655412262,
        0.0,
        0.05962074029505783,
        5.751738667248374,
        0.0,
        0.0
    ],
    "x_il_presolve": [
        0.0,
        0.0,
        0.0,
        2.169084322467227,
        1.0052272519525673,
        0.7455189997738276,
        0.0,
        0.0,
        0.8804351154910893,
        0.8309156775327733,
        0.0,
        3.0,
        0.0,
        0.0,
        3.0,
        0.0,
        0.0,
        0.0,
        4.999999999999999,
        0.0,
        1.7192780554558467,
        0.0,
        3.0,
        0.8578340213935348,
        2.142165978606465,
        0.0,
        3.0,
        0.0,
        2.0793540219501736,
        0.4884092233705157,
        1.5836197288648965,
        0.0,
        0.0,
        0.0,
        0.0,
        0.0,
        0.0,
        0.0,
        0.41638027113510334,
        1.7182398845714877,
        0.0,
        0.0,
        3.0,
        0.0,
        0.0,
        2.142165978606465,
        0.0,
        2.8211126100875616,
        0.0,
        0.0,
        0.0,
        0.0,
        0.0,
        0.0,
        1.8019648961983923,
        0.0,
        0.0,
        6.994772748047433,
        0.0,
        0.0,
        0.0,
        0.0,
        0.0,
        0.0,
        0.13468499131310474,
        0.0,
        0.0,
        1.9773989059024457,
        0.0,
        0.0,
        3.423904743183387
    ],
    "x_lj_presolve": [
        2.0,
        2.142144627754875,
        0.0,
        1.0,
        0.2659931985082396,
        0.4795258012655881,
        0.0,
        0.0,
        2.0,
        1.0,
        0.0,
        1.5045626344569978,
        0.9403792597049422,
        0.5550581058380601,
        1.583916656407171,
        0.0,
        0.0,
        0.0,
        0.4954373655430022,
        0.0,
        0.0,
        2.0,
        1.0,
        0.6230942146836204,
        0.0,
        0.0,
        5.287935988345355,
        2.7120640116546455,
        0.0,
        0.0,
        1.7887583134458773,
        0.7840929638900588,
        0.24826133275162554,
        2.0,
        6.0,
        0.0,
        2.0,
        1.0,
        0.0,
        0.0,
        1.1001594605613063,
        2.367290010295528,
        0.05379348079740462,
        0.0,
        4.697202733592935,
        3.302797266407065,
        1.6972027335929347,
        0.0,
        0.0,
        1.302797266407065,
        2.0,
        0.0,
        0.0
    ],
    "q_presolve": [
        0.0,
        0.0,
        0.0,
        0.7230281074890756,
        0.12565340649407092,
        1.0,
        0.0,
        0.0,
        0.11005438943638615,
        0.2769718925109244,
        0.0,
        1.0,
        0.0,
        0.0,
        0.375,
        0.0,
        0.0,
        0.0,
        0.625,
        0.0,
        0.48825885605199426,
        0.0,
        1.0,
        0.28594467379784494,
        0.26777074732580813,
        0.0,
        0.375,
        0.0,
        1.0,
        0.7838449015587606,
        0.7918098644324483,
        0.0,
        0.0,
        0.0,
        0.0,
        0.0,
        0.0,
        0.0,
        0.20819013556755167,
        0.33414849424834103,
        0.0,
        0.0,
        1.0,
        0.0,
        0.0,
        0.7140553262021551,
        0.0,
        1.0,
        0.0,
        0.0,
        0.0,
        0.0,
        0.0,
        0.0,
        0.5117411439480056,
        0.0,
        0.0,
        0.8743465935059291,
        0.0,
        0.0,
        0.0,
        0.0,
        0.0,
        0.0,
        0.2161550984412394,
        0.0,
        0.0,
        0.24717486323780571,
        0.0,
        0.0,
        0.665851505751659
    ],