{
    "upper_bound_presolve": -622.4277587098147,
    "x_ij_presolve": [
        0.0,
        0.0,
        1.363015227358507,
        0.0,
        0.0,
        0.0,
        1.6009361745068544,
        0.0,
        0.0,
        0.0,
        0.0,
        0.0,
        0.0,
        0.0,
        0.0,
        0.0,
        0.0,
        0.0,
        0.24476234047269177,
        0.0,
        0.0,
        0.0,
        0.0,
        0.0,
        0.0,
        0.0,
        0.0,
        2.0,
        0.0,
        0.0,
        0.0,
        0.0,
        0.0,
        0.0,
        0.0,
        0.0,
        0.0,
        0.0,
        0.0,
        0.0,
        0.0,
        0.0,
        0.0,
        0.6369847726414931,
        0.0,
        0.0,
        0.0,
        0.0,
        0.0,
        0.0,
        0.0,
        0.0,
        0.0,
        0.0,
        0.0,
        0.3866489997116521,
        0.0,
        0.382779979651049,
        0.2570686191276521,
        0.0,
        0.0,
        0.0,
        0.0,
        0.0,
        6.0,
        0.0,
        0.04177999727126756,
        0.0,
        0.0,
        0.7552376595273083,
        0.0,
        0.0,
        0.0,
        0.0,
        0.0,
        0.0,
        0.377725891694606,
        0.990429528638647,
        0.0,
        0.0,
        0.0,
        0.0,
        0.0,
        0.0,
        0.0,
        0.0,
        0.0,
        0.015082678010544569,
        0.0,
        0.0,
        0.0,
        0.0,
        2.1677313850646227,
        0.0,
        0.0,
        0.0,
        0.0,
        0.0,
        0.0,
        0.0,
        0.0,
        0.0,
        0.0,
        0.0,
        0.0,
        1.0118753838359473,
        0.0,
        0.0,
        0.0,
        0.0,
        0.30815389936408755,
        0.0,
        0.0,
        4.4229020976723135,
        0.0,
        0.0
    ],
    "x_il_presolve": [
        0.0,
        0.0,
        0.0,
        2.131326727174322,
        1.6421582356425661,
        1.0213379337985398,
        0.0,
        0.0,
        0.0,
        0.8686732728256777,
        0.0,
        3.0,
        0.0,
        0.0,
        2.688901468779312,
        0.0,
        0.0,
        0.0,
        7.363015227358507,
        0.0,
        0.0,
        0.0,
        3.0,
        0.9163231854264574,
        2.0836768145735425,
        0.0,
        0.6369847726414933,
        0.0,
        2.6133510002883478,
        1.1991907051244695,
        1.1609606960968297,
        0.0,
        0.0,
        0.0,
        0.0,
        0.0,
        0.0,
        0.0,
        0.8390393039031704,
        0.0,
        0.0,
        0.0,
        2.984917321989456,
        0.0,
        0.0,
        2.0836768145735425,
        0.0,
        0.8716176707429791,
        0.0,
        0.0,
        0.0,
        0.0,
        0.0,
        0.0,
        2.061340915582473,
        0.0,
        0.0,
        6.357841764357434,
        0.0,
        0.0,
        0.0,
        0.0,
        0.0,
        2.128382329257021,
        0.8008092948755307,
        0.0,
        0.0,
        3.2274217166471457,
        0.0,
        0.0,
        5.355938193791941
    ],
    "x_lj_presolve": [
        2.0,
        2.355938193791941,
        0.0,
        1.0,
        0.39906382549314573,
        0.622274108305394,
        0.0,
        0.0,
        2.0,
        1.0,
        0.0,
        1.3866489997116525,
        1.0,
        0.6133510002883475,
        2.0,
        0.0,
        0.0,
        0.0,
        0.6133510002883475,
        0.0,
        0.0,
        2.0,
        1.0,
        2.0,
        0.0,
        0.0,
        5.575440023077683,
        2.4245599769223176,
        0.0,
        0.0,
        0.6799707167999652,
        0.7429313808723478,
        1.5770979023276868,
        2.0,
        6.0,
        0.0,
        1.9849173219894556,
        1.0,
        0.0,
        0.0,
        1.0095704713613531,
        1.0210596383014077,
        0.03071080591971176,
        0.0,
        4.969289194080289,
        3.0307108059197114,
        1.9692891940802884,
        0.0,
        0.0,
        1.0307108059197116,
        2.0,
        0.0,
        0.0
    ],
    "q_presolve": [
        0.0,
        0.0,
        0.0,
        0.7104422423914407,
        0.20526977945532077,
        1.0,
        0.0,
        0.0,
        0.0,
        0.2895577576085593,
        0.0,
        1.0,
        0.0,
        0.0,
        0.336112683597414,
        0.0,
        0.0,
        0.0,
        0.9203769034198134,
        0.0,
        0.0,
        0.0,
        1.0,
        0.30544106180881914,
        0.2604596018216929,
        0.0,
        0.07962309658018667,
        0.0,
        1.0,
        0.5995953525622347,
        0.5804803480484149,
        0.0,
        0.0,
        0.0,
        0.0,
        0.0,
        0.0,
        0.0,
        0.4195196519515852,
        0.0,
        0.0,
        0.0,
        1.0,
        0.0,
        0.0,
        0.6945589381911809,
        0.0,
        0.290539223580993,
        0.0,
        0.0,
        0.0,
        0.0,
        0.0,
        0.0,
        1.0,
        0.0,
        0.0,
        0.7947302205446792,
        0.0,
        0.0,
        0.0,
        0.0,
        0.0,
        0.709460776419007,
        0.4004046474377653,
        0.0,
        0.0,
        0.4034277145808932,
        0.0,
        0.0,
        1.0
    ],