{
    "upper_bound_presolve": -616.2823023059904,
    "x_ij_presolve": [
        0.0,
        1.5234715236536767,
        1.367186701160381,
        0.0,
        0.0,
        0.0,
        1.8014934646613103,
        0.0,
        0.0,
        0.0,
        0.0,
        0.0,
        0.0,
        0.0,
        0.0,
        0.0,
        0.0,
        0.0,
        0.2942652365941903,
        0.0,
        1.731389936110128,
        0.0,
        0.0,
        0.0,
        0.0,
        0.0,
        0.0,
        2.0,
        0.0,
        0.0,
        0.0,
        0.0,
        0.0,
        0.0,
        0.0,
        0.0,
        0.0,
        0.0,
        0.0,
        0.0,
        0.0,
        0.0,
        0.0,
        0.6328132988396189,
        0.0,
        0.0,
        0.4765284763463234,
        0.0,
        0.0,
        0.0,
        0.0,
        0.0,
        0.0,
        0.0,
        0.0,
        3.0,
        0.0,
        0.0,
        0.0,
        2.0,
        0.0,
        0.0,
        0.0,
        0.27841117344669436,
        6.0,
        0.0,
        0.40838404415366547,
        0.0,
        0.0,
        0.7057347634058098,
        0.0,
        0.0,
        0.0,
        0.0,
        0.0,
        0.0,
        0.021723939878711938,
        0.30081683838994355,
        0.0,
        0.0,
        0.0,
        0.0,
        0.0,
        0.0,
        0.0,
        0.0,
        0.0,
        0.0,
        0.0,
        0.0,
        0.0,
        1.6991831616100566,
        0.0,
        0.0,
        0.0,
        0.0,
        0.0,
        0.17082267344512642,
        0.0,
        0.0,
        0.0,
        0.0,
        0.0,
        0.0,
        0.0,
        0.13193101638067445,
        0.0,
        0.0,
        0.0,
        0.0,
        0.0,
        0.0,
        0.0,
        0.9841544327867836,
        0.0,
        0.0
    ],
    "x_il_presolve": [
        0.0,
        0.023989014296470844,
        0.0,
        2.0256551727043193,
        4.803571117066121,
        1.1527935811635068,
        0.0,
        0.0,
        0.0,
        0.9743448272956816,
        0.0,
        3.0,
        0.0,
        0.0,
        2.6844873243527823,
        0.0,
        0.0,
        0.0,
        7.3671867011603815,
        0.0,
        0.0,
        0.0,
        3.0,
        0.9625460306223083,
        2.037453969377692,
        0.0,
        0.632813298839619,
        0.0,
        0.0,
        0.0,
        3.0,
        0.0,
        0.0,
        0.0,
        0.0,
        0.0,
        0.0,
        0.0,
        1.8705443294858244,
        0.4237209071083658,
        0.0,
        0.0,
        3.0,
        0.0,
        0.0,
        2.0374539693776916,
        0.0,
        3.0,
        0.0,
        0.0,
        0.0,
        0.0,
        0.0,
        0.0,
        0.0,
        0.0,
        0.0,
        0.0,
        0.0,
        0.0,
        0.0,
        0.0,
        0.0,
        0.0,
        0.0,
        0.0,
        0.0,
        3.2780587062695257,
        3.196428882933879,
        0.0,
        5.297867919444937
    ],
    "x_lj_presolve": [
        2.0,
        2.7215888265533046,
        0.0,
        1.0,
        0.19850653533868962,
        0.9782760601212881,
        0.0,
        0.0,
        2.0,
        0.8291773265548735,
        0.17082267344512675,
        1.7215888265533057,
        1.0,
        0.2784111734466947,
        0.0,
        0.0,
        0.0,
        0.0,
        0.0,
        0.0,
        0.0,
        2.0,
        1.0,
        0.0,
        0.0,
        0.0,
        5.5916159558463345,
        2.2972264323622036,
        0.0,
        0.11115761179146265,
        1.8680689836193256,
        0.8888423882085373,
        0.24308862817213744,
        2.0,
        6.0,
        0.0,
        2.0,
        1.0,
        0.0,
        0.0,
        0.0,
        0.0,
        0.0,
        0.0,
        5.0,
        3.000000000000001,
        2.0,
        0.0,
        0.0,
        0.9999999999999999,
        1.829177326554873,
        3.041367002930951,
        0.0
    ],
    "q_presolve": [
        0.0,
        0.020385255856970663,
        0.0,
        0.6752183909014396,
        0.6004463896332651,
        0.9796147441430293,
        0.0,
        0.0,
        0.0,
        0.32478160909856046,
        0.0,
        1.0,
        0.0,
        0.0,
        0.3355609155440978,
        0.0,
        0.0,
        0.0,
        0.9208983376450476,
        0.0,
        1.0,
        0.0,
        1.0,
        0.3208486768741028,
        0.2546817461722115,
        0.0,
        0.07910166235495238,
        0.0,
        0.0,
        1.0,
        0.6159475814311509,
        0.0,
        0.0,
        0.0,
        0.0,
        0.0,
        0.0,
        0.0,
        0.38405241856884914,
        0.07405651121624132,
        0.0,
        0.0,
        1.0,
        0.0,
        0.0,
        0.6791513231258972,
        0.0,
        1.0,
        0.0,
        0.0,
        0.0,
        0.0,
        0.0,
        0.0,
        0.0,
        0.0,
        0.0,
        0.0,
        0.0,
        0.0,
        0.0,
        0.0,
        0.0,
        0.0,
        0.0,
        1.0,
        0.0,
        0.4097573382836907,
        0.39955361036673487,
        0.0,
        0.9259434887837584
    ],