{
    "upper_bound_presolve": -626.4008004192989,
    "x_ij_presolve": [
        0.0,
        0.0,
        1.2082942336487315,
        0.0,
        0.0,
        0.0,
        1.7944853551073943,
        0.0,
        0.0,
        0.0,
        0.0,
        0.0,
        0.0,
        0.0,
        0.0,
        0.0,
        0.0,
        0.0,
        0.23442793309855098,
        0.0,
        0.0,
        0.0,
        0.0,
        0.0,
        0.0,
        0.0,
        0.0,
        2.0,
        0.0,
        0.0,
        0.0,
        0.0,
        0.0,
        0.0,
        0.0,
        0.0,
        0.0,
        0.0,
        0.0,
        0.0,
        0.0,
        0.0,
        0.0,
        0.6576205016183981,
        0.0,
        0.0,
        0.0,
        0.0,
        0.0,
        0.0,
        0.0,
        0.0,
        0.0,
        0.0,
        0.0,
        0.6931719406255453,
        0.0,
        0.8528679887267153,
        0.0009903322962215226,
        2.0,
        0.0,
        0.0,
        0.0,
        0.0,
        6.0,
        0.0,
        0.0,
        0.0,
        0.0,
        0.765572066901449,
        0.0,
        0.0,
        0.0,
        0.0,
        0.0,
        0.0,
        0.18379225579885042,
        0.6173656204488337,
        0.0,
        0.0,
        0.0,
        0.0,
        0.0,
        0.0,
        0.0,
        0.0,
        0.0,
        0.0,
        0.0,
        0.0,
        0.5924407465422604,
        1.3826343795511664,
        0.0,
        0.0,
        0.0,
        0.0,
        0.0,
        0.11581467191829638,
        0.0,
        0.0,
        0.0,
        0.0,
        0.0,
        0.0,
        0.0,
        0.0,
        0.0,
        0.0,
        0.0,
        0.0,
        0.0,
        0.0,
        0.0,
        2.9818467441703733,
        0.0,
        0.0
    ],
    "x_il_presolve": [
        0.0,
        0.0,
        0.0,
        2.309180274338773,
        2.326549787542719,
        0.6895926130740505,
        0.0,
        0.0,
        0.0,
        0.6908197256612268,
        0.0,
        3.0,
        0.0,
        0.0,
        2.5652375856239393,
        0.0,
        0.0,
        0.0,
        7.342379498381602,
        0.0,
        0.0,
        0.33212977601970495,
        3.0,
        1.0900360612309785,
        1.9099639387690213,
        0.0,
        0.6576205016183988,
        0.0,
        2.3068280593744546,
        0.0,
        2.146141678977063,
        0.0,
        0.0,
        0.0,
        0.0,
        0.0,
        0.0,
        0.0,
        2.234427933098551,
        0.0,
        0.0,
        0.0,
        3.0,
        0.0,
        0.0,
        1.909963938769022,
        0.0,
        3.0,
        0.0,
        0.0,
        0.0,
        0.0,
        0.0,
        0.0,
        0.0,
        0.0,
        0.0,
        5.673450212457281,
        0.0,
        0.0,
        0.0,
        0.0,
        0.0,
        0.0,
        0.0,
        0.0,
        0.0,
        3.5247984756070387,
        0.0,
        0.0,
        5.755595098355651
    ],
    "x_lj_presolve": [
        2.0,
        2.755595098355651,
        0.0,
        1.0,
        0.20551464489260585,
        0.8162077442011496,
        0.0,
        0.0,
        2.0,
        0.8841853280817037,
        0.11581467191829613,
        1.6931719406255457,
        1.0,
        0.30682805937445395,
        2.0,
        0.0,
        0.0,
        0.0,
        0.3068280593744544,
        0.0,
        0.0,
        2.0,
        1.0,
        0.0,
        0.0,
        0.0,
        5.1471320112732855,
        2.852867988726715,
        0.0,
        0.0,
        2.0,
        0.9990096677037785,
        0.0009903322962215024,
        2.0,
        6.0,
        0.0,
        2.0,
        1.0,
        0.0,
        0.0,
        0.0,
        0.0,
        0.0,
        0.13408526473287055,
        4.928337892997234,
        2.937576842269895,
        1.4075592534577395,
        0.0,
        0.5207786395394952,
        1.0716621070027654,
        1.884185328081704,
        2.49638428399391,
        0.0
    ],
    "q_presolve": [
        0.0,
        0.0,
        0.0,
        0.7697267581129243,
        0.2908187234428399,
        0.6749314886656281,
        0.0,
        0.0,
        0.0,
        0.23027324188707562,
        0.0,
        1.0,
        0.0,
        0.0,
        0.3206546982029924,
        0.0,
        0.0,
        0.0,
        0.9177974372977002,
        0.0,
        1.0,
        0.32506851133437187,
        1.0,
        0.3633453537436595,
        0.23874549234612766,
        0.0,
        0.08220256270229985,
        0.0,
        1.0,
        0.0,
        0.48992297099010645,
        0.0,
        1.0,
        0.0,
        0.0,
        0.0,
        0.0,
        0.0,
        0.5100770290098936,
        0.0,
        0.0,
        0.0,
        1.0,
        0.0,
        0.0,
        0.6366546462563406,
        0.0,
        1.0,
        0.0,
        0.0,
        0.0,
        0.0,
        0.0,
        0.0,
        0.0,
        0.0,
        0.0,
        0.7091812765571601,
        0.0,
        0.0,
        0.0,
        0.0,
        0.0,
        0.0,
        0.0,
        0.0,
        0.0,
        0.44059980945087984,
        0.0,
        0.0,
        1.0
    ],