{
    "upper_bound_presolve": -627.434304513646,
    "x_ij_presolve": [
        0.0,
        0.0,
        1.152736781860031,
        0.0,
        0.03728701017537188,
        0.0,
        1.210994339274561,
        0.0,
        0.0,
        0.0,
        0.0,
        0.0,
        0.0,
        0.0,
        0.0,
        0.0,
        0.0,
        0.0,
        0.31634321012975153,
        0.0,
        1.9432563350466425,
        0.0,
        0.0,
        0.0,
        0.0,
        0.0,
        0.0,
        2.0,
        0.0,
        0.0,
        0.0,
        0.0,
        0.0,
        0.0,
        0.0,
        0.0,
        0.0,
        0.0,
        0.0,
        0.0,
        0.0,
        0.0,
        0.0,
        0.7309023386215434,
        0.0,
        0.0,
        0.0,
        0.0,
        0.0,
        0.0,
        0.0,
        0.0,
        0.0,
        0.0,
        0.0,
        0.5520525378575057,
        0.0,
        1.479318231252671,
        0.20034367498215955,
        2.0,
        0.0,
        0.0,
        0.0,
        0.0,
        6.0,
        0.0,
        0.0,
        0.0,
        0.0,
        0.6836567898702485,
        0.0,
        0.0,
        0.0,
        0.0,
        0.0,
        0.0,
        0.0,
        0.9342224442677001,
        0.0,
        0.0,
        0.0,
        0.0,
        0.0,
        0.0,
        0.0,
        0.0,
        0.0,
        0.0,
        0.0,
        0.0,
        0.0,
        0.0,
        0.0,
        0.0,
        0.0,
        0.0,
        0.0,
        0.0,
        0.0,
        0.0,
        0.0,
        0.0,
        0.0,
        0.0,
        0.0,
        1.3940912134966692,
        0.0,
        0.0,
        0.0,
        0.0,
        0.1668427799032858,
        0.0,
        0.0,
        2.295465996571243,
        0.0,
        0.0
    ],
    "x_il_presolve": [
        0.0,
        0.0,
        0.0,
        2.1255663211355493,
        2.422099492599486,
        1.7890056607254388,
        0.0,
        0.0,
        0.0,
        0.7404004548236061,
        0.0,
        3.0,
        0.0,
        0.0,
        2.8389963580754767,
        0.0,
        0.0,
        0.0,
        7.269097661378457,
        0.0,
        0.0,
        0.0,
        3.0,
        0.8191589185477249,
        2.180841081452275,
        0.0,
        0.7309023386215423,
        0.0,
        2.447947462142494,
        0.0,
        1.1863048697243248,
        0.1340332240408444,
        0.0,
        0.0,
        0.0,
        0.0,
        0.0,
        0.0,
        0.8136951302756753,
        0.0,
        0.0,
        0.0,
        3.0,
        0.0,
        0.0,
        2.180841081452275,
        0.0,
        1.892453940922651,
        0.0,
        0.0,
        0.0,
        0.0,
        0.0,
        0.0,
        2.0060543487473157,
        0.0,
        0.0,
        5.577900507400515,
        0.0,
        0.0,
        0.0,
        0.0,
        0.0,
        1.107546059077349,
        0.0,
        0.0,
        0.0,
        2.980162560472248,
        0.0,
        0.0,
        5.631126407200558
    ],
    "x_lj_presolve": [
        1.962712989824628,
        2.66841341737593,
        0.0,
        1.0,
        0.7890056607254389,
        1.0,
        0.0,
        0.0,
        2.0,
        1.0,
        0.0,
        1.5520525378575059,
        1.0,
        0.44794746214249415,
        2.0,
        0.0,
        0.0,
        0.0,
        0.44794746214249404,
        0.0,
        0.0,
        2.0,
        1.0,
        0.0,
        0.0,
        0.0,
        4.520681768747329,
        3.479318231252671,
        0.0,
        0.0,
        0.4390660066000449,
        0.7996563250178403,
        1.761277668382115,
        2.0,
        6.0,
        0.0,
        2.0,
        1.0,
        0.0,
        0.0,
        1.0657775557323,
        0.9402767930150155,
        0.0,
        0.11636087951842553,
        5.0,
        2.8836391204815754,
        2.0,
        0.0,
        0.0,
        1.0,
        2.0,
        0.0,
        0.0
    ],
    "q_presolve": [
        0.0,
        0.0,
        0.0,
        0.708522107045183,
        0.30276243657493573,
        1.0,
        0.0,
        0.0,
        0.0,
        0.24680015160786867,
        0.0,
        1.0,
        0.0,
        0.0,
        0.3548745447594346,
        0.0,
        0.0,
        0.0,
        0.908637207672307,
        0.0,
        0.0,
        0.0,
        1.0,
        0.2730529728492417,
        0.2726051351815344,
        0.0,
        0.09136279232769279,
        0.0,
        1.0,
        0.0,
        0.5931524348621624,
        0.04467774134694812,
        0.0,
        0.0,
        0.0,
        0.0,
        0.0,
        0.0,
        0.40684756513783765,
        0.0,
        0.0,
        0.0,
        1.0,
        0.0,
        0.0,
        0.7269470271507584,
        0.0,
        0.6308179803075504,
        0.0,
        0.0,
        0.0,
        0.0,
        0.0,
        0.0,
        1.0,
        0.0,
        0.0,
        0.6972375634250643,
        0.0,
        0.0,
        0.0,
        0.0,
        0.0,
        0.3691820196924496,
        1.0,
        0.0,
        0.0,
        0.372520320059031,
        0.0,
        0.0,
        1.0
    ],