{
    "upper_bound_presolve": -613.964706866899,
    "x_ij_presolve": [
        0.0,
        1.2686682501990811,
        1.1864284078645053,
        0.0,
        0.0,
        0.0,
        1.4493697304232347,
        0.0,
        0.0,
        0.0,
        0.0,
        0.0,
        0.0,
        0.0,
        0.0,
        0.0,
        0.0,
        0.0,
        0.2328065451242693,
        0.0,
        0.0,
        0.0,
        0.0,
        0.0,
        0.0,
        0.0,
        0.0,
        2.0,
        0.0,
        0.0,
        0.0,
        0.0,
        0.0,
        0.0,
        0.0,
        0.0,
        0.0,
        0.0,
        0.0,
        0.0,
        0.0,
        0.0,
        0.0,
        0.8135715921354947,
        0.0,
        0.0,
        0.7313317498009188,
        0.0,
        0.0,
        0.0,
        0.0,
        0.0,
        0.0,
        0.0,
        0.0,
        3.0,
        0.0,
        0.47895300540275204,
        0.03708625458354339,
        2.0,
        0.0,
        0.0,
        0.0,
        0.5590568407598305,
        6.0,
        0.0,
        0.0,
        0.0,
        0.0,
        0.7671934548757307,
        0.0,
        0.0,
        0.0,
        0.0,
        0.0,
        0.0,
        0.2715466916765661,
        0.9442632139564449,
        0.0,
        0.0,
        0.0,
        0.0,
        0.0,
        0.0,
        0.0,
        0.0,
        0.0,
        0.0,
        0.0,
        0.0,
        0.0,
        0.0,
        0.0,
        0.0,
        0.0,
        0.0,
        0.0,
        0.15100524382486796,
        0.0,
        0.0,
        0.0,
        0.0,
        0.0,
        0.0,
        0.0,
        0.6494877098182869,
        0.0,
        0.0,
        0.014666152936988195,
        0.0,
        0.0,
        0.0,
        0.03642224327382595,
        2.445653506635329,
        0.0,
        0.0
    ],
    "x_il_presolve": [
        0.0,
        0.0,
        0.0,
        2.2425828688444773,
        3.5323368533776955,
        1.2790835779001992,
        0.0,
        0.0,
        0.0,
        0.7574171311555227,
        0.0,
        3.0,
        0.0,
        0.0,
        3.0,
        0.0,
        0.0,
        0.0,
        7.186428407864505,
        0.0,
        0.0,
        0.0,
        3.0,
        0.9913033367861377,
        2.0086966632138625,
        0.0,
        0.8135715921354941,
        0.0,
        0.0,
        0.0,
        2.4839607400137043,
        0.0,
        0.0,
        0.0,
        0.0,
        0.0,
        0.0,
        0.0,
        2.2328065451242693,
        0.0,
        0.0,
        0.0,
        3.0,
        0.0,
        0.0,
        2.008696663213862,
        0.0,
        3.0,
        0.0,
        0.0,
        0.0,
        0.0,
        0.0,
        0.0,
        1.5767837806408038,
        0.0,
        0.0,
        1.9410422333175943,
        0.0,
        0.0,
        0.0,
        0.0,
        0.0,
        0.0,
        0.0,
        0.0,
        0.0,
        2.9913033367861375,
        2.526620913304708,
        0.0,
        5.389854763029356
    ],
    "x_lj_presolve": [
        2.0,
        2.389854763029356,
        0.0,
        1.0,
        0.5506302695767653,
        0.728453308323434,
        0.0,
        0.0,
        2.0,
        0.848994756175132,
        0.15100524382486805,
        1.4409431592401696,
        0.9635777567261741,
        0.5954790840336563,
        0.0,
        0.0,
        0.0,
        0.0,
        0.0,
        0.0,
        0.0,
        2.0,
        1.0,
        0.0,
        0.0,
        0.0,
        5.521046994597248,
        2.4789530054027513,
        0.0,
        0.0,
        1.3505122901817133,
        0.9629137454164567,
        0.6865739644018299,
        2.0,
        6.0,
        0.0,
        2.0,
        1.0,
        0.0,
        0.0,
        1.0557367860435551,
        0.5210469945972487,
        0.0,
        0.0,
        4.985333847063012,
        3.0146661529369876,
        1.985333847063012,
        0.0,
        0.0,
        1.014666152936988,
        1.8489947561751319,
        2.8677725289628415,
        0.0
    ],
    "q_presolve": [
        0.0,
        0.0,
        0.0,
        0.7475276229481592,
        0.441542106672212,
        1.0,
        0.0,
        0.0,
        0.0,
        0.2524723770518409,
        0.0,
        1.0,
        0.0,
        0.0,
        0.375,
        0.0,
        0.0,
        0.0,
        0.8983035509830631,
        1.0,
        0.0,
        0.0,
        1.0,
        0.3304344455953792,
        0.2510870829017328,
        0.0,
        0.10169644901693677,
        0.0,
        0.0,
        1.0,
        0.5266235516516571,
        0.0,
        0.0,
        0.0,
        0.0,
        0.0,
        0.0,
        0.0,
        0.47337644834834286,
        0.0,
        0.0,
        0.0,
        1.0,
        0.0,
        0.0,
        0.6695655544046207,
        0.0,
        1.0,
        0.0,
        0.0,
        0.0,
        0.0,
        0.0,
        0.0,
        1.0,
        0.0,
        0.0,
        0.2426302791646993,
        0.0,
        0.0,
        0.0,
        0.0,
        0.0,
        0.0,
        0.0,
        0.0,
        0.0,
        0.3739129170982672,
        0.3158276141630886,
        0.0,
        1.0
    ],