{
    "upper_bound_presolve": -615.7780888373782,
    "x_ij_presolve": [
        0.0,
        0.0,
        1.626323380171273,
        0.0,
        0.9473800035085357,
        0.0,
        1.5332269840472033,
        0.0,
        0.0,
        0.0,
        0.0,
        0.0,
        0.0,
        0.0,
        0.0,
        0.0,
        0.0,
        0.0,
        0.2827023591509444,
        0.0,
        0.0,
        0.0,
        0.0,
        0.0,
        0.0,
        0.0,
        0.0,
        2.0,
        0.0,
        0.0,
        0.0,
        0.0,
        0.0,
        0.0,
        0.0,
        0.0,
        0.0,
        0.0,
        0.0,
        0.0,
        0.0,
        0.0,
        0.0,
        0.37367661982872685,
        0.0,
        0.0,
        0.0,
        0.0,
        0.0,
        0.0,
        0.0,
        0.0,
        0.0,
        0.0,
        0.0,
        0.5149072919055723,
        0.0,
        0.9778635166763248,
        0.15760799709580742,
        1.7406428416927588,
        0.0,
        0.0,
        0.0,
        0.20316221617505204,
        6.0,
        0.0,
        0.605173684890592,
        0.0,
        0.0,
        0.7172976408490557,
        0.0,
        0.0,
        0.0,
        0.0,
        0.0,
        0.0,
        0.4080162159580144,
        0.8129097704502096,
        0.0,
        0.0,
        0.0,
        0.0,
        0.0,
        0.0,
        0.0,
        0.0,
        0.0,
        0.13781384442051853,
        0.0,
        0.0,
        0.0,
        1.1870902295497905,
        0.0,
        0.0,
        0.0,
        0.0,
        0.0,
        0.0,
        0.0,
        0.1234119174246797,
        0.0,
        0.0,
        0.0,
        0.0,
        0.0,
        1.1474532467073726,
        0.0,
        0.0,
        0.0,
        0.0,
        0.1561050680548622,
        0.0,
        0.04633948255701429,
        4.538833688141957,
        0.0,
        0.0
    ],
    "x_il_presolve": [
        0.0,
        0.0,
        0.0,
        2.378288173177765,
        1.582475812804681,
        1.0587567999947822,
        0.0,
        0.0,
        0.0,
        0.0,
        0.0,
        3.0,
        0.0,
        0.0,
        2.6101683391198076,
        0.0,
        0.0,
        0.0,
        5.603220247840436,
        0.0,
        0.0,
        0.0,
        3.0,
        0.8688901003659744,
        2.1311098996340254,
        0.0,
        2.396779752159564,
        0.0,
        2.485092708094428,
        0.1067632604188464,
        1.1360533989867863,
        0.6217118268222351,
        0.0,
        0.0,
        0.0,
        0.0,
        0.0,
        0.0,
        0.8639466010132136,
        0.0,
        0.0,
        0.0,
        2.8621861555794816,
        0.0,
        0.0,
        2.1311098996340267,
        0.0,
        2.1771805352051805,
        0.0,
        0.0,
        0.0,
        0.0,
        0.0,
        0.0,
        0.0,
        0.0,
        0.0,
        5.250028887089597,
        0.0,
        0.0,
        0.0,
        0.0,
        0.0,
        0.8228194647948203,
        0.1525938978883947,
        0.0,
        0.0,
        3.2587217612461665,
        0.0,
        0.0,
        5.362108972346013
    ],
    "x_lj_presolve": [
        1.0526199964914644,
        3.432900893279229,
        0.0,
        0.8765880825753203,
        0.46677301595279663,
        0.5919837840419856,
        0.0,
        0.0,
        2.0,
        1.0,
        0.0,
        1.3117450757305205,
        0.9536605174429857,
        0.7345944068264939,
        2.0,
        0.0,
        0.0,
        0.0,
        0.48509270809442767,
        0.0,
        0.0,
        2.0,
        1.0,
        0.25935715830724115,
        0.0,
        0.0,
        4.416962798433083,
        3.5830372015669165,
        0.0,
        0.0,
        0.6964416852377653,
        0.8423920029041926,
        1.4611663118580427,
        2.0,
        6.0,
        0.0,
        1.8621861555794816,
        1.0,
        0.0,
        0.0,
        0.0,
        0.0,
        0.0,
        0.0,
        5.0,
        1.8325046998942776,
        2.0,
        0.0,
        0.0,
        1.0,
        2.0,
        0.0,
        0.0
    ],
    "q_presolve": [
        0.0,
        0.0,
        0.0,
        0.7927627243925883,
        0.2316099120785766,
        1.0,
        0.0,
        0.0,
        0.0,
        0.0,
        0.0,
        1.0,
        0.0,
        0.0,
        0.32627104238997595,
        0.0,
        0.0,
        0.0,
        0.7004025309800544,
        0.0,
        1.0,
        0.0,
        1.0,
        0.2896300334553248,
        0.2663887374542531,
        0.0,
        0.2995974690199455,
        0.0,
        1.0,
        0.4116457055911489,
        0.5680266994933931,
        0.2072372756074117,
        0.0,
        0.0,
        0.0,
        0.0,
        0.0,
        0.0,
        0.4319733005066068,
        0.0,
        0.0,
        0.0,
        1.0,
        0.0,
        0.0,
        0.7103699665446753,
        0.0,
        0.7257268450683934,
        0.0,
        0.0,
        0.0,
        0.0,
        0.0,
        0.0,
        0.0,
        0.0,
        0.0,
        0.7683900879214234,
        0.0,
        0.0,
        0.0,
        0.0,
        0.0,
        0.27427315493160676,
        0.5883542944088512,
        0.0,
        0.0,
        0.4073402201557708,
        0.0,
        0.0,
        1.0
    ],