{
    "upper_bound_presolve": -630.7189958029246,
    "x_ij_presolve": [
        0.0,
        0.0,
        0.38589762870475874,
        0.0,
        0.8882684846841772,
        0.0,
        1.474835234506261,
        0.0,
        0.0,
        0.0,
        0.0,
        0.0,
        0.0,
        0.0,
        0.0,
        0.0,
        0.0,
        0.0,
        0.0,
        0.0,
        3.0,
        0.0,
        0.0,
        0.0,
        0.0,
        0.0,
        0.0,
        2.0,
        0.0,
        0.0,
        0.0,
        0.0,
        0.0,
        0.0,
        0.0,
        0.0,
        0.0,
        0.0,
        0.0,
        0.0,
        0.0,
        0.0,
        0.0,
        0.270609340229992,
        0.0,
        0.0,
        0.0,
        0.0,
        0.0,
        0.0,
        0.0,
        0.0,
        0.0,
        0.0,
        0.0,
        0.6241071628187277,
        0.0,
        0.0,
        0.03160172538196451,
        1.9788293768330127,
        0.0,
        0.0,
        0.0,
        0.0,
        6.0,
        0.0,
        0.0,
        0.0,
        0.0,
        0.7944708654517268,
        0.0,
        0.0,
        0.0,
        0.0,
        0.0,
        0.0,
        0.47414395947703253,
        0.43354800085665723,
        0.0,
        0.0,
        0.0,
        0.0,
        0.0,
        0.0,
        0.0,
        0.0,
        0.0,
        0.0,
        0.0,
        0.0,
        0.0,
        0.0,
        0.5244742944440962,
        0.0,
        0.0,
        0.0,
        0.0,
        0.0,
        0.0,
        0.16469424597275145,
        0.0,
        0.0,
        0.0,
        0.0,
        0.0,
        0.45858064337571164,
        0.0,
        0.0,
        0.0,
        0.0,
        0.0,
        0.0,
        0.0,
        0.18368858387591544,
        0.0,
        0.0
    ],
    "x_il_presolve": [
        0.0,
        0.0,
        0.0,
        2.3789013959153604,
        4.92934650526195,
        1.0510208060167066,
        0.0,
        0.0,
        0.0,
        0.0,
        0.0,
        3.0,
        0.0,
        0.0,
        2.740345261843628,
        0.0,
        0.0,
        0.0,
        7.5296516396360245,
        0.0,
        0.0,
        0.0,
        3.0,
        1.0365849128147973,
        1.963415087185203,
        0.0,
        0.47034836036397587,
        0.0,
        2.375892837181272,
        0.22669975771526046,
        2.1205999128181356,
        0.6210986040846398,
        0.0,
        0.0,
        0.0,
        0.0,
        0.0,
        0.0,
        2.2055291345482733,
        0.0,
        0.0,
        0.0,
        3.0,
        0.0,
        0.0,
        1.963415087185203,
        0.0,
        3.0,
        0.0,
        0.0,
        0.0,
        0.0,
        0.0,
        0.0,
        4.417870541880519,
        0.0,
        0.0,
        0.0,
        0.0,
        0.0,
        0.0,
        0.0,
        0.0,
        0.0,
        0.0,
        0.0,
        0.0,
        3.2962396509711684,
        3.0706534947380493,
        0.0,
        5.914637463227049
    ],
    "x_lj_presolve": [
        1.111731515315823,
        3.967600193883977,
        0.0,
        0.8353057540272486,
        0.5251647654937389,
        0.5258560405229675,
        0.0,
        0.0,
        2.0,
        1.0,
        0.0,
        1.6241071628187278,
        1.0,
        0.37589283718127225,
        2.0,
        0.0,
        0.0,
        0.0,
        0.37589283718127214,
        0.0,
        0.0,
        2.0,
        1.0,
        0.021170623166987312,
        0.20552913454827315,
        0.0,
        6.0,
        2.0000000000000004,
        0.0,
        0.0,
        1.5414193566242886,
        0.9683982746180355,
        0.4901823687576755,
        2.0,
        6.0,
        0.0,
        2.0,
        1.0,
        0.0,
        0.0,
        1.5664519991433428,
        2.8514185427371763,
        0.0,
        1.3434930310652489,
        5.0,
        1.6565069689347505,
        2.0,
        0.0,
        0.0,
        1.0000000000000002,
        2.0,
        2.326129047366409,
        0.0
    ],
    "q_presolve": [
        0.0,
        0.0,
        0.0,
        0.7929671319717868,
        0.6161683131577438,
        1.0,
        0.0,
        0.0,
        0.0,
        0.0,
        0.0,
        1.0,
        0.0,
        0.0,
        0.3425431577304535,
        0.0,
        0.0,
        0.0,
        0.9412064549545031,
        0.0,
        0.0,
        0.0,
        1.0,
        0.3455283042715991,
        0.24542688589815037,
        0.0,
        0.05879354504549701,
        0.0,
        1.0,
        1.0,
        0.49018415530370746,
        0.20703286802821325,
        0.0,
        0.0,
        0.0,
        0.0,
        0.0,
        0.0,
        0.5098158446962926,
        0.0,
        0.0,
        0.0,
        1.0,
        0.0,
        0.0,
        0.654471695728401,
        0.0,
        1.0,
        0.0,
        0.0,
        0.0,
        0.0,
        0.0,
        0.0,
        1.0,
        0.0,
        0.0,
        0.0,
        0.0,
        0.0,
        0.0,
        0.0,
        0.0,
        0.0,
        0.0,
        0.0,
        0.0,
        0.41202995637139606,
        0.38383168684225616,
        0.0,
        1.0
    ],