{
    "upper_bound_presolve": -625.4836420358573,
    "x_ij_presolve": [
        0.0,
        0.5647223074139677,
        1.5365344032926427,
        0.0,
        0.0,
        0.0,
        1.4813118080852632,
        0.0,
        0.0,
        0.0,
        0.0,
        0.0,
        0.0,
        0.0,
        0.0,
        0.0,
        0.0,
        0.0,
        0.28686075762364155,
        0.0,
        0.0,
        0.0,
        0.0,
        0.0,
        0.0,
        0.0,
        0.0,
        2.0,
        0.0,
        0.0,
        0.0,
        0.0,
        0.0,
        0.0,
        0.0,
        0.0,
        0.0,
        0.0,
        0.0,
        0.0,
        0.0,
        0.0,
        0.0,
        0.4634655967073575,
        0.0,
        0.0,
        0.0,
        0.0,
        0.0,
        0.0,
        0.0,
        0.0,
        0.0,
        0.0,
        0.0,
        1.24344387430402,
        0.0,
        1.177303762421791,
        0.3337721037655938,
        1.8850289242748302,
        0.0,
        0.0,
        0.0,
        0.0,
        6.0,
        0.0,
        0.0,
        0.0,
        0.0,
        0.7131392423763585,
        0.0,
        0.0,
        0.0,
        0.0,
        0.0,
        0.0,
        0.3641716848361398,
        0.6914355096523028,
        0.0,
        0.0,
        0.0,
        0.0,
        0.0,
        0.0,
        0.0,
        0.0,
        0.0,
        0.0,
        0.0,
        0.0,
        0.0,
        1.3085644903476972,
        0.762797846515905,
        0.0,
        0.0,
        0.0,
        0.0,
        0.0,
        0.0,
        0.0,
        0.0,
        0.0,
        0.0,
        0.0,
        0.0,
        0.976246609242205,
        0.0,
        0.0,
        0.0,
        0.0,
        0.3198714223111758,
        0.0,
        0.0,
        4.370109864681026,
        0.0,
        0.0
    ],
    "x_il_presolve": [
        0.0,
        0.0,
        0.0,
        2.1230207107601653,
        2.277921554883029,
        1.154516507078597,
        0.0,
        0.0,
        0.3729099466205789,
        0.8769792892398343,
        0.0,
        3.0,
        0.0,
        0.0,
        3.0,
        0.0,
        0.0,
        0.0,
        7.5365344032926425,
        0.0,
        0.0,
        0.0,
        3.0,
        0.7091954601666758,
        2.2908045398333243,
        0.0,
        0.46346559670735815,
        0.0,
        1.7565561256959799,
        0.0,
        1.4889241338126153,
        0.0,
        0.0,
        0.0,
        0.0,
        0.0,
        0.0,
        0.0,
        0.5110758661873845,
        0.0,
        0.0,
        0.0,
        3.0,
        0.0,
        0.0,
        2.2908045398333243,
        0.0,
        0.6224972095970411,
        0.0,
        0.0,
        0.0,
        0.0,
        0.0,
        0.0,
        0.0,
        0.0,
        0.0,
        5.722078445116971,
        0.0,
        0.0,
        0.0,
        0.0,
        0.0,
        2.3775027904029593,
        0.1149710757251698,
        0.0,
        0.0,
        2.3362855135460965,
        0.0,
        0.0,
        5.678721566890053
    ],
    "x_lj_presolve": [
        2.0,
        2.678721566890053,
        0.0,
        1.0,
        0.5186881919147368,
        0.6358283151638602,
        0.0,
        0.0,
        2.0,
        1.0,
        0.0,
        1.6787215668900528,
        1.0,
        0.32127843310994747,
        1.4352776925860324,
        0.0,
        0.0,
        0.0,
        0.3212784331099472,
        0.0,
        0.0,
        2.0,
        1.0,
        0.1149710757251698,
        0.0,
        0.0,
        4.822696237578209,
        3.177303762421791,
        0.0,
        0.0,
        0.7038819684466193,
        0.6662278962344061,
        1.6298901353189745,
        2.0,
        6.0,
        0.0,
        2.0,
        1.0,
        0.0,
        0.0,
        0.0,
        0.0,
        0.0,
        0.0,
        5.0,
        2.9999999999999996,
        2.0,
        0.0,
        0.0,
        1.0000000000000002,
        2.0,
        0.0,
        0.0
    ],
    "q_presolve": [
        0.0,
        0.0,
        0.0,
        0.7076735702533885,
        0.2847401943603786,
        1.0,
        0.0,
        0.0,
        0.046613743327572364,
        0.29232642974661144,
        0.0,
        1.0,
        0.0,
        0.0,
        0.375,
        0.0,
        0.0,
        0.0,
        0.9420668004115803,
        0.0,
        0.0,
        0.0,
        1.0,
        0.23639848672222527,
        0.28635056747916554,
        0.0,
        0.05793319958841977,
        0.0,
        1.0,
        0.0,
        0.7444620669063077,
        0.0,
        0.0,
        0.0,
        0.0,
        0.0,
        0.0,
        0.0,
        0.25553793309369227,
        0.0,
        0.0,
        0.0,
        1.0,
        0.0,
        0.0,
        0.7636015132777747,
        0.0,
        0.20749906986568034,
        0.0,
        0.0,
        0.0,
        0.0,
        0.0,
        0.0,
        0.0,
        1.0,
        0.0,
        0.7152598056396213,
        0.0,
        0.0,
        0.0,
        0.0,
        0.0,
        0.7925009301343197,
        1.0,
        0.0,
        0.0,
        0.29203568919326206,
        0.0,
        0.0,
        1.0
    ],