{
    "upper_bound_presolve": -609.5926478418947,
    "x_ij_presolve": [
        0.0,
        0.6052275068721527,
        1.6009291414914297,
        0.0,
        0.6231555203338277,
        0.0,
        1.4532099492468105,
        0.0,
        0.0,
        0.0,
        0.0,
        0.0,
        0.0,
        0.0,
        0.0,
        0.0,
        0.0,
        0.0,
        0.28719794315895464,
        0.0,
        0.0,
        0.0,
        0.0,
        0.0,
        0.0,
        0.0,
        0.0,
        2.0,
        0.0,
        0.0,
        0.0,
        0.0,
        0.0,
        0.0,
        0.0,
        0.0,
        0.0,
        0.0,
        0.0,
        0.0,
        0.0,
        0.0,
        0.0,
        0.3990708585085703,
        0.0,
        0.0,
        0.0,
        0.0,
        0.0,
        0.0,
        0.0,
        0.0,
        0.0,
        0.0,
        0.0,
        1.2079707917280131,
        0.0,
        1.0412989991146355,
        0.060835617127870334,
        2.0,
        0.0,
        0.0,
        0.0,
        0.0,
        6.0,
        0.0,
        0.0,
        0.0,
        0.0,
        0.7128020568410455,
        0.0,
        0.0,
        0.0,
        0.0,
        0.0,
        0.0,
        0.4359951674968538,
        0.6801367025499853,
        0.0,
        0.0,
        0.0,
        0.0,
        0.0,
        0.0,
        0.0,
        0.0,
        0.0,
        0.0,
        0.0,
        0.0,
        0.0,
        1.3198632974500148,
        0.0,
        0.0,
        0.0,
        0.0,
        0.0,
        0.1590910318060655,
        0.0,
        0.0,
        0.0,
        0.0,
        0.0,
        0.0,
        0.0,
        0.42550757769549,
        0.0,
        0.0,
        0.0,
        0.0,
        0.0,
        0.0,
        0.02106737726470418,
        3.787168539112388,
        0.0,
        0.0
    ],
    "x_il_presolve": [
        0.0,
        0.0,
        0.0,
        2.382333907341737,
        1.6010140098113028,
        1.110794883256336,
        0.6695560462815869,
        0.0,
        0.0,
        0.0,
        0.0,
        3.0,
        0.0,
        0.0,
        1.8877621599934151,
        0.0,
        0.0,
        0.0,
        5.033646618840604,
        0.0,
        0.0,
        0.0,
        2.3304439537184134,
        1.0795262436163227,
        1.9204737563836773,
        0.0,
        2.9663533811593976,
        0.0,
        1.7920292082719869,
        0.0,
        1.2801992910992313,
        0.617666092658263,
        0.0,
        0.0,
        0.0,
        0.0,
        0.0,
        0.0,
        2.2871979431589544,
        0.0,
        0.0,
        0.0,
        3.0,
        0.0,
        0.0,
        1.9204737563836773,
        0.0,
        3.0,
        0.0,
        0.0,
        0.0,
        0.0,
        0.0,
        0.0,
        0.0,
        0.0,
        0.0,
        5.806758984310752,
        0.0,
        0.0,
        0.0,
        0.0,
        0.0,
        0.0,
        0.0,
        0.0,
        0.0,
        4.191764083622908,
        0.0,
        0.0,
        5.550747393135275
    ],
    "x_lj_presolve": [
        1.3768444796661725,
        3.173902913469102,
        0.0,
        1.0,
        0.5467900507531896,
        0.5640048325031463,
        0.0,
        0.0,
        2.0,
        0.8409089681939346,
        0.15909103180606549,
        1.6027432848558605,
        0.9789326227352958,
        0.41832409240884366,
        1.3947724931278473,
        0.0,
        0.0,
        0.0,
        0.39725671514413946,
        0.0,
        0.0,
        2.0,
        1.0,
        0.0,
        0.0,
        0.0,
        4.958701000885364,
        3.0412989991146357,
        0.0,
        0.0,
        1.5744924223045098,
        0.9391643828721292,
        0.4863431948233607,
        2.0,
        6.0,
        0.0,
        2.0,
        1.0,
        0.0,
        0.0,
        0.0,
        0.0,
        0.0,
        0.0,
        5.0,
        2.4077729941220545,
        2.0,
        0.0,
        0.0,
        1.0000000000000002,
        1.8409089681939343,
        1.7264882660642513,
        0.0
    ],
    "q_presolve": [
        0.0,
        0.0,
        0.0,
        0.7941113024472457,
        0.21612622458621247,
        1.0,
        0.22318534876052895,
        0.0,
        0.0,
        0.0,
        0.0,
        1.0,
        0.0,
        0.0,
        0.23597026999917692,
        0.0,
        0.0,
        0.0,
        0.6292058273550755,
        0.0,
        0.0,
        0.0,
        0.7768146512394711,
        0.3598420812054409,
        0.24005921954795967,
        0.0,
        0.3707941726449247,
        0.0,
        1.0,
        0.0,
        0.35886087447882414,
        0.2058886975527543,
        0.0,
        0.0,
        0.0,
        0.0,
        0.0,
        0.0,
        0.6411391255211758,
        0.0,
        0.0,
        0.0,
        1.0,
        0.0,
        0.0,
        0.6401579187945591,
        0.0,
        1.0,
        0.0,
        0.0,
        0.0,
        0.0,
        0.0,
        0.0,
        0.0,
        1.0,
        0.0,
        0.7838737754137876,
        0.0,
        0.0,
        0.0,
        0.0,
        0.0,
        0.0,
        1.0,
        0.0,
        0.0,
        0.5239705104528635,
        0.0,
        0.0,
        1.0
    ],