{
    "upper_bound_presolve": -623.2658930890507,
    "x_ij_presolve": [
        0.0,
        0.3836430988842404,
        1.5784094657693668,
        0.0,
        0.019895964642458044,
        0.0,
        1.406039216117897,
        0.0,
        0.0,
        0.0,
        0.0,
        0.0,
        0.0,
        0.0,
        0.0,
        0.0,
        0.0,
        0.0,
        0.222077421323384,
        0.0,
        0.0,
        0.0,
        0.0,
        0.0,
        0.0,
        0.0,
        0.0,
        2.0,
        0.0,
        0.0,
        0.0,
        0.0,
        0.0,
        0.0,
        0.0,
        0.0,
        0.0,
        0.0,
        0.0,
        0.0,
        0.0,
        0.0,
        0.0,
        0.42159053423063236,
        0.0,
        0.0,
        0.0,
        0.0,
        0.0,
        0.0,
        0.0,
        0.0,
        0.0,
        0.0,
        0.0,
        0.9223677126838067,
        0.0,
        0.0,
        0.13860155639728355,
        2.0,
        0.0,
        0.0,
        0.0,
        0.0,
        6.0,
        0.0,
        0.0,
        0.0,
        0.0,
        0.7779225786766161,
        0.0,
        0.0,
        0.0,
        0.0,
        0.0,
        0.0,
        0.3858749403274371,
        0.9230384595909567,
        0.0,
        0.0,
        0.0,
        0.0,
        0.0,
        0.0,
        0.0,
        0.0,
        0.0,
        0.0,
        0.0,
        0.0,
        0.0,
        0.0,
        0.0,
        0.0,
        0.0,
        0.0,
        0.0,
        0.0,
        0.0,
        0.0,
        0.0,
        0.0,
        0.0,
        0.0,
        0.0,
        0.6053151049667521,
        0.0,
        0.0,
        0.0,
        0.0,
        0.09081410116534865,
        0.0,
        0.01913709546207889,
        2.081793372544516,
        0.0,
        0.0
    ],
    "x_il_presolve": [
        0.0,
        0.0,
        0.0,
        2.325963213807396,
        4.556597298701534,
        1.2080858435546662,
        0.0,
        0.0,
        0.5577836906306269,
        0.6740367861926043,
        0.0,
        3.0,
        0.0,
        0.0,
        3.0,
        0.0,
        0.0,
        0.0,
        6.531783005923559,
        0.0,
        1.5624919324723519,
        0.0,
        3.0,
        0.9226364201602164,
        2.0773635798397834,
        0.0,
        1.4682169940764394,
        0.0,
        2.0776322873161934,
        0.0,
        2.8613984436027162,
        0.0,
        0.0,
        0.0,
        0.0,
        0.0,
        0.0,
        0.0,
        2.222077421323384,
        0.0,
        0.0,
        0.0,
        3.0,
        0.0,
        0.0,
        2.0773635798397834,
        0.0,
        3.0,
        0.0,
        0.0,
        0.0,
        0.0,
        0.0,
        0.0,
        2.5921018952528856,
        0.0,
        0.0,
        0.0,
        0.0,
        0.0,
        0.0,
        0.0,
        0.0,
        0.0,
        0.0,
        0.0,
        0.0,
        2.364852729529591,
        3.443402701298466,
        0.0,
        5.499691553695031
    ],
    "x_lj_presolve": [
        1.980104035357542,
        2.5195875183374885,
        0.0,
        1.0,
        0.593960783882103,
        0.614125059672563,
        0.0,
        0.0,
        2.0,
        1.0,
        0.0,
        1.5387246137995665,
        0.9808629045379211,
        0.4804124816625123,
        1.6163569011157597,
        0.0,
        0.0,
        0.0,
        0.46127538620043357,
        0.0,
        0.0,
        2.0,
        1.0,
        0.0,
        0.0,
        0.0,
        6.0,
        1.9999999999999993,
        0.0,
        0.0,
        1.303870793867899,
        0.8613984436027164,
        0.834730762529384,
        2.0,
        6.0,
        0.0,
        2.0,
        1.0,
        0.0,
        0.0,
        1.0769615404090436,
        3.077632287316194,
        0.0,
        0.0,
        5.0,
        2.999999999999999,
        2.0,
        0.0,
        0.0,
        1.0000000000000002,
        2.0,
        3.0834758649261,
        0.0
    ],
    "q_presolve": [
        0.0,
        0.0,
        0.0,
        0.775321071269132,
        0.5695746623376917,
        1.0,
        0.0,
        0.0,
        0.06972296132882835,
        0.22467892873086812,
        0.0,
        1.0,
        0.0,
        0.0,
        0.37499999999999994,
        0.0,
        0.0,
        0.0,
        0.816472875740445,
        0.0,
        0.37608777109454816,
        0.0,
        1.0,
        0.3075454733867388,
        0.25967044747997287,
        0.0,
        0.18352712425955492,
        0.0,
        1.0,
        1.0,
        0.5628822718221587,
        0.0,
        0.0,
        0.0,
        0.0,
        0.0,
        0.0,
        0.0,
        0.4371177281778413,
        0.0,
        0.0,
        0.0,
        1.0,
        0.0,
        0.0,
        0.6924545266132611,
        0.0,
        1.0,
        0.0,
        0.0,
        0.0,
        0.0,
        0.0,
        0.0,
        0.6239122289054518,
        0.0,
        0.0,
        0.0,
        0.0,
        0.0,
        0.0,
        0.0,
        0.0,
        0.0,
        0.0,
        0.0,
        0.0,
        0.29560659119119886,
        0.43042533766230817,
        0.0,
        1.0
    ],