{
    "upper_bound_presolve": -616.2703300059455,
    "x_ij_presolve": [
        0.0,
        0.0,
        1.459507804586298,
        0.0,
        0.7282564380612246,
        0.0,
        1.0873954852316938,
        0.0,
        0.0,
        0.0,
        0.0,
        0.0,
        0.0,
        0.0,
        0.0,
        0.0,
        0.0,
        0.0,
        0.23213565497198532,
        0.0,
        0.0,
        0.0,
        0.0,
        0.0,
        0.0,
        0.0,
        0.0,
        2.0,
        0.0,
        0.0,
        0.0,
        0.0,
        0.0,
        0.0,
        0.0,
        0.0,
        0.0,
        0.0,
        0.0,
        0.0,
        0.0,
        0.0,
        0.0,
        0.540492195413702,
        0.0,
        0.0,
        0.0,
        0.0,
        0.0,
        0.0,
        0.0,
        0.0,
        0.0,
        0.0,
        0.0,
        0.23653398936434195,
        0.0,
        1.4011154668501193,
        0.2534499706063482,
        2.0,
        0.0,
        0.0,
        0.0,
        0.0,
        6.0,
        0.0,
        0.10949594424524353,
        0.0,
        0.0,
        0.7678643450280147,
        0.0,
        0.0,
        0.0,
        0.0,
        0.0,
        0.0,
        0.0,
        0.6148238117721659,
        0.0,
        0.0,
        0.0,
        0.0,
        0.0,
        0.0,
        0.0,
        0.0,
        0.0,
        0.0,
        0.0,
        0.0,
        0.05473172150768059,
        1.3851761882278342,
        0.0,
        0.0,
        0.0,
        0.0,
        0.0,
        0.0,
        0.0,
        0.016399242168492832,
        0.0,
        0.0,
        0.0,
        0.0,
        0.0,
        0.7251941580160692,
        0.0,
        0.0,
        0.0,
        0.0,
        0.3385336667329797,
        0.0,
        0.07056521987684555,
        4.682822204644603,
        0.0,
        0.0
    ],
    "x_il_presolve": [
        0.0,
        0.0,
        0.0,
        2.2049243719159852,
        1.3378138562088806,
        1.9126045147683062,
        0.0,
        0.0,
        0.16896771209373274,
        0.7950756280840148,
        0.0,
        3.0,
        0.0,
        0.0,
        3.0,
        0.0,
        0.0,
        0.0,
        5.955767647413637,
        0.0,
        0.0,
        0.0,
        3.0,
        0.8158006945306608,
        2.184199305469339,
        0.0,
        2.0442323525863633,
        0.0,
        2.763466010635658,
        0.0,
        1.3454345625435324,
        0.0,
        0.0,
        0.0,
        0.0,
        0.0,
        0.0,
        0.0,
        0.6545654374564677,
        0.0,
        0.0,
        0.0,
        3.0,
        0.0,
        0.0,
        2.1841993054693387,
        0.0,
        0.984522465834882,
        0.0,
        0.0,
        0.0,
        0.0,
        0.0,
        0.0,
        0.0,
        0.0,
        0.0,
        5.835922863479069,
        0.0,
        0.0,
        0.0,
        0.0,
        0.0,
        2.015477534165118,
        0.0,
        0.0,
        0.0,
        2.646832982436928,
        0.0,
        0.0,
        5.192844648062148
    ],
    "x_lj_presolve": [
        1.2717435619387754,
        2.9375003282918657,
        0.0,
        0.9836007578315071,
        0.9126045147683061,
        1.0,
        0.0,
        0.0,
        2.0,
        1.0,
        0.0,
        1.2365339893643423,
        0.9294347801231545,
        0.8340312305125034,
        2.0,
        0.0,
        0.0,
        0.0,
        0.7634660106356578,
        0.0,
        0.0,
        2.0,
        1.0,
        0.0,
        0.0,
        0.0,
        4.489388588904637,
        3.5106114110953617,
        0.0,
        0.0,
        0.9362721752509511,
        0.7465500293936519,
        1.317177795355397,
        2.0,
        6.0,
        0.0,
        2.0,
        1.0,
        0.0,
        0.0,
        0.0,
        0.0,
        0.0,
        0.0,
        4.945268278492319,
        2.2284684411956306,
        1.9452682784923194,
        0.0,
        0.0,
        1.0547317215076806,
        2.0,
        0.0,
        0.0
    ],
    "q_presolve": [
        0.0,
        0.0,
        0.0,
        0.7349747906386618,
        0.18648772717533932,
        1.0,
        0.0,
        0.0,
        0.021120964011716592,
        0.2650252093613382,
        0.0,
        1.0,
        0.0,
        0.0,
        0.375,
        0.0,
        0.0,
        0.0,
        0.7444709559267046,
        0.0,
        0.0,
        0.0,
        1.0,
        0.27193356484355363,
        0.2730249131836674,
        0.0,
        0.25552904407329546,
        0.0,
        1.0,
        1.0,
        0.6727172812717662,
        0.0,
        0.0,
        0.0,
        0.0,
        0.0,
        0.0,
        0.0,
        0.32728271872823383,
        0.0,
        0.0,
        0.0,
        1.0,
        0.0,
        0.0,
        0.7280664351564463,
        0.0,
        0.328174155278294,
        0.0,
        0.0,
        0.0,
        0.0,
        0.0,
        0.0,
        0.0,
        1.0,
        0.0,
        0.8135122728246605,
        0.0,
        0.0,
        0.0,
        0.0,
        0.0,
        0.671825844721706,
        0.0,
        0.0,
        0.0,
        0.330854122804616,
        0.0,
        0.0,
        1.0
    ],