{
    "upper_bound_presolve": -616.8403693932593,
    "x_ij_presolve": [
        0.0,
        0.07310641151992653,
        0.6746611261080582,
        0.0,
        0.0,
        0.0,
        1.7488248531071249,
        0.0,
        0.0,
        0.0,
        0.0,
        0.0,
        0.0,
        0.0,
        0.0,
        0.0,
        0.0,
        0.0,
        0.25809786523628875,
        0.0,
        0.0,
        0.0,
        0.0,
        0.0,
        0.0,
        0.0,
        0.0,
        2.0,
        0.0,
        3.0,
        0.0,
        0.0,
        0.0,
        0.0,
        0.0,
        0.0,
        0.0,
        0.0,
        0.0,
        0.0,
        0.0,
        0.0,
        0.0,
        0.45636844592397646,
        0.0,
        0.0,
        0.0,
        0.0,
        0.0,
        0.0,
        0.0,
        0.0,
        0.0,
        0.0,
        0.0,
        0.677700526362607,
        0.0,
        1.2277218036855637,
        0.047034012958367004,
        2.0,
        0.0,
        0.0,
        0.0,
        0.0,
        6.0,
        0.0,
        0.0,
        0.0,
        0.0,
        0.7419021347637113,
        0.0,
        0.0,
        0.0,
        0.0,
        0.0,
        0.0,
        0.37259785744622986,
        0.467012201857121,
        0.0,
        0.0,
        0.0,
        0.0,
        0.0,
        0.0,
        0.0,
        0.0,
        0.0,
        0.0,
        0.0,
        0.0,
        0.0,
        1.532987798142879,
        0.0,
        0.0,
        0.0,
        0.0,
        0.0,
        0.0,
        0.0,
        0.0,
        0.0,
        0.0,
        0.0,
        0.0,
        0.0,
        0.0,
        0.0,
        0.0,
        0.0,
        0.0,
        0.0,
        0.0,
        0.0,
        5.21061277781114,
        0.0,
        0.0
    ],
    "x_il_presolve": [
        0.0,
        0.0,
        0.0,
        2.2399540902705377,
        2.149124930551739,
        0.8785772894466454,
        0.7030927585698769,
        0.0,
        3.0,
        0.7600459097294626,
        0.0,
        3.0,
        0.0,
        0.0,
        0.0,
        0.0,
        0.0,
        0.0,
        7.543631554076024,
        0.0,
        0.0,
        0.0,
        2.296907241430123,
        0.7893872221888594,
        2.2106127778111406,
        0.0,
        0.45636844592397663,
        0.0,
        2.322299473637393,
        0.0,
        1.725244183356069,
        0.0,
        0.0,
        0.0,
        0.0,
        0.0,
        0.0,
        0.0,
        0.6626599749529861,
        1.0369042245348243,
        0.0,
        0.0,
        3.0,
        0.0,
        0.0,
        2.2106127778111406,
        0.0,
        3.0,
        0.0,
        0.0,
        0.0,
        0.0,
        0.0,
        0.0,
        0.0,
        0.0,
        0.0,
        5.85087506944826,
        0.0,
        0.0,
        0.0,
        0.0,
        0.0,
        0.0,
        0.0,
        0.0,
        0.0,
        2.7893872221888594,
        0.0,
        0.0,
        2.791109369197261
    ],
    "x_lj_presolve": [
        2.0,
        0.8280135937320852,
        0.0,
        1.0,
        0.2511751468928751,
        0.6274021425537702,
        0.0,
        0.0,
        2.0,
        1.0,
        0.0,
        1.6045941148426808,
        1.0,
        0.39540588515731934,
        1.9268935884800735,
        0.0,
        0.0,
        0.0,
        0.3954058851573193,
        0.0,
        0.0,
        2.0,
        1.0,
        0.0,
        0.0,
        0.0,
        4.772278196314437,
        3.2277218036855637,
        0.0,
        0.0,
        2.0,
        0.952965987041633,
        0.04703401295836686,
        2.0,
        6.0,
        0.0,
        2.0,
        1.0,
        0.0,
        0.0,
        0.0,
        0.0,
        0.0,
        0.8689704279679652,
        5.3544490509214375,
        1.7765805211105958,
        2.0,
        0.0,
        0.35444905092143736,
        0.6455509490785628,
        2.0,
        0.38790415830905517,
        0.0
    ],
    "q_presolve": [
        0.0,
        0.0,
        0.0,
        0.7466513634235126,
        0.26864061631896735,
        1.0,
        0.23436425285662563,
        0.0,
        0.375,
        0.2533486365764875,
        0.0,
        1.0,
        0.0,
        0.0,
        0.0,
        0.0,
        0.0,
        0.0,
        0.942953944259503,
        0.0,
        0.0,
        0.0,
        0.7656357471433743,
        0.2631290740629531,
        0.2763265972263926,
        0.0,
        0.05704605574049708,
        0.0,
        1.0,
        1.0,
        0.7224930604324442,
        0.0,
        0.0,
        0.0,
        0.0,
        0.0,
        0.0,
        0.0,
        0.2775069395675558,
        0.270872659969816,
        0.0,
        0.0,
        1.0,
        0.0,
        1.0,
        0.7368709259370468,
        0.0,
        1.0,
        0.0,
        0.0,
        0.0,
        0.0,
        0.0,
        0.0,
        0.0,
        0.0,
        0.0,
        0.7313593836810326,
        0.0,
        0.0,
        0.0,
        0.0,
        0.0,
        0.0,
        0.0,
        0.0,
        0.0,
        0.3486734027736074,
        0.0,
        0.0,
        0.729127340030184
    ],