{
    "upper_bound_presolve": -627.9767128457697,
    "x_ij_presolve": [
        0.0,
        0.04139829534194886,
        1.4042291128303463,
        0.0,
        0.19849427821365373,
        0.0,
        1.558021009988357,
        0.0,
        0.0,
        0.0,
        0.0,
        0.0,
        0.0,
        0.0,
        0.0,
        0.0,
        0.0,
        0.0,
        0.2837742148778018,
        0.0,
        1.7891553219632137,
        0.0,
        0.0,
        0.0,
        0.0,
        0.0,
        0.0,
        2.0,
        0.0,
        0.0,
        0.0,
        0.0,
        0.0,
        0.0,
        0.0,
        0.0,
        0.0,
        0.0,
        0.0,
        0.0,
        0.0,
        0.0,
        0.0,
        0.398993897053215,
        0.0,
        0.0,
        0.0,
        0.0,
        0.0,
        0.0,
        0.0,
        0.0,
        0.0,
        0.0,
        0.0,
        0.6265467788952451,
        0.0,
        0.0,
        0.0,
        2.0,
        0.0,
        0.0,
        0.0,
        0.0,
        6.0,
        0.0,
        0.0,
        0.0,
        0.0,
        0.7162257851221981,
        0.0,
        0.0,
        0.0,
        0.0,
        0.0,
        0.0,
        0.501599089862459,
        0.9624026207169097,
        0.0,
        0.0,
        0.0,
        0.0,
        0.0,
        0.0,
        0.0,
        0.0,
        0.0,
        0.0,
        0.0,
        0.0,
        0.0,
        0.0,
        0.0,
        0.0,
        0.0,
        0.0,
        0.0,
        0.15279860584367264,
        0.0,
        0.0,
        0.0,
        0.0,
        0.0,
        0.0,
        0.0,
        0.011659080828467575,
        0.0,
        0.0,
        0.0,
        0.0,
        0.0,
        0.0,
        0.0,
        0.6391450254983861,
        0.0,
        0.0
    ],
    "x_il_presolve": [
        0.0,
        0.0,
        0.0,
        2.0729295368410154,
        4.9430867687560704,
        0.9403799001491839,
        0.0,
        0.0,
        0.1966607968744268,
        0.9270704631589843,
        0.0,
        3.0,
        0.0,
        0.0,
        3.0,
        0.0,
        0.0,
        0.0,
        7.173499726978584,
        0.0,
        2.0348035366390103,
        0.0,
        3.0,
        0.8195664217855031,
        2.180433578214497,
        0.0,
        0.8265002730214166,
        0.0,
        2.373453221104755,
        0.0,
        3.0,
        0.0,
        0.0,
        0.0,
        0.0,
        0.0,
        0.0,
        0.0,
        2.283774214877802,
        0.0,
        0.0,
        0.0,
        3.0,
        0.0,
        0.0,
        2.1804335782144975,
        0.0,
        3.0,
        0.0,
        0.0,
        0.0,
        0.0,
        0.0,
        0.0,
        2.4997148147372923,
        0.0,
        0.0,
        0.0,
        0.0,
        0.0,
        0.0,
        0.0,
        0.0,
        0.0,
        0.0,
        0.0,
        0.0,
        2.6229056249110765,
        3.0569132312439304,
        0.0,
        5.583431195456081
    ],
    "x_lj_presolve": [
        1.8015057217863464,
        2.7819254736697343,
        0.0,
        1.0,
        0.4419789900116431,
        0.4984009101375409,
        0.0,
        0.0,
        2.0,
        0.8472013941563274,
        0.1527986058436728,
        1.5851484835532965,
        1.0,
        0.4148515164467038,
        1.9586017046580513,
        0.0,
        0.0,
        0.0,
        0.4148515164467036,
        0.0,
        0.0,
        2.0,
        1.0,
        0.0,
        0.0,
        0.0,
        6.0,
        1.876532249011542,
        0.0,
        0.12346775098845836,
        1.9883409191715324,
        0.8765322490115417,
        0.1351268318169256,
        2.0,
        6.0,
        0.0,
        2.0,
        1.0,
        0.0,
        0.0,
        1.0375973792830901,
        3.4969209720932124,
        0.0,
        0.19677699011643865,
        5.0,
        2.803223009883562,
        2.0,
        0.0,
        0.0,
        1.0000000000000002,
        1.847201394156327,
        3.4365728207214747,
        0.0
    ],
    "q_presolve": [
        0.0,
        0.0,
        0.0,
        0.6909765122803385,
        0.6178858460945088,
        1.0,
        0.0,
        0.0,
        0.02458259960930335,
        0.3090234877196614,
        0.0,
        1.0,
        0.0,
        0.0,
        0.375,
        0.0,
        0.0,
        0.0,
        0.896687465872323,
        0.0,
        0.448736421150752,
        0.0,
        1.0,
        0.27318880726183437,
        0.2725541972768121,
        0.0,
        0.10331253412767707,
        0.0,
        1.0,
        1.0,
        0.5677759643008101,
        0.0,
        0.0,
        0.0,
        0.0,
        0.0,
        0.0,
        0.0,
        0.4322240356991899,
        0.0,
        0.0,
        0.0,
        1.0,
        0.0,
        0.0,
        0.7268111927381657,
        0.0,
        1.0,
        0.0,
        0.0,
        0.0,
        0.0,
        0.0,
        0.0,
        0.551263578849248,
        0.0,
        0.0,
        0.0,
        0.0,
        0.0,
        0.0,
        0.0,
        0.0,
        0.0,
        0.0,
        0.0,
        0.0,
        0.3278632031138846,
        0.3821141539054913,
        0.0,
        1.0
    ],