{
    "upper_bound_presolve": -621.1533338249467,
    "x_ij_presolve": [
        0.0,
        0.6438951747722852,
        1.5660860110635997,
        0.0,
        0.0,
        0.0,
        1.889506083190807,
        0.0,
        0.0,
        0.0,
        0.0,
        0.0,
        0.0,
        0.0,
        0.0,
        0.0,
        0.0,
        0.0,
        0.22597908011882561,
        0.0,
        0.0,
        0.0,
        0.0,
        0.0,
        0.0,
        0.0,
        0.0,
        2.0,
        0.0,
        0.0,
        0.0,
        0.0,
        0.0,
        0.0,
        0.0,
        0.0,
        0.0,
        0.0,
        0.0,
        0.0,
        0.0,
        0.0,
        0.0,
        0.43391398893640026,
        0.0,
        0.0,
        0.0,
        0.0,
        0.0,
        0.0,
        0.0,
        0.0,
        0.0,
        0.0,
        0.0,
        1.2500262109798563,
        0.0,
        0.0,
        0.6520110057100342,
        0.452965177392367,
        0.0,
        0.0,
        0.0,
        0.0,
        6.0,
        0.0,
        0.4619153762151924,
        0.0,
        0.0,
        0.7740209198811744,
        0.0,
        0.0,
        0.0,
        0.0,
        0.0,
        0.0,
        0.40784598557491025,
        1.0044605292816509,
        0.0,
        0.0,
        0.0,
        0.0,
        0.0,
        0.0,
        0.0,
        0.0,
        0.0,
        0.0,
        0.0,
        0.0,
        0.0,
        0.0,
        1.8703787389868276,
        0.0,
        0.0,
        0.0,
        0.0,
        0.0,
        0.0,
        0.0,
        0.0,
        0.0,
        0.0,
        0.0,
        0.0,
        0.0427894193115912,
        0.0,
        0.0,
        0.17184093699591296,
        0.0,
        0.014232432066525537,
        0.0,
        0.025211371361694955,
        5.290967142911849,
        0.0,
        0.0
    ],
    "x_il_presolve": [
        0.0,
        0.0,
        0.0,
        2.231341671479621,
        1.0211285958116796,
        0.7026479312342828,
        0.0,
        0.0,
        0.45013725027630225,
        0.768658328520379,
        0.0,
        3.0,
        0.0,
        0.0,
        3.0,
        0.0,
        0.0,
        0.0,
        7.5660860110636,
        0.0,
        0.0,
        0.0,
        3.0,
        1.1197263039362335,
        1.8802736960637663,
        0.0,
        0.4339139889364002,
        0.0,
        1.7499737890201434,
        1.0275156504896954,
        1.3204733438002705,
        0.0,
        0.0,
        0.0,
        0.0,
        0.0,
        0.0,
        0.0,
        0.6795266561997294,
        0.5050873470032465,
        0.0,
        0.0,
        3.0,
        0.0,
        0.0,
        1.8802736960637663,
        0.0,
        3.0,
        0.0,
        0.0,
        0.0,
        0.0,
        0.0,
        0.0,
        1.4132191445364726,
        0.0,
        0.0,
        6.97887140418832,
        0.0,
        0.0,
        0.0,
        0.0,
        0.0,
        0.0,
        0.5195191721179376,
        0.0,
        0.0,
        2.669589053659931,
        0.0,
        0.0,
        4.903991380846718
    ],
    "x_lj_presolve": [
        2.0,
        2.4090787278499644,
        0.0,
        1.0,
        0.11049391680919309,
        0.5921540144250897,
        0.0,
        0.0,
        2.0,
        1.0,
        0.0,
        1.6061310362075718,
        0.9747886286383051,
        0.41908033515412335,
        1.3561048252277148,
        0.0,
        0.0,
        0.0,
        0.39386896379242814,
        0.0,
        0.0,
        2.0,
        1.0,
        1.5470348226076331,
        0.0,
        0.0,
        5.538084623784807,
        2.461915376215193,
        0.0,
        0.0,
        1.9429781486218833,
        0.3479889942899658,
        0.709032857088151,
        2.0,
        6.0,
        0.0,
        2.0,
        1.0,
        0.0,
        0.0,
        0.995539470718349,
        0.4176796738181236,
        0.0,
        0.0,
        4.828159063004088,
        3.1718409369959124,
        1.8281590630040871,
        0.0,
        0.0,
        1.1718409369959129,
        2.0,
        0.0,
        0.0
    ],
    "q_presolve": [
        0.0,
        0.0,
        0.0,
        0.7437805571598737,
        0.12764107447645998,
        1.0,
        0.0,
        0.0,
        0.05626715628453775,
        0.2562194428401263,
        0.0,
        1.0,
        0.0,
        0.0,
        0.375,
        0.0,
        0.0,
        0.0,
        0.9457607513829499,
        0.0,
        0.0,
        0.0,
        1.0,
        0.37324210131207786,
        0.23503421200797078,
        0.0,
        0.054239248617050026,
        0.0,
        1.0,
        0.6641839184703984,
        0.6602366719001352,
        0.0,
        0.0,
        0.0,
        0.0,
        0.0,
        0.0,
        0.0,
        0.3397633280998647,
        0.09337770300932778,
        0.0,
        0.0,
        1.0,
        0.0,
        0.0,
        0.6267578986879221,
        0.0,
        1.0,
        0.0,
        0.0,
        0.0,
        0.0,
        0.0,
        0.0,
        1.0,
        0.0,
        0.0,
        0.87235892552354,
        0.0,
        0.0,
        0.0,
        0.0,
        0.0,
        0.0,
        0.3358160815296015,
        0.0,
        0.0,
        0.33369863170749137,
        0.0,
        0.0,
        0.9066222969906722
    ],