{
    "upper_bound_presolve": -615.455928426112,
    "x_ij_presolve": [
        0.0,
        0.416810104771108,
        0.8746361530104125,
        0.0,
        0.0,
        0.0,
        1.8359949473581525,
        0.0,
        0.0,
        0.0,
        0.0,
        0.0,
        0.0,
        0.0,
        0.0,
        0.0,
        0.0,
        0.0,
        0.2756551776555533,
        0.0,
        0.0,
        0.0,
        0.0,
        0.0,
        0.0,
        0.0,
        0.0,
        2.0,
        0.0,
        3.0,
        0.0,
        0.0,
        0.0,
        0.0,
        0.0,
        0.0,
        0.0,
        0.0,
        0.0,
        0.0,
        0.0,
        0.0,
        0.0,
        0.258167331018161,
        0.0,
        0.0,
        0.0,
        0.0,
        0.0,
        0.0,
        0.0,
        0.0,
        0.0,
        0.0,
        0.0,
        1.2063826621271858,
        0.0,
        1.0061668984110494,
        0.33885410914119696,
        2.0,
        0.0,
        0.0,
        0.0,
        0.0,
        6.0,
        0.0,
        0.0,
        0.0,
        0.0,
        0.7243448223444466,
        0.0,
        0.0,
        0.0,
        0.0,
        0.0,
        0.0,
        0.24392973281238586,
        0.5680026441570492,
        0.0,
        0.0,
        0.0,
        0.0,
        0.0,
        0.0,
        0.0,
        0.0,
        0.0,
        0.0,
        0.0,
        0.0,
        0.0,
        1.4319973558429508,
        0.7872026441448615,
        0.0,
        0.0,
        0.0,
        0.0,
        0.0,
        0.0,
        0.0,
        0.0,
        0.0,
        0.0,
        0.0,
        0.0,
        1.6281610763135128,
        0.0,
        0.0,
        0.0,
        0.0,
        0.07451346522380813,
        0.0,
        0.0,
        3.9584713493214827,
        0.0,
        0.0
    ],
    "x_il_presolve": [
        0.0,
        0.0,
        0.0,
        2.109816580599895,
        3.172406288879165,
        0.9200753198294617,
        0.0,
        0.0,
        2.734981593355001,
        0.8901834194001047,
        0.0,
        3.0,
        0.0,
        0.0,
        0.0,
        0.0,
        0.0,
        0.0,
        5.812757515701589,
        0.0,
        0.0,
        0.0,
        3.0,
        0.9474218107026753,
        2.052578189297325,
        0.0,
        2.1872424842984106,
        0.0,
        1.793617337872814,
        0.0,
        1.6549789924477536,
        0.0,
        0.0,
        0.0,
        0.0,
        0.0,
        0.0,
        0.0,
        0.3450210075522464,
        0.5920691849374288,
        0.0,
        0.0,
        3.0,
        0.0,
        0.0,
        2.0525781892973245,
        0.0,
        1.2557403452802085,
        0.0,
        0.0,
        0.0,
        0.0,
        0.0,
        0.0,
        0.0,
        0.0,
        0.0,
        4.0730187430138,
        0.0,
        0.0,
        0.0,
        0.0,
        0.0,
        1.7442596547197915,
        0.0,
        0.0,
        0.0,
        3.212440217347674,
        0.7545749681070353,
        0.0,
        3.0646998883900762
    ],
    "x_lj_presolve": [
        2.0,
        0.6567690733275052,
        0.0,
        1.0,
        0.16400505264184748,
        0.7560702671876142,
        0.0,
        0.0,
        2.0,
        1.0,
        0.0,
        1.789572557356078,
        1.0,
        0.21042744264392188,
        1.5831898952288919,
        0.0,
        0.0,
        0.0,
        0.21042744264392213,
        0.0,
        0.0,
        2.0,
        1.0,
        0.0,
        0.0,
        0.0,
        4.993833101588951,
        3.0061668984110486,
        0.0,
        0.0,
        0.29732545846267905,
        0.661145890858803,
        2.0415286506785177,
        2.0,
        6.0,
        0.0,
        2.0,
        1.0,
        0.0,
        0.0,
        0.0,
        0.0,
        0.0,
        0.8671965159714266,
        5.0,
        2.1328034840285732,
        2.0,
        0.0,
        0.0,
        0.9999999999999999,
        2.0,
        0.0,
        0.0
    ],
    "q_presolve": [
        0.0,
        0.0,
        0.0,
        0.7032721935332984,
        0.39655078610989564,
        1.0,
        0.0,
        0.0,
        0.3418726991693751,
        0.29672780646670155,
        0.0,
        1.0,
        0.0,
        0.0,
        0.0,
        0.0,
        0.0,
        0.0,
        0.7265946894626987,
        0.0,
        0.0,
        0.0,
        1.0,
        0.3158072702342251,
        0.2565722736621656,
        0.0,
        0.2734053105373013,
        0.0,
        1.0,
        0.0,
        0.8274894962238768,
        0.0,
        0.0,
        0.0,
        0.0,
        0.0,
        0.0,
        0.0,
        0.1725105037761232,
        0.16191046606032217,
        0.0,
        0.0,
        1.0,
        0.0,
        0.0,
        0.6841927297657748,
        0.0,
        0.41858011509340276,
        0.0,
        0.0,
        0.0,
        0.0,
        0.0,
        0.0,
        0.0,
        1.0,
        0.0,
        0.509127342876725,
        0.0,
        0.0,
        0.0,
        0.0,
        0.0,
        0.5814198849065971,
        1.0,
        0.0,
        0.0,
        0.40155502716845926,
        0.09432187101337941,
        0.0,
        0.8380895339396778
    ],