{
    "upper_bound_presolve": -606.5462259076502,
    "x_ij_presolve": [
        0.0,
        0.33001905942078247,
        1.3926138882026295,
        0.0,
        0.0,
        0.0,
        1.5294433090255466,
        0.0,
        0.0,
        0.0,
        0.0,
        0.0,
        0.0,
        0.0,
        0.0,
        0.0,
        0.0,
        0.0,
        0.2482531806571064,
        0.0,
        0.0,
        0.0,
        0.0,
        0.0,
        0.0,
        0.0,
        0.0,
        2.0,
        0.0,
        3.0,
        0.0,
        0.0,
        0.0,
        0.0,
        0.0,
        0.0,
        0.0,
        0.0,
        0.0,
        0.0,
        0.0,
        0.0,
        0.0,
        0.6073861117973697,
        0.0,
        0.0,
        0.0,
        0.0,
        0.0,
        0.0,
        0.0,
        0.0,
        0.0,
        0.0,
        0.0,
        0.9657454662715127,
        0.0,
        1.0549180461117114,
        0.3438005423636831,
        2.0,
        0.0,
        0.0,
        0.0,
        0.0,
        6.0,
        0.0,
        0.5040434974513722,
        0.0,
        0.0,
        0.7517468193428937,
        0.0,
        0.0,
        0.0,
        0.0,
        0.0,
        0.0,
        0.0733404571602168,
        0.283113825706625,
        0.0,
        0.0,
        0.0,
        0.0,
        0.0,
        0.0,
        0.0,
        0.0,
        0.0,
        0.0,
        0.0,
        0.0,
        0.9354418159278496,
        1.716886174293375,
        1.2705001519160788,
        0.0,
        0.0,
        0.0,
        0.0,
        0.0,
        0.0,
        0.0,
        0.0,
        0.0,
        0.0,
        0.0,
        0.0,
        1.0169253484459155,
        0.0,
        0.0,
        0.0,
        0.0,
        0.25901824947913776,
        0.0,
        0.0,
        4.380255859711264,
        0.0,
        0.0
    ],
    "x_il_presolve": [
        0.0,
        0.0,
        0.0,
        2.1294860729175134,
        1.145456660882071,
        1.3972162338142367,
        0.0,
        0.0,
        2.847610315242653,
        0.8705139270824863,
        0.0,
        3.0,
        0.0,
        0.0,
        0.0,
        0.0,
        0.0,
        0.0,
        7.39261388820263,
        0.0,
        0.0,
        0.0,
        3.0,
        0.8462099554454721,
        2.153790044554528,
        0.0,
        0.6073861117973708,
        0.0,
        2.0342545337284874,
        0.0,
        1.6012814115246052,
        0.0,
        0.0,
        0.0,
        0.0,
        0.0,
        0.0,
        0.0,
        0.3987185884753947,
        1.2909599487658834,
        0.0,
        0.0,
        3.0,
        0.0,
        0.0,
        2.153790044554528,
        0.0,
        0.7834213560245096,
        0.0,
        0.0,
        0.0,
        0.0,
        0.0,
        0.0,
        0.0,
        0.0,
        0.0,
        4.35795150718157,
        0.0,
        0.0,
        0.0,
        0.0,
        0.0,
        2.2165786439754904,
        0.0,
        0.0,
        0.0,
        2.9985996402028197,
        0.0,
        0.0,
        2.905916474093356
    ],
    "x_lj_presolve": [
        2.0,
        1.1968764228592392,
        0.0,
        1.0,
        0.4705566909744535,
        0.9266595428397832,
        0.0,
        0.0,
        2.0,
        1.0,
        0.0,
        1.6357264068507302,
        1.0,
        0.36427359314927005,
        1.6699809405792176,
        0.0,
        0.0,
        0.0,
        0.3642735931492698,
        0.0,
        0.0,
        2.0,
        1.0,
        0.0,
        0.0,
        0.0,
        4.4410384564369165,
        3.558961543563084,
        0.0,
        0.0,
        0.7240564020749466,
        0.6561994576363169,
        1.619744140288736,
        2.0,
        6.0,
        0.0,
        2.0,
        1.0,
        0.0,
        0.0,
        0.0,
        0.0,
        0.0,
        0.0,
        4.06455818407215,
        1.4388499839914912,
        1.0645581840721505,
        0.0,
        0.0,
        1.9354418159278495,
        2.0,
        0.0,
        0.0
    ],
    "q_presolve": [
        0.0,
        0.0,
        0.0,
        0.7098286909725045,
        0.20813587251790136,
        1.0,
        0.0,
        0.0,
        0.3559512894053316,
        0.2901713090274955,
        0.0,
        1.0,
        0.0,
        0.0,
        0.0,
        0.0,
        0.0,
        0.0,
        0.9240767360253288,
        0.0,
        0.0,
        0.0,
        1.0,
        0.2820699851484907,
        0.269223755569316,
        0.0,
        0.07592326397467135,
        0.0,
        1.0,
        1.0,
        0.8006407057623026,
        0.0,
        0.0,
        0.0,
        0.0,
        0.0,
        0.0,
        0.0,
        0.19935929423769735,
        0.30760018134781797,
        0.0,
        0.0,
        1.0,
        0.0,
        0.0,
        0.7179300148515093,
        0.0,
        0.26114045200816993,
        0.0,
        0.0,
        0.0,
        0.0,
        0.0,
        0.0,
        0.0,
        1.0,
        0.0,
        0.7918641274820987,
        0.0,
        0.0,
        0.0,
        0.0,
        0.0,
        0.7388595479918302,
        0.0,
        0.0,
        0.0,
        0.3748249550253524,
        0.0,
        0.0,
        0.6923998186521821
    ],