{
    "upper_bound_presolve": -600.866053206563,
    "x_ij_presolve": [
        0.0,
        0.0,
        1.5938318063096506,
        0.0,
        0.0,
        0.0,
        1.5915496322769886,
        0.0,
        0.0,
        0.0,
        0.0,
        0.0,
        0.0,
        0.0,
        0.0,
        0.0,
        0.0,
        0.0,
        0.28125711009722626,
        0.0,
        0.0,
        0.0,
        0.0,
        0.0,
        0.0,
        0.0,
        0.0,
        2.0,
        0.0,
        2.3317063218366947,
        0.0,
        0.0,
        0.0,
        0.0,
        0.0,
        0.0,
        0.0,
        0.0,
        0.0,
        0.0,
        0.0,
        0.0,
        0.0,
        0.40616819369034896,
        0.0,
        0.0,
        0.0,
        0.0,
        0.0,
        0.0,
        0.0,
        0.0,
        0.0,
        0.0,
        0.0,
        0.0,
        0.0,
        1.522658389412243,
        0.11093373599379436,
        1.91703291624361,
        0.0,
        0.0,
        0.0,
        0.0,
        6.0,
        0.0,
        0.0,
        0.0,
        0.0,
        0.7187428899027738,
        0.0,
        0.0,
        0.0,
        0.0,
        0.0,
        0.0,
        0.12052282197842626,
        0.9187620385068563,
        0.0,
        0.0,
        0.0,
        0.0,
        0.0,
        0.0,
        0.0,
        0.0,
        0.0,
        0.0005386182567935563,
        0.0,
        0.0,
        0.0,
        0.0,
        0.0,
        0.0,
        0.0,
        0.0,
        0.0,
        0.0,
        0.0,
        0.0,
        0.0,
        0.0,
        0.0,
        0.0,
        0.0,
        0.7096260090743249,
        0.0,
        0.0,
        0.0,
        0.0,
        0.0,
        0.0,
        0.0,
        5.1794402549318805,
        0.0,
        0.0
    ],
    "x_il_presolve": [
        0.0,
        0.0,
        0.0,
        2.0368714656170255,
        0.6420153889274766,
        1.2879275457445851,
        0.0,
        0.0,
        3.0,
        0.9631285343829746,
        0.0,
        3.0,
        0.0,
        0.0,
        0.6682936781633052,
        0.0,
        0.0,
        0.0,
        5.270301738453707,
        0.0,
        0.0,
        0.0,
        3.0,
        0.8768185824798478,
        2.1231814175201524,
        0.0,
        2.7296982615462926,
        0.0,
        3.0,
        0.0,
        1.3664078745939625,
        0.0,
        0.0,
        0.0,
        0.0,
        0.0,
        0.0,
        0.0,
        0.6335921254060376,
        1.0742287161146435,
        0.0,
        0.0,
        2.9994613817432065,
        0.0,
        0.0,
        2.1231814175201524,
        0.0,
        2.2828365401897797,
        0.0,
        0.0,
        0.0,
        0.0,
        0.0,
        0.0,
        1.0980732597802487,
        0.0,
        0.0,
        6.414243448484252,
        0.0,
        0.0,
        0.0,
        0.0,
        0.0,
        0.7171634598102202,
        0.08296708375639006,
        0.0,
        0.0,
        2.2085249043165422,
        0.6120348407515767,
        0.0,
        1.9257712838853567
    ],
    "x_lj_presolve": [
        2.0,
        0.0,
        0.0,
        1.0,
        0.4084503677230113,
        0.8794771780215738,
        0.0,
        0.0,
        2.0,
        1.0,
        0.0,
        1.0000000000000007,
        1.0,
        0.999999999999999,
        2.0,
        0.0,
        0.0,
        0.0,
        0.9999999999999996,
        0.0,
        0.0,
        2.0,
        1.0,
        0.08296708375639006,
        0.0,
        0.0,
        4.477341610587756,
        3.5226583894122427,
        0.0,
        0.0,
        1.2903739909256753,
        0.8890662640062056,
        0.820559745068119,
        2.0,
        6.0,
        0.0,
        1.9994613817432065,
        1.0,
        0.0,
        0.0,
        1.0812379614931436,
        0.016835298287105078,
        0.0,
        0.0,
        5.0,
        2.668293678163306,
        2.0,
        0.0,
        0.0,
        0.9999999999999999,
        2.0,
        0.0,
        0.0
    ],
    "q_presolve": [
        0.0,
        0.0,
        0.0,
        0.6789571552056751,
        0.08372337000547048,
        1.0,
        0.0,
        0.0,
        0.375,
        0.3210428447943248,
        0.0,
        1.0,
        0.0,
        0.0,
        0.08353670977041315,
        0.0,
        0.0,
        0.0,
        0.6587877173067134,
        0.0,
        0.0,
        0.0,
        1.0,
        0.2922728608266159,
        0.26539767719001905,
        0.0,
        0.3412122826932866,
        0.0,
        1.0,
        0.0,
        0.6832039372969813,
        0.0,
        0.0,
        0.0,
        0.0,
        0.0,
        0.0,
        0.0,
        0.3167960627030188,
        0.3580762387048812,
        0.0,
        0.0,
        1.0,
        0.0,
        0.0,
        0.7077271391733841,
        0.0,
        0.7609455133965932,
        0.0,
        0.0,
        0.0,
        0.0,
        0.0,
        0.0,
        1.0,
        0.0,
        0.0,
        0.8364629365656453,
        0.0,
        0.0,
        0.0,
        0.0,
        0.0,
        0.23905448660340675,
        1.0,
        0.0,
        0.0,
        0.2760656130395678,
        0.07981369342888413,
        0.0,
        0.6419237612951189
    ],