{
    "upper_bound_presolve": -617.5861789970911,
    "x_ij_presolve": [
        0.0,
        0.0,
        1.359846477979458,
        0.0,
        0.0,
        0.0,
        1.6758043477127178,
        0.0,
        0.0,
        0.0,
        0.0,
        0.0,
        0.0,
        0.0,
        0.0,
        0.0,
        0.0,
        0.0,
        0.2419594054603071,
        0.0,
        0.0,
        0.0,
        0.0,
        0.0,
        0.0,
        0.0,
        0.0,
        2.0,
        0.0,
        3.0,
        0.0,
        0.0,
        0.0,
        0.0,
        0.0,
        0.0,
        0.0,
        0.0,
        0.0,
        0.0,
        0.0,
        0.0,
        0.0,
        0.6401535220205421,
        0.0,
        0.0,
        0.0,
        0.0,
        0.0,
        0.0,
        0.0,
        0.0,
        0.0,
        0.0,
        0.0,
        0.03637150243854568,
        0.0,
        0.0,
        0.0,
        2.0,
        0.0,
        0.0,
        0.0,
        0.0,
        6.0,
        0.0,
        0.0,
        0.0,
        0.0,
        0.7580405945396929,
        0.0,
        0.0,
        0.0,
        0.0,
        0.0,
        0.0,
        0.32668446528517586,
        0.9489342124799045,
        0.0,
        0.0,
        0.0,
        0.0,
        0.0,
        0.0,
        0.0,
        0.0,
        0.0,
        0.0,
        0.0,
        0.0,
        0.0,
        0.0,
        0.0,
        0.0,
        0.0,
        0.0,
        0.0,
        0.0,
        0.0,
        0.0,
        0.0,
        0.0,
        0.0,
        0.0,
        0.0,
        0.6948099592454681,
        0.0,
        0.0,
        0.0,
        0.0,
        0.05535444371211728,
        0.0,
        0.08843406417426762,
        2.6063236621078953,
        0.0,
        0.0
    ],
    "x_il_presolve": [
        0.0,
        0.0,
        0.0,
        2.2342549985254334,
        3.232647904480134,
        0.9975111870021066,
        0.0,
        0.0,
        2.6170314950808367,
        0.7657450014745668,
        0.0,
        3.0,
        0.0,
        0.0,
        0.0,
        0.0,
        0.0,
        0.0,
        7.248740780440106,
        0.0,
        1.3078353404258747,
        0.0,
        3.0,
        0.7768882424167497,
        2.22311175758325,
        0.0,
        0.7512592195598948,
        0.0,
        2.963628497561454,
        0.0,
        3.0,
        0.0,
        0.0,
        0.0,
        0.0,
        0.0,
        0.0,
        0.0,
        1.4855828502426154,
        0.7563765552176919,
        0.0,
        0.0,
        3.0,
        0.0,
        0.0,
        2.22311175758325,
        0.0,
        3.0,
        0.0,
        0.0,
        0.0,
        0.0,
        0.0,
        0.0,
        3.864788029347579,
        0.0,
        0.0,
        1.6252584511143384,
        0.0,
        0.0,
        0.0,
        0.0,
        0.0,
        0.0,
        0.0,
        0.0,
        0.0,
        3.1598567473359136,
        2.0900310826698068,
        0.0,
        2.2436234447823082
    ],
    "x_lj_presolve": [
        2.0,
        0.0,
        0.0,
        1.0,
        0.3241956522872824,
        0.6733155347148242,
        0.0,
        0.0,
        2.0,
        1.0,
        0.0,
        1.0363715024385465,
        0.9115659358257324,
        1.0520625617357213,
        2.0,
        0.0,
        0.0,
        0.0,
        0.9636284975614535,
        0.0,
        0.0,
        2.0,
        1.0,
        0.0,
        0.0,
        0.0,
        6.0,
        1.8420709153080959,
        0.0,
        0.1579290846919039,
        1.2498355970424146,
        0.8420709153080962,
        0.9080934876494894,
        2.0,
        6.0,
        0.0,
        2.0,
        1.0,
        0.0,
        0.0,
        1.0510657875200955,
        4.121557582253358,
        0.0,
        0.0,
        5.0,
        1.9479374382642787,
        2.0,
        0.0,
        0.0,
        1.0,
        2.0,
        2.485582850242616,
        0.0
    ],
    "q_presolve": [
        0.0,
        0.0,
        0.0,
        0.7447516661751444,
        0.4652672729430489,
        1.0,
        0.0,
        0.0,
        0.3271289368851045,
        0.2552483338248556,
        0.0,
        1.0,
        0.0,
        0.0,
        0.0,
        0.0,
        0.0,
        0.0,
        0.9060925975550131,
        0.0,
        0.2528379212892808,
        0.0,
        1.0,
        0.2589627474722499,
        0.2778889696979063,
        0.0,
        0.09390740244498685,
        0.0,
        1.0,
        1.0,
        0.6688094056355991,
        0.0,
        0.0,
        0.0,
        0.0,
        0.0,
        0.0,
        0.0,
        0.3311905943644009,
        0.25212551840589725,
        0.0,
        0.0,
        1.0,
        0.0,
        0.0,
        0.7410372525277501,
        0.0,
        1.0,
        0.0,
        0.0,
        0.0,
        0.0,
        0.0,
        0.0,
        0.7471620787107193,
        0.0,
        0.0,
        0.23391955750257268,
        0.0,
        0.0,
        0.0,
        0.0,
        0.0,
        0.0,
        0.0,
        0.0,
        0.0,
        0.39498209341698914,
        0.30081316955437853,
        0.0,
        0.7478744815941027
    ],