{
    "upper_bound_presolve": -617.4741532483966,
    "x_ij_presolve": [
        0.0,
        0.0,
        1.258772845880868,
        0.0,
        1.0655673581525966,
        0.0,
        1.3672186017855865,
        0.0,
        0.0,
        0.0,
        0.0,
        0.0,
        0.0,
        0.0,
        0.0,
        0.0,
        0.0,
        0.0,
        0.24679472989393345,
        0.0,
        0.0,
        0.0,
        0.0,
        0.0,
        0.0,
        0.0,
        0.0,
        2.0,
        0.0,
        0.0,
        0.0,
        0.0,
        0.0,
        0.0,
        0.0,
        0.0,
        0.0,
        0.0,
        0.0,
        0.0,
        0.0,
        0.0,
        0.0,
        0.7412271541191322,
        0.0,
        0.0,
        0.0,
        0.0,
        0.0,
        0.0,
        0.0,
        0.0,
        0.0,
        0.0,
        0.0,
        1.0000000000000002,
        0.0,
        0.9027609582253711,
        0.029439101266735018,
        1.7934647776246369,
        0.0,
        0.0,
        0.0,
        0.34269019171536247,
        6.0,
        0.0,
        0.0,
        0.0,
        0.0,
        0.7532052701060665,
        0.0,
        0.0,
        0.0,
        0.0,
        0.0,
        0.0,
        0.18631496749258306,
        0.9364166025890649,
        0.0,
        0.0,
        0.0,
        0.0,
        0.0,
        0.0,
        0.0,
        0.0,
        0.0,
        0.0,
        0.0,
        0.0,
        0.0,
        1.0635833974109352,
        0.0,
        0.0,
        0.0,
        0.0,
        0.0,
        0.0,
        0.0,
        0.22832620308865598,
        0.0,
        0.0,
        0.0,
        0.0,
        0.0,
        0.0,
        0.0,
        0.0,
        0.0,
        0.0,
        0.0,
        0.0,
        0.0,
        3.805770298127293,
        0.0,
        0.0
    ],
    "x_il_presolve": [
        0.0,
        0.0,
        0.0,
        2.182323304047291,
        3.292943556085669,
        1.4464664307218307,
        0.21142550829102394,
        0.0,
        2.0307941417331707,
        0.8176766959527091,
        0.0,
        3.0,
        0.0,
        0.0,
        3.0,
        0.0,
        0.0,
        0.0,
        7.258772845880868,
        0.0,
        0.0,
        0.0,
        2.7885744917089763,
        1.0097078088351106,
        1.9902921911648894,
        0.0,
        0.7412271541191316,
        0.0,
        2.0,
        0.0,
        2.0677999405078937,
        0.0,
        0.0,
        0.0,
        0.0,
        0.0,
        0.0,
        0.0,
        2.096990660098078,
        0.0,
        0.0,
        0.0,
        3.0,
        0.0,
        0.0,
        1.9902921911648896,
        0.0,
        3.0,
        0.0,
        0.0,
        0.0,
        0.0,
        0.0,
        0.0,
        0.0,
        0.0,
        0.0,
        0.0,
        0.0,
        0.0,
        0.0,
        0.0,
        0.0,
        0.0,
        0.20653522237536318,
        0.0,
        0.0,
        0.9789136671019406,
        3.2153160347707663,
        0.0,
        5.855156656186949
    ],
    "x_lj_presolve": [
        0.9344326418474034,
        4.1490502174282025,
        0.0,
        0.7716737969113441,
        0.6327813982144136,
        0.813685032507417,
        0.0,
        0.0,
        2.0,
        1.0,
        0.0,
        1.6573098082846376,
        1.0,
        0.3426901917153623,
        2.0,
        0.0,
        0.0,
        0.0,
        0.0,
        0.0,
        0.0,
        2.0,
        1.0,
        0.20653522237536318,
        0.0,
        0.0,
        5.097239041774629,
        2.902760958225371,
        0.0,
        0.0,
        2.0,
        0.970560898733264,
        0.029439101266736004,
        2.0,
        6.0,
        0.0,
        2.0,
        1.0,
        0.0,
        0.0,
        0.0,
        0.0,
        0.0,
        0.0,
        5.0,
        1.5082595908564351,
        2.0,
        0.0,
        0.0,
        0.9999999999999999,
        2.0,
        2.1647906006059716,
        0.0
    ],
    "q_presolve": [
        0.0,
        0.0,
        0.0,
        0.727441101349097,
        0.5059637695939451,
        1.0,
        0.07047516943034131,
        0.0,
        0.25384926771664623,
        0.272558898650903,
        0.0,
        1.0,
        0.0,
        0.0,
        0.375,
        0.0,
        0.0,
        0.0,
        0.9073466057351085,
        0.0,
        0.0,
        0.0,
        0.9295248305696587,
        0.3365692696117035,
        0.24878652389561118,
        0.0,
        0.09265339426489146,
        0.0,
        1.0,
        0.0,
        0.4964955357436293,
        0.0,
        0.0,
        0.0,
        0.0,
        0.0,
        0.0,
        0.0,
        0.5035044642563707,
        0.0,
        0.0,
        0.0,
        1.0,
        0.0,
        0.0,
        0.6634307303882966,
        0.0,
        1.0,
        0.0,
        0.0,
        0.0,
        0.0,
        0.0,
        0.0,
        0.0,
        1.0,
        0.0,
        0.0,
        0.0,
        0.0,
        0.0,
        0.0,
        0.0,
        0.0,
        1.0,
        0.0,
        0.0,
        0.12236420838774258,
        0.49403623040605493,
        0.0,
        1.0
    ],