{
    "upper_bound_presolve": -609.7515094714677,
    "x_ij_presolve": [
        0.0,
        0.0,
        1.572671191043245,
        0.0,
        0.0,
        0.0,
        1.7415868388507283,
        0.0,
        0.0,
        0.0,
        0.0,
        0.0,
        0.0,
        0.0,
        0.0,
        0.0,
        0.0,
        0.0,
        0.27414167823947033,
        0.0,
        1.2933546424858804,
        0.0,
        0.0,
        0.0,
        0.0,
        0.0,
        0.0,
        2.0,
        0.0,
        3.0,
        0.0,
        0.0,
        0.0,
        0.0,
        0.0,
        0.0,
        0.0,
        0.0,
        0.0,
        0.0,
        0.0,
        0.0,
        0.0,
        0.4273288089567552,
        0.0,
        0.0,
        0.0,
        0.0,
        0.0,
        0.0,
        0.0,
        0.0,
        0.0,
        0.0,
        0.0,
        0.42980289213359124,
        0.0,
        0.0,
        0.16841564809214626,
        2.0,
        0.0,
        0.0,
        0.0,
        0.0,
        6.0,
        0.0,
        0.0,
        0.0,
        0.0,
        0.7258583217605297,
        0.0,
        0.0,
        0.0,
        0.0,
        0.0,
        0.0,
        0.3655233201068766,
        0.8015912585160865,
        0.0,
        0.0,
        0.0,
        0.0,
        0.0,
        0.0,
        0.0,
        0.0,
        0.0,
        0.038593919582854734,
        0.0,
        0.0,
        0.34286600972506526,
        1.1984087414839137,
        0.6491811716827068,
        0.0,
        0.0,
        0.0,
        0.0,
        0.0,
        0.0,
        0.0,
        0.0,
        0.0,
        0.0,
        0.0,
        0.0,
        0.0,
        0.0,
        0.0,
        0.0,
        0.0,
        0.019455360170653146,
        0.0,
        0.01021571510993826,
        1.5442957528747419,
        0.0,
        0.0
    ],
    "x_il_presolve": [
        0.0,
        0.0,
        0.0,
        2.1392968885710824,
        4.724632867073482,
        0.8928898410423951,
        0.0,
        0.0,
        2.423884338298088,
        0.8607031114289173,
        0.0,
        3.0,
        0.0,
        0.0,
        0.0,
        0.0,
        0.0,
        0.0,
        5.836972933836537,
        0.0,
        0.0,
        0.0,
        3.0,
        1.0544866356544156,
        1.9455133643455846,
        0.0,
        2.1630270661634636,
        0.0,
        2.5701971078664085,
        0.0,
        2.831584351907854,
        0.0,
        0.0,
        0.0,
        0.0,
        0.0,
        0.0,
        0.0,
        1.2283328897750354,
        1.0458087884644345,
        0.0,
        0.0,
        2.961406080417145,
        0.0,
        0.0,
        1.9455133643455844,
        0.0,
        3.0,
        0.0,
        0.0,
        0.0,
        0.0,
        0.0,
        0.0,
        0.0,
        0.0,
        0.0,
        0.0,
        0.0,
        0.0,
        0.0,
        0.0,
        0.0,
        0.0,
        0.0,
        0.0,
        0.0,
        3.6306022973563277,
        2.79543087448834,
        0.0,
        2.4254099919660197
    ],
    "x_lj_presolve": [
        2.0,
        0.47121878043045484,
        0.0,
        1.0,
        0.25841316114927176,
        0.6344766798931234,
        0.0,
        0.0,
        2.0,
        1.0,
        0.0,
        1.4298028921335912,
        0.9897842848900618,
        0.5804128229763471,
        2.0,
        0.0,
        0.0,
        0.0,
        0.5701971078664088,
        0.0,
        0.0,
        2.0,
        1.0,
        0.0,
        0.0,
        0.0,
        6.0,
        2.0000000000000004,
        0.0,
        0.0,
        1.980544639829347,
        0.8315843519078538,
        0.1878710082627994,
        2.0,
        6.0,
        0.0,
        1.9614060804171454,
        1.0,
        0.0,
        0.0,
        0.0,
        0.0,
        0.0,
        0.0,
        5.571695344968624,
        1.9483683965931984,
        1.6571339902749347,
        0.0,
        0.9145613546936892,
        0.42830465503137605,
        2.0,
        2.0599172416828893,
        0.0
    ],
    "q_presolve": [
        0.0,
        0.0,
        0.0,
        0.7130989628570275,
        0.6282703218273834,
        1.0,
        0.0,
        0.0,
        0.302985542287261,
        0.2869010371429725,
        0.0,
        1.0,
        0.0,
        0.0,
        0.0,
        0.0,
        0.0,
        0.0,
        0.729621616729567,
        0.0,
        0.0,
        0.0,
        1.0,
        0.3514955452181385,
        0.24318917054319808,
        0.0,
        0.27037838327043295,
        0.0,
        1.0,
        1.0,
        0.6974487861073062,
        0.0,
        0.0,
        0.0,
        0.0,
        0.0,
        0.0,
        0.0,
        0.3025512138926939,
        0.30127999835687314,
        0.0,
        0.0,
        1.0,
        0.0,
        0.0,
        0.6485044547818615,
        0.0,
        1.0,
        0.0,
        0.0,
        0.0,
        0.0,
        0.0,
        0.0,
        0.0,
        1.0,
        0.0,
        0.0,
        0.0,
        0.0,
        0.0,
        0.0,
        0.0,
        0.0,
        0.0,
        0.0,
        0.0,
        0.45382528716954096,
        0.3717296781726167,
        0.0,
        0.6987200016431268
    ],