{
    "upper_bound_presolve": -614.0615283705857,
    "x_ij_presolve": [
        0.0,
        0.3784639950113388,
        1.5371181860231757,
        0.0,
        0.0,
        0.0,
        1.6364817867667039,
        0.0,
        0.0,
        0.0,
        0.0,
        0.0,
        0.0,
        0.0,
        0.0,
        0.0,
        0.0,
        0.0,
        0.2487272066670296,
        0.0,
        0.0,
        0.0,
        0.0,
        0.0,
        0.0,
        0.0,
        0.0,
        2.0,
        0.0,
        0.0,
        0.0,
        0.0,
        0.0,
        0.0,
        0.0,
        0.0,
        0.0,
        0.0,
        0.0,
        0.0,
        0.0,
        0.0,
        0.0,
        0.46288181397682443,
        0.0,
        0.0,
        0.0,
        0.0,
        0.0,
        0.0,
        0.0,
        0.0,
        0.0,
        0.0,
        0.0,
        0.8384813944043755,
        0.0,
        1.3492657190112831,
        0.5234984172054505,
        1.8465873407836033,
        0.0,
        0.0,
        0.0,
        0.0,
        6.0,
        0.0,
        0.6559985099862486,
        0.0,
        0.0,
        0.7512727933329704,
        0.0,
        0.0,
        0.0,
        0.0,
        0.0,
        0.0,
        0.4270774967882306,
        0.8938806941562879,
        0.0,
        0.0,
        0.0,
        0.0,
        0.0,
        0.0,
        0.0,
        0.0,
        0.0,
        0.06935264353884271,
        0.0,
        0.0,
        0.0,
        1.1061193058437122,
        0.0,
        0.0,
        0.0,
        0.0,
        0.0,
        0.0,
        0.0,
        0.0,
        0.0,
        0.0,
        0.0,
        0.0,
        0.0,
        0.6073615498524351,
        0.0,
        0.0,
        0.10878021650518366,
        0.0,
        0.09794070226366682,
        0.0,
        0.07679719304287515,
        4.771199330678448,
        0.0,
        0.0
    ],
    "x_il_presolve": [
        0.0,
        0.0,
        0.0,
        2.240164861697374,
        0.9736548701463107,
        0.9364407164450657,
        0.0,
        0.0,
        0.0,
        0.7598351383026256,
        0.0,
        3.0,
        0.0,
        0.0,
        2.849743438563645,
        0.0,
        0.21475555241736585,
        0.0,
        4.785244447582633,
        0.0,
        0.0,
        0.0,
        3.0,
        0.9038062125786569,
        2.096193787421343,
        0.0,
        3.0,
        0.0,
        2.1615186055956244,
        0.0,
        1.1272358637832662,
        0.0,
        0.0,
        0.0,
        0.0,
        0.0,
        0.0,
        0.0,
        0.8727641362167339,
        0.0,
        0.0,
        0.0,
        2.9306473564611575,
        0.0,
        0.0,
        2.096193787421343,
        0.0,
        2.5802326795246437,
        0.0,
        0.0,
        0.0,
        0.0,
        0.0,
        0.0,
        0.0,
        0.0,
        0.0,
        7.026345129853687,
        0.0,
        0.0,
        0.0,
        0.0,
        0.0,
        0.41976732047535653,
        0.15341265921639685,
        0.0,
        0.0,
        3.0540627740150104,
        0.0,
        0.0,
        5.274439989844981
    ],
    "x_lj_presolve": [
        2.0,
        2.274439989844981,
        0.0,
        1.0,
        0.3635182132332962,
        0.5729225032117694,
        0.0,
        0.0,
        2.0,
        1.0,
        0.0,
        1.460017399393037,
        0.9232028069571249,
        0.6167797936498379,
        1.6215360049886614,
        0.0,
        0.0,
        0.0,
        0.539982600606963,
        0.0,
        0.0,
        2.0,
        1.0,
        0.15341265921639685,
        0.0,
        0.0,
        3.994735771002468,
        4.0052642289975315,
        0.0,
        0.0,
        1.2946977478838981,
        0.47650158279454946,
        1.2288006693215523,
        2.0,
        6.0,
        0.0,
        1.9306473564611575,
        1.0,
        0.0,
        0.0,
        0.0,
        0.0,
        0.0,
        0.0,
        4.891219783494816,
        3.108780216505181,
        1.8912197834948163,
        0.0,
        0.0,
        1.1087802165051837,
        2.0,
        0.0,
        0.0
    ],
    "q_presolve": [
        0.0,
        0.0,
        0.0,
        0.7467216205657914,
        0.12170685876828884,
        1.0,
        0.0,
        0.0,
        0.0,
        0.25327837943420856,
        0.0,
        1.0,
        0.0,
        0.0,
        0.35621792982045564,
        0.0,
        0.02684444405217073,
        0.0,
        0.5981555559478291,
        0.0,
        0.0,
        0.0,
        1.0,
        0.3012687375262189,
        0.2620242234276679,
        0.0,
        0.375,
        0.0,
        1.0,
        0.0,
        0.5636179318916331,
        0.0,
        0.0,
        0.0,
        0.0,
        0.0,
        0.0,
        0.0,
        0.43638206810836694,
        0.0,
        0.0,
        0.0,
        1.0,
        0.0,
        0.0,
        0.698731262473781,
        0.0,
        0.8600775598415479,
        0.0,
        0.0,
        0.0,
        0.0,
        0.0,
        0.0,
        0.0,
        1.0,
        0.0,
        0.8782931412317112,
        0.0,
        0.0,
        0.0,
        0.0,
        0.0,
        0.13992244015845218,
        1.0,
        0.0,
        0.0,
        0.3817578467518763,
        0.0,
        0.0,
        1.0
    ],