{
    "upper_bound_presolve": -616.2501692991046,
    "x_ij_presolve": [
        0.0,
        0.0,
        1.4717621375411234,
        0.0,
        0.8670390040955789,
        0.0,
        1.5658671774687236,
        0.0,
        0.0,
        0.0,
        0.0,
        0.0,
        0.0,
        0.0,
        0.0,
        0.0,
        0.0,
        0.0,
        0.26314532965428783,
        0.0,
        0.0,
        0.0,
        0.0,
        0.0,
        0.0,
        0.0,
        0.0,
        2.0,
        0.0,
        0.0,
        0.0,
        0.0,
        0.0,
        0.0,
        0.0,
        0.0,
        0.0,
        0.0,
        0.0,
        0.0,
        0.0,
        0.0,
        0.0,
        0.5282378624588766,
        0.0,
        0.0,
        0.0,
        0.0,
        0.0,
        0.0,
        0.0,
        0.0,
        0.0,
        0.0,
        0.0,
        0.1183694420947939,
        0.0,
        0.9694775280180028,
        0.11237205174320056,
        1.918142615248307,
        0.0,
        0.0,
        0.0,
        0.0,
        6.0,
        0.0,
        0.0,
        0.0,
        0.0,
        0.7368546703457122,
        0.0,
        0.0,
        0.0,
        0.0,
        0.0,
        0.0,
        0.45672321516266795,
        0.47912210416553125,
        0.0,
        0.0,
        0.0,
        0.0,
        0.0,
        0.0,
        0.0,
        0.0,
        0.0,
        0.0,
        0.0,
        0.0,
        0.0,
        0.0,
        0.0,
        0.0,
        0.0,
        0.0,
        0.0,
        0.0,
        0.0,
        0.08333581828330203,
        0.0,
        0.0,
        0.0,
        0.0,
        0.0,
        0.5455248264496259,
        0.0,
        0.0,
        0.7676257762060344,
        0.0,
        0.07205827982262698,
        0.0,
        0.07711936523403391,
        3.0887490920914606,
        0.0,
        0.0
    ],
    "x_il_presolve": [
        0.0,
        0.0,
        0.0,
        2.1516623372441033,
        3.1332580603167246,
        0.9774096073686084,
        0.0,
        0.0,
        1.1191950765446403,
        0.8483376627558972,
        0.0,
        3.0,
        0.0,
        0.0,
        3.0,
        0.0,
        0.0,
        0.0,
        5.746759672260158,
        0.0,
        0.0,
        0.0,
        3.0,
        0.7668507352995011,
        2.233149264700499,
        0.0,
        2.2532403277398423,
        0.0,
        2.881630557905206,
        0.0,
        1.9181504202387967,
        0.0,
        0.0,
        0.0,
        0.0,
        0.0,
        0.0,
        0.0,
        2.263145329654288,
        0.0,
        0.0,
        0.0,
        3.0,
        0.0,
        0.0,
        2.233149264700499,
        0.0,
        3.0,
        0.0,
        0.0,
        0.0,
        0.0,
        0.0,
        0.0,
        4.433030925721672,
        0.0,
        0.0,
        0.0,
        0.0,
        0.0,
        0.0,
        0.0,
        0.0,
        0.0,
        0.08185738475169302,
        0.0,
        0.0,
        1.6476556587548603,
        3.114417604097018,
        0.0,
        5.075573813862102
    ],
    "x_lj_presolve": [
        1.1329609959044211,
        3.025948636240983,
        0.0,
        0.916664181716698,
        0.4341328225312763,
        0.5432767848373321,
        0.0,
        0.0,
        2.0,
        1.0,
        0.0,
        1.1183694420947938,
        0.9228806347659662,
        0.9587499231392398,
        2.0,
        0.0,
        0.0,
        0.0,
        0.8816305579052062,
        0.0,
        0.0,
        2.0,
        1.0,
        0.08185738475169302,
        0.0,
        0.0,
        5.030522471981997,
        2.9694775280180026,
        0.0,
        0.0,
        1.3824168937277472,
        0.8876279482567995,
        0.7299551580154533,
        2.0,
        6.0,
        0.0,
        2.0,
        1.0,
        0.0,
        0.0,
        1.5208778958344686,
        2.912153029887204,
        0.0,
        0.0,
        4.232374223793966,
        2.015301440619777,
        1.2323742237939657,
        0.0,
        0.0,
        1.7676257762060346,
        2.0,
        2.1812957498930854,
        0.0
    ],
    "q_presolve": [
        0.0,
        0.0,
        0.0,
        0.7172207790813677,
        0.5015077972378608,
        1.0,
        0.0,
        0.0,
        0.13989938456808004,
        0.2827792209186324,
        0.0,
        1.0,
        0.0,
        0.0,
        0.375,
        0.0,
        0.0,
        0.0,
        0.7183449590325197,
        0.0,
        0.0,
        0.0,
        1.0,
        0.25561691176650037,
        0.27914365808756236,
        0.0,
        0.2816550409674803,
        0.0,
        1.0,
        0.0,
        0.45874545475235595,
        0.0,
        0.0,
        0.0,
        0.0,
        0.0,
        0.0,
        0.0,
        0.5412545452476438,
        0.0,
        0.0,
        0.0,
        1.0,
        0.0,
        0.0,
        0.7443830882334996,
        0.0,
        1.0,
        0.0,
        0.0,
        0.0,
        0.0,
        0.0,
        0.0,
        1.0,
        0.0,
        0.0,
        0.0,
        0.0,
        0.0,
        0.0,
        0.0,
        0.0,
        0.0,
        1.0,
        0.0,
        0.0,
        0.2059569573443576,
        0.4984922027621392,
        0.0,
        1.0
    ],