{
    "upper_bound_presolve": -605.494386398061,
    "x_ij_presolve": [
        0.0,
        0.0,
        1.4291768390362938,
        0.0,
        0.0,
        0.0,
        1.585142899649858,
        0.0,
        0.0,
        0.0,
        0.0,
        0.0,
        0.0,
        0.0,
        0.0,
        0.0,
        0.0,
        0.0,
        0.0,
        0.0,
        0.0,
        0.0,
        0.0,
        0.0,
        0.0,
        0.0,
        0.0,
        2.0,
        0.0,
        2.9875606764190867,
        0.0,
        0.0,
        0.0,
        0.0,
        0.0,
        0.0,
        0.0,
        0.0,
        0.0,
        0.0,
        0.0,
        0.0,
        0.0,
        0.5708231609637061,
        0.0,
        0.0,
        0.0,
        0.0,
        0.0,
        0.0,
        0.0,
        0.0,
        0.0,
        0.0,
        0.0,
        0.45595813977794064,
        0.0,
        0.8864072387670318,
        0.13952499892757605,
        1.93960351101767,
        0.0,
        0.0,
        0.0,
        0.0,
        6.0,
        0.0,
        0.0,
        0.0,
        0.0,
        0.8175188880776804,
        0.0,
        0.0,
        0.0,
        0.0,
        0.0,
        0.0,
        0.18645005080496918,
        0.9862198875127371,
        0.0,
        0.0,
        0.0,
        0.0,
        0.0,
        0.0,
        0.0,
        0.0,
        0.0,
        0.0,
        0.0,
        0.0,
        0.8540076938811916,
        1.013780112487263,
        0.0,
        0.0,
        0.0,
        0.0,
        0.0,
        0.0,
        0.0,
        0.0,
        0.0,
        0.0,
        0.0,
        0.0,
        0.0,
        0.3608471238175255,
        0.0,
        0.0,
        0.0,
        0.0,
        0.1254073755326024,
        0.0,
        0.0,
        3.9886102711999616,
        0.0,
        0.0
    ],
    "x_il_presolve": [
        0.0,
        0.0,
        0.0,
        2.399414994257164,
        2.8921888034001446,
        1.228407049545173,
        0.0,
        0.0,
        2.57514523419611,
        0.0,
        0.0,
        3.0,
        0.0,
        0.0,
        0.012439323580913401,
        0.0,
        0.0,
        0.0,
        7.429176839036294,
        0.0,
        0.0,
        0.0,
        3.0,
        0.8754760122161647,
        2.1245239877838356,
        0.0,
        0.5708231609637066,
        0.0,
        2.5440418602220594,
        0.24287760090464966,
        1.1306051556579062,
        0.6005850057428361,
        0.0,
        0.0,
        0.0,
        0.0,
        0.0,
        0.0,
        0.8693948443420938,
        0.962694178647481,
        0.0,
        0.0,
        3.0,
        0.0,
        0.0,
        2.1245239877838356,
        0.0,
        3.0,
        0.0,
        0.0,
        0.0,
        0.0,
        0.0,
        0.0,
        0.0,
        0.0,
        0.0,
        4.509720297771557,
        0.0,
        0.0,
        0.0,
        0.0,
        0.0,
        0.0,
        0.0,
        0.0,
        0.0,
        3.287891454439141,
        0.5980908988282954,
        0.0,
        2.0373058213525193
    ],
    "x_lj_presolve": [
        2.0,
        0.0,
        0.0,
        1.0,
        0.41485710035014217,
        0.8135499491950309,
        0.0,
        0.0,
        2.0,
        1.0,
        0.0,
        1.4559581397779413,
        1.0,
        0.544041860222059,
        2.0,
        0.0,
        0.0,
        0.0,
        0.5440418602220587,
        0.0,
        0.0,
        2.0,
        1.0,
        0.06039648898233001,
        0.18248111192231964,
        0.0,
        5.113592761232968,
        2.886407238767031,
        0.0,
        0.0,
        1.513745500649872,
        0.8604750010724239,
        0.6257794982777042,
        2.0,
        6.0,
        0.0,
        2.0,
        1.0,
        0.0,
        0.0,
        0.0,
        0.0,
        0.0,
        0.0,
        5.5316025366411425,
        2.468397463358855,
        1.1459923061188084,
        0.0,
        1.3856102305223341,
        0.4683974633588572,
        2.0,
        0.0,
        0.0
    ],
    "q_presolve": [
        0.0,
        0.0,
        0.0,
        0.7998049980857214,
        0.3615236004250182,
        1.0,
        0.0,
        0.0,
        0.3218931542745137,
        0.0,
        0.0,
        1.0,
        0.0,
        0.0,
        0.0015549154476141751,
        0.0,
        0.0,
        0.0,
        0.9286471048795367,
        0.0,
        0.0,
        0.0,
        1.0,
        0.2918253374053882,
        0.26556549847297944,
        0.0,
        0.07135289512046332,
        0.0,
        1.0,
        1.0,
        0.5653025778289531,
        0.2001950019142787,
        0.0,
        0.0,
        0.0,
        0.0,
        0.0,
        0.0,
        0.4346974221710469,
        0.32089805954916034,
        0.0,
        0.0,
        1.0,
        0.0,
        0.0,
        0.7081746625946118,
        0.0,
        1.0,
        0.0,
        0.0,
        0.0,
        0.0,
        0.0,
        0.0,
        0.0,
        1.0,
        0.0,
        0.5637150372214449,
        0.0,
        0.0,
        0.0,
        0.0,
        0.0,
        0.0,
        0.0,
        0.0,
        0.0,
        0.41098643180489264,
        0.07476136235353692,
        0.0,
        0.6791019404508397
    ],