{
    "upper_bound_presolve": -603.1077733545546,
    "x_ij_presolve": [
        0.0,
        0.30642492385649883,
        1.2987679286183642,
        0.0,
        0.0,
        0.0,
        1.5720847401950826,
        0.0,
        0.0,
        0.0,
        0.0,
        0.0,
        0.0,
        0.0,
        0.0,
        0.0,
        0.0,
        0.0,
        0.25540962818786517,
        0.0,
        1.3841610030895732,
        0.0,
        0.0,
        0.0,
        0.0,
        0.0,
        0.0,
        2.0,
        0.0,
        3.0,
        0.0,
        0.0,
        0.0,
        0.0,
        0.0,
        0.0,
        0.0,
        0.0,
        0.0,
        0.0,
        0.0,
        0.0,
        0.0,
        0.7012320713816357,
        0.0,
        0.0,
        0.0,
        0.0,
        0.0,
        0.0,
        0.0,
        0.0,
        0.0,
        0.0,
        0.0,
        0.9875332065119425,
        0.0,
        1.3482452060988435,
        0.1354746664099122,
        2.0,
        0.0,
        0.0,
        0.0,
        0.0,
        6.0,
        0.0,
        0.0,
        0.0,
        0.0,
        0.7445903718121349,
        0.0,
        0.0,
        0.0,
        0.0,
        0.0,
        0.0,
        0.3257725431364531,
        0.9739502652838419,
        0.0,
        0.0,
        0.0,
        0.0,
        0.0,
        0.0,
        0.0,
        0.0,
        0.0,
        0.0,
        0.0,
        0.0,
        0.7772408629611113,
        1.0260497347161583,
        0.0,
        0.0,
        0.0,
        0.0,
        0.0,
        0.0,
        0.0,
        0.0,
        0.0,
        0.0,
        0.0,
        0.0,
        0.0,
        1.6777971335794382,
        0.0,
        0.0,
        0.0,
        0.0,
        0.05807575181631929,
        0.0,
        0.0,
        2.0354014532337557,
        0.0,
        0.0
    ],
    "x_il_presolve": [
        0.0,
        0.0,
        0.0,
        2.1615590098772084,
        3.3142141777432794,
        1.1021427166684643,
        0.0,
        0.0,
        3.0,
        0.838440990122792,
        0.0,
        3.0,
        0.0,
        0.0,
        0.0,
        0.0,
        0.0,
        0.0,
        7.298767928618364,
        0.0,
        0.0,
        0.0,
        3.0,
        1.1260113901730198,
        1.87398860982698,
        0.0,
        0.7012320713816358,
        0.0,
        2.0124667934880573,
        0.0,
        1.5162801274912443,
        0.0,
        0.0,
        0.0,
        0.0,
        0.0,
        0.0,
        0.0,
        1.1928098643797576,
        1.0605384317370088,
        0.0,
        0.0,
        3.0,
        0.0,
        0.0,
        1.8739886098269802,
        0.0,
        3.0,
        0.0,
        0.0,
        0.0,
        0.0,
        0.0,
        0.0,
        0.0,
        0.0,
        0.0,
        0.0,
        0.0,
        0.0,
        0.0,
        0.0,
        0.0,
        0.0,
        0.0,
        0.0,
        0.0,
        3.1260113901730193,
        2.780511404776906,
        0.0,
        2.748603405437138
    ],
    "x_lj_presolve": [
        2.0,
        0.809141837174147,
        0.0,
        1.0,
        0.42791525980491735,
        0.6742274568635469,
        0.0,
        0.0,
        2.0,
        1.0,
        0.0,
        1.681108282655444,
        1.0,
        0.31889171734455624,
        1.6935750761435011,
        0.0,
        0.0,
        0.0,
        0.31889171734455607,
        0.0,
        0.0,
        2.0,
        1.0,
        0.0,
        0.0,
        0.0,
        4.651754793901157,
        3.3482452060988432,
        0.0,
        0.0,
        0.2641271146042425,
        0.8645253335900878,
        1.8713475518056695,
        2.0,
        6.0,
        0.0,
        2.0,
        1.0,
        0.0,
        0.0,
        0.0,
        0.0,
        0.0,
        0.0,
        4.222759137038889,
        1.8719664454812965,
        1.2227591370388886,
        0.0,
        0.0,
        1.7772408629611116,
        2.0,
        0.7090899918710016,
        0.0
    ],
    "q_presolve": [
        0.0,
        0.0,
        0.0,
        0.7205196699590694,
        0.5437839871328289,
        1.0,
        0.0,
        0.0,
        0.375,
        0.27948033004093065,
        0.0,
        1.0,
        0.0,
        0.0,
        0.0,
        0.0,
        0.0,
        0.0,
        0.9123459910772955,
        0.0,
        1.0,
        0.0,
        1.0,
        0.3753371300576732,
        0.2342485762283725,
        0.0,
        0.08765400892270447,
        0.0,
        1.0,
        1.0,
        0.5597009077000218,
        0.0,
        0.0,
        0.0,
        0.0,
        0.0,
        0.0,
        0.0,
        0.4402990922999783,
        0.27841925480091356,
        0.0,
        0.0,
        1.0,
        0.0,
        0.0,
        0.6246628699423268,
        0.0,
        1.0,
        0.0,
        0.0,
        0.0,
        0.0,
        0.0,
        0.0,
        0.0,
        0.0,
        0.0,
        0.0,
        0.0,
        0.0,
        0.0,
        0.0,
        0.0,
        0.0,
        0.0,
        0.0,
        0.0,
        0.3907514237716274,
        0.4562160128671711,
        0.0,
        0.7215807451990864
    ],