{
    "upper_bound_presolve": -623.6105978931798,
    "x_ij_presolve": [
        0.0,
        0.0,
        1.6807454173750467,
        0.0,
        0.9573197747721598,
        0.0,
        1.5468098312390073,
        0.0,
        0.0,
        0.0,
        0.0,
        0.0,
        0.0,
        0.0,
        0.0,
        0.0,
        0.0,
        0.0,
        0.2299377244341245,
        0.0,
        0.0,
        0.0,
        0.0,
        0.0,
        0.0,
        0.0,
        0.0,
        2.0,
        0.0,
        0.0,
        0.0,
        0.0,
        0.0,
        0.0,
        0.0,
        0.0,
        0.0,
        0.0,
        0.0,
        0.0,
        0.0,
        0.0,
        0.0,
        0.3192545826249534,
        0.0,
        0.0,
        0.0,
        0.0,
        0.0,
        0.0,
        0.0,
        0.0,
        0.0,
        0.0,
        0.0,
        0.641372362212925,
        0.0,
        1.2968287499093532,
        0.09950232322666228,
        2.0,
        0.0,
        0.0,
        0.0,
        0.0,
        6.0,
        0.0,
        0.0,
        0.0,
        0.0,
        0.7700622755658755,
        0.0,
        0.0,
        0.0,
        0.0,
        0.0,
        0.0,
        0.49445031486812935,
        0.67195260388266,
        0.0,
        0.0,
        0.0,
        0.0,
        0.0,
        0.0,
        0.0,
        0.0,
        0.0,
        0.07360517526180027,
        0.0,
        0.0,
        0.0,
        1.3280473961173402,
        0.34567930082655596,
        0.0,
        0.0,
        0.0,
        0.0,
        0.0,
        0.0,
        0.18596698931627448,
        0.0,
        0.0,
        0.0,
        0.0,
        0.0,
        0.7155091331661657,
        0.0,
        0.0,
        0.0,
        0.0,
        0.0,
        0.0,
        0.0,
        5.12378636341386,
        0.0,
        0.0
    ],
    "x_il_presolve": [
        0.0,
        0.0,
        0.0,
        2.2712785974646805,
        1.467627315717789,
        0.9587398538928635,
        0.4791132925400788,
        0.0,
        0.0,
        0.7287214025353195,
        0.0,
        3.0,
        0.0,
        0.0,
        2.95699912143706,
        0.0,
        0.0,
        0.0,
        5.363684651059958,
        0.0,
        0.0,
        0.0,
        2.5208867074599213,
        0.8332127580231994,
        2.1667872419768006,
        0.0,
        2.6363153489400424,
        0.0,
        2.358627637787075,
        0.0,
        1.6036689268639843,
        0.0,
        0.0,
        0.0,
        0.0,
        0.0,
        0.0,
        0.0,
        0.3963310731360157,
        0.0,
        0.0,
        0.0,
        2.9263948247381997,
        0.0,
        0.0,
        2.1667872419768006,
        0.0,
        2.666110905795909,
        0.0,
        0.0,
        0.0,
        0.0,
        0.0,
        0.0,
        0.0,
        0.0,
        0.0,
        5.076496194319757,
        0.0,
        0.0,
        0.0,
        0.0,
        0.0,
        0.33388909420409063,
        0.0,
        0.0,
        0.0,
        2.8762136365861397,
        0.0,
        0.0,
        6.015164268280257
    ],
    "x_lj_presolve": [
        1.0426802252278404,
        4.158451032368691,
        0.0,
        0.8140330106837256,
        0.4531901687609929,
        0.5055496851318706,
        0.0,
        0.0,
        2.0,
        1.0,
        0.0,
        1.6413723622129253,
        1.0,
        0.3586276377870749,
        2.0,
        0.0,
        0.0,
        0.0,
        0.3586276377870749,
        0.0,
        0.0,
        2.0,
        1.0,
        0.0,
        0.0,
        0.0,
        4.703171250090647,
        3.2968287499093534,
        0.0,
        0.0,
        1.2844908668338344,
        0.9004976767733377,
        0.8150114563928277,
        2.0,
        6.0,
        0.0,
        1.9263948247381997,
        1.0,
        0.0,
        0.0,
        0.0,
        0.0,
        0.0,
        0.0,
        5.0612021801933125,
        1.4829213298442336,
        2.0,
        0.0,
        0.06120218019331275,
        0.9387978198066873,
        2.0,
        0.0,
        0.0
    ],
    "q_presolve": [
        0.0,
        0.0,
        0.0,
        0.7570928658215602,
        0.2242664450734624,
        1.0,
        0.15970443084669292,
        0.0,
        0.0,
        0.24290713417843982,
        0.0,
        1.0,
        0.0,
        0.0,
        0.3696248901796325,
        0.0,
        0.0,
        0.0,
        0.6704605813824949,
        0.0,
        0.0,
        0.0,
        0.840295569153307,
        0.27773758600773313,
        0.2708484052471001,
        0.0,
        0.3295394186175053,
        0.0,
        1.0,
        1.0,
        0.8018344634319922,
        0.0,
        0.0,
        0.0,
        0.0,
        0.0,
        0.0,
        0.0,
        0.19816553656800784,
        0.0,
        0.0,
        0.0,
        1.0,
        0.0,
        0.0,
        0.7222624139922669,
        0.0,
        0.888703635265303,
        0.0,
        0.0,
        0.0,
        0.0,
        0.0,
        0.0,
        0.0,
        1.0,
        0.0,
        0.7757335549265377,
        0.0,
        0.0,
        0.0,
        0.0,
        0.0,
        0.11129636473469687,
        0.0,
        0.0,
        0.0,
        0.35952670457326746,
        0.0,
        0.0,
        1.0
    ],