{
    "upper_bound_presolve": -600.8654270718038,
    "x_ij_presolve": [
        0.0,
        1.2777744465489793,
        1.5127869060707713,
        0.0,
        0.0,
        0.0,
        1.79750608455129,
        0.0,
        0.0,
        0.0,
        0.0,
        0.0,
        0.0,
        0.0,
        0.0,
        0.0,
        0.0,
        0.0,
        0.2166221589373652,
        0.0,
        0.0,
        0.0,
        0.0,
        0.0,
        0.0,
        0.0,
        0.0,
        2.0,
        0.0,
        0.0,
        0.0,
        0.0,
        0.0,
        0.0,
        0.0,
        0.0,
        0.0,
        0.0,
        0.0,
        0.0,
        0.0,
        0.0,
        0.0,
        0.4872130939292285,
        0.0,
        0.0,
        0.5579491003935064,
        0.0,
        0.0,
        0.0,
        0.0,
        0.0,
        0.0,
        0.0,
        0.0,
        3.0,
        0.0,
        0.0,
        0.0,
        2.0,
        0.0,
        0.0,
        0.0,
        0.3970885253169679,
        6.0,
        0.0,
        1.0502575346078686,
        0.0,
        0.0,
        0.7833778410626349,
        0.0,
        0.0,
        0.0,
        0.0,
        0.0,
        0.0,
        0.2676876259832695,
        0.877268100752546,
        0.0,
        0.0,
        0.0,
        0.0,
        0.0,
        0.0,
        0.0,
        0.0,
        0.0,
        0.16427645305751462,
        0.0,
        0.0,
        0.0,
        1.1227318992474542,
        0.0,
        0.0,
        0.0,
        0.0,
        0.0,
        0.12342682249516808,
        0.0,
        0.0,
        0.0,
        0.0,
        0.0,
        0.0,
        0.0,
        0.18799559822096473,
        0.0,
        0.0,
        0.0,
        0.0,
        0.0,
        0.0,
        0.0,
        2.421697885738635,
        0.0,
        0.0
    ],
    "x_il_presolve": [
        0.0,
        0.0,
        0.0,
        2.2941775114912017,
        4.24660936608824,
        0.9348062894654405,
        0.9505568745878515,
        0.0,
        0.9604654598224018,
        0.7058224885087983,
        0.0,
        3.0,
        0.0,
        0.0,
        3.0,
        0.0,
        0.0,
        0.0,
        6.102777723774397,
        0.0,
        0.0,
        0.0,
        2.0494431254121483,
        0.7853769401720053,
        2.2146230598279946,
        0.0,
        1.897222276225603,
        0.0,
        0.0,
        0.0,
        3.0,
        0.0,
        0.0,
        0.0,
        0.0,
        0.0,
        0.0,
        0.0,
        2.216622158937365,
        0.0,
        0.0,
        0.0,
        3.0,
        0.0,
        0.0,
        2.2146230598279946,
        0.0,
        3.0,
        0.0,
        0.0,
        0.0,
        0.0,
        0.0,
        0.0,
        0.0,
        0.0,
        0.0,
        0.0,
        0.0,
        0.0,
        0.0,
        0.0,
        0.0,
        0.0,
        0.0,
        0.0,
        0.0,
        1.8249114803496056,
        3.75339063391176,
        0.0,
        5.602911474683033
    ],
    "x_lj_presolve": [
        2.0,
        2.6029114746830326,
        0.0,
        1.0,
        0.20249391544871012,
        0.7323123740167304,
        0.0,
        0.0,
        2.0,
        0.876573177504832,
        0.12342682249516797,
        1.6029114746830322,
        1.0,
        0.39708852531696803,
        0.0,
        0.0,
        0.0,
        0.0,
        0.0,
        0.0,
        0.0,
        2.0,
        1.0,
        0.0,
        0.0,
        0.0,
        4.949742465392132,
        3.0000000000000004,
        0.0,
        0.05025753460786702,
        1.8120044017790353,
        0.9497424653921329,
        0.23825313282883206,
        2.0,
        6.0,
        0.0,
        1.8357235469424855,
        1.0,
        0.0,
        0.16427645305751418,
        0.0,
        0.0,
        0.0,
        0.0,
        5.0,
        2.9999999999999996,
        2.0,
        0.0,
        0.0,
        0.9999999999999998,
        1.876573177504832,
        3.340048981432533,
        0.0
    ],
    "q_presolve": [
        0.0,
        0.0,
        0.0,
        0.7647258371637339,
        0.53082617076103,
        1.0,
        0.31685229152928385,
        0.0,
        0.12005818247780023,
        0.2352741628362661,
        0.0,
        1.0,
        0.0,
        0.0,
        0.375,
        0.0,
        0.0,
        0.0,
        0.7628472154717997,
        0.0,
        0.0,
        0.0,
        0.683147708470716,
        0.26179231339066844,
        0.27682788247849927,
        0.0,
        0.23715278452820038,
        0.0,
        0.0,
        1.0,
        0.5750847787318193,
        0.0,
        0.0,
        0.0,
        0.0,
        0.0,
        0.0,
        0.0,
        0.42491522126818076,
        0.0,
        0.0,
        0.0,
        1.0,
        0.0,
        0.0,
        0.7382076866093316,
        0.0,
        1.0,
        0.0,
        0.0,
        0.0,
        1.0,
        0.0,
        0.0,
        0.0,
        1.0,
        0.0,
        0.0,
        0.0,
        0.0,
        0.0,
        0.0,
        0.0,
        0.0,
        0.0,
        0.0,
        0.0,
        0.2281139350437007,
        0.46917382923897005,
        0.0,
        1.0
    ],