{
    "upper_bound_presolve": -614.3517147752838,
    "x_ij_presolve": [
        0.0,
        0.06401964156979627,
        1.470633817781417,
        0.0,
        0.0,
        0.0,
        1.7996770333156042,
        0.0,
        0.0,
        0.0,
        0.0,
        0.0,
        0.0,
        0.0,
        0.0,
        0.0,
        0.0,
        0.0,
        0.25183650330498675,
        0.0,
        0.0,
        0.0,
        0.0,
        0.0,
        0.0,
        0.0,
        0.0,
        2.0,
        0.0,
        0.0,
        0.0,
        0.0,
        0.0,
        0.0,
        0.0,
        0.0,
        0.0,
        0.0,
        0.0,
        0.0,
        0.0,
        0.0,
        0.0,
        0.5293661822185829,
        0.0,
        0.0,
        0.0,
        0.0,
        0.0,
        0.0,
        0.0,
        0.0,
        0.0,
        0.0,
        0.0,
        0.6557081502256992,
        0.0,
        0.0,
        0.012165829438017065,
        1.8085845006979886,
        0.0,
        0.0,
        0.0,
        0.0,
        6.0,
        0.0,
        0.0,
        0.0,
        0.0,
        0.7481634966950133,
        0.0,
        0.0,
        0.0,
        0.0,
        0.0,
        0.0,
        0.28746655502667084,
        0.7387699254167613,
        0.0,
        0.0,
        0.0,
        0.0,
        0.0,
        0.0,
        0.0,
        0.0,
        0.0,
        0.0,
        0.0,
        0.0,
        0.6497586742031981,
        1.2612300745832385,
        0.5110155773934951,
        0.0,
        0.0,
        0.0,
        0.0,
        0.0,
        0.0,
        0.0,
        0.0,
        0.0,
        0.0,
        0.0,
        0.0,
        0.5738404303241555,
        0.0,
        0.0,
        0.0,
        0.0,
        0.0,
        0.0,
        0.0,
        2.174323066370858,
        0.0,
        0.0
    ],
    "x_il_presolve": [
        0.0,
        0.0,
        0.0,
        2.1850440106952327,
        3.855541823607289,
        0.7392028628790145,
        0.0,
        0.0,
        0.5568491632051626,
        0.8149559893047671,
        0.0,
        3.0,
        0.0,
        0.0,
        3.0,
        0.0,
        0.0,
        0.0,
        6.36456128517336,
        0.0,
        0.0,
        0.17365354877871067,
        3.0,
        0.8406164742059974,
        2.1593835257940026,
        0.0,
        1.6354387148266396,
        0.0,
        2.344291849774301,
        0.0,
        2.987834170561983,
        0.0,
        0.0,
        0.0,
        0.0,
        0.0,
        0.0,
        0.0,
        2.2518365033049865,
        0.0,
        0.0,
        0.0,
        3.0,
        0.0,
        0.0,
        2.1593835257940026,
        0.0,
        3.0,
        0.0,
        0.0,
        0.0,
        0.0,
        0.0,
        0.0,
        0.0,
        0.0,
        0.0,
        0.0,
        0.0,
        0.0,
        0.0,
        0.0,
        0.0,
        0.0,
        0.19141549930201152,
        0.0,
        0.0,
        2.2837673110008354,
        3.5419096226283067,
        0.0,
        5.544478388217109
    ],
    "x_lj_presolve": [
        2.0,
        2.5444783882171094,
        0.0,
        1.0,
        0.2003229666843958,
        0.7125334449733293,
        0.0,
        0.0,
        2.0,
        1.0,
        0.0,
        1.5916885086559032,
        1.0,
        0.4083114913440969,
        1.9359803584302038,
        0.0,
        0.0,
        0.0,
        0.40831149134409694,
        0.0,
        0.0,
        2.0,
        1.0,
        0.19141549930201152,
        0.0,
        0.0,
        6.0,
        1.9999999999999996,
        0.0,
        0.0,
        1.4261595696758445,
        0.987834170561983,
        0.5860062597621726,
        2.0,
        6.0,
        0.0,
        2.0,
        1.0,
        0.0,
        0.0,
        0.0,
        0.0,
        0.0,
        0.0,
        4.350241325796802,
        3.047210120438794,
        1.3502413257968018,
        0.0,
        0.0,
        1.6497586742031982,
        2.0,
        3.2396706738669696,
        0.0
    ],
    "q_presolve": [
        0.0,
        0.0,
        0.0,
        0.7283480035650776,
        0.5211986657336279,
        0.8097690430159108,
        0.0,
        0.0,
        0.06960614540064533,
        0.2716519964349224,
        0.0,
        1.0,
        0.0,
        0.0,
        0.375,
        0.0,
        0.0,
        0.0,
        0.79557016064667,
        0.0,
        0.0,
        0.19023095698408915,
        1.0,
        0.28020549140199913,
        0.2699229407242503,
        0.0,
        0.20442983935332995,
        0.0,
        1.0,
        0.0,
        0.5702331990947264,
        0.0,
        0.0,
        0.0,
        0.0,
        0.0,
        0.0,
        0.0,
        0.4297668009052736,
        0.0,
        0.0,
        0.0,
        1.0,
        0.0,
        0.0,
        0.7197945085980009,
        0.0,
        1.0,
        0.0,
        0.0,
        0.0,
        0.0,
        0.0,
        0.0,
        0.0,
        1.0,
        0.0,
        0.0,
        0.0,
        0.0,
        0.0,
        0.0,
        0.0,
        0.0,
        1.0,
        0.0,
        0.0,
        0.2854709138751044,
        0.47880133426637206,
        0.0,
        1.0
    ],