{
    "upper_bound_presolve": -637.8340093629512,
    "x_ij_presolve": [
        0.0,
        0.0,
        1.3326797314925303,
        0.0,
        0.1169342754429157,
        0.0,
        1.3057454597298224,
        0.0,
        0.0,
        0.0,
        0.0,
        0.0,
        0.0,
        0.0,
        0.0,
        0.0,
        0.0,
        0.0,
        0.22505588874612997,
        0.0,
        0.0,
        0.0,
        0.0,
        0.0,
        0.0,
        0.0,
        0.0,
        2.0,
        0.0,
        0.0,
        0.0,
        0.0,
        0.0,
        0.0,
        0.0,
        0.0,
        0.0,
        0.0,
        0.0,
        0.0,
        0.0,
        0.0,
        0.0,
        0.6673202685074688,
        0.0,
        0.0,
        0.0,
        0.0,
        0.0,
        0.0,
        0.0,
        0.0,
        0.0,
        0.0,
        0.0,
        0.4968888379580916,
        0.0,
        0.0,
        0.07119573877833052,
        1.4882793820051057,
        0.0,
        0.0,
        0.0,
        0.0,
        6.0,
        0.0,
        0.0,
        0.0,
        0.0,
        0.7749441112538701,
        0.0,
        0.0,
        0.0,
        0.0,
        0.0,
        0.0,
        0.3042216301443197,
        1.0299838239137977,
        0.0,
        0.0,
        0.0,
        0.0,
        0.0,
        0.0,
        0.0,
        0.0,
        0.0,
        0.0,
        0.0,
        0.0,
        0.0,
        0.0,
        0.0,
        0.0,
        0.0,
        0.0,
        0.0,
        0.0,
        0.0,
        0.0,
        0.0,
        0.0,
        0.0,
        0.0,
        0.0,
        0.0,
        0.0,
        0.0,
        0.0,
        0.0,
        0.0,
        0.0,
        0.0,
        4.263008116259667,
        0.0,
        0.0
    ],
    "x_il_presolve": [
        0.0,
        0.0,
        0.0,
        2.3103498562175506,
        1.8103179747333338,
        1.390032910125858,
        0.0,
        0.0,
        0.0,
        0.6896501437824492,
        0.0,
        3.0,
        0.0,
        0.0,
        2.30687021845717,
        0.0,
        0.0,
        0.0,
        7.332679731492532,
        0.0,
        0.33718084817985755,
        0.0,
        3.0,
        1.0438621021975019,
        1.9561378978024984,
        0.0,
        0.6673202685074682,
        0.0,
        2.5031111620419084,
        0.4180152504487892,
        2.5107890107728803,
        0.0,
        0.0,
        0.0,
        0.0,
        0.0,
        0.0,
        0.0,
        1.1550071341891224,
        0.0,
        0.0,
        0.0,
        3.0,
        0.0,
        0.0,
        1.9561378978024981,
        0.0,
        3.0,
        0.0,
        0.0,
        0.0,
        0.0,
        0.0,
        0.0,
        4.135946489948254,
        0.0,
        0.0,
        6.1686227834258105,
        0.0,
        0.0,
        0.0,
        0.0,
        0.0,
        0.0,
        0.09370536754610514,
        0.0,
        0.0,
        3.736991883740333,
        0.0,
        0.0,
        5.401013804356031
    ],
    "x_lj_presolve": [
        1.8830657245570843,
        2.517948079798947,
        0.0,
        1.0,
        0.6942545402701775,
        0.6957783698556803,
        0.0,
        0.0,
        2.0,
        1.0,
        0.0,
        1.4968888379580916,
        1.0,
        0.5031111620419084,
        2.0,
        0.0,
        0.0,
        0.0,
        0.5031111620419085,
        0.0,
        0.0,
        2.0,
        1.0,
        0.5117206179948943,
        0.0,
        0.0,
        6.0,
        2.0,
        0.0,
        0.0,
        2.0,
        0.9288042612216695,
        0.0711957387783305,
        2.0,
        6.0,
        0.0,
        2.0,
        1.0,
        0.0,
        0.0,
        0.9700161760862023,
        3.503111162041909,
        0.0,
        0.0,
        5.0,
        2.978940758159144,
        2.0,
        0.0,
        0.0,
        0.9999999999999998,
        2.0,
        1.6657961449620027,
        0.0
    ],
    "q_presolve": [
        0.0,
        0.0,
        0.0,
        0.7701166187391836,
        0.2268870053812757,
        1.0,
        0.0,
        0.0,
        0.0,
        0.2298833812608164,
        0.0,
        1.0,
        0.0,
        0.0,
        0.2883587773071462,
        0.0,
        0.0,
        0.0,
        0.9165849664365665,
        0.0,
        0.07537921965819983,
        0.0,
        1.0,
        0.347954034065834,
        0.24451723722531227,
        0.0,
        0.08341503356343352,
        0.0,
        1.0,
        0.8168817822637741,
        0.6849232503622772,
        0.0,
        0.0,
        0.0,
        0.0,
        0.0,
        0.0,
        0.0,
        0.3150767496377228,
        0.0,
        0.0,
        0.0,
        1.0,
        0.0,
        0.0,
        0.6520459659341661,
        0.0,
        1.0,
        0.0,
        0.0,
        0.0,
        0.0,
        0.0,
        0.0,
        0.9246207803418002,
        0.0,
        0.0,
        0.7731129946187242,
        0.0,
        0.0,
        0.0,
        0.0,
        0.0,
        0.0,
        0.1831182177362259,
        0.0,
        0.0,
        0.46712398546754164,
        0.0,
        0.0,
        1.0
    ],