{
    "upper_bound_presolve": -622.3724324546973,
    "x_ij_presolve": [
        0.0,
        1.885217634755944,
        1.0105803880954456,
        0.0,
        0.0,
        0.0,
        1.655851879048565,
        0.0,
        0.0,
        0.0,
        0.0,
        0.0,
        0.0,
        0.0,
        0.0,
        0.0,
        0.0,
        0.0,
        0.21121361367792252,
        0.0,
        0.0,
        0.0,
        0.0,
        0.0,
        0.0,
        0.0,
        0.0,
        2.0,
        0.0,
        2.9112068024243927,
        0.0,
        0.0,
        0.0,
        0.0,
        0.0,
        0.0,
        0.0,
        0.0,
        0.0,
        0.0,
        0.0,
        0.0,
        0.0,
        0.44822408036026823,
        0.0,
        0.0,
        0.11478236524405597,
        0.0,
        0.0,
        0.0,
        0.0,
        0.0,
        0.0,
        0.0,
        0.0,
        3.0,
        0.0,
        0.11826738564179036,
        0.17445649230058824,
        1.938867026625054,
        0.0,
        0.0,
        0.0,
        0.17752208701978495,
        6.0,
        0.0,
        0.0,
        0.0,
        0.0,
        0.7887863863220774,
        0.0,
        0.0,
        0.0,
        0.0,
        0.0,
        0.0,
        0.40317546367018575,
        0.9567389009941887,
        0.0,
        0.0,
        0.0,
        0.0,
        0.0,
        0.0,
        0.0,
        0.0,
        0.0,
        0.0,
        0.0,
        0.0,
        0.0,
        0.0,
        0.6798745888572661,
        0.0,
        0.0,
        0.0,
        0.0,
        0.0,
        0.0,
        0.0,
        0.0,
        0.0,
        0.0,
        0.0,
        0.0,
        0.19504763386944804,
        0.0,
        0.0,
        0.0,
        0.0,
        0.14092936418721602,
        0.0,
        0.0,
        2.1044474890706653,
        0.0,
        0.0
    ],
    "x_il_presolve": [
        0.0,
        0.0,
        0.0,
        2.240946185764725,
        4.997525813737706,
        0.9409726572812492,
        0.0,
        0.0,
        3.0,
        0.7590538142352752,
        0.0,
        3.0,
        0.0,
        0.0,
        0.08879319757560729,
        0.0,
        0.0,
        0.0,
        7.551775919639732,
        0.0,
        0.0,
        0.0,
        3.0,
        0.8409421580554336,
        2.1590578419445663,
        0.0,
        0.4482240803602684,
        0.0,
        0.0,
        0.0,
        2.7072761220576216,
        0.0,
        0.0,
        0.0,
        0.0,
        0.0,
        0.0,
        0.0,
        2.2112136136779226,
        0.0,
        0.0,
        0.0,
        3.0,
        0.0,
        0.0,
        2.1590578419445663,
        0.0,
        3.0,
        0.0,
        0.0,
        0.0,
        0.0,
        0.0,
        0.0,
        1.28706203696425,
        0.0,
        0.0,
        0.0,
        0.0,
        0.0,
        0.0,
        0.0,
        0.0,
        0.0,
        0.06113297337494596,
        0.0,
        0.0,
        2.752148960479826,
        3.0024741862622926,
        0.0,
        3.8771530144791497
    ],
    "x_lj_presolve": [
        2.0,
        0.8771530144791496,
        0.0,
        1.0,
        0.344148120951435,
        0.5968245363298142,
        0.0,
        0.0,
        2.0,
        1.0,
        0.0,
        1.822477912980215,
        1.0,
        0.1775220870197848,
        0.0,
        0.0,
        0.0,
        0.0,
        0.0,
        0.0,
        0.0,
        2.0,
        1.0,
        0.06113297337494596,
        0.0,
        0.0,
        5.881732614358209,
        2.118267385641791,
        0.0,
        0.0,
        1.6640230019433357,
        0.8255435076994118,
        0.5104334903572525,
        2.0,
        6.0,
        0.0,
        2.0,
        1.0,
        0.0,
        0.0,
        1.043261099005811,
        0.2018580255009426,
        0.04194291245749608,
        0.5411955315442856,
        5.424686372379042,
        2.0341180960766727,
        1.9580570875425038,
        0.0,
        0.46662928483653754,
        0.5753136276209588,
        2.0,
        2.9184897357355446,
        0.0
    ],
    "q_presolve": [
        0.0,
        0.0,
        0.0,
        0.746982061921575,
        0.6246907267172134,
        1.0,
        0.0,
        0.0,
        0.375,
        0.25301793807842504,
        0.0,
        1.0,
        0.0,
        0.0,
        0.011099149696950911,
        0.0,
        0.0,
        0.0,
        0.9439719899549665,
        0.0,
        0.0,
        0.0,
        1.0,
        0.28031405268514453,
        0.2698822302430708,
        0.0,
        0.05602801004503355,
        0.0,
        0.0,
        0.0,
        0.5504283362406482,
        0.0,
        0.0,
        0.0,
        0.0,
        0.0,
        0.0,
        0.0,
        0.4495716637593517,
        0.0,
        0.0,
        0.0,
        1.0,
        0.0,
        0.0,
        0.7196859473148555,
        0.0,
        1.0,
        0.0,
        0.0,
        0.0,
        0.0,
        0.0,
        0.0,
        1.0,
        0.0,
        0.0,
        0.0,
        0.0,
        0.0,
        0.0,
        0.0,
        0.0,
        0.0,
        1.0,
        1.0,
        0.0,
        0.34401862005997824,
        0.37530927328278657,
        0.0,
        1.0
    ],