{
    "upper_bound_presolve": -614.280273116677,
    "x_ij_presolve": [
        0.0,
        0.0,
        1.1504330527039592,
        0.0,
        0.0,
        0.0,
        1.794804069968341,
        0.0,
        0.0,
        0.0,
        0.0,
        0.0,
        0.0,
        0.0,
        0.0,
        0.0,
        0.0,
        0.0,
        0.19321240854880986,
        0.0,
        1.743717986853471,
        0.0,
        0.0,
        0.0,
        0.0,
        0.0,
        0.0,
        2.0,
        0.0,
        0.0,
        0.0,
        0.0,
        0.0,
        0.0,
        0.0,
        0.0,
        0.0,
        0.0,
        0.0,
        0.0,
        0.0,
        0.0,
        0.0,
        0.8495669472960417,
        0.0,
        0.0,
        0.0,
        0.0,
        0.0,
        0.0,
        0.0,
        0.0,
        0.0,
        0.0,
        0.0,
        0.6255624018465348,
        0.0,
        1.3109901085885647,
        0.19909929407803917,
        1.9661316371292612,
        0.14854088842550342,
        0.0,
        0.0,
        0.0,
        6.0,
        0.0,
        0.0,
        0.0,
        0.0,
        0.6582467030256868,
        0.0,
        0.0,
        0.0,
        0.0,
        0.0,
        0.0,
        0.4772685191679538,
        0.9985422403800512,
        0.0,
        0.0,
        0.0,
        0.0,
        0.0,
        0.0,
        0.0,
        0.0,
        0.0,
        0.0,
        0.0,
        0.0,
        0.0,
        0.0,
        0.0,
        0.0,
        0.0,
        0.0,
        0.0,
        0.11292132015387861,
        0.0,
        0.0,
        0.0,
        0.0,
        0.0,
        0.0,
        0.0,
        1.0074908685653834,
        0.0,
        0.0,
        0.3088931781854211,
        0.0,
        0.09221543693139066,
        0.0,
        0.0,
        2.9574764135717158,
        0.0,
        0.0
    ],
    "x_il_presolve": [
        0.0,
        0.0,
        0.0,
        1.8240090752484026,
        4.386077362410547,
        0.7279274108637053,
        0.0,
        0.0,
        1.8078314940116385,
        1.0630696045977193,
        0.0,
        3.0,
        0.0,
        0.0,
        3.0,
        0.0,
        0.0,
        0.0,
        7.150433052703958,
        0.0,
        0.0,
        0.0,
        3.0,
        1.1442170059190806,
        1.8557829940809196,
        0.0,
        0.8495669472960411,
        0.0,
        2.3744375981534653,
        0.0,
        1.489910597333396,
        0.0,
        0.0,
        0.0,
        0.0,
        0.0,
        0.0,
        0.0,
        0.5100894026666042,
        0.7903110388684628,
        0.0,
        0.0,
        3.0,
        0.0,
        0.0,
        1.8557829940809192,
        0.0,
        3.0,
        0.0,
        0.0,
        0.0,
        0.0,
        0.0,
        0.0,
        1.760251130003069,
        0.0,
        0.0,
        0.0,
        0.0,
        0.0,
        0.0,
        0.0,
        0.0,
        0.0,
        0.033868362870738904,
        0.0,
        0.0,
        1.3363855119074426,
        3.6139226375894515,
        0.0,
        4.526358184792653
    ],
    "x_lj_presolve": [
        2.0,
        2.316669223661115,
        0.0,
        1.0,
        0.20519593003165904,
        0.5227314808320462,
        0.0,
        0.0,
        2.0,
        0.8870786798461214,
        0.0,
        1.6255624018465347,
        1.0,
        0.37443759815346545,
        2.0,
        0.0,
        0.0,
        0.0,
        0.3744375981534654,
        0.0,
        0.0,
        2.0,
        1.0,
        0.033868362870738904,
        0.0,
        0.0,
        4.689009891411435,
        3.3109901085885647,
        0.0,
        0.0,
        0.9002936945032258,
        0.8009007059219609,
        1.2988055995748133,
        2.0,
        6.0,
        0.0,
        2.0,
        1.0,
        0.0,
        0.0,
        1.0014577596199488,
        0.75879337038312,
        0.0,
        0.0,
        4.691106821814579,
        3.3088931781854196,
        1.6911068218145788,
        0.0,
        0.0,
        1.3088931781854212,
        2.0,
        0.0,
        0.0
    ],
    "q_presolve": [
        0.0,
        0.0,
        0.0,
        0.6317836392826054,
        0.5482596703013184,
        1.0,
        0.0,
        0.0,
        0.2259789367514548,
        0.3682163607173947,
        0.0,
        1.0,
        0.0,
        0.0,
        0.37499999999999994,
        0.0,
        0.0,
        0.0,
        0.8938041315879948,
        0.0,
        0.0,
        0.0,
        1.0,
        0.38140566863969355,
        0.23197287426011495,
        0.0,
        0.10619586841200514,
        0.0,
        1.0,
        0.0,
        0.744955298666698,
        0.0,
        0.0,
        0.0,
        0.0,
        0.0,
        0.0,
        0.0,
        0.2550447013333021,
        0.1486477728107084,
        0.0,
        0.0,
        1.0,
        0.0,
        0.0,
        0.6185943313603064,
        0.0,
        1.0,
        0.0,
        0.0,
        0.0,
        0.0,
        0.0,
        0.0,
        1.0,
        0.0,
        0.0,
        0.0,
        0.0,
        0.0,
        0.0,
        0.0,
        0.0,
        0.0,
        1.0,
        0.0,
        0.0,
        0.16704818898843035,
        0.45174032969868144,
        0.0,
        0.8513522271892917
    ],