{
    "upper_bound_presolve": -622.4793133050682,
    "x_ij_presolve": [
        0.0,
        0.0,
        1.3619040833262273,
        0.0,
        0.8660860752670417,
        0.0,
        1.5204349689315937,
        0.0,
        0.0,
        0.0,
        0.0,
        0.0,
        0.0,
        0.0,
        0.0,
        0.0,
        0.0,
        0.0,
        0.2911744854218017,
        0.0,
        0.0,
        0.0,
        0.0,
        0.0,
        0.0,
        0.0,
        0.0,
        2.0,
        0.0,
        0.0,
        0.0,
        0.0,
        0.0,
        0.0,
        0.0,
        0.06246794089695894,
        0.0,
        0.0,
        0.0,
        0.0,
        0.0,
        0.0,
        0.0,
        0.6380959166737729,
        0.0,
        0.0,
        0.0,
        0.0,
        0.0,
        0.0,
        0.0,
        0.0,
        0.0,
        0.0,
        0.0,
        1.0000000000000004,
        0.0,
        1.441729331108563,
        0.025633473641554282,
        1.9200446724015536,
        0.0,
        0.0,
        0.0,
        0.5256458863765517,
        6.0,
        0.0,
        0.0,
        0.0,
        0.0,
        0.7088255145781984,
        0.0,
        0.0,
        0.0,
        0.0,
        0.0,
        0.0,
        0.4691824436049287,
        0.9842412114166446,
        0.0,
        0.0,
        0.0,
        0.0,
        0.0,
        0.0,
        0.0,
        0.0,
        0.0,
        0.0,
        0.0,
        0.0,
        0.0,
        0.0,
        0.6748061602576838,
        0.0,
        0.0,
        0.0,
        0.0,
        0.0,
        0.0,
        0.09027004561995372,
        0.0,
        0.0,
        0.0,
        0.0,
        0.0,
        0.0,
        0.0,
        0.0,
        1.2129334937802643,
        0.0,
        0.0,
        0.0,
        0.08930576506598306,
        5.911898585461486,
        0.0,
        0.0
    ],
    "x_il_presolve": [
        0.0,
        0.0,
        0.0,
        2.048194895770807,
        0.0,
        1.0103825874634778,
        0.0,
        0.0,
        1.0980138069196272,
        0.9518051042291934,
        0.0,
        3.0,
        0.0,
        0.0,
        3.0,
        0.0,
        0.0,
        0.0,
        7.361904083326227,
        0.0,
        0.0,
        0.0,
        3.0,
        1.0968094563921584,
        1.9031905436078416,
        0.0,
        0.6380959166737733,
        0.0,
        1.9999999999999998,
        0.0,
        1.5326371952498825,
        0.0,
        0.0,
        0.0,
        0.0,
        0.0,
        0.0,
        0.0,
        0.46736280475011766,
        0.0,
        0.0,
        0.0,
        3.0,
        0.0,
        0.0,
        1.9031905436078416,
        0.0,
        3.0,
        0.0,
        0.0,
        0.0,
        0.0,
        0.0,
        0.0,
        2.07412308559093,
        0.0,
        0.0,
        5.394227732972524,
        0.0,
        0.0,
        0.0,
        0.0,
        0.0,
        0.0,
        0.07995532759844635,
        0.0,
        0.0,
        1.9987956494725316,
        0.0,
        0.0,
        5.646631212543858
    ],
    "x_lj_presolve": [
        1.1339139247329582,
        3.6029873334308533,
        0.0,
        0.9097299543800463,
        0.4795650310684063,
        0.5308175563950713,
        0.0,
        0.0,
        2.0,
        1.0,
        0.0,
        1.4743541136234481,
        0.9106942349340169,
        0.6149516514425349,
        2.0,
        0.0,
        0.0,
        0.0,
        0.0,
        0.0,
        0.0,
        2.0,
        1.0,
        0.07995532759844635,
        0.0,
        0.0,
        4.558270668891437,
        3.441729331108563,
        0.0,
        0.0,
        2.0,
        0.9743665263584457,
        0.02563347364155437,
        2.0,
        6.0,
        0.0,
        2.0,
        1.0,
        0.0,
        0.0,
        1.0157587885833554,
        0.8834645086337523,
        0.17489978837382225,
        0.0,
        3.6121667178459136,
        1.7820610151266116,
        0.6121667178459137,
        0.0,
        0.0,
        2.3878332821540864,
        2.0,
        0.0,
        0.0
    ],
    "q_presolve": [
        0.0,
        0.0,
        0.0,
        0.6827316319236023,
        0.0,
        1.0,
        0.0,
        0.0,
        0.1372517258649534,
        0.3172683680763978,
        0.0,
        1.0,
        0.0,
        0.0,
        0.375,
        0.0,
        0.0,
        0.0,
        0.9202380104157784,
        0.0,
        0.0,
        0.0,
        1.0,
        0.3656031521307195,
        0.23789881795098017,
        0.0,
        0.07976198958422166,
        0.0,
        1.0,
        0.0,
        0.7663185976249413,
        0.0,
        0.0,
        0.0,
        0.0,
        0.0,
        0.0,
        0.0,
        0.23368140237505883,
        0.0,
        0.0,
        0.0,
        1.0,
        0.0,
        0.0,
        0.6343968478692805,
        0.0,
        1.0,
        0.0,
        0.0,
        0.0,
        0.0,
        0.0,
        0.0,
        1.0,
        0.0,
        0.0,
        1.0,
        0.0,
        0.0,
        0.0,
        0.0,
        0.0,
        0.0,
        1.0,
        0.0,
        0.0,
        0.24984945618406645,
        0.0,
        0.0,
        1.0
    ],