{
    "upper_bound_presolve": -626.7156613517232,
    "x_ij_presolve": [
        0.0,
        0.0,
        1.5364957746872494,
        0.0,
        0.934195777147217,
        0.0,
        1.6236126175085774,
        0.0,
        0.0,
        0.0,
        0.0,
        0.0,
        0.0,
        0.0,
        0.0,
        0.0,
        0.0,
        0.0,
        0.0,
        0.0,
        0.0,
        0.0,
        0.0,
        0.0,
        0.0,
        0.0,
        0.0,
        2.0,
        0.0,
        0.0,
        0.0,
        0.0,
        0.0,
        0.0,
        0.0,
        0.0,
        0.0,
        0.0,
        0.0,
        0.0,
        0.0,
        0.0,
        0.0,
        0.4635042253127506,
        0.0,
        0.0,
        0.0,
        0.0,
        0.0,
        0.0,
        0.0,
        0.0,
        0.0,
        0.0,
        0.0,
        0.44713783435765453,
        0.0,
        0.09116776793572536,
        0.22900754302096704,
        1.5566297708011192,
        0.0,
        0.0,
        0.0,
        0.0,
        6.0,
        0.0,
        0.0,
        0.0,
        0.0,
        0.756677394737895,
        0.0,
        0.0,
        0.0,
        0.0,
        0.0,
        0.0,
        0.3464973117416435,
        0.9262481617383972,
        0.0,
        0.0,
        0.0,
        0.0,
        0.0,
        0.0,
        0.0,
        0.0,
        0.0,
        0.17668325734297308,
        0.0,
        0.0,
        0.0,
        0.0,
        0.0,
        0.0,
        0.0,
        0.0,
        0.0,
        0.0,
        0.0,
        0.005402879676837599,
        0.0,
        0.0,
        0.0,
        0.0,
        0.0,
        0.9891804443912645,
        0.0,
        0.0,
        0.0,
        0.0,
        0.18092343046064321,
        0.0,
        0.0,
        3.950269330986166,
        0.0,
        0.0
    ],
    "x_il_presolve": [
        0.0,
        0.0,
        0.0,
        1.9900708980266493,
        1.9039244023077324,
        1.0298900707497793,
        0.0,
        0.0,
        0.0,
        1.0099291019733507,
        0.0,
        3.0,
        0.0,
        0.0,
        2.0974729981068747,
        0.0,
        0.0,
        0.0,
        7.126046932299679,
        0.0,
        0.7740886489344291,
        0.0,
        3.0,
        0.9662802366600651,
        2.033719763339935,
        0.0,
        0.8739530677003207,
        0.0,
        2.5528621656423454,
        0.6866928344609858,
        1.9931318545823218,
        0.0,
        0.0,
        0.0,
        0.0,
        0.0,
        0.0,
        0.0,
        0.6574873965586366,
        0.0,
        0.0,
        0.0,
        2.8233167426570267,
        0.0,
        0.0,
        2.033719763339935,
        0.0,
        2.076117649033998,
        0.0,
        0.0,
        0.0,
        0.0,
        0.0,
        0.0,
        3.761357587033793,
        0.0,
        0.0,
        5.148528948094926,
        0.0,
        0.0,
        0.0,
        0.0,
        0.0,
        0.9238823509660025,
        0.0,
        0.0,
        0.0,
        3.8688072385531904,
        0.0,
        0.0,
        5.455085827130942
    ],
    "x_lj_presolve": [
        1.0658042228527829,
        3.394684483954996,
        0.0,
        0.9945971203231624,
        0.3763873824914227,
        0.6535026882583566,
        0.0,
        0.0,
        2.0,
        1.0,
        0.0,
        1.4471378343576549,
        1.0,
        0.5528621656423456,
        2.0,
        0.0,
        0.0,
        0.0,
        0.5528621656423452,
        0.0,
        0.0,
        2.0,
        1.0,
        0.44337022919888075,
        0.24332260526210506,
        0.0,
        5.908832232064275,
        2.0911677679357257,
        0.0,
        0.0,
        0.8298961251480922,
        0.7709924569790328,
        1.3991114178728752,
        2.0,
        6.0,
        0.0,
        1.823316742657027,
        1.0,
        0.0,
        0.0,
        1.0737518382616031,
        3.4616943977066192,
        0.0,
        0.0,
        5.0,
        2.0524533504026583,
        2.0,
        0.0,
        0.0,
        1.0,
        2.0,
        0.6506192511409584,
        0.0
    ],
    "q_presolve": [
        0.0,
        0.0,
        0.0,
        0.6633569660088832,
        0.26996625275846686,
        1.0,
        0.0,
        0.0,
        0.0,
        0.33664303399111684,
        0.0,
        1.0,
        0.0,
        0.0,
        0.26218412476335934,
        0.0,
        0.0,
        0.0,
        0.8907558665374599,
        0.0,
        0.170675300230805,
        0.0,
        1.0,
        0.3220934122200217,
        0.25421497041749186,
        0.0,
        0.10924413346254008,
        0.0,
        1.0,
        1.0,
        0.7519495128258722,
        0.0,
        0.0,
        0.0,
        0.0,
        0.0,
        0.0,
        0.0,
        0.24805048717412784,
        0.0,
        0.0,
        0.0,
        1.0,
        0.0,
        0.0,
        0.6779065877799784,
        0.0,
        0.6920392163446658,
        0.0,
        0.0,
        0.0,
        0.0,
        0.0,
        0.0,
        0.829324699769195,
        0.0,
        0.0,
        0.7300337472415331,
        0.0,
        0.0,
        0.0,
        0.0,
        0.0,
        0.30796078365533414,
        0.0,
        0.0,
        0.0,
        0.4836009048191488,
        0.0,
        0.0,
        1.0
    ],