{
    "upper_bound_presolve": -606.5550690175604,
    "x_ij_presolve": [
        0.0,
        0.2308725810801422,
        1.4811909659409468,
        0.0,
        0.0,
        0.0,
        1.665955525998417,
        0.0,
        0.0,
        0.0,
        0.0,
        0.0,
        0.0,
        0.0,
        0.0,
        0.0,
        0.0,
        0.0,
        0.21707984766783153,
        0.0,
        0.0,
        0.0,
        0.0,
        0.0,
        0.0,
        0.0,
        0.0,
        2.0,
        0.0,
        2.4025450949403684,
        0.0,
        0.0,
        0.0,
        0.0,
        0.0,
        0.0,
        0.0,
        0.0,
        0.0,
        0.0,
        0.0,
        0.0,
        0.0,
        0.5188090340590533,
        0.0,
        0.0,
        0.0,
        0.0,
        0.0,
        0.0,
        0.0,
        0.0,
        0.0,
        0.0,
        0.0,
        0.0,
        0.0,
        0.0,
        0.0,
        1.8859593146854137,
        0.0,
        0.0,
        0.0,
        0.0,
        6.0,
        0.0,
        0.0,
        0.0,
        0.0,
        0.7829201523321685,
        0.0,
        0.0,
        0.0,
        0.0,
        0.0,
        0.0,
        0.485501676056637,
        0.9385099045149249,
        0.0,
        0.0,
        0.0,
        0.0,
        0.0,
        0.0,
        0.0,
        0.0,
        0.0,
        0.0,
        0.0,
        0.0,
        0.0,
        0.0,
        0.0,
        0.0,
        0.0,
        0.0,
        0.0,
        0.10363411835438598,
        0.0,
        0.16827165696382607,
        0.0,
        0.0,
        0.0,
        0.0,
        0.0,
        0.7627881414317482,
        0.0,
        0.0,
        0.0,
        0.0,
        0.0,
        0.0,
        0.0,
        2.4237363368506872,
        0.0,
        0.0
    ],
    "x_il_presolve": [
        0.0,
        0.0,
        0.0,
        2.2456395642140023,
        4.664170799426343,
        0.848542797944946,
        0.0,
        0.0,
        3.0,
        0.754360435785998,
        0.0,
        3.0,
        0.0,
        0.0,
        0.5974549050596313,
        0.0,
        0.0,
        0.0,
        5.362369588519269,
        0.0,
        1.10270706641424,
        0.0,
        3.0,
        0.8378893676352865,
        2.1621106323647137,
        0.0,
        2.6376304114807305,
        0.0,
        3.0,
        0.1140406853145865,
        2.8859593146854134,
        0.0,
        0.0,
        0.0,
        0.0,
        0.0,
        0.0,
        0.0,
        1.0618955735866176,
        1.1551842740812142,
        0.0,
        0.0,
        3.0,
        0.0,
        0.0,
        2.1621106323647132,
        0.0,
        3.0,
        0.0,
        0.0,
        0.0,
        0.0,
        0.0,
        0.0,
        4.087351868141473,
        0.0,
        0.0,
        0.0,
        0.0,
        0.0,
        0.0,
        0.0,
        0.0,
        0.0,
        0.0,
        0.0,
        0.0,
        2.240434462575656,
        3.3358292005736567,
        0.0,
        1.6765440689549596
    ],
    "x_lj_presolve": [
        2.0,
        0.0,
        0.0,
        0.8317283430361737,
        0.33404447400158316,
        0.5144983239433629,
        0.0,
        0.0,
        2.0,
        0.896365881645614,
        0.10363411835438611,
        0.7691274189198578,
        1.0,
        1.2308725810801424,
        1.7691274189198578,
        0.0,
        0.0,
        0.0,
        1.2308725810801422,
        0.0,
        0.0,
        2.0,
        1.0,
        0.1140406853145865,
        0.0,
        0.0,
        6.0,
        1.9409990097908019,
        0.0,
        0.059000990209198766,
        1.2372118585682519,
        0.9409990097908012,
        0.8217891316409471,
        2.0,
        6.0,
        0.0,
        2.0,
        1.0,
        0.0,
        0.0,
        1.0614900954850752,
        4.059000990209198,
        0.0695678488614384,
        0.0,
        5.63341767602051,
        2.366582323979489,
        1.9304321511385616,
        0.0,
        0.702985524881949,
        0.36658232397948926,
        1.896365881645614,
        2.051489006626417,
        0.0
    ],
    "q_presolve": [
        0.0,
        0.0,
        0.0,
        0.7485465214046674,
        0.5830213499282929,
        1.0,
        0.0,
        0.0,
        0.37499999999999994,
        0.2514534785953326,
        0.0,
        1.0,
        0.0,
        0.0,
        0.07468186313245391,
        0.0,
        0.0,
        0.0,
        0.6702961985649086,
        0.0,
        0.21246523022548985,
        0.0,
        1.0,
        0.27929645587842883,
        0.2702638290455892,
        0.0,
        0.3297038014350913,
        0.0,
        1.0,
        1.0,
        0.7310196033949447,
        0.0,
        0.0,
        0.0,
        0.0,
        0.0,
        0.0,
        0.0,
        0.2689803966050554,
        0.4079431831524587,
        0.0,
        0.0,
        1.0,
        0.0,
        0.0,
        0.7207035441215711,
        0.0,
        1.0,
        0.0,
        0.0,
        0.0,
        0.0,
        0.0,
        0.0,
        0.7875347697745103,
        0.0,
        0.0,
        0.0,
        0.0,
        0.0,
        0.0,
        0.0,
        0.0,
        0.0,
        0.0,
        0.0,
        0.0,
        0.280054307821957,
        0.41697865007170715,
        0.0,
        0.5920568168475413
    ],