{
    "upper_bound_presolve": -615.7025140101797,
    "x_ij_presolve": [
        0.0,
        1.7983940452944784,
        1.1973844667489062,
        0.0,
        0.0,
        0.0,
        1.6026582936493894,
        0.0,
        0.0,
        0.0,
        0.0,
        0.0,
        0.0,
        0.0,
        0.0,
        0.0,
        0.0,
        0.0,
        0.24643643971594806,
        0.0,
        0.0,
        0.0,
        0.0,
        0.0,
        0.0,
        0.0,
        0.0,
        2.0,
        0.0,
        3.0,
        0.0,
        0.0,
        0.0,
        0.0,
        0.0,
        0.0,
        0.0,
        0.0,
        0.0,
        0.0,
        0.0,
        0.0,
        0.0,
        0.5372788945886745,
        0.0,
        0.0,
        0.20160595470552164,
        0.0,
        0.0,
        0.0,
        0.0,
        0.0,
        0.0,
        0.0,
        0.0,
        3.0,
        0.0,
        0.0,
        0.0,
        1.8980892492203112,
        0.0,
        0.0,
        0.18630774203712053,
        0.16544105840518858,
        6.0,
        0.0,
        0.0,
        0.0,
        0.0,
        0.7535635602840519,
        0.0,
        0.0,
        0.0,
        0.0,
        0.0,
        0.0,
        0.38167467494134566,
        0.9370480077375578,
        0.0,
        0.0,
        0.0,
        0.0,
        0.0,
        0.0,
        0.0,
        0.0,
        0.0,
        0.0,
        0.0,
        0.0,
        0.0,
        1.0629519922624422,
        0.0,
        0.0,
        0.0,
        0.0,
        0.0,
        0.0,
        0.0,
        0.0,
        0.0,
        0.0,
        0.0,
        0.0,
        0.0,
        0.2298690565729825,
        0.0,
        0.0,
        0.0,
        0.0,
        0.0,
        0.0,
        0.0,
        2.284622048802564,
        0.0,
        0.0
    ],
    "x_il_presolve": [
        0.0,
        0.0,
        0.0,
        2.191501361872489,
        4.801467907545365,
        1.015667031409265,
        0.0,
        0.0,
        2.7903649665117425,
        0.808498638127511,
        0.0,
        3.0,
        0.0,
        0.0,
        0.0,
        0.0,
        0.0,
        0.0,
        7.462721105411325,
        0.0,
        0.0,
        0.0,
        3.0,
        0.9910689635121228,
        2.008931036487877,
        0.0,
        0.5372788945886744,
        0.0,
        0.0,
        0.0,
        3.0,
        0.0,
        0.0,
        0.0,
        0.0,
        0.0,
        0.0,
        0.0,
        1.4921109020715309,
        0.7543255376444175,
        0.0,
        0.0,
        3.0,
        0.0,
        0.0,
        2.008931036487877,
        0.0,
        3.0,
        0.0,
        0.0,
        0.0,
        0.0,
        0.0,
        0.0,
        0.0,
        0.0,
        0.0,
        0.6838581382575807,
        0.0,
        0.0,
        0.0,
        0.0,
        0.0,
        0.0,
        0.10191075077968888,
        0.0,
        0.0,
        3.2007039970003803,
        2.5146739541970553,
        0.0,
        3.1526602931286156
    ],
    "x_lj_presolve": [
        2.0,
        0.906985830773033,
        0.0,
        1.0,
        0.3973417063506106,
        0.6183253250586543,
        0.0,
        0.0,
        2.0,
        1.0,
        0.0,
        1.8345589415948114,
        1.0,
        0.16544105840518872,
        0.0,
        0.0,
        0.0,
        0.0,
        0.0,
        0.0,
        0.0,
        2.0,
        1.0,
        0.10191075077968888,
        0.0,
        0.0,
        6.0,
        1.9999999999999996,
        0.0,
        0.0,
        1.7701309434270176,
        0.8136922579628795,
        0.4161767986101031,
        2.0,
        6.0,
        0.0,
        2.0,
        1.0,
        0.0,
        0.0,
        0.0,
        0.0,
        0.0,
        0.26533663866241947,
        5.807090250515802,
        1.9275731108217786,
        2.0,
        0.0,
        0.8070902505158017,
        0.19290974948419812,
        2.0,
        2.492110902071531,
        0.0
    ],
    "q_presolve": [
        0.0,
        0.0,
        0.0,
        0.7305004539574964,
        0.6001834884431705,
        1.0,
        0.0,
        0.0,
        0.34879562081396775,
        0.26949954604250365,
        0.0,
        1.0,
        0.0,
        0.0,
        0.0,
        0.0,
        0.0,
        0.0,
        0.9328401381764156,
        1.0,
        0.0,
        0.0,
        1.0,
        0.3303563211707076,
        0.25111637956098465,
        0.0,
        0.0671598618235843,
        0.0,
        0.0,
        0.0,
        0.6678374744970241,
        0.0,
        0.0,
        0.0,
        0.0,
        0.0,
        0.0,
        0.0,
        0.332162525502976,
        0.19307096834164028,
        0.0,
        0.0,
        1.0,
        0.0,
        0.0,
        0.6696436788292923,
        0.0,
        1.0,
        0.0,
        0.0,
        0.0,
        0.0,
        0.0,
        0.0,
        0.0,
        1.0,
        0.0,
        0.08548226728219759,
        0.0,
        0.0,
        0.0,
        0.0,
        0.0,
        0.0,
        1.0,
        0.0,
        0.0,
        0.40008799962504754,
        0.31433424427463186,
        0.0,
        0.8069290316583597
    ],