{
    "upper_bound_presolve": -623.2242176434232,
    "x_ij_presolve": [
        0.0,
        0.4967563391001768,
        0.721482092236821,
        0.0,
        0.0,
        0.0,
        1.3224741338706658,
        0.0,
        0.0,
        0.0,
        0.0,
        0.0,
        0.0,
        0.0,
        0.0,
        0.0,
        0.0,
        0.0,
        0.2344651125631523,
        0.0,
        0.0,
        0.0,
        0.0,
        0.0,
        0.0,
        0.0,
        0.0,
        2.0,
        0.0,
        3.0,
        0.0,
        0.0,
        0.0,
        0.0,
        0.0,
        0.0,
        0.0,
        0.0,
        0.0,
        0.0,
        0.0,
        0.0,
        0.0,
        0.48021354213576595,
        0.0,
        0.0,
        0.0,
        0.0,
        0.0,
        0.0,
        0.0,
        0.0,
        0.0,
        0.0,
        0.0,
        1.2896996661406745,
        0.0,
        1.268695934426749,
        0.21794714981354352,
        1.9296966464174508,
        0.0,
        0.0,
        0.0,
        0.0,
        6.0,
        0.0,
        0.0,
        0.0,
        0.0,
        0.7655348874368477,
        0.0,
        0.0,
        0.0,
        0.0,
        0.0,
        0.0,
        0.16225359169300832,
        0.7127314607750247,
        0.00217581994601883,
        0.0,
        0.0,
        0.0,
        0.0,
        0.0,
        0.0,
        0.0,
        0.0,
        0.0,
        0.0,
        0.0,
        0.0,
        1.2872685392249754,
        0.0,
        0.0,
        0.0,
        0.0,
        0.0,
        0.0,
        0.0,
        0.0,
        0.0,
        0.0,
        0.0,
        0.0,
        0.0,
        0.9195910610036369,
        0.0,
        0.0,
        0.0,
        0.0,
        0.22621859938056846,
        0.0,
        0.0,
        4.63624318980225,
        0.0,
        0.0
    ],
    "x_il_presolve": [
        0.0,
        0.0,
        0.0,
        2.1766964018529986,
        2.318791736619243,
        1.515272274436326,
        0.0,
        0.0,
        2.6647122041738474,
        0.8233035981470017,
        0.0,
        3.0,
        0.0,
        0.0,
        0.0,
        0.0,
        0.0,
        0.0,
        7.519786457864234,
        0.0,
        0.0,
        0.0,
        3.0,
        0.8022504149910294,
        2.1977495850089706,
        0.0,
        0.48021354213576567,
        0.0,
        1.7103003338593255,
        0.0,
        1.5133569157597075,
        0.0,
        0.0,
        0.0,
        0.0,
        0.0,
        0.0,
        0.0,
        0.48664308424029257,
        0.3217477971947792,
        0.0,
        0.0,
        3.0,
        0.0,
        0.0,
        2.1977495850089706,
        0.0,
        2.362543739401064,
        0.0,
        0.0,
        0.0,
        0.0,
        0.0,
        0.0,
        0.0,
        0.0,
        0.0,
        5.681208263380757,
        0.0,
        0.0,
        0.0,
        0.0,
        0.0,
        0.6374562605989359,
        0.07030335358254924,
        0.0,
        0.0,
        3.137538210817182,
        0.0,
        0.0,
        3.267324075527113
    ],
    "x_lj_presolve": [
        2.0,
        0.5890718727218918,
        0.0,
        1.0,
        0.6775258661293344,
        0.8377464083069918,
        0.0,
        0.0,
        2.0,
        1.0,
        0.0,
        1.7929433270404977,
        1.0,
        0.20705667295950198,
        1.5032436608998232,
        0.0,
        0.0,
        0.0,
        0.20705667295950225,
        0.0,
        0.0,
        2.0,
        1.0,
        0.07030335358254924,
        0.0,
        0.0,
        4.7313040655732514,
        3.268695934426748,
        0.0,
        0.0,
        0.8541903396157949,
        0.7820528501864552,
        1.36375681019775,
        1.997824180053981,
        6.0,
        0.0021758199460188165,
        2.0,
        1.0,
        0.0,
        0.0,
        0.0,
        0.0,
        0.0,
        0.7961285456813942,
        5.0,
        2.203871454318606,
        2.0,
        0.0,
        0.0,
        1.0000000000000002,
        2.0,
        0.0,
        0.0
    ],
    "q_presolve": [
        0.0,
        0.0,
        0.0,
        0.7255654672843328,
        0.2898489670774053,
        1.0,
        0.0,
        0.0,
        0.3330890255217309,
        0.2744345327156672,
        0.0,
        1.0,
        0.0,
        0.0,
        0.0,
        0.0,
        0.0,
        0.0,
        0.9399733072330293,
        0.0,
        0.0,
        0.0,
        1.0,
        0.2674168049970098,
        0.2747186981261213,
        0.0,
        0.06002669276697071,
        0.0,
        1.0,
        0.0,
        0.7566784578798538,
        0.0,
        0.0,
        0.0,
        0.0,
        0.0,
        0.0,
        0.0,
        0.24332154212014628,
        0.0896465182656738,
        0.0,
        0.0,
        1.0,
        0.0,
        0.0,
        0.7325831950029902,
        0.0,
        0.7875145798003547,
        0.0,
        0.0,
        0.0,
        0.0,
        0.0,
        0.0,
        0.0,
        1.0,
        0.0,
        0.7101510329225946,
        0.0,
        0.0,
        0.0,
        0.0,
        0.0,
        0.2124854201996453,
        1.0,
        0.0,
        0.0,
        0.39219227635214776,
        0.0,
        0.0,
        0.9103534817343262
    ],