{
    "upper_bound_presolve": -613.7908791940123,
    "x_ij_presolve": [
        0.0,
        1.6446771711457953,
        1.2650546168328156,
        0.0,
        0.9431471752750912,
        0.0,
        1.3497212820846467,
        0.0,
        0.0,
        0.0,
        0.0,
        0.0,
        0.0,
        0.0,
        0.0,
        0.0,
        0.0,
        0.0,
        0.2221462907223353,
        0.0,
        0.0,
        0.0,
        0.0,
        0.0,
        0.0,
        0.0,
        0.0,
        2.0,
        0.0,
        0.0,
        0.0,
        0.0,
        0.0,
        0.0,
        0.0,
        0.0,
        0.0,
        0.0,
        0.0,
        0.0,
        0.0,
        0.0,
        0.0,
        0.7349453831671846,
        0.0,
        0.0,
        0.35532282885420496,
        0.0,
        0.0,
        0.0,
        0.0,
        0.0,
        0.0,
        0.0,
        0.0,
        3.0,
        0.0,
        0.0,
        0.05365696229484673,
        1.9392952055046764,
        0.0,
        0.0,
        0.0,
        0.5816779467290338,
        6.0,
        0.0,
        0.0,
        0.0,
        0.0,
        0.7778537092776647,
        0.0,
        0.0,
        0.0,
        0.0,
        0.0,
        0.0,
        0.21041234818761353,
        0.47461536670448284,
        0.0,
        0.0,
        0.0,
        0.0,
        0.0,
        0.0,
        0.0,
        0.0,
        0.0,
        0.0,
        0.0,
        0.0,
        0.0,
        0.0,
        0.0,
        0.0,
        0.0,
        0.0,
        0.0,
        0.0,
        0.0,
        0.16644273515362032,
        0.0,
        0.0,
        0.0,
        0.0,
        0.0,
        0.3729500799092567,
        0.0,
        0.0,
        0.0,
        0.0,
        0.0,
        0.0,
        0.09288549944863,
        2.3781663894941887,
        0.0,
        0.0
    ],
    "x_il_presolve": [
        0.0,
        0.0,
        0.0,
        2.317039882592616,
        3.800804833894974,
        1.4398663697277398,
        0.0,
        0.0,
        0.47875590265777546,
        0.6829601174073834,
        0.0,
        2.3254365538223363,
        0.0,
        0.0,
        3.0,
        0.0,
        0.0,
        0.0,
        7.265054616832815,
        0.0,
        0.0,
        0.0,
        3.0,
        0.9443079219131236,
        2.0556920780868766,
        0.0,
        0.7349453831671846,
        0.0,
        0.0,
        0.0,
        2.9463430377051534,
        0.0,
        0.0,
        0.0,
        0.0,
        0.0,
        0.0,
        0.0,
        2.222146290722335,
        0.0,
        0.0,
        0.0,
        3.0,
        0.0,
        0.0,
        2.055692078086876,
        0.0,
        3.0,
        0.0,
        0.0,
        0.0,
        0.0,
        0.0,
        0.0,
        2.552121873169737,
        0.0,
        0.0,
        0.0,
        0.0,
        0.0,
        0.0,
        0.0,
        0.0,
        0.0,
        0.06070479449532363,
        0.0,
        0.0,
        2.4655520192553477,
        3.0633960918018337,
        0.0,
        6.026209163874481
    ],
    "x_lj_presolve": [
        1.056852824724909,
        4.1357990743031925,
        0.0,
        0.8335572648463797,
        0.6502787179153534,
        0.7895876518123865,
        0.0,
        0.0,
        2.0,
        1.0,
        0.0,
        1.4183220532709664,
        0.90711450055137,
        0.0,
        0.0,
        0.0,
        0.0,
        0.0,
        0.0,
        0.0,
        0.0,
        2.0,
        1.0,
        0.06070479449532363,
        0.0,
        0.0,
        6.0,
        1.9732627601257797,
        0.0,
        0.026737239874220112,
        1.6270499200907436,
        0.9196057978309331,
        0.4533442820783236,
        2.0,
        6.0,
        0.0,
        2.0,
        1.0,
        0.0,
        0.0,
        1.5253846332955172,
        1.02673723987422,
        0.0,
        0.0,
        5.0,
        1.8642009256968073,
        2.0,
        0.0,
        0.0,
        0.9999999999999999,
        2.0,
        3.168489328427488,
        0.0
    ],
    "q_presolve": [
        0.0,
        0.0,
        0.0,
        0.7723466275308721,
        0.5537140994323592,
        1.0,
        0.0,
        0.0,
        0.05984448783222193,
        0.2276533724691278,
        0.0,
        1.0,
        0.0,
        0.0,
        0.375,
        0.0,
        0.0,
        0.0,
        0.9081318271041019,
        1.0,
        0.0,
        0.0,
        1.0,
        0.3147693073043745,
        0.2569615097608596,
        0.0,
        0.09186817289589808,
        0.0,
        0.0,
        0.0,
        0.5700588412749275,
        0.0,
        0.0,
        0.0,
        0.0,
        0.0,
        0.0,
        0.0,
        0.42994115872507255,
        0.0,
        0.0,
        0.0,
        1.0,
        0.0,
        0.0,
        0.6852306926956254,
        0.0,
        1.0,
        0.0,
        0.0,
        0.0,
        0.0,
        0.0,
        0.0,
        1.0,
        0.0,
        0.0,
        0.0,
        0.0,
        0.0,
        0.0,
        0.0,
        0.0,
        0.0,
        1.0,
        0.0,
        0.0,
        0.30819400240691847,
        0.44628590056764084,
        0.0,
        1.0
    ],