{
    "upper_bound_presolve": -610.6584169248672,
    "x_ij_presolve": [
        0.0,
        1.878789741644561,
        1.6687027208552143,
        0.0,
        0.0,
        0.0,
        1.821755431461097,
        0.0,
        0.0,
        0.0,
        0.0,
        0.0,
        0.0,
        0.0,
        0.0,
        0.0,
        0.0,
        0.0,
        0.0,
        0.0,
        0.0,
        0.0,
        0.0,
        0.0,
        0.0,
        0.0,
        0.0,
        2.0,
        0.0,
        0.0,
        0.0,
        0.0,
        0.0,
        0.0,
        0.0,
        0.0,
        0.0,
        0.0,
        0.0,
        0.0,
        0.0,
        0.0,
        0.0,
        0.3312972791447858,
        0.0,
        0.0,
        0.12121025835543899,
        0.0,
        0.0,
        0.0,
        0.0,
        0.0,
        0.0,
        0.0,
        0.0,
        3.0,
        0.0,
        0.5906951851283766,
        0.5468355689589149,
        1.4798633299623392,
        0.0,
        0.0,
        0.0,
        0.6644729186139612,
        6.0,
        0.0,
        0.40930481487162346,
        0.0,
        0.0,
        0.8112956274078582,
        0.0,
        0.0,
        0.0,
        0.0,
        0.0,
        0.0,
        0.48536117048097627,
        0.5207231588739656,
        0.0,
        0.0,
        0.0,
        0.0,
        0.0,
        0.0,
        0.0,
        0.0,
        0.0,
        0.0,
        0.0,
        0.0,
        0.0,
        1.4792768411260344,
        0.0,
        0.0,
        0.0,
        0.0,
        0.0,
        0.0,
        0.0,
        0.0,
        0.0,
        0.0,
        0.0,
        0.0,
        0.0,
        0.05619099780610788,
        0.0,
        0.0,
        0.0,
        0.0,
        0.0,
        0.0,
        0.0,
        5.396973433234978,
        0.0,
        0.0
    ],
    "x_il_presolve": [
        0.0,
        0.0,
        0.0,
        2.274759120567995,
        1.1622260555637003,
        0.6928833980579266,
        0.3238072654088993,
        0.0,
        0.5155827645473006,
        0.725240879432005,
        0.0,
        3.0,
        0.0,
        0.0,
        3.0,
        0.0,
        0.0,
        0.0,
        5.19358188663778,
        0.0,
        0.0,
        0.0,
        2.6761927345911007,
        1.1186093313123218,
        1.8813906686876782,
        0.0,
        2.80641811336222,
        0.0,
        0.0,
        0.7088410426298026,
        1.1536282032829062,
        0.0,
        0.0,
        0.0,
        0.0,
        0.0,
        0.0,
        0.0,
        0.8463717967170941,
        0.0,
        0.0,
        0.0,
        3.0,
        0.0,
        0.0,
        1.881390668687678,
        0.0,
        2.2870786820489117,
        0.0,
        0.0,
        0.0,
        0.0,
        0.0,
        0.0,
        0.0,
        0.0,
        0.0,
        6.8377739444363,
        0.0,
        0.0,
        0.0,
        0.0,
        0.0,
        0.7129213179510882,
        0.0,
        0.0,
        0.0,
        2.603026566765022,
        0.0,
        0.0,
        5.335527081386039
    ],
    "x_lj_presolve": [
        2.0,
        2.3355270813860396,
        0.0,
        1.0,
        0.17824456853890291,
        0.5146388295190237,
        0.0,
        0.0,
        2.0,
        1.0,
        0.0,
        1.335527081386039,
        1.0,
        0.664472918613961,
        0.0,
        0.0,
        0.0,
        0.0,
        0.0,
        0.0,
        0.0,
        2.0,
        1.0,
        0.5201366700376608,
        0.18870437259214173,
        0.0,
        5.0,
        2.9999999999999996,
        0.0,
        0.0,
        1.943809002193892,
        0.45316443104108517,
        0.6030265667650226,
        2.0,
        6.0,
        0.0,
        2.0,
        1.0,
        0.0,
        0.0,
        0.0,
        0.0,
        0.0,
        0.0,
        5.0,
        2.9999999999999996,
        2.0,
        0.0,
        0.0,
        0.9999999999999999,
        2.0,
        0.0,
        0.0
    ],
    "q_presolve": [
        0.0,
        0.0,
        0.0,
        0.7582530401893317,
        0.14527825694546254,
        1.0,
        0.10793575513629977,
        0.0,
        0.06444784556841257,
        0.24174695981066832,
        0.0,
        1.0,
        0.0,
        0.0,
        0.375,
        0.0,
        0.0,
        0.0,
        0.6491977358297225,
        1.0,
        1.0,
        0.0,
        0.8920642448637003,
        0.3728697771041073,
        0.23517383358595978,
        0.0,
        0.3508022641702775,
        0.0,
        0.0,
        1.0,
        0.5768141016414531,
        0.0,
        0.0,
        0.0,
        0.0,
        0.0,
        0.0,
        0.0,
        0.42318589835854703,
        0.0,
        0.0,
        0.0,
        1.0,
        0.0,
        0.0,
        0.6271302228958927,
        0.0,
        0.7623595606829706,
        0.0,
        0.0,
        0.0,
        0.0,
        0.0,
        0.0,
        0.0,
        0.0,
        0.0,
        0.8547217430545375,
        0.0,
        0.0,
        0.0,
        0.0,
        0.0,
        0.23764043931702938,
        0.0,
        0.0,
        0.0,
        0.32537832084562773,
        0.0,
        0.0,
        1.0
    ],