{
    "upper_bound_presolve": -588.8986365323875,
    "x_ij_presolve": [
        0.0,
        0.7388142334161465,
        1.361680893495031,
        0.0,
        0.0,
        0.0,
        1.753894329505046,
        0.0,
        0.0,
        0.0,
        0.0,
        0.0,
        0.0,
        0.0,
        0.0,
        0.0,
        0.0,
        0.26118576658385334,
        0.21644553264647845,
        0.0,
        0.0,
        0.0,
        0.0,
        0.0,
        0.0,
        0.0,
        0.0,
        2.0,
        0.0,
        3.0,
        0.0,
        0.0,
        0.0,
        0.0,
        0.0,
        0.0,
        0.0,
        0.0,
        0.0,
        0.0,
        0.0,
        0.0,
        0.0,
        0.6383191065049691,
        0.0,
        0.0,
        0.0,
        0.0,
        0.0,
        0.0,
        0.0,
        0.0,
        0.0,
        0.0,
        0.0,
        0.0,
        0.0,
        1.3417633688344495,
        0.16406585154185233,
        1.8271094899814893,
        0.0,
        0.0,
        0.0,
        0.0,
        6.0,
        0.0,
        0.0,
        0.0,
        0.0,
        0.7835544673535215,
        0.0,
        0.0,
        0.0,
        0.0,
        0.0,
        0.0,
        0.39322168744600655,
        0.820204518601691,
        0.0,
        0.0,
        0.0,
        0.0,
        0.0,
        0.0,
        0.0,
        0.0,
        0.0,
        0.0,
        0.0,
        0.0,
        0.0,
        0.0,
        1.4070584112047875,
        0.0,
        0.0,
        0.0,
        0.0,
        0.0,
        0.0,
        0.0,
        0.0,
        0.0,
        0.0,
        0.0,
        0.0,
        0.938302227813439,
        0.0,
        0.0,
        0.0,
        0.0,
        0.20529731849999894,
        0.0,
        0.0,
        4.692334602144708,
        0.0,
        0.0
    ],
    "x_il_presolve": [
        0.0,
        0.0,
        0.0,
        2.265018358672309,
        1.6846246368335207,
        0.8528839830489476,
        0.0,
        0.0,
        2.71683572761819,
        0.7349816413276911,
        0.0,
        0.0,
        0.0,
        0.0,
        0.0,
        0.0,
        0.0,
        0.0,
        7.361680893495031,
        0.0,
        0.0,
        0.0,
        3.0,
        0.742146781176287,
        2.2578532188237133,
        0.0,
        0.6383191065049686,
        0.0,
        3.0,
        0.17289051001851072,
        1.3212802696051877,
        0.0,
        0.0,
        0.0,
        0.0,
        0.0,
        0.0,
        0.0,
        0.6787197303948121,
        1.097918688753575,
        0.0,
        0.0,
        3.0,
        0.0,
        0.0,
        2.2578532188237137,
        0.0,
        2.8443821160117353,
        0.0,
        0.0,
        0.0,
        0.0,
        0.0,
        0.0,
        2.430973701359073,
        0.0,
        0.0,
        5.89902625135679,
        0.0,
        0.0,
        0.0,
        0.0,
        0.0,
        0.1556178839882644,
        0.0,
        0.0,
        0.0,
        3.025311053558097,
        0.0,
        0.0,
        2.3184304230561112
    ],
    "x_lj_presolve": [
        2.0,
        0.41634911180968626,
        0.0,
        1.0,
        0.2461056704949541,
        0.6067783125539935,
        0.0,
        0.0,
        2.0,
        1.0,
        0.0,
        0.0,
        0.0,
        0.0,
        1.2611857665838535,
        0.0,
        0.0,
        0.0,
        1.7388142334161467,
        0.0,
        0.0,
        2.0,
        1.0,
        0.17289051001851072,
        0.0,
        0.0,
        4.6582366311655505,
        3.341763368834449,
        0.0,
        0.0,
        0.8564004536865623,
        0.8359341484581463,
        1.3076653978552915,
        2.0,
        6.0,
        0.0,
        2.0,
        1.0,
        0.0,
        0.0,
        1.1797954813983091,
        1.2511782199607637,
        0.0,
        0.0,
        5.0,
        2.5836508881903137,
        2.0,
        0.0,
        0.0,
        1.0,
        2.0,
        0.0,
        0.0
    ],
    "q_presolve": [
        0.0,
        0.0,
        0.0,
        0.7550061195574364,
        0.2221390016063256,
        1.0,
        0.0,
        0.0,
        0.3396044659522737,
        0.24499388044256368,
        0.0,
        0.0,
        0.0,
        0.0,
        0.0,
        0.0,
        0.0,
        0.0,
        0.9202101116868788,
        0.0,
        0.0,
        0.0,
        1.0,
        0.24738226039209565,
        0.28223165235296416,
        0.0,
        0.07978988831312107,
        0.0,
        1.0,
        1.0,
        0.6606401348025939,
        0.0,
        0.0,
        1.0,
        0.0,
        0.0,
        0.0,
        0.0,
        0.3393598651974061,
        0.3213719244787581,
        0.0,
        0.0,
        1.0,
        0.0,
        0.0,
        0.7526177396079046,
        0.0,
        0.9481273720039118,
        0.0,
        0.0,
        0.0,
        0.0,
        0.0,
        0.0,
        1.0,
        0.0,
        0.0,
        0.777860998393674,
        0.0,
        0.0,
        0.0,
        0.0,
        0.0,
        0.05187262799608813,
        0.0,
        0.0,
        0.0,
        0.3781638816947621,
        0.0,
        0.0,
        0.6786280755212418
    ],