{
    "upper_bound_presolve": -620.875087674067,
    "x_ij_presolve": [
        0.0,
        0.0,
        1.437994463011438,
        0.0,
        0.8585027917065199,
        0.0,
        1.2614096885131092,
        0.0,
        0.0,
        0.0,
        0.0,
        0.0,
        0.0,
        0.0,
        0.0,
        0.0,
        0.0,
        0.0,
        0.2886461463437785,
        0.0,
        0.0,
        0.0,
        0.0,
        0.0,
        0.0,
        0.0,
        0.0,
        2.0,
        0.0,
        0.0,
        0.0,
        0.0,
        0.0,
        0.0,
        0.0,
        0.0,
        0.0,
        0.0,
        0.0,
        0.0,
        0.0,
        0.0,
        0.0,
        0.5620055369885618,
        0.0,
        0.0,
        0.0,
        0.0,
        0.0,
        0.0,
        0.0,
        0.0,
        0.0,
        0.0,
        0.0,
        0.23771580740186105,
        0.0,
        1.221182192418266,
        0.035779807369858266,
        2.0,
        0.0,
        0.0,
        0.0,
        0.0,
        6.0,
        0.0,
        0.0,
        0.0,
        0.0,
        0.7113538536562215,
        0.0,
        0.0,
        0.0,
        0.0,
        0.0,
        0.0,
        0.0396462960471282,
        0.7404082109334919,
        0.0,
        0.0,
        0.0,
        0.0,
        0.0,
        0.0,
        0.0,
        0.0,
        0.0,
        0.20382215182032307,
        0.0,
        0.0,
        0.0,
        1.2595917890665083,
        1.3308666129838382,
        0.0,
        0.0,
        0.0,
        0.0,
        0.0,
        0.0,
        0.03388719203431915,
        0.0,
        0.0,
        0.0,
        0.0,
        0.0,
        0.10172230509047642,
        0.0,
        0.0,
        0.0,
        0.0,
        0.0,
        0.0,
        0.047992817661143654,
        5.862497887539665,
        0.0,
        0.0
    ],
    "x_il_presolve": [
        0.0,
        0.0,
        0.0,
        2.1009954172705987,
        0.8145820979574759,
        1.6989440154397628,
        0.0,
        0.0,
        0.858185574751789,
        0.8990045827294015,
        0.0,
        3.0,
        0.0,
        0.0,
        3.0,
        0.0,
        0.0,
        0.0,
        6.304250070738026,
        0.0,
        0.0,
        0.0,
        3.0,
        0.9476948695509803,
        2.0523051304490196,
        0.0,
        1.6957499292619735,
        0.0,
        2.762284192598139,
        0.0,
        1.7430380002118757,
        0.0,
        0.0,
        0.0,
        0.0,
        0.0,
        0.0,
        0.0,
        0.25696199978812434,
        0.0,
        0.0,
        0.0,
        2.796177848179677,
        0.0,
        0.0,
        2.0523051304490196,
        0.0,
        3.0,
        0.0,
        0.0,
        0.0,
        0.0,
        0.0,
        0.0,
        0.0,
        0.0,
        0.0,
        6.371304519170673,
        0.0,
        0.0,
        0.0,
        0.0,
        0.0,
        0.0,
        0.0,
        0.0,
        0.0,
        2.089509294799191,
        0.0,
        0.0,
        5.111446388871729
    ],
    "x_lj_presolve": [
        1.1414972082934802,
        3.003836372612569,
        0.0,
        0.9661128079656809,
        0.738590311486891,
        0.9603537039528718,
        0.0,
        0.0,
        2.0,
        1.0,
        0.0,
        1.237715807401861,
        0.9520071823388564,
        0.8102770102592826,
        2.0,
        0.0,
        0.0,
        0.0,
        0.7622841925981391,
        0.0,
        0.0,
        2.0,
        1.0,
        0.0,
        0.0,
        0.0,
        4.778817807581734,
        3.221182192418266,
        0.0,
        0.0,
        1.8982776949095237,
        0.9642201926301418,
        0.13750211246033459,
        2.0,
        6.0,
        0.0,
        1.796177848179677,
        1.0,
        0.0,
        0.0,
        0.0,
        0.0,
        0.0,
        0.0,
        5.0,
        2.1858866171281486,
        2.0,
        0.0,
        0.0,
        1.0,
        2.0,
        0.0,
        0.0
    ],
    "q_presolve": [
        0.0,
        0.0,
        0.0,
        0.7003318057568662,
        0.11335860713636266,
        1.0,
        0.0,
        0.0,
        0.10727319684397363,
        0.2996681942431338,
        0.0,
        1.0,
        0.0,
        0.0,
        0.375,
        0.0,
        0.0,
        0.0,
        0.7880312588422532,
        0.0,
        0.0,
        0.0,
        1.0,
        0.31589828985032675,
        0.25653814130612745,
        0.0,
        0.2119687411577467,
        0.0,
        1.0,
        1.0,
        0.8715190001059379,
        0.0,
        0.0,
        0.0,
        0.0,
        0.0,
        0.0,
        0.0,
        0.12848099989406217,
        0.0,
        0.0,
        0.0,
        1.0,
        0.0,
        0.0,
        0.6841017101496732,
        0.0,
        1.0,
        0.0,
        0.0,
        0.0,
        0.0,
        0.0,
        0.0,
        0.0,
        1.0,
        0.0,
        0.8866413928636372,
        0.0,
        0.0,
        0.0,
        0.0,
        0.0,
        0.0,
        0.0,
        0.0,
        0.0,
        0.26118866184989886,
        0.0,
        0.0,
        1.0
    ],