{
    "upper_bound_presolve": -614.2271849128671,
    "x_ij_presolve": [
        0.0,
        1.566369436350126,
        1.1863584480342872,
        0.0,
        0.0,
        0.0,
        1.2835078125852517,
        0.0,
        0.0,
        0.0,
        0.0,
        0.0,
        0.0,
        0.0,
        0.0,
        0.0,
        0.0,
        0.0,
        0.22651372594070238,
        0.0,
        0.0,
        0.0,
        0.0,
        0.0,
        0.0,
        0.0,
        0.0,
        2.0,
        0.0,
        2.6294546415160513,
        0.0,
        0.0,
        0.0,
        0.0,
        0.0,
        0.0,
        0.0,
        0.0,
        0.0,
        0.0,
        0.0,
        0.0,
        0.0,
        0.813641551965713,
        0.0,
        0.0,
        0.43363056364987423,
        0.0,
        0.0,
        0.0,
        0.0,
        0.0,
        0.0,
        0.0,
        0.0,
        3.0,
        0.0,
        0.9999999999999991,
        0.1125560014389866,
        1.7551166821178306,
        0.0,
        0.0,
        0.0,
        0.33090327947015624,
        6.0,
        0.0,
        0.0,
        0.0,
        0.0,
        0.7734862740592976,
        0.0,
        0.0,
        0.0,
        0.0,
        0.0,
        0.0,
        0.14663693571994718,
        0.9234302535500598,
        0.0,
        0.0,
        0.0,
        0.0,
        0.0,
        0.0,
        0.0,
        0.0,
        0.0,
        0.0,
        0.0,
        0.0,
        0.0,
        1.0765697464499402,
        0.0,
        0.0,
        0.0,
        0.0,
        0.0,
        0.0,
        0.0,
        0.0,
        0.0,
        0.0,
        0.0,
        0.0,
        0.0,
        0.5529550768248149,
        0.0,
        0.0,
        0.0,
        0.0,
        0.0,
        0.0,
        0.0,
        5.334488921736198,
        0.0,
        0.0
    ],
    "x_il_presolve": [
        0.0,
        0.0,
        0.0,
        2.331528669984524,
        0.6118613342796295,
        1.569855251694801,
        0.0,
        0.0,
        3.0,
        0.6684713300154763,
        0.0,
        3.0,
        0.0,
        0.0,
        0.3705453584839485,
        0.0,
        0.0,
        0.0,
        7.186358448034287,
        0.0,
        0.0,
        0.0,
        3.0,
        1.0360564367477498,
        1.9639435632522502,
        0.0,
        0.8136415519657142,
        0.0,
        0.0,
        0.24488331788216947,
        1.6425606806788449,
        0.0,
        0.0,
        0.0,
        0.0,
        0.0,
        0.0,
        0.0,
        0.35743931932115514,
        0.0,
        0.0,
        0.0,
        3.0,
        0.0,
        0.0,
        1.9639435632522502,
        0.0,
        2.771553830947952,
        0.0,
        0.0,
        0.0,
        0.0,
        0.0,
        0.0,
        0.0,
        0.0,
        0.0,
        6.910086451163153,
        0.0,
        0.0,
        0.0,
        0.0,
        0.0,
        0.2284461690520474,
        0.0,
        0.0,
        0.0,
        2.665511078263801,
        0.0,
        0.0,
        3.5176942935710103
    ],
    "x_lj_presolve": [
        2.0,
        0.5176942935710106,
        0.0,
        1.0,
        0.7164921874147483,
        0.8533630642800528,
        0.0,
        0.0,
        2.0,
        1.0,
        0.0,
        1.6690967205298437,
        1.0,
        0.33090327947015663,
        0.0,
        0.0,
        0.0,
        0.0,
        0.0,
        0.0,
        0.0,
        2.0,
        1.0,
        0.24488331788216947,
        0.0,
        0.0,
        5.000000000000001,
        3.0,
        0.0,
        0.0,
        1.4470449231751852,
        0.8874439985610134,
        0.6655110782638012,
        2.0,
        6.0,
        0.0,
        2.0,
        1.0,
        0.0,
        0.0,
        0.0,
        0.0,
        0.0,
        0.0,
        5.0,
        2.521947785442782,
        2.0,
        0.0,
        0.0,
        0.9999999999999998,
        2.0,
        0.0,
        0.0
    ],
    "q_presolve": [
        0.0,
        0.0,
        0.0,
        0.7771762233281746,
        0.08134347003362137,
        1.0,
        0.0,
        0.0,
        0.375,
        0.22282377667182546,
        0.0,
        1.0,
        0.0,
        0.0,
        0.04631816981049357,
        0.0,
        0.0,
        0.0,
        0.8982948060042858,
        1.0,
        0.0,
        0.0,
        1.0,
        0.34535214558258326,
        0.24549294540653127,
        0.0,
        0.10170519399571427,
        0.0,
        0.0,
        1.0,
        0.8212803403394224,
        0.0,
        0.0,
        0.0,
        0.0,
        0.0,
        0.0,
        0.0,
        0.17871965966057757,
        0.0,
        0.0,
        0.0,
        1.0,
        0.0,
        0.0,
        0.6546478544174167,
        0.0,
        0.9238512769826508,
        0.0,
        0.0,
        0.0,
        0.0,
        0.0,
        0.0,
        0.0,
        1.0,
        0.0,
        0.9186565299663787,
        0.0,
        0.0,
        0.0,
        0.0,
        0.0,
        0.07614872301734912,
        0.0,
        0.0,
        0.0,
        0.3331888847829752,
        0.0,
        0.0,
        1.0
    ],