{
    "upper_bound_presolve": -621.8233827873772,
    "x_ij_presolve": [
        0.0,
        0.07364623970195011,
        0.7343894672449836,
        0.0,
        0.0,
        0.0,
        1.767455644556922,
        0.0,
        0.0,
        0.0,
        0.0,
        0.0,
        0.0,
        0.0,
        0.0,
        0.0,
        0.0,
        0.0,
        0.25556577516569273,
        0.0,
        0.0,
        0.0,
        0.0,
        0.0,
        0.0,
        0.0,
        0.0,
        2.0,
        0.0,
        3.0,
        0.0,
        0.0,
        0.0,
        0.0,
        0.0,
        0.0,
        0.0,
        0.0,
        0.0,
        0.0,
        0.0,
        0.0,
        0.0,
        0.3770179953721608,
        0.0,
        0.0,
        0.0,
        0.0,
        0.0,
        0.0,
        0.0,
        0.0,
        0.0,
        0.0,
        0.0,
        0.3762957998320111,
        0.0,
        0.0,
        0.0,
        2.0,
        0.0,
        0.0,
        0.0,
        0.0,
        6.0,
        0.0,
        0.0,
        0.0,
        0.0,
        0.7444342248343072,
        0.0,
        0.0,
        0.0,
        0.0,
        0.0,
        0.0,
        0.0,
        0.9674645587100168,
        0.0,
        0.0,
        0.0,
        0.0,
        0.0,
        0.0,
        0.0,
        0.0,
        0.0,
        0.0,
        0.0,
        0.0,
        0.0,
        0.0,
        2.8593373722748114,
        0.0,
        0.0,
        0.0,
        0.0,
        0.16292238098839948,
        0.0,
        0.0,
        0.0,
        0.0,
        0.0,
        0.0,
        0.0,
        0.48435816299745865,
        0.0,
        0.0,
        0.0,
        0.0,
        0.0,
        0.0,
        0.0805390129240835,
        2.214732207511697,
        0.0,
        0.0
    ],
    "x_il_presolve": [
        0.0,
        0.7588748640968159,
        0.0,
        2.1934491675000367,
        4.86469453500726,
        0.4736694913462621,
        0.0,
        0.0,
        2.708094372238169,
        0.8065508324999632,
        0.0,
        3.0,
        0.0,
        0.0,
        0.0,
        0.0,
        0.0,
        0.0,
        6.106319500408813,
        0.0,
        0.0,
        0.0,
        3.0,
        0.836706944663982,
        2.163293055336018,
        0.0,
        1.893680499591186,
        0.0,
        2.623704200167989,
        0.0,
        3.0,
        0.0,
        0.0,
        0.0,
        0.0,
        0.0,
        0.0,
        0.0,
        1.9589161937584376,
        0.2966495814072551,
        0.0,
        0.0,
        3.0,
        0.0,
        0.0,
        2.163293055336018,
        0.0,
        3.0,
        0.0,
        0.0,
        0.0,
        0.0,
        0.0,
        0.0,
        1.9104662989865213,
        0.0,
        0.0,
        0.5591892578543335,
        0.0,
        0.0,
        0.0,
        0.0,
        0.0,
        0.0,
        0.0,
        0.0,
        0.0,
        3.128612572425813,
        2.5761162071384067,
        0.0,
        2.8795605281222225
    ],
    "x_lj_presolve": [
        2.0,
        0.17621010952947755,
        0.0,
        1.0,
        0.23254435544307786,
        1.0,
        0.0,
        0.0,
        2.0,
        0.8370776190116006,
        0.16292238098839948,
        1.3026495601300614,
        0.9194609870759165,
        0.7778894527940218,
        1.9263537602980498,
        0.0,
        0.0,
        0.0,
        0.6973504398699386,
        0.0,
        0.0,
        2.0,
        1.0,
        0.0,
        0.0,
        0.0,
        6.0,
        1.8864359701966391,
        0.0,
        0.11356402980336101,
        1.5156418370025413,
        0.886435970196639,
        0.5979221928008199,
        2.0,
        6.0,
        0.0,
        2.0,
        1.0,
        0.0,
        0.0,
        1.0325354412899832,
        0.8779308576965382,
        0.0,
        0.888592537382855,
        5.065507024940645,
        2.0459004376765004,
        2.0,
        0.0,
        0.06550702494064567,
        0.9344929750593542,
        1.8370776190116005,
        3.121838574746837,
        0.0
    ],
    "q_presolve": [
        0.0,
        0.615697813020298,
        0.0,
        0.7311497225000122,
        0.6080868168759075,
        0.3843021869797021,
        0.0,
        0.0,
        0.33851179652977115,
        0.26885027749998774,
        0.0,
        1.0,
        0.0,
        0.0,
        0.0,
        0.0,
        0.0,
        0.0,
        0.7632899375511016,
        0.0,
        0.0,
        0.0,
        1.0,
        0.278902314887994,
        0.27041163191700224,
        0.0,
        0.23671006244889825,
        0.0,
        1.0,
        1.0,
        0.6049709014594689,
        0.0,
        0.0,
        0.0,
        0.0,
        0.0,
        0.0,
        0.0,
        0.3950290985405312,
        0.09339734185632974,
        0.0,
        0.0,
        1.0,
        0.0,
        0.0,
        0.721097685112006,
        0.0,
        1.0,
        0.0,
        0.0,
        0.0,
        0.0,
        0.0,
        0.0,
        1.0,
        0.0,
        0.0,
        0.06989865723179169,
        0.0,
        0.0,
        0.0,
        0.0,
        0.0,
        0.0,
        0.0,
        0.0,
        0.0,
        0.3910765715532266,
        0.3220145258923008,
        0.0,
        0.9066026581436704
    ],