{
    "upper_bound_presolve": -618.6281561483901,
    "x_ij_presolve": [
        0.0,
        0.0,
        1.348599814392137,
        0.0,
        0.6018626737392548,
        0.0,
        1.4034732531786192,
        0.0,
        0.0,
        0.0,
        0.0,
        0.0,
        0.0,
        0.0,
        0.0,
        0.0,
        0.0,
        0.0,
        0.22598740401123715,
        0.0,
        0.0,
        0.0,
        0.0,
        0.0,
        0.0,
        0.0,
        0.0,
        2.0,
        0.0,
        0.0,
        0.0,
        0.0,
        0.0,
        0.0,
        0.0,
        0.0,
        0.0,
        0.0,
        0.0,
        0.0,
        0.0,
        0.0,
        0.0,
        0.651400185607863,
        0.0,
        0.0,
        0.0,
        0.0,
        0.0,
        0.0,
        0.0,
        0.0,
        0.0,
        0.0,
        0.0,
        0.6469029728570459,
        0.0,
        1.460672001466621,
        0.15892691613104937,
        1.8460041057708705,
        0.0,
        0.0,
        0.0,
        0.0,
        6.0,
        0.0,
        0.0,
        0.0,
        0.0,
        0.7740125959887628,
        0.0,
        0.0,
        0.0,
        0.0,
        0.0,
        0.0,
        0.09827971361450721,
        0.8910483877868509,
        0.0,
        0.0,
        0.0,
        0.0,
        0.0,
        0.0,
        0.0,
        0.0,
        0.0,
        0.0,
        0.0,
        0.0,
        0.0,
        1.108951612213149,
        0.0,
        0.0,
        0.0,
        0.0,
        0.0,
        0.0,
        0.0,
        0.0,
        0.0,
        0.0,
        0.0,
        0.0,
        0.0,
        1.2871511435251808,
        0.0,
        0.0,
        0.0,
        0.0,
        0.18004614226189702,
        0.0,
        0.0,
        4.163250372161336,
        0.0,
        0.0
    ],
    "x_il_presolve": [
        0.0,
        0.0,
        0.0,
        2.3105972125361744,
        4.128479192159476,
        1.4982470332068736,
        0.0,
        0.0,
        2.657691413824825,
        0.6894027874638257,
        0.0,
        3.0,
        0.0,
        0.0,
        3.0,
        0.0,
        0.0,
        0.0,
        7.348599814392137,
        0.0,
        0.0,
        0.0,
        3.0,
        0.7940647592050414,
        2.2059352407949584,
        0.0,
        0.6514001856078633,
        0.0,
        2.353097027142954,
        0.0,
        1.3804010824023298,
        0.0,
        0.0,
        0.0,
        0.0,
        0.0,
        0.0,
        0.0,
        0.830224343518207,
        0.0,
        0.0,
        0.0,
        3.0,
        0.0,
        0.0,
        2.2059352407949584,
        0.0,
        2.755723946114006,
        0.0,
        0.0,
        0.0,
        0.0,
        0.0,
        0.0,
        0.0,
        0.0,
        0.0,
        0.0,
        0.0,
        0.0,
        0.0,
        0.0,
        0.0,
        0.24427605388599422,
        0.15399589422912946,
        0.0,
        0.0,
        0.13637334538021806,
        3.5203301401965486,
        0.0,
        5.396230966761767
    ],
    "x_lj_presolve": [
        1.3981373262607453,
        2.998093640501021,
        0.0,
        1.0,
        0.5965267468213808,
        0.9017202863854927,
        0.0,
        0.0,
        2.0,
        1.0,
        0.0,
        1.6469029728570463,
        1.0,
        0.35309702714295343,
        2.0,
        0.0,
        0.0,
        0.0,
        0.35309702714295366,
        0.0,
        0.0,
        2.0,
        1.0,
        0.15399589422912946,
        0.0,
        0.0,
        4.539327998533379,
        3.460672001466622,
        0.0,
        0.0,
        0.5328027142129224,
        0.8410730838689506,
        1.626124201918127,
        2.0,
        6.0,
        0.0,
        2.0,
        1.0,
        0.0,
        0.0,
        0.0,
        0.0,
        0.0,
        0.0,
        5.0,
        2.648809332356025,
        2.0,
        0.0,
        0.0,
        0.9999999999999999,
        2.0,
        0.2106254259205368,
        0.0
    ],
    "q_presolve": [
        0.0,
        0.0,
        0.0,
        0.7701990708453915,
        0.5397544915514063,
        1.0,
        0.0,
        0.0,
        0.3322114267281031,
        0.22980092915460856,
        0.0,
        1.0,
        0.0,
        0.0,
        0.37499999999999994,
        0.0,
        0.0,
        0.0,
        0.9185749767990171,
        0.0,
        1.0,
        0.0,
        1.0,
        0.26468825306834715,
        0.27574190509936974,
        0.0,
        0.0814250232009829,
        0.0,
        1.0,
        0.0,
        0.6244391592607828,
        0.0,
        0.0,
        0.0,
        0.0,
        0.0,
        0.0,
        0.0,
        0.37556084073921725,
        0.0,
        0.0,
        0.0,
        1.0,
        0.0,
        0.0,
        0.7353117469316528,
        0.0,
        0.9185746487046687,
        0.0,
        0.0,
        0.0,
        0.0,
        0.0,
        0.0,
        0.0,
        0.0,
        0.0,
        0.0,
        0.0,
        0.0,
        0.0,
        0.0,
        0.0,
        0.08142535129533142,
        1.0,
        0.0,
        0.0,
        0.017046668172527257,
        0.4602455084485939,
        0.0,
        1.0
    ],