{
    "upper_bound_presolve": -612.118989552666,
    "x_ij_presolve": [
        0.0,
        0.025948487719522195,
        0.9257409614654075,
        0.0,
        0.0,
        0.0,
        1.4453894064685735,
        0.0,
        0.0,
        0.0,
        0.0,
        0.0,
        0.0,
        0.0,
        0.0,
        0.0,
        0.0,
        0.0,
        0.262048459014367,
        0.0,
        0.0,
        0.0,
        0.0,
        0.0,
        0.0,
        0.0,
        0.0,
        2.0,
        0.0,
        2.90345999635473,
        0.0,
        0.0,
        0.0,
        0.0,
        0.0,
        0.0,
        0.0,
        0.0,
        0.0,
        0.0,
        0.0,
        0.0,
        0.0,
        0.6411645707733624,
        0.0,
        0.0,
        0.0,
        0.0,
        0.0,
        0.0,
        0.0,
        0.0,
        0.0,
        0.0,
        0.0,
        0.5036884728799631,
        0.0,
        1.2125739753901799,
        0.2701783845417786,
        2.0,
        0.0,
        0.0,
        0.0,
        0.0,
        6.0,
        0.0,
        0.0,
        0.0,
        0.0,
        0.737951540985633,
        0.0,
        0.0,
        0.0,
        0.0,
        0.0,
        0.0,
        0.1888602157740187,
        0.6087357189659749,
        0.0,
        0.0,
        0.0,
        0.0,
        0.0,
        0.0,
        0.0,
        0.0,
        0.0,
        0.0,
        0.0,
        0.0,
        0.0,
        1.3912642810340252,
        0.0,
        0.0,
        0.0,
        0.0,
        0.0,
        0.0,
        0.0,
        0.0,
        0.0,
        0.0,
        0.0,
        0.0,
        0.0,
        1.0823974312494933,
        0.0,
        0.0,
        0.0,
        0.0,
        0.3140326722892971,
        0.0,
        0.007374456566941924,
        4.33339151191943,
        0.0,
        0.0
    ],
    "x_il_presolve": [
        0.0,
        0.0,
        0.0,
        2.0876310470742157,
        2.4053425495803493,
        1.3657503777574078,
        0.0,
        0.0,
        2.442418143300822,
        0.9123689529257841,
        0.0,
        3.0,
        0.0,
        0.0,
        0.09654000364527003,
        0.0,
        0.0,
        0.0,
        7.358835429226637,
        0.0,
        0.0,
        0.0,
        3.0,
        0.8841595061704233,
        2.1158404938295767,
        0.0,
        0.6411645707733628,
        0.0,
        2.496311527120037,
        0.0,
        1.5172476400680417,
        0.0,
        0.0,
        0.0,
        0.0,
        0.0,
        0.0,
        0.0,
        0.48275235993195853,
        0.867330284323695,
        0.0,
        0.0,
        3.0,
        0.0,
        0.0,
        2.1158404938295767,
        0.0,
        1.5240177343021961,
        0.0,
        0.0,
        0.0,
        0.0,
        0.0,
        0.0,
        0.0,
        0.0,
        0.0,
        5.594657450419651,
        0.0,
        0.0,
        0.0,
        0.0,
        0.0,
        1.4759822656978037,
        0.0,
        0.0,
        0.0,
        3.345201359224331,
        0.0,
        0.0,
        2.1326697156763053
    ],
    "x_lj_presolve": [
        2.0,
        0.0,
        0.0,
        1.0,
        0.5546105935314264,
        0.8111397842259813,
        0.0,
        0.0,
        2.0,
        1.0,
        0.0,
        1.4777399851604411,
        0.9926255434330581,
        0.5296344714065007,
        1.9740515122804778,
        0.0,
        0.0,
        0.0,
        0.522260014839559,
        0.0,
        0.0,
        2.0,
        1.0,
        0.0,
        0.0,
        0.0,
        4.78742602460982,
        3.21257397539018,
        0.0,
        0.0,
        0.6035698964612095,
        0.7298216154582213,
        1.6666084880805694,
        2.0,
        6.0,
        0.0,
        2.0,
        1.0,
        0.0,
        0.0,
        0.0,
        0.0,
        0.0,
        0.43309446776123006,
        5.0,
        2.5669055322387697,
        2.0,
        0.0,
        0.0,
        1.0,
        2.0,
        0.0,
        0.0
    ],
    "q_presolve": [
        0.0,
        0.0,
        0.0,
        0.6958770156914053,
        0.30066781869754367,
        1.0,
        0.0,
        0.0,
        0.30530226791260273,
        0.30412298430859475,
        0.0,
        1.0,
        0.0,
        0.0,
        0.012067500455658754,
        0.0,
        0.0,
        0.0,
        0.9198544286533297,
        0.0,
        1.0,
        0.0,
        1.0,
        0.2947198353901411,
        0.2644800617286971,
        0.0,
        0.08014557134667033,
        0.0,
        1.0,
        1.0,
        0.7586238200340208,
        0.0,
        0.0,
        0.0,
        0.0,
        0.0,
        0.0,
        0.0,
        0.24137617996597927,
        0.28911009477456495,
        0.0,
        0.0,
        1.0,
        0.0,
        0.0,
        0.7052801646098589,
        0.0,
        0.5080059114340655,
        0.0,
        0.0,
        0.0,
        0.0,
        0.0,
        0.0,
        0.0,
        0.0,
        0.0,
        0.6993321813024563,
        0.0,
        0.0,
        0.0,
        0.0,
        0.0,
        0.4919940885659345,
        0.0,
        0.0,
        0.0,
        0.4181501699030414,
        0.0,
        0.0,
        0.710889905225435
    ],