{
    "upper_bound_presolve": -625.0837237707708,
    "x_ij_presolve": [
        0.0,
        0.34637340991595345,
        1.479421307347864,
        0.0,
        0.9694009094257511,
        0.0,
        1.0673075458492418,
        0.0,
        0.0,
        0.0,
        0.0,
        0.0,
        0.0,
        0.0,
        0.0,
        0.0,
        0.0,
        0.0,
        0.20696514987400103,
        0.0,
        0.0,
        0.0,
        0.0,
        0.0,
        0.0,
        0.0,
        0.0,
        2.0,
        0.0,
        0.0,
        0.0,
        0.0,
        0.0,
        0.0,
        0.0,
        0.0,
        0.0,
        0.0,
        0.0,
        0.0,
        0.0,
        0.0,
        0.0,
        0.520578692652136,
        0.0,
        0.0,
        0.0,
        0.0,
        0.0,
        0.0,
        0.0,
        0.0,
        0.0,
        0.0,
        0.0,
        1.163232580016044,
        0.0,
        1.6656124787850413,
        0.1583074951972789,
        2.0,
        0.0,
        0.0,
        0.0,
        0.0,
        6.0,
        0.0,
        0.46968862821008306,
        0.0,
        0.0,
        0.7930348501259991,
        0.0,
        0.0,
        0.0,
        0.0,
        0.0,
        0.0,
        0.021505451874236473,
        0.8082242671802953,
        0.0,
        0.0,
        0.0,
        0.0,
        0.0,
        0.0,
        0.0,
        0.0,
        0.0,
        0.0,
        0.0,
        0.0,
        0.0,
        0.0,
        0.0,
        0.0,
        0.0,
        0.0,
        0.0,
        0.0,
        0.0,
        0.27948500026227835,
        0.0,
        0.0,
        0.0,
        0.0,
        0.0,
        1.1265349699213663,
        0.0,
        0.0,
        0.0,
        0.0,
        0.2832515310964653,
        0.0,
        0.0,
        4.431906003784891,
        0.0,
        0.0
    ],
    "x_il_presolve": [
        0.0,
        0.0,
        0.0,
        2.298669746231276,
        3.454913753096859,
        1.9111870022765216,
        0.0,
        0.0,
        2.1956137114226717,
        0.7013302537687234,
        0.0,
        3.0,
        0.0,
        0.0,
        3.0,
        0.0,
        0.0,
        0.0,
        4.999999999999999,
        0.0,
        0.0,
        0.0,
        3.0,
        0.7485526364378495,
        2.2514473635621504,
        0.0,
        3.0,
        0.0,
        1.836767419983956,
        0.0,
        1.1760800260176798,
        0.0,
        0.0,
        0.0,
        0.0,
        0.0,
        0.0,
        0.0,
        0.8239199739823203,
        0.0,
        0.0,
        0.0,
        3.0,
        0.0,
        0.0,
        2.2514473635621504,
        0.0,
        2.381143273841224,
        0.0,
        0.0,
        0.0,
        0.0,
        0.0,
        0.0,
        1.8343860676428425,
        0.0,
        0.0,
        0.0,
        0.0,
        0.0,
        0.0,
        0.0,
        0.0,
        0.6188567261587764,
        0.0,
        0.0,
        0.0,
        0.5529389250151773,
        2.731903540103467,
        0.0,
        6.381155967211736
    ],
    "x_lj_presolve": [
        1.030599090574249,
        4.6300418768997655,
        0.0,
        0.7205149997377216,
        0.9326924541507582,
        0.9784945481257635,
        0.0,
        0.0,
        2.0,
        1.0,
        0.0,
        1.816859170100091,
        1.0,
        0.183140829899909,
        1.6536265900840468,
        0.0,
        0.0,
        0.0,
        0.18314082989990926,
        0.0,
        0.0,
        2.0,
        1.0,
        0.0,
        0.0,
        0.0,
        3.8646988930048756,
        4.135301106995125,
        0.0,
        0.0,
        0.5902134989821686,
        0.8416925048027222,
        1.5680939962151093,
        2.0,
        6.0,
        0.0,
        2.0,
        1.0,
        0.0,
        0.0,
        1.1917757328197047,
        0.6426103348231378,
        0.0,
        0.0,
        5.0,
        1.1868172932003256,
        2.0,
        0.0,
        0.0,
        0.9999999999999998,
        2.0,
        0.0,
        0.0
    ],
    "q_presolve": [
        0.0,
        0.0,
        0.0,
        0.7662232487437588,
        0.5584315148427882,
        1.0,
        0.0,
        0.0,
        0.27445171392783396,
        0.23377675125624114,
        0.0,
        1.0,
        0.0,
        0.0,
        0.375,
        0.0,
        0.0,
        0.0,
        0.6249999999999999,
        0.0,
        0.0,
        0.0,
        1.0,
        0.24951754547928315,
        0.2814309204452688,
        0.0,
        0.375,
        0.0,
        1.0,
        1.0,
        0.5880400130088399,
        0.0,
        0.0,
        0.0,
        0.0,
        0.0,
        0.0,
        0.0,
        0.41195998699116015,
        0.0,
        0.0,
        0.0,
        1.0,
        0.0,
        0.0,
        0.7504824545207168,
        0.0,
        0.7937144246137413,
        0.0,
        0.0,
        0.0,
        0.0,
        0.0,
        0.0,
        1.0,
        0.0,
        0.0,
        0.0,
        0.0,
        0.0,
        0.0,
        0.0,
        0.0,
        0.2062855753862588,
        0.0,
        0.0,
        0.0,
        0.06911736562689716,
        0.44156848515721187,
        0.0,
        1.0
    ],