{
    "upper_bound_presolve": -618.644522549825,
    "x_ij_presolve": [
        0.0,
        0.34289526587061386,
        1.419900367524653,
        0.0,
        0.5935444819243781,
        0.0,
        1.2433339317910084,
        0.0,
        0.0,
        0.0,
        0.0,
        0.0,
        0.0,
        0.0,
        0.0,
        0.0,
        0.0,
        0.0,
        0.21779806280638958,
        0.0,
        0.0,
        0.0,
        0.0,
        0.0,
        0.0,
        0.0,
        0.0,
        2.0,
        0.0,
        0.0,
        0.0,
        0.0,
        0.0,
        0.0,
        0.0,
        0.0,
        0.0,
        0.0,
        0.0,
        0.0,
        0.0,
        0.0,
        0.0,
        0.580099632475347,
        0.0,
        0.0,
        0.0,
        0.0,
        0.0,
        0.0,
        0.0,
        0.0,
        0.0,
        0.0,
        0.0,
        1.06723386664197,
        0.0,
        1.6647446975175235,
        0.025953031595135016,
        1.960175692023657,
        0.0,
        0.0,
        0.0,
        0.0,
        6.0,
        0.0,
        0.0,
        0.0,
        0.0,
        0.7822019371936104,
        0.0,
        0.0,
        0.0,
        0.0,
        0.0,
        0.0,
        0.16578145552356296,
        1.0031221874444514,
        0.0,
        0.0,
        0.0,
        0.0,
        0.0,
        0.0,
        0.0,
        0.0,
        0.0,
        0.11141866778629975,
        0.0,
        0.0,
        0.0,
        0.0,
        0.0,
        0.0,
        0.0,
        0.0,
        0.0,
        0.0,
        0.0,
        0.0,
        0.0,
        0.0,
        0.0,
        0.0,
        0.0,
        0.22394801615693294,
        0.0,
        0.0,
        0.008235533423101514,
        0.0,
        0.0,
        0.0,
        0.0,
        5.750098952247932,
        0.0,
        0.0
    ],
    "x_il_presolve": [
        0.0,
        0.0,
        0.0,
        2.2515816609836103,
        0.0,
        1.5908846126854286,
        0.0,
        0.0,
        0.8781646388988301,
        0.7484183390163895,
        0.0,
        3.0,
        0.0,
        0.0,
        3.0,
        0.0,
        0.0,
        0.0,
        5.328451687706944,
        0.0,
        0.0,
        0.0,
        3.0,
        1.1280656866508976,
        1.8719343133491024,
        0.0,
        2.671548312293056,
        0.0,
        1.93276613335803,
        0.0,
        1.3093022708873416,
        0.0,
        0.0,
        0.0,
        0.0,
        0.0,
        0.0,
        0.0,
        0.6906977291126585,
        0.0,
        0.0,
        0.0,
        2.8885813322137004,
        0.0,
        0.0,
        1.8719343133491027,
        0.0,
        3.0,
        0.0,
        0.0,
        0.0,
        0.0,
        0.0,
        0.0,
        1.3656785654960746,
        0.0,
        0.0,
        7.614436883811545,
        0.0,
        0.0,
        0.0,
        0.0,
        0.0,
        0.0,
        0.039824307976343155,
        0.0,
        0.0,
        2.249901047752067,
        0.0,
        0.0,
        5.460485425011196
    ],
    "x_lj_presolve": [
        1.4064555180756217,
        3.0540299069355754,
        0.0,
        1.0,
        0.7566660682089915,
        0.8342185444764371,
        0.0,
        0.0,
        2.0,
        1.0,
        0.0,
        1.7243386007713561,
        1.0,
        0.2756613992286439,
        1.657104734129386,
        0.0,
        0.0,
        0.0,
        0.2756613992286439,
        0.0,
        0.0,
        2.0,
        1.0,
        0.039824307976343155,
        0.0,
        0.0,
        4.3352553024824765,
        3.664744697517523,
        0.0,
        0.0,
        1.7760519838430673,
        0.974046968404865,
        0.24990104775206767,
        2.0,
        6.0,
        0.0,
        1.8885813322137002,
        1.0,
        0.0,
        0.0,
        0.9968778125555489,
        0.3211644763393906,
        0.04763627660113496,
        0.0,
        4.944128189975764,
        2.6703086938357807,
        1.9441281899757634,
        0.0,
        0.0,
        1.0558718100242366,
        2.0,
        0.0,
        0.0
    ],
    "q_presolve": [
        0.0,
        0.0,
        0.0,
        0.7505272203278701,
        0.0,
        1.0,
        0.0,
        0.0,
        0.10977057986235378,
        0.24947277967212986,
        0.0,
        1.0,
        0.0,
        0.0,
        0.375,
        0.0,
        0.0,
        0.0,
        0.666056460963368,
        0.0,
        0.0,
        0.0,
        1.0,
        0.3760218955502992,
        0.2339917891686378,
        0.0,
        0.333943539036632,
        0.0,
        1.0,
        0.0,
        0.6546511354436708,
        0.0,
        0.0,
        0.0,
        0.0,
        0.0,
        0.0,
        0.0,
        0.34534886455632924,
        0.0,
        0.0,
        0.0,
        1.0,
        0.0,
        0.0,
        0.6239781044497009,
        0.0,
        1.0,
        0.0,
        0.0,
        0.0,
        0.0,
        0.0,
        0.0,
        1.0,
        0.0,
        0.0,
        1.0,
        0.0,
        0.0,
        0.0,
        0.0,
        0.0,
        0.0,
        1.0,
        0.0,
        0.0,
        0.2812376309690084,
        0.0,
        0.0,
        1.0
    ],