{
    "upper_bound_presolve": -604.3803749905446,
    "x_ij_presolve": [
        0.0,
        0.0,
        1.5133080021477108,
        0.0,
        0.0,
        0.0,
        1.4938913577949295,
        0.0,
        0.0,
        0.0,
        0.0,
        0.0,
        0.0,
        0.0,
        0.0,
        0.0,
        0.0,
        0.0,
        0.26066232612217816,
        0.0,
        0.0,
        0.0,
        0.0,
        0.0,
        0.0,
        0.0,
        0.0,
        2.0,
        0.0,
        0.0,
        0.0,
        0.0,
        0.0,
        0.0,
        0.0,
        0.0,
        0.0,
        0.0,
        0.0,
        0.0,
        0.0,
        0.0,
        0.0,
        0.4866919978522893,
        0.0,
        0.0,
        0.0,
        0.0,
        0.0,
        0.0,
        0.0,
        0.0,
        0.0,
        0.0,
        0.0,
        0.25075035727264866,
        0.0,
        1.806517710874249,
        0.02443192968326484,
        1.9075172459722503,
        0.0,
        0.0,
        0.0,
        0.0,
        6.0,
        0.0,
        1.1540856457461823,
        0.0,
        0.0,
        0.7393376738778219,
        0.0,
        0.0,
        0.0,
        0.0,
        0.0,
        0.0,
        0.32429543465567245,
        0.9564376576273695,
        0.0,
        0.0,
        0.0,
        0.0,
        0.0,
        0.0,
        0.0,
        0.0,
        0.0,
        0.012503935064541104,
        0.0,
        0.14327752693290022,
        0.0,
        1.0435623423726306,
        0.0,
        0.0,
        0.0,
        0.0,
        0.0,
        0.0,
        0.0,
        0.0,
        0.0,
        0.0,
        0.0,
        0.0,
        0.0,
        0.32975014952971143,
        0.0,
        0.0,
        0.0,
        0.0,
        0.0,
        0.0,
        0.10608965667531836,
        5.634368024433031,
        0.0,
        0.0
    ],
    "x_il_presolve": [
        0.0,
        0.0,
        0.0,
        2.076535520300596,
        0.0,
        1.1818132075493981,
        0.5211172365060823,
        0.0,
        2.08810800928267,
        0.9234644796994039,
        0.0,
        3.0,
        0.0,
        0.0,
        3.0,
        0.0,
        0.0,
        0.0,
        5.215438814547551,
        0.0,
        0.0,
        0.0,
        2.4788827634939175,
        0.947981089303567,
        2.0520189106964333,
        0.0,
        2.7845611854524486,
        0.0,
        2.749249642727351,
        0.0,
        1.169050359442486,
        0.0,
        0.0,
        0.0,
        0.0,
        0.0,
        0.0,
        0.0,
        0.842399536911506,
        0.0,
        0.0,
        0.0,
        2.987496064935459,
        0.0,
        0.0,
        2.052018910696433,
        0.0,
        3.0,
        0.0,
        0.0,
        0.0,
        0.0,
        0.0,
        0.0,
        0.0,
        0.0,
        0.0,
        0.0,
        0.0,
        0.0,
        0.0,
        0.0,
        0.0,
        0.0,
        0.09248275402774965,
        0.0,
        0.0,
        0.8598730800208971,
        1.3996692388707532,
        0.0,
        6.7449914617265785
    ],
    "x_lj_presolve": [
        2.0,
        3.7449914617265785,
        0.0,
        1.0,
        0.5061086422050705,
        0.6757045653443277,
        0.0,
        0.0,
        2.0,
        1.0,
        0.0,
        1.2507503572726497,
        0.8939103433246817,
        0.8553392994026687,
        2.0,
        0.0,
        0.0,
        0.0,
        0.7492496427273505,
        0.0,
        0.0,
        2.0,
        1.0,
        0.09248275402774965,
        0.0,
        0.0,
        3.039396643379569,
        4.960603356620431,
        0.0,
        0.0,
        1.6702498504702887,
        0.9755680703167352,
        0.3541820792129766,
        2.0,
        6.0,
        0.0,
        1.987496064935459,
        1.0,
        0.0,
        0.0,
        0.0,
        0.0,
        0.0,
        0.0,
        0.0,
        1.3996692388707532,
        2.0,
        0.0,
        0.0,
        0.9999999999999999,
        2.0,
        0.011449896353991993,
        0.0
    ],
    "q_presolve": [
        0.0,
        0.0,
        0.0,
        0.6921785067668653,
        0.0,
        1.0,
        0.17370574550202747,
        0.0,
        0.2610135011603337,
        0.3078214932331347,
        0.0,
        1.0,
        0.0,
        0.0,
        0.375,
        0.0,
        0.0,
        0.0,
        0.6519298518184439,
        0.0,
        1.0,
        0.0,
        0.8262942544979726,
        0.3159936964345223,
        0.25650236383705416,
        0.0,
        0.34807014818155607,
        0.0,
        1.0,
        0.0,
        0.5811978521371762,
        0.0,
        0.0,
        0.0,
        0.0,
        0.0,
        0.0,
        0.0,
        0.41880214786282377,
        0.0,
        0.0,
        0.0,
        1.0,
        0.0,
        0.0,
        0.6840063035654776,
        0.0,
        1.0,
        0.0,
        0.0,
        0.0,
        0.0,
        0.0,
        0.0,
        0.0,
        0.0,
        0.0,
        0.0,
        0.0,
        0.0,
        0.0,
        0.0,
        0.0,
        0.0,
        1.0,
        0.0,
        0.0,
        0.10748413500261214,
        1.0,
        0.0,
        1.0
    ],