{
    "upper_bound_presolve": -605.2639600958031,
    "x_ij_presolve": [
        0.0,
        0.0,
        1.6782563351039195,
        0.0,
        1.1513240279367787,
        0.0,
        1.5616090749955962,
        0.0,
        0.0,
        0.0,
        0.0,
        0.0,
        0.0,
        0.0,
        0.0,
        0.0,
        0.0,
        0.0,
        0.2926639103505336,
        0.0,
        0.0,
        0.0,
        0.0,
        0.0,
        0.0,
        0.0,
        0.0,
        2.0,
        0.0,
        0.0,
        0.0,
        0.0,
        0.0,
        0.0,
        0.0,
        0.0,
        0.0,
        0.0,
        0.0,
        0.0,
        0.0,
        0.0,
        0.0,
        0.32174366489608075,
        0.0,
        0.0,
        0.0,
        0.0,
        0.0,
        0.0,
        0.0,
        0.0,
        0.0,
        0.0,
        0.0,
        0.3110054391819892,
        0.0,
        1.1059614354299407,
        0.35762214015360577,
        2.0,
        0.0,
        0.0,
        0.0,
        0.0,
        6.0,
        0.0,
        0.0,
        0.0,
        0.0,
        0.7073360896494665,
        0.0,
        0.0,
        0.0,
        0.0,
        0.0,
        0.0,
        0.1234714143611761,
        0.6814042635899755,
        0.0,
        0.0,
        0.0,
        0.0,
        0.0,
        0.0,
        0.0,
        0.0,
        0.0,
        0.0,
        0.0,
        0.0,
        0.0,
        1.3185957364100245,
        0.6192148604153457,
        0.0,
        0.0,
        0.0,
        0.0,
        0.0,
        0.0,
        0.06270372110329432,
        0.0,
        0.0,
        0.0,
        0.0,
        0.0,
        0.8194988595999486,
        0.0,
        0.0,
        0.0,
        0.0,
        0.38089599628228527,
        0.0,
        0.06734662316628545,
        4.44198300396416,
        0.0,
        0.0
    ],
    "x_il_presolve": [
        0.0,
        0.0,
        0.0,
        2.00580160833167,
        0.20684004557464516,
        1.3149195106432279,
        0.0,
        0.0,
        0.34579914081362345,
        0.9941983916683302,
        0.0,
        3.0,
        0.0,
        0.0,
        3.0,
        0.0,
        0.0,
        0.0,
        5.6185649639787965,
        0.0,
        0.0,
        0.0,
        3.0,
        0.7361814473987418,
        2.263818552601258,
        0.0,
        2.381435036021203,
        0.0,
        2.688994560818011,
        0.0,
        1.5364164244164533,
        0.0,
        0.0,
        0.0,
        0.0,
        0.0,
        0.0,
        0.0,
        0.4635835755835466,
        0.0,
        0.0,
        0.0,
        3.0,
        0.0,
        0.0,
        2.2638185526012586,
        0.0,
        0.3986898041150259,
        0.0,
        0.0,
        0.0,
        0.0,
        0.0,
        0.0,
        0.0,
        0.0,
        0.0,
        4.17312109845869,
        0.0,
        0.0,
        0.0,
        0.0,
        0.0,
        2.6013101958849743,
        0.0,
        0.0,
        0.0,
        2.3903823065851184,
        0.0,
        0.0,
        5.6496699229422935
    ],
    "x_lj_presolve": [
        0.8486759720632212,
        3.863697671982367,
        0.0,
        0.9372962788967056,
        0.43839092500440396,
        0.876528585638824,
        0.0,
        0.0,
        2.0,
        1.0,
        0.0,
        1.311005439181989,
        0.9326533768337145,
        0.7563411839842967,
        2.0,
        0.0,
        0.0,
        0.0,
        0.6889945608180109,
        0.0,
        0.0,
        2.0,
        1.0,
        0.0,
        0.0,
        0.0,
        4.894038564570059,
        3.1059614354299407,
        0.0,
        0.0,
        0.7996051441177661,
        0.6423778598463942,
        1.5580169960358397,
        2.0,
        6.0,
        0.0,
        2.0,
        1.0,
        0.0,
        0.0,
        0.0,
        0.0,
        0.0,
        0.0,
        2.9999999999999996,
        1.3799611440333364,
        0.0,
        0.0,
        0.0,
        3.0,
        2.0,
        0.0,
        0.0
    ],
    "q_presolve": [
        0.0,
        0.0,
        0.0,
        0.6686005361105566,
        0.047224173633689866,
        1.0,
        0.0,
        0.0,
        0.04322489260170293,
        0.3313994638894433,
        0.0,
        1.0,
        0.0,
        0.0,
        0.375,
        0.0,
        0.0,
        0.0,
        0.7023206204973496,
        0.0,
        0.0,
        0.0,
        1.0,
        0.2453938157995806,
        0.2829773190751573,
        0.0,
        0.2976793795026504,
        0.0,
        1.0,
        1.0,
        0.7682082122082267,
        0.0,
        0.0,
        0.0,
        0.0,
        0.0,
        0.0,
        0.0,
        0.2317917877917733,
        0.0,
        0.0,
        0.0,
        1.0,
        0.0,
        0.0,
        0.7546061842004195,
        0.0,
        0.1328966013716753,
        0.0,
        0.0,
        0.0,
        0.0,
        0.0,
        0.0,
        0.0,
        1.0,
        0.0,
        0.9527758263663101,
        0.0,
        0.0,
        0.0,
        0.0,
        0.0,
        0.8671033986283246,
        0.0,
        0.0,
        0.0,
        0.2987977883231398,
        0.0,
        0.0,
        1.0
    ],