{
    "upper_bound_presolve": -613.0852821249372,
    "x_ij_presolve": [
        0.0,
        0.0,
        1.2146221860958768,
        0.0,
        0.0,
        0.0,
        1.7909564521490913,
        0.0,
        0.0,
        0.0,
        0.0,
        0.0,
        0.0,
        0.0,
        0.0,
        0.0,
        0.0,
        0.0,
        0.2276263964616962,
        0.0,
        0.0,
        0.0,
        0.0,
        0.0,
        0.0,
        0.0,
        0.0,
        2.0,
        0.0,
        0.25704785138163,
        0.0,
        0.0,
        0.0,
        0.0,
        0.0,
        0.0,
        0.0,
        0.0,
        0.0,
        0.0,
        0.0,
        0.0,
        0.0,
        0.7853778139041231,
        0.0,
        0.0,
        0.0,
        0.0,
        0.0,
        0.0,
        0.0,
        0.0,
        0.0,
        0.0,
        0.0,
        0.5850347213289645,
        0.0,
        1.3138865139400104,
        0.11828784641757492,
        2.0,
        0.0,
        0.0,
        0.0,
        0.0,
        6.0,
        0.0,
        0.0,
        0.0,
        0.0,
        0.7723736035383039,
        0.0,
        0.0,
        0.0,
        0.0,
        0.0,
        0.0,
        0.37275793569167137,
        0.9136326406266679,
        0.0,
        0.0,
        0.0,
        0.0,
        0.0,
        0.0,
        0.0,
        0.0,
        0.0,
        0.13855949015870553,
        0.0,
        0.0,
        0.0,
        1.086367359373332,
        0.0,
        0.0,
        0.0,
        0.0,
        0.0,
        0.0,
        0.0,
        0.0,
        0.0,
        0.0,
        0.0,
        0.0,
        0.0,
        0.12840965180080435,
        0.0,
        0.0,
        0.0,
        0.0,
        0.0,
        0.0,
        0.0,
        5.75330250178162,
        0.0,
        0.0
    ],
    "x_il_presolve": [
        0.0,
        0.0,
        0.0,
        2.288903230336032,
        0.0,
        0.79260180845763,
        0.0,
        0.0,
        3.0,
        0.7110967696639681,
        0.0,
        3.0,
        0.0,
        0.0,
        2.74295214861837,
        0.0,
        0.0,
        0.0,
        7.214622186095877,
        0.0,
        0.0,
        0.04368380370160712,
        3.0,
        0.7545109064979899,
        2.24548909350201,
        0.0,
        0.785377813904123,
        0.0,
        2.4149652786710356,
        0.0,
        1.5678256396424146,
        0.0,
        0.0,
        0.0,
        0.0,
        0.0,
        0.0,
        0.0,
        0.4321743603575853,
        0.3119769040947815,
        0.0,
        0.0,
        2.8614405098412945,
        0.0,
        0.0,
        2.2454890935020106,
        0.0,
        3.0,
        0.0,
        0.0,
        0.0,
        0.0,
        0.0,
        0.0,
        0.0,
        0.0,
        0.0,
        2.6408350007279044,
        0.0,
        0.0,
        0.0,
        0.0,
        0.0,
        0.0,
        0.0,
        0.0,
        0.0,
        0.011558757879617541,
        2.235138740338762,
        0.0,
        6.140036224785886
    ],
    "x_lj_presolve": [
        2.0,
        3.4520131288806675,
        0.0,
        1.0,
        0.20904354785090856,
        0.6272420643083286,
        0.0,
        0.0,
        2.0,
        1.0,
        0.0,
        1.5850347213289646,
        1.0,
        0.4149652786710354,
        2.0,
        0.0,
        0.0,
        0.0,
        0.41496527867103555,
        0.0,
        0.0,
        2.0,
        1.0,
        0.0,
        0.0,
        0.0,
        4.686113486059989,
        3.313886513940011,
        0.0,
        0.0,
        1.8715903481991958,
        0.8817121535824252,
        0.24669749821837927,
        2.0,
        6.0,
        0.0,
        1.8614405098412945,
        1.0,
        0.0,
        0.0,
        0.0,
        0.0,
        0.0,
        0.0,
        2.9999999999999996,
        1.875973741066667,
        0.0,
        0.0,
        0.0,
        3.0,
        2.0,
        0.0,
        0.0
    ],
    "q_presolve": [
        0.0,
        0.0,
        0.0,
        0.762967743445344,
        0.0,
        0.9477644920987959,
        0.0,
        0.0,
        0.37500000000000006,
        0.237032256554656,
        0.0,
        1.0,
        0.0,
        0.0,
        0.34286901857729624,
        0.0,
        0.0,
        0.0,
        0.9018277732619846,
        0.0,
        0.0,
        0.05223550790120408,
        1.0,
        0.25150363549932997,
        0.28068613668775133,
        0.0,
        0.09817222673801537,
        0.0,
        1.0,
        1.0,
        0.7839128198212073,
        0.0,
        0.0,
        0.0,
        0.0,
        0.0,
        0.0,
        0.0,
        0.21608718017879264,
        0.04835342053138462,
        0.0,
        0.0,
        1.0,
        0.0,
        0.0,
        0.7484963645006701,
        0.0,
        1.0,
        0.0,
        0.0,
        0.0,
        0.0,
        0.0,
        0.0,
        0.0,
        1.0,
        0.0,
        0.5416015632910682,
        0.0,
        0.0,
        0.0,
        0.0,
        0.0,
        0.0,
        0.0,
        0.0,
        0.0,
        0.0014448447349521929,
        0.4583984367089318,
        0.0,
        0.9516465794686154
    ],