{
    "upper_bound_presolve": -614.2879571150645,
    "x_ij_presolve": [
        0.0,
        0.540877846966733,
        1.5181044164509403,
        0.0,
        0.5273299751160635,
        0.0,
        1.2426674386412138,
        0.0,
        0.0,
        0.0,
        0.0,
        0.0,
        0.0,
        0.0,
        0.0,
        0.0,
        0.0,
        0.0,
        0.20092147071939626,
        0.0,
        0.0,
        0.0,
        0.0,
        0.0,
        0.0,
        0.0,
        0.0,
        2.0,
        0.0,
        0.0,
        0.0,
        0.0,
        0.0,
        0.0,
        0.0,
        0.0,
        0.0,
        0.0,
        0.0,
        0.0,
        0.0,
        0.0,
        0.0,
        0.48189558354905976,
        0.0,
        0.0,
        0.0,
        0.0,
        0.0,
        0.0,
        0.0,
        0.0,
        0.0,
        0.0,
        0.0,
        1.0071930311522215,
        0.0,
        0.0,
        0.0989742501296452,
        2.0,
        0.0,
        0.0,
        0.0,
        0.0,
        6.0,
        0.0,
        0.0,
        0.0,
        0.0,
        0.7990785292806037,
        0.0,
        0.0,
        0.0,
        0.0,
        0.0,
        0.0,
        0.1948807557231408,
        0.8812068923966065,
        0.0,
        0.0,
        0.0,
        0.0,
        0.0,
        0.0,
        0.0,
        0.0,
        0.0,
        0.025609221330246307,
        0.0,
        0.0,
        0.0,
        0.0,
        0.0,
        0.0,
        0.0,
        0.0,
        0.0,
        0.0,
        0.0,
        0.0,
        0.0,
        0.0,
        0.0,
        0.0,
        0.0,
        0.0,
        0.0,
        0.0,
        0.0,
        0.0,
        0.0,
        0.0,
        0.10453411522291846,
        2.928073688896539,
        0.0,
        0.0
    ],
    "x_il_presolve": [
        0.0,
        0.0,
        0.0,
        2.3306389531425564,
        3.739672370807931,
        1.5624518056356456,
        0.0,
        0.0,
        1.522524649900818,
        0.6693610468574439,
        0.0,
        3.0,
        0.0,
        0.0,
        3.0,
        0.0,
        0.0,
        0.0,
        5.640014930315161,
        0.0,
        2.0613548747551045,
        0.0,
        3.0,
        0.748701811889752,
        2.251298188110248,
        0.0,
        2.3599850696848392,
        0.0,
        1.9928069688477783,
        0.0,
        2.901025749870355,
        0.0,
        0.0,
        0.0,
        0.0,
        0.0,
        0.0,
        0.0,
        2.07192631110346,
        0.0,
        0.0,
        0.0,
        2.9743907786697537,
        0.0,
        0.0,
        2.2512981881102476,
        0.0,
        3.0,
        0.0,
        0.0,
        0.0,
        0.0,
        0.0,
        0.0,
        2.2374010750348496,
        0.0,
        0.0,
        0.0,
        0.0,
        0.0,
        0.0,
        0.0,
        0.0,
        0.0,
        0.0,
        0.0,
        0.0,
        1.226177161988933,
        3.7412150338916104,
        0.0,
        5.166407815808184
    ],
    "x_lj_presolve": [
        1.4726700248839366,
        2.693737790924248,
        0.0,
        1.0,
        0.7573325613587863,
        0.8051192442768592,
        0.0,
        0.0,
        2.0,
        1.0,
        0.0,
        1.4663151841854891,
        0.8954658847770816,
        0.6382189310374295,
        1.4591221530332672,
        0.0,
        0.0,
        0.0,
        0.5336848158145108,
        0.0,
        0.0,
        2.0,
        1.0,
        0.0,
        0.0,
        0.0,
        6.0,
        1.9999999999999993,
        0.0,
        0.0,
        2.0,
        0.9010257498703541,
        0.09897425012964597,
        2.0,
        6.0,
        0.0,
        1.9743907786697537,
        1.0,
        0.0,
        0.0,
        1.1187931076033937,
        2.992806968847779,
        0.18715587333878178,
        0.0,
        4.8128441266612185,
        2.668043278038322,
        1.8128441266612183,
        0.0,
        0.0,
        1.1871558733387817,
        2.0,
        2.9729520609738147,
        0.0
    ],
    "q_presolve": [
        0.0,
        0.0,
        0.0,
        0.7768796510475188,
        0.49989689304221385,
        1.0,
        0.0,
        0.0,
        0.19031558123760225,
        0.2231203489524813,
        0.0,
        1.0,
        0.0,
        0.0,
        0.375,
        0.0,
        0.0,
        0.0,
        0.7050018662893951,
        0.0,
        0.47952358748251955,
        0.0,
        1.0,
        0.24956727062991735,
        0.281412273513781,
        0.0,
        0.2949981337106049,
        0.0,
        1.0,
        1.0,
        0.5833608919411682,
        0.0,
        0.0,
        0.0,
        0.0,
        0.0,
        0.0,
        0.0,
        0.41663910805883186,
        0.0,
        0.0,
        0.0,
        1.0,
        0.0,
        0.0,
        0.7504327293700827,
        0.0,
        1.0,
        0.0,
        0.0,
        0.0,
        0.0,
        0.0,
        0.0,
        0.5204764125174804,
        0.0,
        0.0,
        0.0,
        0.0,
        0.0,
        0.0,
        0.0,
        0.0,
        0.0,
        0.0,
        0.0,
        0.0,
        0.15327214524861663,
        0.5001031069577863,
        0.0,
        1.0
    ],