{
    "upper_bound_presolve": -605.452111754771,
    "x_ij_presolve": [
        0.0,
        0.0,
        1.6365864065137432,
        0.0,
        0.0,
        0.0,
        1.703271932453295,
        0.0,
        0.0,
        0.0,
        0.0,
        0.0,
        0.0,
        0.0,
        0.0,
        0.0,
        0.0,
        0.0,
        0.2433756968618775,
        0.0,
        0.0,
        0.0,
        0.0,
        0.0,
        0.0,
        0.0,
        0.0,
        2.0,
        0.0,
        0.0,
        0.0,
        0.0,
        0.0,
        0.0,
        0.0,
        0.0,
        0.0,
        0.0,
        0.0,
        0.0,
        0.0,
        0.0,
        0.0,
        0.3634135934862566,
        0.0,
        0.0,
        0.0,
        0.0,
        0.0,
        0.0,
        0.0,
        0.0,
        0.0,
        0.0,
        0.0,
        0.4769918981722701,
        0.0,
        1.6576182503360704,
        0.16178187992978693,
        1.9991761289275265,
        0.0,
        0.0,
        0.0,
        0.0,
        6.0,
        0.0,
        1.2561157222022317,
        0.0,
        0.0,
        0.7566243031381226,
        0.0,
        0.0,
        0.0,
        0.0,
        0.0,
        0.0,
        0.13109095525255227,
        0.6896154568184846,
        0.0,
        0.0,
        0.0,
        0.0,
        0.0,
        0.0,
        0.0,
        0.0,
        0.0,
        0.19264329882092504,
        0.0,
        0.0,
        0.0,
        1.3103845431815153,
        0.0,
        0.0,
        0.0,
        0.0,
        0.0,
        0.0,
        0.0,
        0.0,
        0.0,
        0.0,
        0.0,
        0.0,
        0.0,
        1.14527371598151,
        0.0,
        0.0,
        0.0,
        0.0,
        0.1800282875706229,
        0.0,
        0.0,
        4.512916116518079,
        0.0,
        0.0
    ],
    "x_il_presolve": [
        0.0,
        0.0,
        0.0,
        2.249850014540284,
        1.340426753250428,
        0.40722372275990615,
        0.04243594529405631,
        0.0,
        0.0,
        0.7501499854597162,
        0.0,
        3.0,
        0.0,
        0.0,
        3.0,
        0.0,
        0.0,
        0.0,
        5.072406438783333,
        0.0,
        0.0,
        0.7584133895342468,
        2.957564054705944,
        0.8866002105660244,
        2.1133997894339753,
        0.0,
        2.927593561216667,
        0.0,
        2.52300810182773,
        1.4408304719855895e-05,
        1.1805854614294229,
        0.0,
        0.0,
        0.0,
        0.0,
        0.0,
        0.0,
        0.0,
        0.819414538570577,
        1.095352155974463,
        0.0,
        0.0,
        2.807356701179075,
        0.0,
        0.0,
        2.1133997894339753,
        0.0,
        2.4867911754935625,
        0.0,
        0.0,
        0.0,
        0.0,
        0.0,
        0.0,
        0.0,
        0.0,
        0.0,
        6.239117861404299,
        0.0,
        0.0,
        0.0,
        0.0,
        0.0,
        0.5132088245064381,
        0.0008094627677534622,
        0.0,
        0.0,
        2.8866002105660247,
        0.4204553853452723,
        0.0,
        4.381639742197808
    ],
    "x_lj_presolve": [
        2.0,
        2.4769918981722703,
        0.0,
        1.0,
        0.2967280675467049,
        0.8689090447474478,
        0.0,
        0.0,
        2.0,
        1.0,
        0.0,
        1.47699189817227,
        1.0,
        0.5230081018277303,
        2.0,
        0.0,
        0.0,
        0.0,
        0.52300810182773,
        0.0,
        0.0,
        2.0,
        1.0,
        0.000823871072473318,
        0.0,
        0.0,
        3.086266027461698,
        4.913733972538302,
        0.0,
        0.0,
        0.6746979964478671,
        0.8382181200702128,
        1.4870838834819202,
        2.0,
        6.0,
        0.0,
        1.807356701179075,
        1.0,
        0.0,
        0.0,
        0.0,
        0.0,
        0.0,
        0.0,
        5.0,
        3.0,
        2.0,
        0.0,
        0.0,
        1.0,
        2.0,
        0.0,
        0.0
    ],
    "q_presolve": [
        0.0,
        0.0,
        0.0,
        0.7499500048467613,
        0.1675533441563035,
        0.3493572042823891,
        0.01414531509801877,
        0.0,
        0.0,
        0.2500499951532387,
        0.0,
        1.0,
        0.0,
        0.0,
        0.375,
        0.0,
        0.0,
        0.0,
        0.6340508048479166,
        0.0,
        0.0,
        0.6506427957176111,
        0.9858546849019812,
        0.2955334035220082,
        0.2641749736792469,
        0.0,
        0.36594919515208335,
        0.0,
        1.0,
        0.017488743333669596,
        0.5902927307147114,
        0.0,
        0.0,
        0.0,
        0.0,
        0.0,
        0.0,
        0.0,
        0.4097072692852885,
        0.19999156039284877,
        0.0,
        0.0,
        1.0,
        0.0,
        0.0,
        0.7044665964779918,
        0.0,
        0.8289303918311873,
        0.0,
        0.0,
        0.0,
        0.0,
        0.0,
        0.0,
        0.0,
        1.0,
        0.0,
        0.7798897326755374,
        0.0,
        0.0,
        0.0,
        0.0,
        0.0,
        0.1710696081688127,
        0.9825112566663304,
        0.0,
        0.0,
        0.3608250263207531,
        0.05255692316815904,
        0.0,
        0.8000084396071513
    ],