{
    "upper_bound_presolve": -617.294792568071,
    "x_ij_presolve": [
        0.0,
        0.27438285386587696,
        1.4645954190000738,
        0.0,
        0.0,
        0.0,
        1.533019282342404,
        0.0,
        0.0,
        0.0,
        0.0,
        0.0,
        0.0,
        0.0,
        0.0,
        0.0,
        0.0,
        0.0,
        0.2401967324439682,
        0.0,
        0.0,
        0.0,
        0.0,
        0.0,
        0.0,
        0.0,
        0.0,
        2.0,
        0.0,
        0.0,
        0.0,
        0.0,
        0.0,
        0.0,
        0.0,
        0.0,
        0.0,
        0.0,
        0.0,
        0.0,
        0.0,
        0.0,
        0.0,
        0.5354045809999263,
        0.0,
        0.0,
        0.0,
        0.0,
        0.0,
        0.0,
        0.0,
        0.0,
        0.0,
        0.0,
        0.0,
        0.8477877527738304,
        0.0,
        1.604379336089487,
        0.20531180345883707,
        1.8354761606542593,
        0.0,
        0.0,
        0.0,
        0.0,
        6.0,
        0.0,
        0.6940519050223999,
        0.0,
        0.0,
        0.7598032675560318,
        0.0,
        0.0,
        0.0,
        0.0,
        0.0,
        0.0,
        0.4349130304039166,
        0.8757591813678609,
        0.0,
        0.0,
        0.0,
        0.0,
        0.0,
        0.0,
        0.0,
        0.0,
        0.0,
        0.004204615419327092,
        0.0,
        0.0,
        0.0,
        1.1242408186321393,
        0.0,
        0.0,
        0.0,
        0.0,
        0.0,
        0.0,
        0.0,
        0.0,
        0.0,
        0.0,
        0.0,
        0.0,
        0.0,
        0.99033936674531,
        0.0,
        0.0,
        0.19255567425807726,
        0.0,
        0.2330711478622945,
        0.0,
        0.0,
        4.571277681933558,
        0.0,
        0.0
    ],
    "x_il_presolve": [
        0.0,
        0.0,
        0.0,
        2.255350216149539,
        1.3047333391454592,
        1.0320676872536796,
        0.0,
        0.0,
        0.0,
        0.7446497838504611,
        0.0,
        3.0,
        0.0,
        0.0,
        2.7742389891964776,
        0.0,
        0.0,
        0.0,
        5.884735164691128,
        0.0,
        0.0,
        0.0,
        3.0,
        0.841978239023754,
        2.158021760976246,
        0.0,
        2.115264835308871,
        0.0,
        2.1522122472261693,
        0.0,
        1.1903088604516758,
        0.0,
        0.0,
        0.0,
        0.0,
        0.0,
        0.0,
        0.0,
        0.8096911395483243,
        0.0,
        0.0,
        0.0,
        2.995795384580673,
        0.0,
        0.0,
        2.158021760976246,
        0.0,
        1.3859831169926176,
        0.0,
        0.0,
        0.0,
        0.0,
        0.0,
        0.0,
        0.0,
        0.0,
        0.0,
        6.567354740477668,
        0.0,
        0.0,
        0.0,
        0.0,
        0.0,
        1.6140168830073824,
        0.1645238393457406,
        0.0,
        0.0,
        3.067739249827276,
        0.12791192037687138,
        0.0,
        5.380849224649878
    ],
    "x_lj_presolve": [
        2.0,
        2.380849224649878,
        0.0,
        1.0,
        0.46698071765759613,
        0.5650869695960835,
        0.0,
        0.0,
        2.0,
        1.0,
        0.0,
        1.5734048989079539,
        1.0,
        0.42659510109204607,
        1.725617146134123,
        0.0,
        0.0,
        0.0,
        0.4265951010920462,
        0.0,
        0.0,
        2.0,
        1.0,
        0.1645238393457406,
        0.0,
        0.0,
        3.7015687588881137,
        4.298431241111887,
        0.0,
        0.0,
        0.7765894853923958,
        0.7946881965411629,
        1.4287223180664417,
        2.0,
        6.0,
        0.0,
        1.9957953845806728,
        1.0,
        0.0,
        0.0,
        0.0,
        0.0,
        0.0,
        0.0,
        4.807444325741923,
        3.192555674258076,
        1.8074443257419228,
        0.0,
        0.0,
        1.1925556742580772,
        2.0,
        0.0,
        0.0
    ],
    "q_presolve": [
        0.0,
        0.0,
        0.0,
        0.7517834053831797,
        0.1630916673931824,
        1.0,
        0.0,
        0.0,
        0.0,
        0.24821659461682033,
        0.0,
        1.0,
        0.0,
        0.0,
        0.3467798736495597,
        0.0,
        0.0,
        0.0,
        0.735591895586391,
        0.0,
        0.0,
        0.0,
        1.0,
        0.280659413007918,
        0.2697527201220308,
        0.0,
        0.26440810441360896,
        0.0,
        1.0,
        0.0,
        0.5951544302258379,
        0.0,
        0.0,
        0.0,
        0.0,
        0.0,
        0.0,
        0.0,
        0.40484556977416214,
        0.0,
        0.0,
        0.0,
        1.0,
        0.0,
        0.0,
        0.719340586992082,
        0.0,
        0.46199437233087254,
        0.0,
        0.0,
        0.0,
        0.0,
        0.0,
        0.0,
        0.0,
        1.0,
        0.0,
        0.8209193425597086,
        0.0,
        0.0,
        0.0,
        0.0,
        0.0,
        0.5380056276691275,
        1.0,
        0.0,
        0.0,
        0.3834674062284095,
        0.015988990047108922,
        0.0,
        1.0
    ],