{
    "upper_bound_presolve": -609.4215620115081,
    "x_ij_presolve": [
        0.0,
        1.9341309019480553,
        1.6848370843284535,
        0.0,
        1.279725092221757,
        0.0,
        1.5207761597122962,
        0.0,
        0.0,
        0.0,
        0.0,
        0.0,
        0.0,
        0.0,
        0.0,
        0.0,
        0.0,
        0.0,
        0.0,
        0.0,
        0.0,
        0.0,
        0.0,
        0.0,
        0.0,
        0.0,
        0.0,
        2.0,
        0.0,
        0.0,
        0.0,
        0.0,
        0.0,
        0.0,
        0.0,
        0.0,
        0.0,
        0.0,
        0.0,
        0.0,
        0.0,
        0.0,
        0.0,
        0.3151629156715465,
        0.0,
        0.0,
        0.06586909805194494,
        0.0,
        0.0,
        0.0,
        0.0,
        0.0,
        0.0,
        0.0,
        0.0,
        3.0,
        0.0,
        0.3646932051524789,
        0.5906557950584072,
        1.9550073081222146,
        0.0,
        0.0,
        0.0,
        0.6091610624352475,
        6.0,
        0.0,
        0.0,
        0.0,
        0.0,
        0.8100747621252226,
        0.0,
        0.0,
        0.0,
        0.0,
        0.0,
        0.0,
        0.034931697165963276,
        0.9986544465187781,
        0.0,
        0.0,
        0.0,
        0.0,
        0.0,
        0.0,
        0.0,
        0.0,
        0.0,
        0.0,
        0.0,
        0.0,
        0.0,
        1.001345553481222,
        0.0,
        0.0,
        0.0,
        0.0,
        0.0,
        0.0,
        0.0,
        0.21584630319200449,
        0.0,
        0.0,
        0.0,
        0.0,
        0.0,
        0.5226592567924214,
        0.0,
        0.0,
        0.0,
        0.0,
        0.08960104046847278,
        0.0,
        0.0992549839845524,
        4.797083907680699,
        0.0,
        0.0
    ],
    "x_il_presolve": [
        0.0,
        0.0,
        0.0,
        2.294286215656519,
        1.6469049795778448,
        1.4442921431217406,
        0.0,
        0.0,
        0.0,
        0.11074576214810702,
        0.0,
        2.2915839535802003,
        0.0,
        0.0,
        2.9347537752992925,
        0.0,
        0.0,
        0.0,
        5.000000000000001,
        0.0,
        0.45519400390839715,
        0.0,
        3.0,
        0.948813843165568,
        2.051186156834432,
        0.0,
        3.0,
        0.0,
        0.0,
        0.23491792975256298,
        1.2147650478411771,
        0.594968022195374,
        0.0,
        0.0,
        0.0,
        0.0,
        0.0,
        0.0,
        0.7852349521588229,
        0.0,
        0.0,
        0.0,
        3.0,
        0.0,
        0.0,
        2.051186156834432,
        0.0,
        3.0,
        0.0,
        0.0,
        0.0,
        0.0,
        0.0,
        0.0,
        0.18011279093912402,
        0.0,
        0.0,
        4.934045540148187,
        0.0,
        0.0,
        0.0,
        0.0,
        0.0,
        0.0,
        0.0,
        0.0,
        0.0,
        3.014060067866276,
        0.0,
        0.0,
        5.923478084860206
    ],
    "x_lj_presolve": [
        0.7202749077782432,
        4.4190494802739675,
        0.0,
        0.7841536968079955,
        0.47922384028770393,
        0.9650683028340368,
        0.0,
        0.0,
        2.0,
        1.0,
        0.0,
        1.3908389375647527,
        0.9007450160154475,
        0.0,
        0.0,
        0.0,
        0.0,
        0.0,
        0.0,
        0.0,
        0.0,
        2.0,
        1.0,
        0.044992691877785526,
        0.18992523787477744,
        0.0,
        5.635306794847521,
        2.364693205152479,
        0.0,
        0.0,
        1.387739702739106,
        0.4093442049415929,
        1.2029160923193012,
        2.0,
        6.0,
        0.0,
        2.0,
        1.0,
        0.0,
        0.0,
        0.0,
        0.6353067948475211,
        0.0,
        0.0,
        5.0,
        1.5809505197260323,
        2.0,
        0.0,
        0.0,
        1.0,
        2.0,
        0.0,
        0.0
    ],
    "q_presolve": [
        0.0,
        0.0,
        0.0,
        0.7647620718855063,
        0.2502533600034431,
        1.0,
        0.0,
        0.0,
        0.0,
        0.03691525404936901,
        0.0,
        1.0,
        0.0,
        0.0,
        0.36684422191241156,
        0.0,
        0.0,
        0.0,
        0.625,
        1.0,
        0.7164947826784184,
        0.0,
        1.0,
        0.3162712810551893,
        0.256398269604304,
        0.0,
        0.375,
        0.0,
        0.0,
        1.0,
        0.6073825239205886,
        0.1983226740651247,
        0.0,
        0.0,
        0.0,
        0.0,
        0.0,
        0.0,
        0.39261747607941144,
        0.0,
        0.0,
        0.0,
        1.0,
        0.0,
        0.0,
        0.6837287189448107,
        0.0,
        1.0,
        0.0,
        0.0,
        0.0,
        0.0,
        0.0,
        0.0,
        0.2835052173215818,
        0.0,
        0.0,
        0.7497466399965569,
        0.0,
        0.0,
        0.0,
        0.0,
        0.0,
        0.0,
        0.0,
        0.0,
        0.0,
        0.3767575084832845,
        0.0,
        0.0,
        1.0
    ],