{
    "upper_bound_presolve": -599.455586799677,
    "x_ij_presolve": [
        0.0,
        1.390009120257401,
        1.426685797050486,
        0.0,
        0.0,
        0.0,
        1.5084552601758479,
        0.0,
        0.0,
        0.0,
        0.0,
        0.0,
        0.0,
        0.0,
        0.0,
        0.0,
        0.0,
        0.0,
        0.0,
        0.0,
        0.10028944899719218,
        0.0,
        0.0,
        0.0,
        0.0,
        0.0,
        0.0,
        2.0,
        0.0,
        3.0,
        0.0,
        0.0,
        0.0,
        0.0,
        0.0,
        0.0,
        0.0,
        0.0,
        0.0,
        0.0,
        0.0,
        0.0,
        0.0,
        0.5733142029495141,
        0.0,
        0.0,
        0.609990879742599,
        0.0,
        0.0,
        0.0,
        0.0,
        0.0,
        0.0,
        0.0,
        0.0,
        3.0,
        0.0,
        0.3069678585930803,
        0.12816457679680515,
        1.4023202437097904,
        0.0,
        0.0,
        0.0,
        0.3566220152477831,
        6.0,
        0.0,
        0.6930321414069244,
        0.0,
        0.0,
        0.7708448136497675,
        0.0,
        0.0,
        0.0,
        0.0,
        0.0,
        0.0,
        0.4685057417200758,
        0.63550470837859,
        0.0,
        0.0,
        0.0,
        0.0,
        0.0,
        0.0,
        0.0,
        0.0,
        0.0,
        0.0,
        0.0,
        0.0,
        0.0,
        1.3644952916214101,
        0.0,
        0.0,
        0.0,
        0.0,
        0.0,
        0.0,
        0.0,
        0.0,
        0.0,
        0.0,
        0.0,
        0.0,
        0.0,
        0.6799592143101969,
        0.0,
        0.0,
        0.0,
        0.0,
        0.11513511229462121,
        0.0,
        0.0,
        4.976451647601184,
        0.0,
        0.0
    ],
    "x_il_presolve": [
        0.0,
        0.0,
        0.0,
        2.15165387444371,
        0.7061587788666063,
        1.0230389981040766,
        0.0,
        0.0,
        3.0,
        0.41976305597450597,
        0.0,
        3.0,
        0.0,
        0.0,
        0.0,
        0.0,
        0.0,
        0.0,
        7.426685797050486,
        0.0,
        0.0,
        0.0,
        3.0,
        0.908413240104194,
        2.0915867598958062,
        0.0,
        0.5733142029495092,
        0.0,
        0.0,
        0.8268349426404421,
        1.3094495523878884,
        0.42858306958178366,
        0.0,
        0.0,
        0.0,
        0.0,
        0.0,
        0.0,
        0.6905504476121116,
        0.8006877679247958,
        0.0,
        0.0,
        3.0,
        0.0,
        0.0,
        2.0915867598958062,
        0.0,
        3.0,
        0.0,
        0.0,
        0.0,
        0.0,
        0.0,
        0.0,
        0.0,
        0.0,
        0.0,
        6.7318558162613265,
        0.0,
        0.0,
        0.0,
        0.0,
        0.0,
        0.0,
        0.0,
        0.0,
        0.0,
        2.908413240104194,
        0.0,
        0.0,
        2.404675621699489
    ],
    "x_lj_presolve": [
        2.0,
        0.2053633896242847,
        0.0,
        1.0,
        0.4915447398241523,
        0.5314942582799242,
        0.0,
        0.0,
        2.0,
        1.0,
        0.0,
        1.6433779847522172,
        1.0,
        0.35662201524778286,
        0.0,
        0.0,
        0.0,
        0.0,
        0.0,
        0.0,
        0.0,
        2.0,
        1.0,
        0.5976797562902096,
        0.2291551863502325,
        0.0,
        4.999999999999996,
        3.0,
        0.0,
        0.0,
        1.204905673395182,
        0.871835423203195,
        0.9232589034016232,
        2.0,
        6.0,
        0.0,
        2.0,
        1.0,
        0.0,
        0.0,
        0.0,
        0.0,
        0.0,
        0.0,
        5.0,
        2.438014595127932,
        2.0,
        0.0,
        0.0,
        1.0,
        2.0,
        0.0,
        0.0
    ],
    "q_presolve": [
        0.0,
        0.0,
        0.0,
        0.7172179581479035,
        0.09493914939736159,
        1.0,
        0.0,
        0.0,
        0.375,
        0.13992101865816867,
        0.0,
        1.0,
        0.0,
        0.0,
        0.0,
        0.0,
        0.0,
        0.0,
        0.9283357246313113,
        1.0,
        0.0,
        0.0,
        1.0,
        0.3028044133680647,
        0.26144834498697583,
        0.0,
        0.07166427536868865,
        0.0,
        0.0,
        1.0,
        0.6547247761939442,
        0.14286102319392788,
        0.0,
        0.0,
        0.0,
        0.0,
        0.0,
        0.0,
        0.3452752238060558,
        0.2497962541522158,
        0.0,
        0.0,
        1.0,
        0.0,
        0.0,
        0.6971955866319354,
        0.0,
        1.0,
        0.0,
        0.0,
        0.0,
        0.0,
        0.0,
        0.0,
        0.0,
        1.0,
        0.0,
        0.9050608506026385,
        0.0,
        0.0,
        0.0,
        0.0,
        0.0,
        0.0,
        0.0,
        0.0,
        0.0,
        0.3635516550130243,
        0.0,
        0.0,
        0.7502037458477842
    ],