{
    "upper_bound_presolve": -615.104707915925,
    "x_ij_presolve": [
        0.0,
        0.0,
        1.2483489586926506,
        0.0,
        0.37549656055880354,
        0.0,
        1.1587166240939268,
        0.0,
        0.0,
        0.0,
        0.0,
        0.0,
        0.0,
        0.0,
        0.0,
        0.0,
        0.0,
        0.0,
        0.0,
        0.0,
        0.0,
        0.0,
        0.0,
        0.0,
        0.0,
        0.0,
        0.0,
        2.0,
        0.0,
        0.0,
        0.0,
        0.0,
        0.0,
        0.0,
        0.0,
        0.0,
        0.0,
        0.0,
        0.0,
        0.0,
        0.0,
        0.0,
        0.0,
        0.7516510413073494,
        0.0,
        0.0,
        0.0,
        0.0,
        0.0,
        0.0,
        0.0,
        0.0,
        0.0,
        0.0,
        0.0,
        0.4497433185740613,
        0.0,
        1.0670505672588138,
        0.08544847754197113,
        2.0,
        0.0,
        0.0,
        0.0,
        0.0,
        6.0,
        0.0,
        0.0,
        0.0,
        0.0,
        0.8051522167855734,
        0.0,
        0.0,
        0.0,
        0.0,
        0.0,
        0.0,
        0.05250557939280526,
        0.9289344528833614,
        0.0,
        0.0,
        0.0,
        0.0,
        0.0,
        0.0,
        0.0,
        0.0,
        0.0,
        0.11840590976370523,
        0.0,
        0.0,
        0.0,
        1.0710655471166386,
        0.0,
        0.0,
        0.0,
        0.0,
        0.0,
        0.0,
        0.0,
        0.0,
        0.0,
        0.0,
        0.0,
        0.0,
        0.0,
        0.43815928427292034,
        0.0,
        0.0,
        0.0,
        0.0,
        0.0,
        0.0,
        0.0,
        5.476392238185108,
        0.0,
        0.0
    ],
    "x_il_presolve": [
        0.0,
        0.0,
        0.0,
        2.1827493693817455,
        0.8558659108679427,
        1.788777796513268,
        0.47454130979987486,
        0.0,
        0.5103331367168432,
        0.41353923273650567,
        0.0,
        3.0,
        0.0,
        0.0,
        3.0,
        0.0,
        0.0,
        0.0,
        7.248348958692651,
        0.0,
        0.0,
        0.0,
        2.525458690200125,
        1.0339408985317355,
        1.9660591014682647,
        0.0,
        0.7516510413073489,
        0.0,
        2.550256681425939,
        0.1948477832144266,
        1.2489417741030389,
        0.4037113978817492,
        0.0,
        0.0,
        0.0,
        0.0,
        0.0,
        0.0,
        0.7510582258969613,
        0.0,
        0.0,
        0.0,
        2.8815940902362946,
        0.0,
        0.0,
        1.9660591014682647,
        0.0,
        3.0,
        0.0,
        0.0,
        0.0,
        0.0,
        0.0,
        0.0,
        0.0,
        0.0,
        0.0,
        6.950893224754103,
        0.0,
        0.0,
        0.0,
        0.0,
        0.0,
        0.0,
        0.0,
        0.0,
        0.0,
        2.5236077618148918,
        0.0,
        0.0,
        5.2674876223932126
    ],
    "x_lj_presolve": [
        1.6245034394411964,
        2.642984182952016,
        0.0,
        1.0,
        0.8412833759060733,
        0.9474944206071948,
        0.0,
        0.0,
        2.0,
        1.0,
        0.0,
        1.4497433185740616,
        1.0,
        0.5502566814259386,
        2.0,
        0.0,
        0.0,
        0.0,
        0.5502566814259385,
        0.0,
        0.0,
        2.0,
        1.0,
        0.0,
        0.1948477832144266,
        0.0,
        4.932949432741186,
        3.0670505672588138,
        0.0,
        0.0,
        1.5618407157270797,
        0.914551522458029,
        0.5236077618148913,
        2.0,
        6.0,
        0.0,
        1.8815940902362949,
        1.0,
        0.0,
        0.0,
        0.0,
        0.0,
        0.0,
        0.0,
        5.000000000000001,
        2.806759135622045,
        2.0,
        0.0,
        0.0,
        0.9999999999999992,
        2.0,
        0.0,
        0.0
    ],
    "q_presolve": [
        0.0,
        0.0,
        0.0,
        0.7275831231272485,
        0.10963139710083382,
        1.0,
        0.1581804365999583,
        0.0,
        0.0637916420896054,
        0.13784641091216854,
        0.0,
        1.0,
        0.0,
        0.0,
        0.375,
        0.0,
        0.0,
        0.0,
        0.9060436198365813,
        0.0,
        0.0,
        0.0,
        0.8418195634000417,
        0.34464696617724516,
        0.24575738768353309,
        0.0,
        0.09395638016341862,
        0.0,
        1.0,
        1.0,
        0.6244708870515194,
        0.13457046596058306,
        0.0,
        0.0,
        0.0,
        0.0,
        0.0,
        0.0,
        0.3755291129484806,
        0.0,
        0.0,
        0.0,
        1.0,
        0.0,
        0.0,
        0.6553530338227549,
        0.0,
        1.0,
        0.0,
        0.0,
        0.0,
        0.0,
        0.0,
        0.0,
        0.0,
        1.0,
        0.0,
        0.8903686028991662,
        0.0,
        0.0,
        0.0,
        0.0,
        0.0,
        0.0,
        0.0,
        0.0,
        0.0,
        0.31545097022686147,
        0.0,
        0.0,
        1.0
    ],