{
    "upper_bound_presolve": -616.5471963962312,
    "x_ij_presolve": [
        0.0,
        0.41278752932501867,
        1.5801157043367817,
        0.0,
        0.0,
        0.0,
        1.6407351039876044,
        0.0,
        0.0,
        0.0,
        0.0,
        0.0,
        0.0,
        0.0,
        0.0,
        0.0,
        0.0,
        0.0,
        0.24888956730258605,
        0.0,
        0.0,
        0.0,
        0.0,
        0.0,
        0.0,
        0.0,
        0.0,
        2.0,
        0.0,
        0.0,
        0.0,
        0.0,
        0.0,
        0.0,
        0.0,
        0.0,
        0.0,
        0.0,
        0.0,
        0.0,
        0.0,
        0.0,
        0.0,
        0.41988429566321833,
        0.0,
        0.0,
        0.0,
        0.0,
        0.0,
        0.0,
        0.0,
        0.0,
        0.0,
        0.0,
        0.0,
        1.1135952429848348,
        0.0,
        0.8964758401883729,
        0.32063433635077954,
        1.8352355266359868,
        0.0,
        0.0,
        0.0,
        0.0,
        6.0,
        0.0,
        0.18418060585002138,
        0.0,
        0.0,
        0.751110432697414,
        0.0,
        0.0,
        0.0,
        0.0,
        0.0,
        0.0,
        0.46973306278884597,
        0.49296548224580167,
        0.0,
        0.0,
        0.0,
        0.0,
        0.0,
        0.0,
        0.0,
        0.0,
        0.0,
        0.0,
        0.0,
        0.0,
        0.0,
        1.5070345177541984,
        0.10528640207198545,
        0.0,
        0.0,
        0.0,
        0.0,
        0.11083425126856591,
        0.0,
        0.0,
        0.0,
        0.0,
        0.0,
        0.0,
        0.0,
        0.803360288822481,
        0.0,
        0.0,
        0.0,
        0.0,
        0.0,
        0.0,
        0.0,
        2.733391732794739,
        0.0,
        0.0
    ],
    "x_il_presolve": [
        0.0,
        0.0,
        0.0,
        2.234401208493777,
        3.5162707214955273,
        0.8895318332235498,
        0.0,
        0.0,
        0.0,
        0.7655987915062228,
        0.0,
        3.0,
        0.0,
        0.0,
        3.0,
        0.0,
        0.0,
        0.0,
        5.000000000000001,
        0.0,
        0.0,
        0.0,
        3.0,
        1.014126719179398,
        1.985873280820602,
        0.0,
        3.0,
        0.0,
        1.8864047570151652,
        0.0,
        1.7828898234608475,
        0.0,
        0.0,
        0.0,
        0.0,
        0.0,
        0.0,
        0.0,
        2.248889567302586,
        0.0,
        0.0,
        0.0,
        3.0,
        0.0,
        0.0,
        1.9858732808206025,
        0.0,
        3.0,
        0.0,
        0.0,
        0.0,
        0.0,
        0.0,
        0.0,
        0.0,
        0.0,
        0.0,
        2.2312477304786094,
        0.0,
        0.0,
        0.0,
        0.0,
        0.0,
        0.0,
        0.16476447336401331,
        0.0,
        0.0,
        3.0141267191793983,
        2.252481548025863,
        0.0,
        5.700807713659817
    ],
    "x_lj_presolve": [
        2.0,
        2.700807713659817,
        0.0,
        1.0,
        0.3592648960123957,
        0.530266937211154,
        0.0,
        0.0,
        2.0,
        0.8891657487314341,
        0.11083425126856598,
        1.7008077136598168,
        1.0,
        0.29919228634018313,
        1.5872124706749815,
        0.0,
        0.0,
        0.0,
        0.2991922863401834,
        0.0,
        0.0,
        2.0,
        1.0,
        0.16476447336401331,
        0.0,
        0.0,
        4.919343553961605,
        3.0806564460383945,
        0.0,
        0.0,
        1.196639711177519,
        0.6793656636492188,
        1.123994625173262,
        2.0,
        6.0,
        0.0,
        2.0,
        1.0,
        0.0,
        0.0,
        0.0,
        0.0,
        0.0,
        0.0,
        5.0,
        3.0,
        2.0,
        0.0,
        0.0,
        1.0,
        1.8891657487314342,
        2.142613642031999,
        0.0
    ],
    "q_presolve": [
        0.0,
        0.0,
        0.0,
        0.744800402831259,
        0.4395338401869409,
        1.0,
        0.0,
        0.0,
        0.0,
        0.2551995971687409,
        0.0,
        1.0,
        0.0,
        0.0,
        0.375,
        0.0,
        0.0,
        0.0,
        0.6250000000000001,
        0.0,
        0.0,
        0.0,
        1.0,
        0.3380422397264659,
        0.24823416010257526,
        0.0,
        0.375,
        0.0,
        1.0,
        0.0,
        0.4422091713513249,
        0.0,
        0.0,
        0.0,
        0.0,
        0.0,
        0.0,
        0.0,
        0.5577908286486751,
        0.0,
        0.0,
        0.0,
        1.0,
        0.0,
        0.0,
        0.6619577602735341,
        0.0,
        1.0,
        0.0,
        0.0,
        0.0,
        0.0,
        0.0,
        0.0,
        0.0,
        1.0,
        0.0,
        0.27890596630982617,
        0.0,
        0.0,
        0.0,
        0.0,
        0.0,
        0.0,
        1.0,
        0.0,
        0.0,
        0.3767658398974248,
        0.28156019350323286,
        0.0,
        1.0
    ],