{
    "upper_bound_presolve": -625.0467887701642,
    "x_ij_presolve": [
        0.0,
        0.11756769212240438,
        0.7496162845351089,
        0.0,
        0.7986849436152876,
        0.0,
        1.3666040643129327,
        0.0,
        0.0,
        0.0,
        0.0,
        0.0,
        0.0,
        0.0,
        0.0,
        0.0,
        0.0,
        0.0,
        0.24037061868303294,
        0.0,
        0.0,
        0.0,
        0.0,
        0.0,
        0.0,
        0.0,
        0.0,
        2.0,
        0.0,
        0.0,
        0.0,
        0.0,
        0.0,
        0.0,
        0.0,
        0.0,
        0.0,
        0.0,
        0.0,
        0.0,
        0.0,
        0.0,
        0.0,
        0.4143515822703382,
        0.0,
        0.0,
        0.0,
        0.0,
        0.0,
        0.0,
        0.0,
        0.0,
        0.0,
        0.0,
        0.0,
        0.6718058242584509,
        0.0,
        0.0,
        0.039007370619323724,
        2.0,
        0.0,
        0.0,
        0.0,
        0.0,
        6.0,
        0.0,
        0.0,
        0.0,
        0.0,
        0.7596293813169671,
        0.0,
        0.0,
        0.0,
        0.0,
        0.0,
        0.0,
        0.31296812042856204,
        0.9308805337746996,
        0.0,
        0.0,
        0.0,
        0.0,
        0.0,
        0.0,
        0.0,
        0.0,
        0.0,
        0.14865606302908518,
        0.0,
        0.0,
        0.24645468732464823,
        1.0691194662253005,
        0.0,
        0.0,
        0.0,
        0.0,
        0.0,
        0.14768015654187383,
        0.0,
        0.09290104953660643,
        0.0,
        0.0,
        0.0,
        0.0,
        0.0,
        0.0,
        0.0,
        0.0,
        0.0,
        0.0,
        0.0,
        0.0,
        0.0,
        2.2340203682376725,
        0.0,
        0.0
    ],
    "x_il_presolve": [
        0.0,
        0.0,
        0.0,
        2.307161701432645,
        4.957661470281874,
        1.3204278152585054,
        0.0,
        0.0,
        0.17593580711530066,
        0.6928382985673551,
        0.0,
        3.0,
        0.0,
        0.0,
        3.0,
        0.0,
        0.0,
        0.0,
        7.474034011376876,
        0.0,
        0.0,
        0.0,
        3.0,
        0.8260340837142046,
        2.1739659162857956,
        0.0,
        0.5259659886231237,
        0.0,
        2.328194175741549,
        0.0,
        2.960992629380676,
        0.0,
        0.0,
        0.0,
        0.0,
        0.0,
        0.0,
        0.0,
        2.2403706186830328,
        0.0,
        0.0,
        0.0,
        2.851343936970915,
        0.0,
        0.0,
        2.1739659162857956,
        0.0,
        3.0,
        0.0,
        0.0,
        0.0,
        0.0,
        0.0,
        0.0,
        0.0,
        0.0,
        0.0,
        0.0,
        0.0,
        0.0,
        0.0,
        0.0,
        0.0,
        0.0,
        0.0,
        0.0,
        0.0,
        2.650098276598904,
        3.0423385297181254,
        0.0,
        5.630158441391479
    ],
    "x_lj_presolve": [
        1.2013150563847124,
        3.521744434543373,
        0.0,
        0.9070989504633936,
        0.6333959356870674,
        0.687031879571438,
        0.0,
        0.0,
        2.0,
        0.8523198434581262,
        0.14768015654187389,
        1.5542381321360466,
        1.0,
        0.4457618678639532,
        1.8824323078775955,
        0.0,
        0.0,
        0.0,
        0.4457618678639534,
        0.0,
        0.0,
        2.0,
        1.0,
        0.0,
        0.0,
        0.0,
        6.0,
        1.9999999999999998,
        0.0,
        0.0,
        2.0,
        0.9609926293806756,
        0.03900737061932419,
        2.0,
        6.0,
        0.0,
        1.851343936970915,
        1.0,
        0.0,
        0.0,
        0.0,
        0.0,
        0.0,
        0.8360321331945519,
        5.131474169212773,
        2.0324936975926735,
        1.7535453126753517,
        0.0,
        0.37792885653742203,
        0.8685258307872262,
        1.852319843458126,
        3.349043404605582,
        0.0
    ],
    "q_presolve": [
        0.0,
        0.0,
        0.0,
        0.7690539004775484,
        0.6197076837852342,
        1.0,
        0.0,
        0.0,
        0.021991975889412582,
        0.2309460995224517,
        0.0,
        1.0,
        0.0,
        0.0,
        0.375,
        0.0,
        0.0,
        0.0,
        0.9342542514221095,
        0.0,
        0.0,
        0.0,
        1.0,
        0.27534469457140154,
        0.27174573953572445,
        0.0,
        0.06574574857789046,
        0.0,
        1.0,
        1.0,
        0.5692724172807876,
        0.0,
        0.0,
        0.0,
        0.0,
        0.0,
        0.0,
        0.0,
        0.4307275827192126,
        0.0,
        0.0,
        0.0,
        1.0,
        0.0,
        0.0,
        0.7246553054285986,
        0.0,
        1.0,
        0.0,
        0.0,
        0.0,
        0.0,
        0.0,
        0.0,
        0.0,
        1.0,
        0.0,
        0.0,
        0.0,
        0.0,
        0.0,
        0.0,
        0.0,
        0.0,
        0.0,
        0.0,
        0.0,
        0.331262284574863,
        0.38029231621476567,
        0.0,
        1.0
    ],