{
    "upper_bound_presolve": -619.210996840062,
    "x_ij_presolve": [
        0.0,
        0.12288160811833387,
        1.582024705578343,
        0.0,
        0.7568295073587549,
        0.0,
        1.5570100780467488,
        0.0,
        0.0,
        0.0,
        0.0,
        0.0,
        0.0,
        0.0,
        0.0,
        0.0,
        0.0,
        0.0,
        0.270733643139249,
        0.0,
        0.4834607674111328,
        0.0,
        0.0,
        0.0,
        0.0,
        0.0,
        0.0,
        2.0,
        0.0,
        0.0,
        0.0,
        0.0,
        0.0,
        0.0,
        0.0,
        0.0,
        0.0,
        0.0,
        0.0,
        0.0,
        0.0,
        0.0,
        0.0,
        0.417975294421657,
        0.0,
        0.0,
        0.0,
        0.0,
        0.0,
        0.0,
        0.0,
        0.0,
        0.0,
        0.0,
        0.0,
        0.6682224621094489,
        0.0,
        0.0,
        0.5045397601375573,
        1.6101012509187098,
        0.0,
        0.0,
        0.0,
        0.0,
        6.0,
        0.0,
        0.0,
        0.0,
        0.0,
        0.7292663568607509,
        0.0,
        0.0,
        0.0,
        0.0,
        0.0,
        0.0,
        0.3803726791034802,
        0.9118221804255257,
        0.0,
        0.0,
        0.0,
        0.0,
        0.0,
        0.0,
        0.0,
        0.0,
        0.0,
        0.0,
        0.0,
        0.0,
        0.0,
        0.0,
        0.0,
        0.0,
        0.0,
        0.0,
        0.0,
        0.12682619838772538,
        0.0,
        0.0,
        0.0,
        0.0,
        0.0,
        0.0,
        0.0,
        0.6783780682146929,
        0.0,
        0.0,
        0.0,
        0.0,
        0.0,
        0.0,
        0.0,
        1.9198975477574998,
        0.0,
        0.0
    ],
    "x_il_presolve": [
        0.0,
        0.0,
        0.0,
        2.1713879477811915,
        4.19114568753839,
        1.0626172428497709,
        0.0,
        0.0,
        0.0,
        0.7392145763897983,
        0.0,
        3.0,
        0.0,
        0.0,
        3.0,
        0.0,
        0.0,
        0.0,
        6.924372699520241,
        0.0,
        1.605804628750794,
        0.0,
        3.0,
        0.9673989484472882,
        2.032601051552712,
        0.0,
        1.0756273004797594,
        0.0,
        2.331777537890551,
        0.38989874908129024,
        2.0161640149521416,
        0.08939747582901071,
        0.0,
        0.0,
        0.0,
        0.0,
        0.0,
        0.0,
        2.2707336431392493,
        0.0,
        0.0,
        0.0,
        3.0,
        0.0,
        0.0,
        2.032601051552712,
        0.0,
        2.943195446227963,
        0.0,
        0.0,
        0.0,
        0.0,
        0.0,
        0.0,
        2.8141507287142318,
        0.0,
        0.0,
        0.0,
        0.0,
        0.0,
        0.0,
        0.0,
        0.0,
        0.0568045537720385,
        0.0,
        0.0,
        0.0,
        2.9673989484472885,
        3.1127035037952115,
        0.0,
        5.484662155298759
    ],
    "x_lj_presolve": [
        1.2431704926412452,
        3.241491662657513,
        0.0,
        1.0,
        0.44298992195325104,
        0.6196273208965198,
        0.0,
        0.0,
        2.0,
        0.8731738016122748,
        0.12682619838772516,
        1.545340853991115,
        1.0,
        0.4546591460088854,
        1.877118391881666,
        0.0,
        0.0,
        0.0,
        0.4546591460088851,
        0.0,
        0.0,
        2.0,
        1.0,
        0.38989874908129024,
        0.0,
        0.0,
        6.0,
        2.0,
        0.0,
        0.0,
        1.321621931785307,
        0.49546023986244275,
        1.1829178283522501,
        2.0,
        6.0,
        0.0,
        2.0,
        1.0,
        0.0,
        0.0,
        1.0881778195744742,
        3.3317775378905514,
        0.0,
        0.0,
        5.0,
        2.303849191333602,
        2.0,
        0.0,
        0.0,
        1.0000000000000002,
        1.8731738016122745,
        2.4137238564791175,
        0.0
    ],
    "q_presolve": [
        0.0,
        0.0,
        0.0,
        0.7237959825937305,
        0.5738269750300162,
        1.0,
        0.0,
        0.0,
        0.0,
        0.24640485879659943,
        0.0,
        1.0,
        0.0,
        0.0,
        0.375,
        0.0,
        0.0,
        0.0,
        0.8655465874400301,
        0.0,
        0.36330788410310333,
        0.0,
        1.0,
        0.3224663161490961,
        0.254075131444089,
        0.0,
        0.13445341255996993,
        0.0,
        1.0,
        1.0,
        0.47030840849365557,
        0.02979915860967024,
        0.0,
        0.0,
        0.0,
        0.0,
        0.0,
        0.0,
        0.5296915915063443,
        0.0,
        0.0,
        0.0,
        1.0,
        0.0,
        0.0,
        0.677533683850904,
        0.0,
        0.9810651487426543,
        0.0,
        0.0,
        0.0,
        0.0,
        0.0,
        0.0,
        0.6366921158968968,
        0.0,
        0.0,
        0.0,
        0.0,
        0.0,
        0.0,
        0.0,
        0.0,
        0.018934851257346164,
        0.0,
        0.0,
        0.0,
        0.37092486855591106,
        0.4261730249699839,
        0.0,
        1.0
    ],