{
    "upper_bound_presolve": -578.0462948332938,
    "x_ij_presolve": [
        0.05520100876555844,
        1.7949805404407946,
        1.5087233655646795,
        0.0,
        1.9447989912344417,
        0.0,
        1.5347133259278471,
        0.0,
        0.0,
        0.0,
        0.0,
        0.0,
        0.0,
        0.0,
        0.0,
        0.0,
        0.0,
        0.0,
        0.2612875162664699,
        0.0,
        0.14166661683604176,
        0.0,
        0.0,
        0.0,
        0.0,
        0.0,
        0.0,
        2.0,
        0.0,
        2.1689230055548054,
        0.0,
        0.0,
        0.0,
        0.0,
        0.0,
        0.0,
        0.0,
        0.0,
        0.0,
        0.0,
        0.0,
        0.0,
        0.0,
        0.49127663443532044,
        0.0,
        0.0,
        0.06342488298436202,
        0.0,
        0.0,
        0.0,
        0.0,
        0.0,
        0.0,
        0.0,
        0.0,
        3.0,
        0.0,
        0.7218678517377455,
        0.07972297859752371,
        2.0,
        0.0,
        0.0,
        0.0,
        0.9567353911498678,
        6.0,
        0.0,
        0.2568878418152133,
        0.0,
        0.0,
        0.7387124837335302,
        0.0,
        0.0,
        0.0,
        0.0,
        0.0,
        0.0,
        0.47998222591535866,
        0.9802184910494627,
        0.0,
        0.0,
        0.0,
        0.0,
        0.0,
        0.0,
        0.0,
        0.0,
        0.0,
        0.1415945765748436,
        0.0,
        0.0,
        0.0,
        1.0197815089505373,
        0.0,
        0.0,
        0.0,
        0.0,
        0.0,
        0.0,
        0.0,
        0.729150779804804,
        0.0,
        0.0,
        0.0,
        0.0,
        0.0,
        0.94064920495111,
        0.0,
        0.0,
        0.055053669345618,
        0.0,
        0.0,
        0.0,
        0.09013715414490493,
        2.3782645136841243,
        0.0,
        0.0
    ],
    "x_il_presolve": [
        0.0,
        0.0,
        0.0,
        2.138614748211097,
        4.747756292881914,
        0.9853044481567943,
        0.0,
        0.0,
        3.0,
        0.8613852517889027,
        0.0,
        3.0,
        0.0,
        0.0,
        0.8310769944451945,
        0.0,
        0.0,
        0.0,
        7.50872336556468,
        0.0,
        0.0,
        0.0,
        3.0,
        1.1104316194980783,
        1.8895683805019214,
        0.0,
        0.49127663443532005,
        0.0,
        0.0,
        0.0,
        2.198409169664731,
        0.0,
        0.0,
        0.0,
        0.0,
        0.0,
        0.0,
        0.0,
        2.26128751626647,
        0.0,
        0.0,
        0.0,
        3.0,
        0.0,
        0.0,
        1.8895683805019217,
        0.0,
        2.703902303082761,
        0.0,
        0.0,
        0.0,
        0.0,
        0.0,
        0.0,
        0.0,
        0.0,
        0.0,
        0.0,
        0.0,
        0.0,
        0.0,
        0.0,
        0.0,
        0.29609769691723886,
        0.0,
        0.0,
        0.0,
        2.2793546250528847,
        3.252243707118086,
        0.0,
        0.0
    ],
    "x_lj_presolve": [
        0.0,
        0.0,
        0.0,
        0.0,
        0.465286674072153,
        0.5200177740846413,
        0.0,
        0.0,
        2.0,
        1.0,
        0.0,
        1.0432646088501323,
        0.909862845855095,
        1.0468725452947727,
        0.0,
        0.0,
        0.0,
        0.0,
        0.0,
        0.0,
        0.0,
        2.0,
        1.0,
        0.0,
        0.0,
        0.0,
        5.021244306447041,
        2.9787556935529578,
        0.0,
        0.0,
        1.0593507950488898,
        0.9202770214024764,
        1.0203721835486337,
        2.0,
        6.0,
        0.0,
        1.8584054234251564,
        1.0,
        0.0,
        0.14159457657484345,
        0.0,
        0.0,
        0.0,
        0.0,
        5.215795550849578,
        2.7842044491504216,
        1.9449463306543822,
        0.2708492201951961,
        0.0,
        0.7842044491504216,
        2.0,
        2.459696685931201,
        0.0
    ],
    "q_presolve": [
        0.0,
        0.0,
        0.0,
        0.7128715827370323,
        0.5934695366102393,
        1.0,
        0.0,
        0.0,
        0.375,
        0.2871284172629676,
        0.0,
        1.0,
        0.0,
        0.0,
        0.1038846243056493,
        0.0,
        0.0,
        0.0,
        0.9385904206955851,
        1.0,
        1.0,
        0.0,
        1.0,
        0.3701438731660261,
        0.23619604756274018,
        0.0,
        0.061409579304415006,
        0.0,
        0.0,
        1.0,
        0.49295037857618224,
        0.0,
        0.0,
        0.0,
        0.0,
        0.0,
        0.0,
        0.0,
        0.5070496214238177,
        0.0,
        0.0,
        0.0,
        1.0,
        0.0,
        0.0,
        0.6298561268339739,
        0.0,
        0.9013007676942537,
        0.0,
        0.0,
        0.0,
        0.0,
        0.0,
        0.0,
        0.0,
        0.0,
        0.0,
        0.0,
        0.0,
        1.0,
        0.0,
        0.0,
        0.0,
        0.09869923230574629,
        0.0,
        0.0,
        0.0,
        0.2849193281316106,
        0.40653046338976073,
        0.0,
        0.0
    ],