{
    "upper_bound_presolve": -579.5766974643119,
    "x_ij_presolve": [
        0.0,
        1.9921624665051931,
        1.7062085395783706,
        0.0,
        0.0,
        0.0,
        1.6876855795946208,
        0.0,
        0.0,
        0.0,
        0.0,
        0.0,
        0.0,
        0.0,
        0.0,
        0.0,
        0.0,
        1.3833194510598068,
        0.3143951426431895,
        0.0,
        0.0,
        0.0,
        0.0,
        0.0,
        0.11275036813647299,
        0.0,
        0.0,
        2.0,
        0.0,
        1.2721368410782372,
        0.0,
        0.0,
        0.0,
        0.0,
        0.0,
        0.0,
        0.0,
        0.0,
        0.0,
        0.0,
        0.0,
        0.0,
        0.0,
        0.29379146042162924,
        0.0,
        0.0,
        0.00783753349480691,
        0.0,
        0.0,
        0.0,
        0.0,
        0.0,
        0.0,
        0.0,
        0.0,
        3.0,
        0.0,
        0.9999999999999998,
        0.018836466074904405,
        1.5461068798280801,
        0.0,
        0.0,
        0.0,
        0.6166805489401931,
        6.0,
        0.0,
        0.0,
        0.0,
        0.0,
        0.6856048573568105,
        0.0,
        0.0,
        0.0,
        0.0,
        0.0,
        0.0,
        0.045648638913325455,
        0.8846604373661947,
        0.0,
        0.0,
        0.0,
        0.0,
        0.0,
        0.0,
        0.0,
        0.0,
        0.0,
        0.0,
        0.0,
        0.0,
        0.0,
        0.0,
        0.0,
        0.0,
        0.0,
        0.0,
        0.0,
        0.0,
        0.0,
        0.0,
        0.0,
        0.0,
        0.0,
        0.0,
        0.0,
        0.4007035742825323,
        0.0,
        0.0,
        0.0,
        0.0,
        0.0,
        0.0,
        0.0,
        5.543517826395074,
        0.0,
        0.0
    ],
    "x_il_presolve": [
        0.0,
        0.0,
        0.0,
        2.1078545502622417,
        2.3041219762281324,
        1.2666657814920539,
        0.0,
        0.0,
        1.616680548940193,
        0.8921454497377582,
        0.0,
        0.0,
        0.0,
        0.0,
        1.7278631589217628,
        0.0,
        0.6578705627084577,
        0.0,
        4.342129437291542,
        0.0,
        0.0,
        0.0,
        3.0,
        0.8010258814668835,
        2.1989741185331164,
        0.0,
        3.0,
        0.0,
        0.0,
        0.4538931201719198,
        1.5272704137531758,
        0.0,
        0.0,
        0.0,
        0.0,
        0.0,
        0.0,
        0.0,
        0.3599792181103515,
        1.6355672780543762,
        0.0,
        0.0,
        3.0,
        0.0,
        0.0,
        2.1989741185331164,
        0.0,
        3.0,
        0.0,
        0.0,
        0.0,
        0.0,
        0.0,
        0.0,
        1.2301160415395205,
        0.0,
        0.0,
        5.6958780237718685,
        0.0,
        0.0,
        0.0,
        0.0,
        0.0,
        0.0,
        0.0,
        0.0,
        0.0,
        2.456482173604927,
        0.0,
        0.0,
        3.0144615352091617
    ],
    "x_lj_presolve": [
        2.0,
        1.650028813263538,
        0.0,
        1.0,
        0.31231442040537927,
        0.9543513610866746,
        0.0,
        0.0,
        1.887249631863527,
        1.0,
        0.11275036813647266,
        0.0,
        0.0,
        0.0,
        0.0,
        0.0,
        0.0,
        0.0,
        0.0,
        0.0,
        0.0,
        2.0,
        1.0,
        0.4538931201719198,
        0.0,
        0.0,
        5.000000000000001,
        2.9999999999999996,
        0.0,
        0.0,
        1.5992964257174678,
        0.9811635339250956,
        0.41954004035743653,
        2.0,
        6.0,
        0.0,
        2.0,
        1.0,
        0.0,
        0.0,
        1.1153395626338054,
        0.0,
        0.11477647890571507,
        0.0,
        4.922165654341775,
        3.0778343456582253,
        1.885223521094285,
        0.0,
        0.036942133247489996,
        1.077834345658225,
        1.8872496318635275,
        0.0,
        0.0
    ],
    "q_presolve": [
        0.0,
        0.0,
        0.0,
        0.7026181834207472,
        0.28801524702851655,
        1.0,
        0.0,
        0.0,
        0.20208506861752412,
        0.2973818165792528,
        0.0,
        0.0,
        0.0,
        0.0,
        0.21598289486522032,
        0.0,
        0.08223382033855722,
        0.0,
        0.5427661796614428,
        1.0,
        0.0,
        0.0,
        1.0,
        0.26700862715562784,
        0.27487176481663955,
        0.0,
        0.375,
        0.0,
        0.0,
        1.0,
        0.8092572323064134,
        0.0,
        0.0,
        1.0,
        0.0,
        0.0,
        0.0,
        0.0,
        0.19074276769358653,
        0.3517327190294297,
        0.0,
        0.0,
        1.0,
        0.0,
        0.0,
        0.7329913728443722,
        0.0,
        1.0,
        0.0,
        0.0,
        0.0,
        0.0,
        0.0,
        0.0,
        1.0,
        0.0,
        0.0,
        0.7119847529714834,
        0.0,
        0.0,
        0.0,
        0.0,
        0.0,
        0.0,
        0.0,
        0.0,
        0.0,
        0.3070602717006159,
        0.0,
        0.0,
        0.6482672809705704
    ],