{
    "upper_bound_presolve": -625.2967537234772,
    "x_ij_presolve": [
        0.0,
        0.2783100481626824,
        0.0,
        0.0,
        1.1725802462265855,
        0.0,
        1.5804616515456966,
        0.0,
        0.0,
        0.9662716442823476,
        0.0,
        0.0,
        0.0,
        0.0,
        0.0,
        0.0,
        0.0,
        0.0,
        0.24743055234270087,
        0.0,
        0.0,
        0.0,
        0.0,
        0.0,
        0.0,
        0.0,
        0.0,
        2.0,
        0.0,
        0.0,
        0.0,
        0.0,
        0.0,
        0.0,
        0.0,
        0.0,
        0.0,
        0.0,
        0.0,
        0.0,
        0.0,
        0.0,
        0.0,
        0.770261936591007,
        0.0,
        0.0,
        0.0,
        0.0,
        0.0,
        0.0,
        0.0,
        0.0,
        0.0,
        0.0,
        0.0,
        0.7649890719344717,
        0.0,
        1.367649336900995,
        0.1266298607133517,
        1.9092895390141917,
        0.0,
        0.0,
        0.0,
        0.0,
        6.0,
        0.0,
        0.0,
        0.0,
        0.0,
        0.7525694476572992,
        0.0,
        0.0,
        0.0,
        0.0,
        0.0,
        0.0,
        0.3789835885649143,
        0.9885805550535836,
        0.0,
        0.0,
        0.0,
        0.0,
        0.0,
        0.0,
        0.0,
        0.0,
        0.0,
        0.0,
        0.0,
        1.6510498845982888,
        0.0,
        0.0,
        1.3519292253967172,
        0.0,
        0.0,
        0.0,
        0.0,
        0.0,
        0.0,
        0.22134795293227383,
        0.0,
        0.0,
        0.0,
        0.0,
        0.0,
        0.42549834355810506,
        0.0,
        0.0,
        0.0,
        0.0,
        0.0181046765919563,
        0.0,
        0.03741630989472937,
        4.429767119136588,
        0.0,
        0.0
    ],
    "x_il_presolve": [
        0.0,
        0.0,
        0.0,
        2.222094096007042,
        5.578688178810704,
        1.0405547598893892,
        0.0,
        0.0,
        0.0,
        0.7779059039929581,
        0.0,
        2.44926271387706,
        0.0,
        0.0,
        2.615681092931999,
        0.0,
        0.0,
        0.0,
        5.459950409915598,
        0.0,
        0.0,
        0.0,
        3.0,
        1.1303929873087262,
        1.8696070126912738,
        0.0,
        2.540049590084404,
        0.0,
        2.2350109280655284,
        0.0,
        1.5057208023856534,
        0.0,
        0.0,
        0.0,
        0.0,
        0.0,
        0.0,
        0.0,
        0.4942791976143466,
        0.0,
        0.0,
        0.0,
        3.0,
        0.0,
        0.0,
        1.8696070126912738,
        0.0,
        3.0,
        0.0,
        0.0,
        0.0,
        0.0,
        0.0,
        0.0,
        1.5268518107142321,
        0.0,
        0.0,
        0.0,
        0.0,
        0.0,
        0.0,
        0.0,
        0.0,
        0.0,
        0.09071046098580819,
        0.0,
        0.0,
        3.5147118943767266,
        0.0,
        0.0,
        6.639800156558793
    ],
    "x_lj_presolve": [
        0.8274197537734144,
        5.033728355717653,
        0.0,
        0.7786520470677262,
        0.41953834845430343,
        0.6210164114350857,
        0.0,
        0.0,
        2.0,
        1.0,
        0.0,
        1.4866790237717897,
        0.9625836901052707,
        0.0,
        1.7216899518373179,
        0.0,
        0.0,
        0.0,
        0.5133209762282105,
        0.0,
        0.0,
        2.0,
        1.0,
        0.09071046098580819,
        0.0,
        0.0,
        4.632350663099006,
        3.3676493369009957,
        0.0,
        0.0,
        1.5563969798499389,
        0.8733701392866483,
        0.5702328808634131,
        2.0,
        6.0,
        0.0,
        2.0,
        1.0,
        0.0,
        0.0,
        1.0114194449464164,
        0.5154323657678154,
        0.0,
        1.2297380634089934,
        4.348950115401711,
        0.0,
        2.0,
        0.0,
        0.9999999999999996,
        0.0,
        2.0,
        0.0,
        0.0
    ],
    "q_presolve": [
        0.0,
        0.0,
        0.0,
        0.7406980320023473,
        1.0,
        1.0,
        0.0,
        0.0,
        0.0,
        0.2593019679976527,
        0.0,
        1.0,
        0.0,
        0.0,
        0.32696013661649986,
        0.0,
        0.0,
        0.0,
        0.6824938012394497,
        0.0,
        0.0,
        0.0,
        1.0,
        0.3767976624362421,
        0.23370087658640928,
        0.0,
        0.3175061987605504,
        0.0,
        1.0,
        0.0,
        0.7528604011928267,
        0.0,
        0.0,
        0.0,
        0.0,
        0.0,
        0.0,
        0.0,
        0.2471395988071733,
        0.0,
        0.0,
        0.0,
        1.0,
        0.0,
        0.0,
        0.623202337563758,
        0.0,
        1.0,
        0.0,
        0.0,
        0.0,
        0.0,
        0.0,
        0.0,
        1.0,
        0.0,
        0.0,
        0.0,
        0.0,
        0.0,
        0.0,
        0.0,
        0.0,
        0.0,
        1.0,
        0.0,
        0.0,
        0.43933898679709094,
        0.0,
        0.0,
        1.0
    ],