{
    "upper_bound_presolve": -628.7052498438941,
    "x_ij_presolve": [
        0.0,
        0.0,
        1.4766696120311966,
        0.0,
        0.0,
        0.0,
        1.825012720298049,
        0.0,
        0.0,
        0.0,
        0.0,
        0.0,
        0.0,
        0.0,
        0.0,
        0.0,
        0.0,
        0.0,
        0.3046768450245939,
        0.0,
        0.767285561176174,
        0.0,
        0.0,
        0.0,
        0.0,
        0.0,
        0.0,
        2.0,
        0.0,
        0.0,
        0.0,
        0.0,
        0.0,
        0.0,
        0.0,
        0.0,
        0.0,
        0.0,
        0.0,
        0.0,
        0.0,
        0.0,
        0.0,
        0.5233303879688035,
        0.0,
        0.0,
        0.0,
        0.0,
        0.0,
        0.0,
        0.0,
        0.0,
        0.0,
        0.0,
        0.0,
        0.6573529579633094,
        0.0,
        0.0,
        0.0,
        1.8581714571876966,
        0.0,
        0.0,
        0.0,
        0.0,
        6.0,
        0.0,
        0.0,
        0.0,
        0.0,
        0.6953231549754061,
        0.0,
        0.0,
        0.0,
        0.0,
        0.0,
        0.0,
        0.2651850998904116,
        0.9582598910576454,
        0.0,
        0.0,
        0.0,
        0.0,
        0.0,
        0.0,
        0.0,
        0.0,
        0.0,
        0.0,
        0.0,
        0.0,
        0.0,
        0.0,
        0.0,
        0.0,
        0.0,
        0.0,
        0.0,
        0.0,
        0.0,
        0.0,
        0.0,
        0.0,
        0.0,
        0.0,
        0.0,
        0.0,
        0.0,
        0.0,
        0.0,
        0.0,
        0.03792299085526745,
        0.0,
        0.0,
        1.6976636992550496,
        0.0,
        0.0
    ],
    "x_il_presolve": [
        0.0,
        0.2492013214616894,
        0.0,
        2.062442934366672,
        4.885274517258027,
        0.6606008583498498,
        0.0,
        0.0,
        0.5369791634602453,
        0.9375570656333284,
        0.0,
        3.0,
        0.0,
        0.0,
        3.0,
        0.0,
        0.0,
        0.0,
        5.505581219641254,
        0.0,
        1.3528245872899418,
        0.0,
        3.0,
        0.7962867201633903,
        2.2037132798366095,
        0.0,
        2.4944187803587465,
        0.0,
        2.3426470420366905,
        0.0,
        3.0,
        0.0,
        0.0,
        0.0,
        0.0,
        0.0,
        0.0,
        0.0,
        2.304676845024594,
        0.0,
        0.0,
        0.0,
        3.0,
        0.0,
        0.0,
        2.2037132798366095,
        0.0,
        3.0,
        0.0,
        0.0,
        0.0,
        0.0,
        0.0,
        0.0,
        3.2240134673780183,
        0.0,
        0.0,
        0.0,
        0.0,
        0.0,
        0.0,
        0.0,
        0.0,
        0.0,
        0.14182854281230345,
        0.0,
        0.0,
        2.259307556703145,
        3.1147254827419726,
        0.0,
        5.657352957963309
    ],
    "x_lj_presolve": [
        2.0,
        2.657352957963309,
        0.0,
        1.0,
        0.1749872797019509,
        0.7348149001095884,
        0.0,
        0.0,
        2.0,
        1.0,
        0.0,
        1.6573529579633095,
        1.0,
        0.34264704203669044,
        2.0,
        0.0,
        0.0,
        0.0,
        0.34264704203669055,
        0.0,
        0.0,
        2.0,
        1.0,
        0.14182854281230345,
        0.0,
        0.0,
        6.0,
        1.8075490963110852,
        0.0,
        0.1924509036889151,
        1.9620770091447326,
        0.8075490963110848,
        0.23037389454418242,
        2.0,
        6.0,
        0.0,
        2.0,
        1.0,
        0.0,
        0.0,
        1.0417401089423546,
        3.5350979457256058,
        0.0,
        0.0,
        5.0,
        3.0000000000000004,
        2.0,
        0.0,
        0.0,
        1.0000000000000002,
        2.0,
        3.3046768450245945,
        0.0
    ],
    "q_presolve": [
        0.0,
        0.27390714925887527,
        0.0,
        0.687480978122224,
        0.6106593146572534,
        0.7260928507411247,
        0.0,
        0.0,
        0.06712239543253067,
        0.31251902187777614,
        0.0,
        1.0,
        0.0,
        0.0,
        0.375,
        0.0,
        0.0,
        0.0,
        0.6881976524551567,
        0.0,
        0.29558061070353653,
        0.0,
        1.0,
        0.2654289067211301,
        0.2754641599795762,
        0.0,
        0.3118023475448433,
        0.0,
        1.0,
        0.0,
        0.5655386911671697,
        0.0,
        0.0,
        0.0,
        0.0,
        0.0,
        0.0,
        0.0,
        0.43446130883283024,
        0.0,
        0.0,
        0.0,
        1.0,
        0.0,
        0.0,
        0.7345710932788698,
        0.0,
        1.0,
        0.0,
        0.0,
        0.0,
        0.0,
        0.0,
        0.0,
        0.7044193892964634,
        0.0,
        0.0,
        0.0,
        0.0,
        0.0,
        0.0,
        0.0,
        0.0,
        0.0,
        1.0,
        0.0,
        0.0,
        0.28241344458789314,
        0.3893406853427466,
        0.0,
        1.0
    ],