{
    "upper_bound_presolve": -616.6655047944881,
    "x_ij_presolve": [
        0.0,
        0.5243531012354744,
        1.4182190690280896,
        0.0,
        0.0,
        0.0,
        1.7462950658248204,
        0.0,
        0.0,
        0.0,
        0.0,
        0.0,
        0.0,
        0.0,
        0.0,
        0.0,
        0.0,
        0.0,
        0.0,
        0.0,
        0.0,
        0.0,
        0.0,
        0.0,
        0.0,
        0.0,
        0.0,
        2.0,
        0.0,
        0.0,
        0.0,
        0.0,
        0.0,
        0.0,
        0.0,
        0.0,
        0.0,
        0.0,
        0.0,
        0.0,
        0.0,
        0.0,
        0.0,
        0.5817809309719105,
        0.0,
        0.0,
        0.0,
        0.0,
        0.0,
        0.0,
        0.0,
        0.0,
        0.0,
        0.0,
        0.0,
        1.0055245331879403,
        0.0,
        0.2876585283818317,
        0.5812556810800019,
        1.9253857301031918,
        0.0,
        0.0,
        0.0,
        0.0,
        6.0,
        0.0,
        0.0,
        0.0,
        0.0,
        0.8076755232153623,
        0.0,
        0.0,
        0.0,
        0.0,
        0.0,
        0.0,
        0.43894142539179676,
        0.8894484514285929,
        0.0,
        0.0,
        0.0,
        0.0,
        0.0,
        0.0,
        0.0,
        0.0,
        0.0,
        0.0,
        0.0,
        0.0,
        0.0,
        0.0,
        0.0,
        0.0,
        0.0,
        0.0,
        0.0,
        0.0,
        0.0,
        0.0,
        0.0,
        0.0,
        0.0,
        0.0,
        0.0,
        0.6903349391829344,
        0.0,
        0.0,
        0.21352670694211368,
        0.0,
        0.03449971749195089,
        0.0,
        0.09017791690743558,
        4.693909662245113,
        0.0,
        0.0
    ],
    "x_il_presolve": [
        0.0,
        0.0,
        0.0,
        2.3461569410196,
        2.1068664986390333,
        0.8147635087833828,
        0.0,
        0.0,
        0.0,
        0.0,
        0.0,
        3.0,
        0.0,
        0.0,
        2.600749260401919,
        0.0,
        0.0,
        0.0,
        6.9008605568599,
        0.0,
        1.5578036791309924,
        0.0,
        3.0,
        0.7821619637574206,
        2.217838036242579,
        0.0,
        1.0991394431400996,
        0.0,
        1.9944754668120597,
        0.26693874668144607,
        1.2103039848763204,
        0.6538430589804001,
        0.0,
        0.0,
        0.0,
        0.0,
        0.0,
        0.0,
        0.7896960151236797,
        1.0890264345832543,
        0.0,
        0.0,
        3.0,
        0.0,
        0.0,
        2.2178380362425796,
        0.0,
        3.0,
        0.0,
        0.0,
        0.0,
        0.0,
        0.0,
        0.0,
        2.259564807870643,
        0.0,
        0.0,
        5.893133501360967,
        0.0,
        0.0,
        0.0,
        0.0,
        0.0,
        0.0,
        0.0,
        0.0,
        0.0,
        3.181412703355501,
        0.0,
        0.0,
        4.088440373519663
    ],
    "x_lj_presolve": [
        2.0,
        2.177466808102917,
        0.0,
        1.0,
        0.2537049341751796,
        0.5610585746082032,
        0.0,
        0.0,
        2.0,
        1.0,
        0.0,
        1.481171431952466,
        0.9098220830925644,
        0.6090064849549692,
        1.4756468987645257,
        0.0,
        0.0,
        0.0,
        0.518828568047534,
        0.0,
        0.0,
        2.0,
        1.0,
        0.07461426989680829,
        0.19232447678463777,
        0.0,
        5.712341471618168,
        2.2876585283818316,
        0.0,
        0.0,
        1.2751653433251147,
        0.4187443189199981,
        1.3060903377548874,
        2.0,
        6.0,
        0.0,
        2.0,
        1.0,
        0.0,
        0.0,
        1.1105515485714073,
        2.706816938430228,
        0.0,
        0.0,
        4.786473293057886,
        3.213526706942114,
        1.7864732930578864,
        0.0,
        0.0,
        1.2135267069421138,
        2.0,
        0.0,
        0.0
    ],
    "q_presolve": [
        0.0,
        0.0,
        0.0,
        0.7820523136732,
        0.26335831232987916,
        1.0,
        0.0,
        0.0,
        0.0,
        0.0,
        0.0,
        1.0,
        0.0,
        0.0,
        0.3250936575502399,
        0.0,
        0.0,
        0.0,
        0.8626075696074875,
        0.0,
        0.4080831296311598,
        0.0,
        1.0,
        0.2607206545858069,
        0.2772297545303224,
        0.0,
        0.13739243039251245,
        0.0,
        1.0,
        1.0,
        0.6051519924381602,
        0.2179476863268,
        0.0,
        0.0,
        0.0,
        0.0,
        0.0,
        0.0,
        0.39484800756183985,
        0.21033962649048565,
        0.0,
        0.0,
        1.0,
        0.0,
        0.0,
        0.7392793454141932,
        0.0,
        1.0,
        0.0,
        0.0,
        0.0,
        0.0,
        0.0,
        0.0,
        0.5919168703688403,
        0.0,
        0.0,
        0.7366416876701207,
        0.0,
        0.0,
        0.0,
        0.0,
        0.0,
        0.0,
        0.0,
        0.0,
        0.0,
        0.3976765879194376,
        0.0,
        0.0,
        0.7896603735095145
    ],