{
    "upper_bound_presolve": -612.4696742133539,
    "x_ij_presolve": [
        0.0,
        0.05717471222549451,
        1.5834612396892604,
        0.0,
        0.0,
        0.0,
        1.5553167882205412,
        0.0,
        0.0,
        0.0,
        0.0,
        0.0,
        0.0,
        0.0,
        0.0,
        0.0,
        0.0,
        0.0,
        0.693925006611918,
        0.0,
        0.0,
        0.0,
        0.0,
        0.0,
        0.0,
        0.0,
        0.0,
        2.0,
        0.0,
        0.0,
        0.0,
        0.0,
        0.0,
        0.0,
        0.0,
        0.0,
        0.0,
        0.0,
        0.0,
        0.0,
        0.0,
        0.0,
        0.0,
        0.41653876031073944,
        0.0,
        0.0,
        0.0,
        0.0,
        0.0,
        0.0,
        0.0,
        0.0,
        0.0,
        0.0,
        0.0,
        0.3722956951666295,
        0.0,
        1.3063450343361824,
        0.011741755952047449,
        1.952556619023746,
        0.0,
        0.0,
        0.0,
        0.0,
        6.0,
        0.0,
        0.5362161743780075,
        0.0,
        0.0,
        0.30607499338808203,
        0.0,
        0.0,
        0.0,
        0.0,
        0.0,
        0.0,
        0.5027340579161632,
        0.7892905720838413,
        0.0,
        0.0,
        0.0,
        0.0,
        0.0,
        0.0,
        0.0,
        0.0,
        0.0,
        0.0,
        0.0,
        0.0,
        0.0,
        1.2107094279161585,
        0.0,
        0.0,
        0.0,
        0.0,
        0.0,
        0.11446376709688325,
        0.0,
        0.0,
        0.0,
        0.0,
        0.0,
        0.0,
        0.0,
        0.4895163926245934,
        0.0,
        0.0,
        0.0,
        0.0,
        0.0,
        0.0,
        0.07856608343979249,
        3.008439868002787,
        0.0,
        0.0
    ],
    "x_il_presolve": [
        0.0,
        0.0,
        0.0,
        2.256293903351674,
        2.441932347502657,
        0.9419491538632956,
        0.423783601388559,
        0.0,
        0.0,
        0.7437060966483251,
        0.0,
        3.0,
        0.0,
        0.0,
        2.213328893950892,
        0.0,
        0.0,
        0.0,
        6.598507126909237,
        0.0,
        0.0,
        0.0,
        2.5762163986114412,
        1.0463605159647633,
        1.953639484035237,
        0.0,
        1.4014928730907623,
        0.0,
        2.6277043048333706,
        0.0,
        1.6819132097117704,
        0.0,
        0.0,
        0.0,
        0.0,
        0.0,
        0.0,
        0.0,
        2.693925006611918,
        0.0,
        0.0,
        0.0,
        3.0,
        0.0,
        0.0,
        1.9536394840352367,
        0.0,
        3.0,
        0.0,
        0.0,
        0.0,
        0.0,
        0.0,
        0.0,
        0.0,
        0.0,
        0.0,
        4.478105225953797,
        0.0,
        0.0,
        0.0,
        0.0,
        0.0,
        0.0,
        0.04744338097625409,
        0.0,
        0.0,
        3.8330316220138707,
        1.0799624265435497,
        0.0,
        5.236554899501339
    ],
    "x_lj_presolve": [
        2.0,
        2.2365548995013387,
        0.0,
        1.0,
        0.4446832117794588,
        0.4972659420838368,
        0.0,
        0.0,
        2.0,
        0.8855362329031168,
        0.11446376709688354,
        1.315120982941135,
        0.9214339165602075,
        0.7634451004986573,
        1.9428252877745056,
        0.0,
        0.0,
        0.0,
        0.684879017058865,
        0.0,
        0.0,
        2.0,
        1.0,
        0.04744338097625409,
        0.0,
        0.0,
        4.15743879128581,
        3.84256120871419,
        0.0,
        0.0,
        1.5104836073754064,
        0.9882582440479526,
        0.5012581485766412,
        2.0,
        6.0,
        0.0,
        2.0,
        1.0,
        0.0,
        0.0,
        0.0,
        0.0,
        0.0,
        0.0,
        5.0,
        3.0000000000000036,
        2.0,
        0.0,
        0.0,
        1.0000000000000002,
        1.8855362329031164,
        2.4903019834205717,
        0.0
    ],
    "q_presolve": [
        0.0,
        0.0,
        0.0,
        0.7520979677838913,
        0.305241543437832,
        1.0,
        0.14126120046285298,
        0.0,
        0.0,
        0.24790203221610838,
        0.0,
        1.0,
        0.0,
        0.0,
        0.2766661117438615,
        0.0,
        0.0,
        0.0,
        0.8248133908636546,
        0.0,
        0.0,
        0.0,
        0.858738799537147,
        0.3487868386549211,
        0.2442049355044046,
        0.0,
        0.1751866091363453,
        0.0,
        1.0,
        0.0,
        0.3843636639575791,
        0.0,
        0.0,
        0.0,
        0.0,
        0.0,
        0.0,
        0.0,
        0.6156363360424209,
        0.0,
        0.0,
        0.0,
        1.0,
        0.0,
        0.0,
        0.6512131613450789,
        0.0,
        1.0,
        0.0,
        0.0,
        0.0,
        0.0,
        0.0,
        0.0,
        0.0,
        1.0,
        0.0,
        0.5597631532442244,
        0.0,
        0.0,
        0.0,
        0.0,
        0.0,
        0.0,
        1.0,
        0.0,
        0.0,
        0.47912895275173384,
        0.1349953033179437,
        0.0,
        1.0
    ],