{
    "upper_bound_presolve": -627.9016000712404,
    "x_ij_presolve": [
        0.0,
        0.3632144260821128,
        1.387720239820022,
        0.0,
        0.0,
        0.0,
        1.8115872654708516,
        0.0,
        0.0,
        0.0,
        0.0,
        0.0,
        0.0,
        0.0,
        0.0,
        0.0,
        0.0,
        0.0,
        0.2416052808037544,
        0.0,
        0.0,
        0.0,
        0.0,
        0.0,
        0.0,
        0.0,
        0.0,
        2.0,
        0.0,
        2.8006547812802234,
        0.0,
        0.0,
        0.0,
        0.0,
        0.0,
        0.0,
        0.0,
        0.0,
        0.0,
        0.0,
        0.0,
        0.0,
        0.0,
        0.41110469427527996,
        0.0,
        0.0,
        0.0,
        0.0,
        0.0,
        0.0,
        0.0,
        0.0,
        0.0,
        0.0,
        0.0,
        0.8639919162459085,
        0.0,
        1.4877096126989295,
        0.0077107840728515885,
        2.0,
        0.0,
        0.0,
        0.0,
        0.0,
        6.0,
        0.0,
        0.0,
        0.0,
        0.0,
        0.7583947191962457,
        0.0,
        0.0,
        0.0,
        0.0,
        0.0,
        0.0,
        0.1621541061427562,
        0.6598814348936466,
        0.0,
        0.0,
        0.0,
        0.0,
        0.0,
        0.0,
        0.0,
        0.0,
        0.0,
        0.0,
        0.0,
        0.0,
        0.0,
        0.0,
        0.0,
        0.0,
        0.0,
        0.0,
        0.0,
        0.0,
        0.0,
        0.0,
        0.0,
        0.0,
        0.0,
        0.0,
        0.0,
        0.0,
        0.0,
        0.0,
        0.0,
        0.0,
        0.0,
        0.0,
        0.04931937386505755,
        5.1444464515749315,
        0.0,
        0.0
    ],
    "x_il_presolve": [
        0.0,
        0.0,
        0.0,
        2.2365190452049735,
        2.9576076579900086,
        1.0262586283863921,
        0.0,
        0.0,
        3.0,
        0.7634809547950264,
        0.0,
        3.0,
        0.0,
        0.0,
        0.19934521871977667,
        0.0,
        0.0,
        0.0,
        5.0,
        0.0,
        0.0,
        0.0,
        3.0,
        1.0055793932797865,
        1.9944206067202135,
        0.0,
        3.0,
        0.0,
        2.1360080837540916,
        0.0,
        1.504579603228219,
        0.0,
        0.0,
        0.0,
        0.0,
        0.0,
        0.0,
        0.0,
        0.6659628587314199,
        0.8477971649732287,
        0.0,
        0.0,
        3.0,
        0.0,
        0.0,
        1.9944206067202142,
        0.0,
        3.0,
        0.0,
        0.0,
        0.0,
        0.0,
        0.0,
        0.0,
        2.988417036161515,
        0.0,
        0.0,
        5.042392342009991,
        0.0,
        0.0,
        0.0,
        0.0,
        0.0,
        0.0,
        0.0,
        0.0,
        0.0,
        2.806234174560011,
        0.0,
        0.0,
        2.6814815383425636
    ],
    "x_lj_presolve": [
        2.0,
        0.5292787033157919,
        0.0,
        1.0,
        0.18841273452914833,
        0.8378458938572438,
        0.0,
        0.0,
        2.0,
        1.0,
        0.0,
        1.500777490163796,
        0.9506806261349425,
        0.5485418837012617,
        1.6367855739178871,
        0.0,
        0.0,
        0.0,
        0.49922250983620403,
        0.0,
        0.0,
        2.0,
        1.0,
        0.0,
        0.0,
        0.0,
        4.5122903873010705,
        3.4877096126989295,
        0.0,
        0.0,
        2.0,
        0.9922892159271484,
        0.007710784072851428,
        2.0,
        6.0,
        0.0,
        2.0,
        1.0,
        0.0,
        0.0,
        1.3401185651063534,
        1.6482984710551618,
        0.0,
        0.201175065904698,
        5.677300302392578,
        2.121524631702723,
        2.0,
        0.0,
        0.677300302392578,
        0.322699697607422,
        2.0,
        0.17054246195963912,
        0.0
    ],
    "q_presolve": [
        0.0,
        0.0,
        0.0,
        0.7455063484016577,
        0.36970095724875107,
        1.0,
        0.0,
        0.0,
        0.37499999999999994,
        0.2544936515983422,
        0.0,
        1.0,
        0.0,
        0.0,
        0.024918152339972084,
        0.0,
        0.0,
        0.0,
        0.625,
        0.0,
        0.0,
        0.0,
        1.0,
        0.33519313109326215,
        0.24930257584002669,
        0.0,
        0.375,
        0.0,
        1.0,
        1.0,
        0.693181372673923,
        0.0,
        0.0,
        0.0,
        0.0,
        0.0,
        0.0,
        0.0,
        0.3068186273260769,
        0.24021825314524323,
        0.0,
        0.0,
        1.0,
        0.0,
        0.0,
        0.6648068689067379,
        0.0,
        1.0,
        0.0,
        0.0,
        0.0,
        0.0,
        0.0,
        0.0,
        1.0,
        0.0,
        0.0,
        0.6302990427512489,
        0.0,
        0.0,
        0.0,
        0.0,
        0.0,
        0.0,
        0.0,
        0.0,
        0.0,
        0.35077927182000135,
        0.0,
        0.0,
        0.7597817468547569
    ],