{
    "upper_bound_presolve": -623.0843185440631,
    "x_ij_presolve": [
        0.0,
        0.37689466231586344,
        0.9608977360213453,
        0.0,
        0.0,
        0.0,
        1.7825855831637503,
        0.0,
        0.0,
        0.0,
        0.0,
        0.0,
        0.0,
        0.0,
        0.0,
        0.0,
        0.0,
        0.0,
        0.21752646283539645,
        0.0,
        0.0,
        0.0,
        0.0,
        0.0,
        0.0,
        0.0,
        0.0,
        2.0,
        0.0,
        2.0069026148549676,
        0.0,
        0.0,
        0.0,
        0.0,
        0.0,
        0.0,
        0.0,
        0.0,
        0.0,
        0.0,
        0.0,
        0.0,
        0.0,
        0.5375508974568326,
        0.0,
        0.0,
        0.0,
        0.0,
        0.0,
        0.0,
        0.0,
        0.0,
        0.0,
        0.0,
        0.0,
        0.8845229212965275,
        0.0,
        1.3862576876741535,
        0.17187654770602212,
        1.9257411755255496,
        0.0,
        0.0,
        0.0,
        0.0,
        6.0,
        0.0,
        0.0,
        0.0,
        0.0,
        0.7824735371646035,
        0.0,
        0.0,
        0.0,
        0.0,
        0.0,
        0.0,
        0.4923918615457097,
        0.8957403325880945,
        0.0,
        0.0,
        0.0,
        0.0,
        0.0,
        0.0,
        0.0,
        0.0,
        0.0,
        0.0,
        0.0,
        0.0,
        0.0,
        0.0,
        0.8670408868797836,
        0.0,
        0.0,
        0.0,
        0.0,
        0.12382852181150618,
        0.0,
        0.0,
        0.0,
        0.0,
        0.0,
        0.0,
        0.0,
        0.0,
        0.0,
        0.0,
        0.0,
        0.0,
        0.0,
        0.0,
        0.05635153317394839,
        5.8844974397475776,
        0.0,
        0.0
    ],
    "x_il_presolve": [
        0.0,
        0.0,
        0.0,
        2.2728358502568087,
        2.065298599737883,
        0.7250225552905403,
        0.0,
        0.0,
        3.0,
        0.7271641497431913,
        0.0,
        3.0,
        0.0,
        0.0,
        0.9930973851450323,
        0.0,
        0.0,
        0.0,
        7.462449102543168,
        0.0,
        0.0,
        0.0,
        3.0,
        1.0522484122235056,
        1.9477515877764944,
        0.0,
        0.5375508974568319,
        0.0,
        2.1154770787034725,
        0.0,
        1.4418657646198243,
        0.0,
        0.0,
        0.0,
        0.0,
        0.0,
        0.0,
        0.0,
        0.5962283998624452,
        1.1727122795934213,
        0.0,
        0.0,
        3.0,
        0.0,
        0.0,
        1.9477515877764946,
        0.0,
        2.7817033262526247,
        0.0,
        0.0,
        0.0,
        0.0,
        0.0,
        0.0,
        2.0342169434293926,
        0.0,
        0.0,
        5.934701400262118,
        0.0,
        0.0,
        0.0,
        0.0,
        0.0,
        0.0,
        0.07425882447445065,
        0.0,
        0.0,
        2.0591510270784736,
        0.0,
        0.0,
        2.705434426012195
    ],
    "x_lj_presolve": [
        2.0,
        0.8781467056056167,
        0.0,
        1.0,
        0.21741441683624985,
        0.5076081384542904,
        0.0,
        0.0,
        2.0,
        0.8761714781884938,
        0.12382852181150615,
        1.5076282589806647,
        0.9436484668260516,
        0.548723274193284,
        1.6231053376841365,
        0.0,
        0.0,
        0.0,
        0.49237174101933534,
        0.0,
        0.0,
        2.0,
        1.0,
        0.07425882447445065,
        0.0,
        0.0,
        4.613742312325846,
        3.386257687674154,
        0.0,
        0.0,
        1.8380773137062243,
        0.828123452293978,
        0.11550256025242261,
        2.0,
        6.0,
        0.0,
        2.0,
        1.0,
        0.0,
        0.0,
        1.1042596674119054,
        0.8621785041495342,
        0.0677787718679531,
        0.5015513665218222,
        4.932221228132047,
        2.5662274053461323,
        1.932221228132047,
        0.0,
        0.0,
        1.067778771867953,
        1.876171478188494,
        0.0,
        0.16192268629377574
    ],
    "q_presolve": [
        0.0,
        0.0,
        0.0,
        0.7576119500856029,
        0.2581623249672354,
        1.0,
        0.0,
        0.0,
        0.375,
        0.24238804991439714,
        0.0,
        1.0,
        0.0,
        0.0,
        0.12413717314312904,
        0.0,
        0.0,
        0.0,
        0.932806137817896,
        0.0,
        0.0,
        0.0,
        1.0,
        0.3507494707411685,
        0.2434689484720618,
        0.0,
        0.06719386218210399,
        0.0,
        1.0,
        0.0,
        0.707457874001664,
        0.0,
        0.0,
        0.0,
        0.0,
        0.0,
        0.0,
        0.0,
        0.2925421259983359,
        0.3023898703724487,
        0.0,
        0.0,
        1.0,
        0.0,
        0.0,
        0.6492505292588315,
        0.0,
        1.0,
        0.0,
        0.0,
        0.0,
        0.0,
        0.0,
        0.0,
        1.0,
        0.0,
        0.0,
        0.7418376750327648,
        0.0,
        0.0,
        0.0,
        0.0,
        0.0,
        0.0,
        1.0,
        0.0,
        0.0,
        0.2573938783848092,
        0.0,
        0.0,
        0.6976101296275513
    ],