{
    "upper_bound_presolve": -611.9098078832944,
    "x_ij_presolve": [
        0.0,
        0.0,
        1.5035058589618817,
        0.0,
        0.0,
        0.0,
        1.7171471039057071,
        0.0,
        0.0,
        0.0,
        0.0,
        0.0,
        0.0,
        0.0,
        0.0,
        0.0,
        0.0,
        0.0,
        0.24752723079597086,
        0.0,
        0.0,
        0.0,
        0.0,
        0.0,
        0.0,
        0.0,
        0.0,
        2.0,
        0.0,
        0.0,
        0.0,
        0.0,
        0.0,
        0.0,
        0.0,
        0.0,
        0.0,
        0.0,
        0.0,
        0.0,
        0.0,
        0.0,
        0.0,
        0.49649414103811845,
        0.0,
        0.0,
        0.0,
        0.0,
        0.0,
        0.0,
        0.0,
        0.0,
        0.0,
        0.0,
        0.0,
        0.1555578944153387,
        0.0,
        0.4403280326604256,
        0.31246673435123695,
        0.7382031210333364,
        0.0,
        0.0,
        0.0,
        0.0,
        6.0,
        0.0,
        0.0,
        0.0,
        0.0,
        0.7524727692040292,
        0.0,
        0.0,
        0.0,
        0.0,
        0.0,
        0.0,
        0.0,
        0.9848231653160084,
        0.0,
        0.0,
        0.0,
        0.0,
        0.0,
        0.0,
        0.0,
        0.0,
        0.0,
        0.0,
        0.0,
        0.0,
        0.0,
        0.0,
        0.0,
        0.0,
        0.0,
        0.0,
        0.0,
        0.0,
        0.0,
        0.0,
        0.0,
        0.0,
        0.0,
        0.0,
        0.0,
        1.331039866235246,
        0.0,
        0.0,
        0.14489718816193028,
        0.0,
        0.2077472334473103,
        0.0,
        0.0573770082499309,
        4.148746165966207,
        0.0,
        0.0
    ],
    "x_il_presolve": [
        0.0,
        0.0,
        0.0,
        2.246023383486601,
        3.3494055541308296,
        0.15731251980941496,
        0.0,
        0.0,
        0.521925391656332,
        0.7539766165133991,
        0.0,
        3.0,
        0.0,
        0.0,
        3.0,
        0.0,
        0.0,
        0.0,
        5.0,
        0.0,
        1.7708258667261887,
        1.125540376284878,
        3.0,
        0.6843617777228139,
        2.315638222277186,
        0.0,
        3.0,
        0.0,
        2.8444421055846614,
        0.9064458535930792,
        1.3407593793952584,
        0.0,
        0.0,
        0.0,
        0.0,
        0.0,
        0.0,
        0.0,
        0.6592406206047418,
        0.9622255074717319,
        0.0,
        0.0,
        3.0,
        0.0,
        0.0,
        2.315638222277186,
        0.0,
        0.3553510253735847,
        0.0,
        0.0,
        0.0,
        0.0,
        0.0,
        0.0,
        2.6484650408820376,
        0.0,
        0.0,
        3.2269012395991,
        0.0,
        0.0,
        0.0,
        0.0,
        0.0,
        2.6446489746264152,
        0.3553510253735847,
        0.0,
        0.0,
        2.162436386066482,
        1.4236932062700702,
        0.0,
        3.9910581905317475
    ],
    "x_lj_presolve": [
        2.0,
        1.953283698003479,
        0.0,
        1.0,
        0.28285289609429287,
        1.0,
        0.0,
        0.0,
        2.0,
        1.0,
        0.0,
        1.1555578944153386,
        0.9426229917500691,
        0.9018191138345921,
        2.0,
        0.0,
        0.0,
        0.0,
        0.8444421055846613,
        0.0,
        0.0,
        2.0,
        1.0,
        1.2617968789666638,
        0.0,
        0.0,
        5.5596719673395745,
        2.4403280326604264,
        0.0,
        0.0,
        0.4612129003174438,
        0.687533265648763,
        1.8512538340337934,
        2.0,
        6.0,
        0.0,
        2.0,
        1.0,
        0.0,
        0.0,
        1.0151768346839918,
        3.404114072924235,
        0.0,
        0.0,
        4.85510281183807,
        3.1448971881619294,
        1.8551028118380697,
        0.0,
        0.0,
        1.14489718816193,
        2.0,
        0.0,
        0.0
    ],
    "q_presolve": [
        0.0,
        0.0,
        0.0,
        0.7486744611622003,
        0.4186756942663537,
        0.12262709176427043,
        0.0,
        0.0,
        0.0652406739570415,
        0.2513255388377997,
        0.0,
        1.0,
        0.0,
        0.0,
        0.375,
        0.0,
        0.0,
        0.0,
        0.625,
        0.0,
        0.40070362050109554,
        0.8773729082357296,
        1.0,
        0.2281205925742713,
        0.2894547777846483,
        0.0,
        0.375,
        0.0,
        1.0,
        0.7183769976792177,
        0.6703796896976292,
        0.0,
        0.0,
        0.0,
        0.0,
        0.0,
        0.0,
        0.0,
        0.3296203103023709,
        0.19426012442202256,
        0.0,
        0.0,
        1.0,
        0.0,
        0.0,
        0.7718794074257287,
        0.0,
        0.11845034179119489,
        0.0,
        0.0,
        0.0,
        0.0,
        0.0,
        0.0,
        0.5992963794989045,
        0.0,
        0.0,
        0.4033626549498875,
        0.0,
        0.0,
        0.0,
        0.0,
        0.0,
        0.8815496582088052,
        0.28162300232078236,
        0.0,
        0.0,
        0.2703045482583103,
        0.17796165078375878,
        0.0,
        0.8057398755779774
    ],