{
    "upper_bound_presolve": -621.1340898222503,
    "x_ij_presolve": [
        0.0,
        0.4613355377995865,
        1.5244222522254531,
        0.0,
        0.3487002847264463,
        0.0,
        1.484043287524136,
        0.0,
        0.0,
        0.0,
        0.0,
        0.0,
        0.0,
        0.0,
        0.0,
        0.0,
        0.0,
        0.0,
        0.20185918869129799,
        0.0,
        0.0,
        0.0,
        0.0,
        0.0,
        0.0,
        0.0,
        0.0,
        2.0,
        0.0,
        0.0,
        0.0,
        0.0,
        0.0,
        0.0,
        0.0,
        0.0,
        0.0,
        0.0,
        0.0,
        0.0,
        0.0,
        0.0,
        0.0,
        0.4755777477745469,
        0.0,
        0.0,
        0.0,
        0.0,
        0.0,
        0.0,
        0.0,
        0.0,
        0.0,
        0.0,
        0.0,
        1.1450362474834674,
        0.0,
        1.2826399200465386,
        0.09011667542135784,
        1.9514904540828741,
        0.0,
        0.0,
        0.0,
        0.0,
        6.0,
        0.0,
        0.0,
        0.0,
        0.0,
        0.7981408113087021,
        0.0,
        0.0,
        0.0,
        0.0,
        0.0,
        0.0,
        0.3977159792569729,
        0.6315507950678783,
        0.0,
        0.0,
        0.0,
        0.0,
        0.0,
        0.0,
        0.0,
        0.0,
        0.0,
        0.0,
        0.0,
        0.0,
        0.0,
        1.368449204932122,
        1.1233289517978051,
        0.0,
        0.0,
        0.0,
        0.0,
        0.0,
        0.0,
        0.0,
        0.0,
        0.0,
        0.0,
        0.0,
        0.0,
        0.5061940109478437,
        0.0,
        0.0,
        0.0,
        0.0,
        0.0,
        0.0,
        0.0,
        5.403689313630799,
        0.0,
        0.0
    ],
    "x_il_presolve": [
        0.0,
        0.0,
        0.0,
        2.364927031518069,
        1.4709863528939655,
        1.118240733218891,
        0.492196350082651,
        0.0,
        0.2200117007947916,
        0.6350729684819314,
        0.0,
        3.0,
        0.0,
        0.0,
        3.0,
        0.0,
        0.0,
        0.0,
        5.712103618120688,
        0.0,
        0.0,
        0.0,
        2.507803649917349,
        0.8163223871639933,
        2.1836776128360067,
        0.0,
        2.287896381879312,
        0.0,
        1.8549637525165323,
        0.0,
        1.6272434045321031,
        0.0,
        0.0,
        0.0,
        0.0,
        0.0,
        0.0,
        0.0,
        0.37275659546789686,
        0.0,
        0.0,
        0.0,
        3.0,
        0.0,
        0.0,
        2.1836776128360067,
        0.0,
        3.0,
        0.0,
        0.0,
        0.0,
        0.0,
        0.0,
        0.0,
        0.0,
        0.0,
        0.0,
        6.442257054104578,
        0.0,
        0.0,
        0.0,
        0.0,
        0.0,
        0.0,
        0.04850954591712595,
        0.0,
        0.0,
        2.596310686369202,
        0.0,
        0.0,
        5.421757017958893
    ],
    "x_lj_presolve": [
        1.6512997152735536,
        2.770457302685339,
        0.0,
        1.0,
        0.5159567124758638,
        0.6022840207430271,
        0.0,
        0.0,
        2.0,
        1.0,
        0.0,
        1.6837007096838812,
        1.0,
        0.3162992903161185,
        1.5386644622004135,
        0.0,
        0.0,
        0.0,
        0.31629929031611886,
        0.0,
        0.0,
        2.0,
        1.0,
        0.04850954591712595,
        0.0,
        0.0,
        4.717360079953461,
        3.282639920046539,
        0.0,
        0.0,
        1.4938059890521562,
        0.9098833245786422,
        0.5963106863692018,
        2.0,
        6.0,
        0.0,
        2.0,
        1.0,
        0.0,
        0.0,
        0.0,
        0.0,
        0.0,
        0.0,
        5.0,
        2.913243406998543,
        2.0,
        0.0,
        0.0,
        1.0000000000000002,
        2.0,
        0.0,
        0.0
    ],
    "q_presolve": [
        0.0,
        0.0,
        0.0,
        0.788309010506023,
        0.18588918313734806,
        1.0,
        0.16406545002755032,
        0.0,
        0.02750146259934895,
        0.21169098949397713,
        0.0,
        1.0,
        0.0,
        0.0,
        0.375,
        0.0,
        0.0,
        0.0,
        0.714012952265086,
        0.0,
        0.0,
        0.0,
        0.8359345499724496,
        0.27210746238799777,
        0.27295970160450084,
        0.0,
        0.28598704773491407,
        0.0,
        1.0,
        0.0,
        0.8136217022660516,
        0.0,
        0.0,
        0.0,
        0.0,
        0.0,
        0.0,
        0.0,
        0.18637829773394843,
        0.0,
        0.0,
        0.0,
        1.0,
        0.0,
        0.0,
        0.7278925376120022,
        0.0,
        1.0,
        0.0,
        0.0,
        0.0,
        0.0,
        0.0,
        0.0,
        0.0,
        1.0,
        0.0,
        0.814110816862652,
        0.0,
        0.0,
        0.0,
        0.0,
        0.0,
        0.0,
        1.0,
        0.0,
        0.0,
        0.3245388357961502,
        0.0,
        0.0,
        1.0
    ],