{
    "upper_bound_presolve": -626.0137065052903,
    "x_ij_presolve": [
        0.0,
        0.0,
        1.0755148053570505,
        0.0,
        0.0,
        0.0,
        1.6078766343900281,
        0.0,
        0.0,
        0.0,
        0.0,
        0.0,
        0.0,
        0.0,
        0.0,
        0.0,
        0.0,
        0.0,
        0.22582633337558303,
        0.0,
        0.0,
        0.0,
        0.0,
        0.0,
        0.0,
        0.0,
        0.0,
        2.0,
        0.0,
        2.497911510689095,
        0.0,
        0.0,
        0.0,
        0.0,
        0.0,
        0.0,
        0.0,
        0.0,
        0.0,
        0.0,
        0.0,
        0.0,
        0.0,
        0.4291637741763288,
        0.0,
        0.0,
        0.0,
        0.0,
        0.0,
        0.0,
        0.0,
        0.0,
        0.0,
        0.0,
        0.0,
        0.5284386316595961,
        0.0,
        1.4507126102227275,
        0.137259954715997,
        1.7765228973449816,
        0.0,
        0.0,
        0.0,
        0.0,
        6.0,
        0.0,
        0.0,
        0.0,
        0.0,
        0.774173666624417,
        0.0,
        0.0,
        0.0,
        0.0,
        0.0,
        0.0,
        0.09985958384865025,
        1.1035535153427611,
        0.0,
        0.0,
        0.0,
        0.0,
        0.0,
        0.0,
        0.0,
        0.0,
        0.0,
        0.0,
        0.0,
        0.0,
        0.0,
        0.0,
        0.0,
        0.0,
        0.0,
        0.0,
        0.0,
        0.0,
        0.0,
        0.0,
        0.0,
        0.0,
        0.0,
        0.0,
        0.0,
        0.0,
        0.0,
        0.0,
        0.0,
        0.0,
        0.13994075052191893,
        0.0,
        0.0,
        5.598429817925624,
        0.0,
        0.0
    ],
    "x_il_presolve": [
        0.0,
        0.0,
        0.0,
        2.301817608996487,
        2.650761989425005,
        1.2922637817613216,
        0.0,
        0.0,
        3.0,
        0.6981823910035134,
        0.0,
        3.0,
        0.0,
        0.0,
        0.5020884893109052,
        0.0,
        0.0,
        0.0,
        5.0,
        0.0,
        0.3109444786716202,
        0.0,
        3.0,
        0.7637179208633618,
        2.2362820791366382,
        0.0,
        3.0,
        0.0,
        2.471561368340404,
        0.22347710265501838,
        1.1885503324062567,
        0.0,
        0.0,
        0.0,
        0.0,
        0.0,
        0.0,
        0.0,
        0.8114496675937435,
        1.0826717020827399,
        0.0,
        0.0,
        3.0,
        0.0,
        0.0,
        2.2362820791366382,
        0.0,
        3.0,
        0.0,
        0.0,
        0.0,
        0.0,
        0.0,
        0.0,
        2.606350764103295,
        0.0,
        0.0,
        5.349238010574996,
        0.0,
        0.0,
        0.0,
        0.0,
        0.0,
        0.0,
        0.0,
        0.0,
        0.0,
        2.261629431552457,
        0.0,
        0.0,
        2.5675463161908407
    ],
    "x_lj_presolve": [
        2.0,
        0.6502180182735806,
        0.0,
        1.0,
        0.3921233656099719,
        0.9001404161513498,
        0.0,
        0.0,
        2.0,
        1.0,
        0.0,
        1.5284386316595966,
        1.0,
        0.4715613683404036,
        2.0,
        0.0,
        0.0,
        0.0,
        0.4715613683404035,
        0.0,
        0.0,
        2.0,
        1.0,
        0.22347710265501838,
        0.0,
        0.0,
        4.549287389777272,
        3.4507126102227277,
        0.0,
        0.0,
        1.860059249478081,
        0.862740045284003,
        0.27720070523791557,
        2.0,
        6.0,
        0.0,
        2.0,
        1.0,
        0.0,
        0.0,
        0.8964464846572388,
        2.020848758117676,
        0.0,
        0.49532142046661976,
        5.12436947683646,
        2.380309102696921,
        2.0,
        0.0,
        0.12436947683645982,
        0.8756305231635401,
        2.0,
        0.0,
        0.0
    ],
    "q_presolve": [
        0.0,
        0.0,
        0.0,
        0.7672725363321622,
        0.3313452486781256,
        1.0,
        0.0,
        0.0,
        0.375,
        0.2327274636678378,
        0.0,
        1.0,
        0.0,
        0.0,
        0.06276106116386315,
        0.0,
        0.0,
        0.0,
        0.625,
        0.0,
        0.10658656488119166,
        0.0,
        1.0,
        0.25457264028778726,
        0.2795352598920797,
        0.0,
        0.375,
        0.0,
        1.0,
        1.0,
        0.5942751662031284,
        0.0,
        0.0,
        0.0,
        0.0,
        0.0,
        0.0,
        0.0,
        0.40572483379687174,
        0.2966046676288131,
        0.0,
        0.0,
        1.0,
        0.0,
        0.0,
        0.7454273597122127,
        0.0,
        1.0,
        0.0,
        0.0,
        0.0,
        0.0,
        0.0,
        0.0,
        0.8934134351188084,
        0.0,
        0.0,
        0.6686547513218745,
        0.0,
        0.0,
        0.0,
        0.0,
        0.0,
        0.0,
        0.0,
        0.0,
        0.0,
        0.2827036789440571,
        0.0,
        0.0,
        0.703395332371187
    ],