{
    "upper_bound_presolve": -620.2060068940909,
    "x_ij_presolve": [
        0.0,
        0.546031176062463,
        1.3169456755571773,
        0.0,
        0.0,
        0.0,
        1.7396384143188521,
        0.0,
        0.0,
        0.0,
        0.0,
        0.0,
        0.0,
        0.0,
        0.0,
        0.0,
        0.0,
        0.0,
        0.3229013078537608,
        0.0,
        1.6235565706504358,
        0.0,
        0.0,
        0.0,
        0.0,
        0.0,
        0.0,
        2.0,
        0.0,
        3.0,
        0.0,
        0.0,
        0.0,
        0.0,
        0.0,
        0.0,
        0.0,
        0.0,
        0.0,
        0.0,
        0.0,
        0.0,
        0.0,
        0.6830543244428227,
        0.0,
        0.0,
        0.0,
        0.0,
        0.0,
        0.0,
        0.0,
        0.0,
        0.0,
        0.0,
        0.0,
        1.0165156188657698,
        0.0,
        0.0,
        0.0,
        2.0,
        0.0,
        0.0,
        0.0,
        0.0,
        6.0,
        0.0,
        0.0,
        0.0,
        0.0,
        0.6770986921462393,
        0.0,
        0.0,
        0.0,
        0.0,
        0.0,
        0.0,
        0.3921203529603334,
        0.9252759404136588,
        0.0,
        0.0,
        0.0,
        0.0,
        0.0,
        0.0,
        0.0,
        0.0,
        0.0,
        0.0,
        0.0,
        0.0,
        0.0,
        0.0,
        0.0,
        0.0,
        0.0,
        0.0,
        0.0,
        0.16688904400224314,
        0.0,
        0.0,
        0.0,
        0.0,
        0.0,
        0.0,
        0.0,
        0.0850129339465736,
        0.0,
        0.0,
        0.0,
        0.0,
        0.0,
        0.0,
        0.08288192035330459,
        1.2893891185323518,
        0.0,
        0.0
    ],
    "x_il_presolve": [
        0.0,
        0.0,
        0.0,
        1.9464578785041964,
        3.930445958507636,
        0.8682412327208144,
        0.0,
        0.0,
        1.986229853208382,
        1.0535421214958034,
        0.0,
        3.0,
        0.0,
        0.0,
        0.0,
        0.0,
        0.0,
        0.0,
        7.316945675557178,
        0.0,
        0.9559678874784918,
        0.0,
        3.0,
        1.2304831570497055,
        1.7695168429502943,
        0.0,
        0.6830543244428222,
        0.0,
        1.9834843811342302,
        0.0,
        3.0,
        0.0,
        0.0,
        0.0,
        0.0,
        0.0,
        0.0,
        0.0,
        1.798289488315297,
        0.5246118195384636,
        0.0,
        0.0,
        3.0,
        0.0,
        0.0,
        1.7695168429502943,
        0.0,
        3.0,
        0.0,
        0.0,
        0.0,
        0.0,
        0.0,
        0.0,
        3.1391033977951786,
        0.0,
        0.0,
        0.8059982362263911,
        0.0,
        0.0,
        0.0,
        0.0,
        0.0,
        0.0,
        0.0,
        0.0,
        0.0,
        4.244253303841323,
        2.3834756572730207,
        0.0,
        2.743070850904489
    ],
    "x_lj_presolve": [
        2.0,
        0.26768267044295213,
        0.0,
        1.0,
        0.26036158568114787,
        0.6078796470396666,
        0.0,
        0.0,
        2.0,
        0.8331109559977569,
        0.16688904400224314,
        1.4704844428033068,
        0.9171180796466954,
        0.6123974775499977,
        1.453968823937537,
        0.0,
        0.0,
        0.0,
        0.5295155571966933,
        0.0,
        0.0,
        2.0,
        1.0,
        0.0,
        0.0,
        0.0,
        6.0,
        1.963137155446902,
        0.0,
        0.0368628445530986,
        1.9149870660534265,
        0.9631371554469015,
        0.12187577849967239,
        2.0,
        6.0,
        0.0,
        2.0,
        1.0,
        0.0,
        0.0,
        1.0747240595863412,
        3.0203472256873294,
        0.0,
        0.0,
        5.0,
        2.11991985200705,
        2.0,
        0.0,
        0.0,
        1.0,
        1.833110955997757,
        2.96517853231754,
        0.0
    ],
    "q_presolve": [
        0.0,
        0.0,
        0.0,
        0.6488192928347322,
        0.5520351408730638,
        1.0,
        0.0,
        0.0,
        0.24827873165104775,
        0.35118070716526784,
        0.0,
        1.0,
        0.0,
        0.0,
        0.0,
        0.0,
        0.0,
        0.0,
        0.9146182094446472,
        0.0,
        0.23344352781263125,
        0.0,
        1.0,
        0.41016105234990186,
        0.2211896053687868,
        0.0,
        0.08538179055535278,
        0.0,
        1.0,
        1.0,
        0.6252228022726729,
        0.0,
        0.0,
        0.0,
        0.0,
        0.0,
        0.0,
        0.0,
        0.374777197727327,
        0.16054552184143067,
        0.0,
        0.0,
        1.0,
        0.0,
        0.0,
        0.5898389476500981,
        0.0,
        1.0,
        0.0,
        0.0,
        0.0,
        0.0,
        0.0,
        0.0,
        0.7665564721873688,
        0.0,
        0.0,
        0.11320327376988469,
        0.0,
        0.0,
        0.0,
        0.0,
        0.0,
        0.0,
        0.0,
        0.0,
        0.0,
        0.5305316629801654,
        0.33476158535705114,
        0.0,
        0.8394544781585694
    ],