{
    "upper_bound_presolve": -600.8036928300999,
    "x_ij_presolve": [
        0.0,
        1.83816653845812,
        1.5761706721481406,
        0.0,
        0.0,
        0.0,
        1.803208063531386,
        0.0,
        0.0,
        0.0,
        0.0,
        0.0,
        0.0,
        0.0,
        0.0,
        0.0,
        0.0,
        0.0,
        0.0,
        0.0,
        0.0,
        0.0,
        0.0,
        0.0,
        0.0,
        0.0,
        0.0,
        2.0,
        0.0,
        3.0,
        0.0,
        0.0,
        0.0,
        0.0,
        0.0,
        0.0,
        0.0,
        0.0,
        0.0,
        0.0,
        0.0,
        0.0,
        0.0,
        0.42382932785185945,
        0.0,
        0.0,
        0.16183346154188002,
        0.0,
        0.0,
        0.0,
        0.0,
        0.0,
        0.0,
        0.0,
        0.0,
        3.0,
        0.0,
        0.9574800070743829,
        0.24363005482179662,
        1.8084057130364788,
        0.0,
        0.0,
        0.0,
        0.6374042523527481,
        6.0,
        0.0,
        0.0,
        0.0,
        0.0,
        0.7753703913459845,
        0.0,
        0.0,
        0.0,
        0.0,
        0.0,
        0.0,
        0.32647016098715126,
        0.6309250855746055,
        0.0,
        0.0,
        0.0,
        0.0,
        0.0,
        0.0,
        0.0,
        0.0,
        0.0,
        0.0,
        0.0,
        0.0,
        0.0,
        1.3690749144253946,
        0.0,
        0.0,
        0.0,
        0.0,
        0.0,
        0.0,
        0.0,
        0.0,
        0.0,
        0.0,
        0.0,
        0.0,
        0.0,
        1.248151090221903,
        0.0,
        0.0,
        0.0,
        0.0,
        0.17597309192473073,
        0.0,
        0.07920699272912042,
        4.33224576303157,
        0.0,
        0.0
    ],
    "x_il_presolve": [
        0.0,
        0.0,
        0.0,
        2.1165746622302613,
        2.0480496188451176,
        0.8703217754814627,
        0.0,
        0.0,
        2.5535943169452704,
        0.7939322408562492,
        0.0,
        3.0,
        0.0,
        0.0,
        0.0,
        0.0,
        0.0,
        0.0,
        5.436511132868929,
        0.0,
        0.04251999292561674,
        0.0,
        3.0,
        0.9213390030177415,
        2.0786609969822587,
        0.0,
        2.563488867131072,
        0.0,
        0.0,
        0.4162238956175368,
        1.2931729455727938,
        0.08949309691349003,
        0.0,
        0.0,
        0.0,
        0.0,
        0.0,
        0.0,
        0.7068270544272061,
        0.9681094126742119,
        0.0,
        0.0,
        3.0,
        0.0,
        0.0,
        2.0786609969822587,
        0.0,
        1.4437701995026295,
        0.0,
        0.0,
        0.0,
        0.0,
        0.0,
        0.0,
        0.0,
        0.0,
        0.0,
        5.135254936218716,
        0.0,
        0.0,
        0.0,
        0.0,
        0.0,
        1.5562298004973705,
        0.0,
        0.0,
        0.0,
        3.367744686072471,
        0.0,
        0.0,
        2.1319747871800865
    ],
    "x_lj_presolve": [
        2.0,
        0.10008419985429823,
        0.0,
        1.0,
        0.19679193646861398,
        0.6735298390128487,
        0.0,
        0.0,
        2.0,
        1.0,
        0.0,
        1.3625957476472519,
        0.9207930072708796,
        0.7166112450818685,
        0.0,
        0.0,
        0.0,
        0.0,
        0.0,
        0.0,
        0.0,
        2.0,
        1.0,
        0.19159428696352132,
        0.2246296086540155,
        0.0,
        5.042519992925617,
        2.9574800070743836,
        0.0,
        0.0,
        0.5758758178533661,
        0.7563699451782034,
        1.6677542369684302,
        2.0,
        6.0,
        0.0,
        2.0,
        1.0,
        0.0,
        0.0,
        0.0,
        0.04251999292561674,
        0.0,
        0.0,
        5.0,
        2.1833045550638333,
        2.0,
        0.0,
        0.0,
        1.0000000000000002,
        2.0,
        0.0,
        0.0
    ],
    "q_presolve": [
        0.0,
        0.0,
        0.0,
        0.705524887410087,
        0.2851124580818943,
        1.0,
        0.0,
        0.0,
        0.3191992896181588,
        0.2646440802854164,
        0.0,
        1.0,
        0.0,
        0.0,
        0.0,
        0.0,
        0.0,
        0.0,
        0.6795638916086161,
        1.0,
        1.0,
        0.0,
        1.0,
        0.3071130010059138,
        0.25983262462278234,
        0.0,
        0.320436108391384,
        0.0,
        0.0,
        1.0,
        0.6465864727863969,
        0.029831032304496675,
        0.0,
        0.0,
        0.0,
        0.0,
        0.0,
        0.0,
        0.35341352721360303,
        0.31228487688163836,
        0.0,
        0.0,
        1.0,
        0.0,
        0.0,
        0.6928869989940862,
        0.0,
        0.48125673316754325,
        0.0,
        0.0,
        0.0,
        0.0,
        0.0,
        0.0,
        0.0,
        0.0,
        0.0,
        0.7148875419181058,
        0.0,
        0.0,
        0.0,
        0.0,
        0.0,
        0.5187432668324569,
        0.0,
        0.0,
        0.0,
        0.42096808575905886,
        0.0,
        0.0,
        0.6877151231183617
    ],