{
    "upper_bound_presolve": -610.055776053339,
    "x_ij_presolve": [
        0.0,
        0.0,
        1.49558217116793,
        0.0,
        0.0,
        0.0,
        1.6688626328670702,
        0.0,
        0.0,
        0.0,
        0.0,
        0.0,
        0.0,
        0.0,
        0.0,
        0.0,
        0.0,
        0.0,
        0.0,
        0.0,
        2.429826635459091,
        0.0,
        0.0,
        0.0,
        0.0,
        0.0,
        0.0,
        2.0,
        0.0,
        3.0,
        0.0,
        0.0,
        0.0,
        0.0,
        0.0,
        0.0,
        0.0,
        0.0,
        0.0,
        0.0,
        0.0,
        0.0,
        0.0,
        0.5044178288320702,
        0.0,
        0.0,
        0.0,
        0.0,
        0.0,
        0.0,
        0.0,
        0.0,
        0.0,
        0.0,
        0.0,
        0.46036833616002343,
        0.0,
        0.9630053343092821,
        0.15800093379914462,
        2.0,
        0.0,
        0.0,
        0.0,
        0.0,
        6.0,
        0.0,
        0.0,
        0.0,
        0.0,
        0.7778273764399819,
        0.0,
        0.0,
        0.0,
        0.0,
        0.0,
        0.0,
        0.5539652434210305,
        0.9557110538734304,
        0.0,
        0.0,
        0.0,
        0.0,
        0.0,
        0.0,
        0.0,
        0.0,
        0.0,
        0.16261203441450045,
        0.0,
        0.0,
        0.0,
        0.0,
        0.0,
        0.0,
        0.0,
        0.0,
        0.0,
        0.0,
        0.0,
        0.0,
        0.0,
        0.0,
        0.0,
        0.0,
        0.0,
        1.3275121567345125,
        0.0,
        0.0,
        0.0,
        0.0,
        0.05749709903511244,
        0.0,
        0.0,
        2.0271631749721393,
        0.0,
        0.0
    ],
    "x_il_presolve": [
        0.0,
        0.0,
        0.0,
        2.0894044158247738,
        4.230672957355203,
        0.7771721237118994,
        0.0,
        0.0,
        2.770126502285711,
        0.570173364540909,
        0.0,
        3.0,
        0.0,
        0.0,
        0.0,
        0.0,
        0.0,
        0.0,
        5.393372004556411,
        0.0,
        0.0,
        0.0,
        3.0,
        0.7988898157507915,
        2.2011101842492087,
        0.0,
        2.6066279954435894,
        0.0,
        2.5396316638399767,
        0.22217262356001816,
        1.3163988886972378,
        0.34042221963431735,
        0.0,
        0.0,
        0.0,
        0.0,
        0.0,
        0.0,
        0.6836011113027622,
        0.7399750457858094,
        0.0,
        0.0,
        2.8373879655854997,
        0.0,
        0.0,
        2.2011101842492087,
        0.0,
        2.347404615215491,
        0.0,
        0.0,
        0.0,
        0.0,
        0.0,
        0.0,
        1.106524742146709,
        0.0,
        0.0,
        0.0,
        0.0,
        0.0,
        0.0,
        0.0,
        0.0,
        0.6525953847845093,
        0.0,
        0.0,
        0.0,
        3.02876331346508,
        2.8865764125276683,
        0.0,
        2.603143920491343
    ],
    "x_lj_presolve": [
        2.0,
        0.3431189662771523,
        0.0,
        1.0,
        0.3311373671329298,
        0.4460347565789695,
        0.0,
        0.0,
        2.0,
        1.0,
        0.0,
        1.4603683361600235,
        1.0,
        0.5396316638399765,
        2.0,
        0.0,
        0.0,
        0.0,
        0.5396316638399765,
        0.0,
        0.0,
        2.0,
        1.0,
        0.0,
        0.22217262356001816,
        0.0,
        5.036994665690718,
        2.9630053343092815,
        0.0,
        0.0,
        0.6149907442303753,
        0.8419990662008554,
        1.5430101895687696,
        2.0,
        6.0,
        0.0,
        1.8373879655854997,
        1.0,
        0.0,
        0.0,
        1.0442889461265696,
        0.06223579602013947,
        0.0,
        0.0,
        5.0,
        2.1172493698828703,
        2.0,
        0.0,
        0.0,
        0.9999999999999998,
        2.0,
        0.0,
        0.0
    ],
    "q_presolve": [
        0.0,
        0.0,
        0.0,
        0.6964681386082578,
        0.594425281100531,
        1.0,
        0.0,
        0.0,
        0.3462658127857139,
        0.190057788180303,
        0.0,
        1.0,
        0.0,
        0.0,
        0.0,
        0.0,
        0.0,
        0.0,
        0.6741715005695513,
        0.0,
        0.0,
        0.0,
        1.0,
        0.26629660525026383,
        0.2751387730311511,
        0.0,
        0.32582849943044867,
        0.0,
        1.0,
        1.0,
        0.6581994443486189,
        0.11347407321143915,
        0.0,
        0.0,
        0.0,
        0.0,
        0.0,
        0.0,
        0.3418005556513811,
        0.22134272015148618,
        0.0,
        0.0,
        1.0,
        0.0,
        0.0,
        0.7337033947497362,
        0.0,
        0.7824682050718302,
        0.0,
        0.0,
        0.0,
        0.0,
        0.0,
        0.0,
        1.0,
        0.0,
        0.0,
        0.0,
        0.0,
        0.0,
        0.0,
        0.0,
        0.0,
        0.21753179492816974,
        0.0,
        0.0,
        0.0,
        0.378595414183135,
        0.40557471889946906,
        0.0,
        0.7786572798485139
    ],