{
    "upper_bound_presolve": -627.3766111475385,
    "x_ij_presolve": [
        0.0,
        0.3754545234524271,
        0.09515319177997218,
        0.0,
        1.1925504496003987,
        0.0,
        1.5476990911830983,
        0.0,
        0.0,
        0.0,
        0.0,
        0.0,
        0.0,
        0.0,
        0.0,
        0.0,
        0.0,
        0.0,
        0.250030760221431,
        0.0,
        0.0,
        0.0,
        0.0,
        0.0,
        0.0,
        0.0,
        0.0,
        2.0,
        0.0,
        0.0,
        0.0,
        0.0,
        0.0,
        0.0,
        0.0,
        0.0,
        0.0,
        0.0,
        0.0,
        0.0,
        0.0,
        0.0,
        0.0,
        0.28984408343233353,
        0.0,
        0.0,
        0.0,
        0.0,
        0.0,
        0.0,
        0.0,
        0.0,
        0.0,
        0.0,
        0.0,
        1.198738664558578,
        0.0,
        0.0,
        0.12511328820551418,
        1.922321152771214,
        0.0,
        0.0,
        0.050952369776674875,
        0.0,
        6.0,
        0.0,
        0.0,
        0.0,
        0.0,
        0.749969239778569,
        0.0,
        0.0,
        0.0,
        0.0,
        0.0,
        0.0,
        0.2869566521651479,
        0.7835685071717043,
        0.0,
        0.0,
        0.0,
        0.0,
        0.0,
        0.0,
        0.0,
        0.0,
        0.0,
        0.0,
        0.0,
        0.0,
        0.0,
        1.2164314928282958,
        0.0,
        0.0,
        0.0,
        0.0,
        0.0,
        0.0,
        0.0,
        0.2400331235807085,
        0.0,
        0.0,
        0.0,
        0.0,
        0.0,
        0.0,
        0.0,
        0.0,
        0.0,
        0.0,
        0.0,
        0.0,
        0.0,
        2.699016870001895,
        0.0,
        0.0
    ],
    "x_il_presolve": [
        0.0,
        0.0,
        0.0,
        2.1682531561277982,
        4.859095694334456,
        1.1653442566517538,
        0.0,
        0.0,
        1.0089811600560994,
        0.831746843872202,
        0.0,
        3.0,
        0.0,
        0.0,
        3.0,
        0.0,
        0.0,
        0.0,
        7.7101559165676665,
        0.0,
        0.0,
        0.0,
        3.0,
        1.1690599843886609,
        1.8309400156113393,
        0.0,
        0.28984408343233375,
        0.0,
        1.801261335441422,
        0.0,
        2.8748867117944856,
        0.0,
        0.0,
        0.0,
        0.0,
        0.0,
        0.0,
        0.0,
        2.250030760221431,
        0.0,
        0.0,
        0.0,
        3.0,
        0.0,
        0.0,
        1.8309400156113393,
        0.0,
        3.0,
        0.0,
        0.0,
        0.0,
        0.0,
        0.0,
        0.0,
        0.0,
        0.0,
        0.0,
        0.0,
        0.0,
        0.0,
        0.0,
        0.0,
        0.0,
        0.0,
        0.07767884722878603,
        0.0,
        0.0,
        2.160078824332561,
        3.1409043056655443,
        0.0,
        6.005703292712738
    ],
    "x_lj_presolve": [
        0.8074495503996013,
        4.438286865893845,
        0.0,
        0.7599668764192915,
        0.4523009088169017,
        0.7130433478348521,
        0.0,
        0.0,
        2.0,
        1.0,
        0.0,
        1.823284141106151,
        1.0,
        0.176715858893849,
        1.6245454765475729,
        0.0,
        0.0,
        0.0,
        0.1767158588938491,
        0.0,
        0.0,
        2.0,
        1.0,
        0.07767884722878603,
        0.0,
        0.0,
        6.0,
        2.000000000000001,
        0.0,
        0.0,
        2.0,
        0.8239343420178109,
        0.17606565798218915,
        2.0,
        6.0,
        0.0,
        2.0,
        1.0,
        0.0,
        0.0,
        0.0,
        0.0,
        0.0,
        1.6150027247876941,
        5.0,
        1.3849972752123059,
        2.0,
        0.0,
        0.0,
        1.0,
        2.0,
        3.124917472015916,
        0.0
    ],
    "q_presolve": [
        0.0,
        0.0,
        0.0,
        0.7227510520425994,
        0.607386961791807,
        1.0,
        0.0,
        0.0,
        0.12612264500701242,
        0.2772489479574007,
        0.0,
        1.0,
        0.0,
        0.0,
        0.375,
        0.0,
        0.0,
        0.0,
        0.9637694895709583,
        0.0,
        1.0,
        0.0,
        1.0,
        0.38968666146288694,
        0.22886750195141742,
        0.0,
        0.03623051042904172,
        0.0,
        1.0,
        0.0,
        0.5609625379320756,
        0.0,
        0.0,
        0.0,
        0.0,
        0.0,
        0.0,
        0.0,
        0.4390374620679244,
        0.0,
        0.0,
        0.0,
        1.0,
        0.0,
        0.0,
        0.6103133385371131,
        0.0,
        1.0,
        0.0,
        0.0,
        0.0,
        0.0,
        0.0,
        0.0,
        0.0,
        0.0,
        0.0,
        0.0,
        0.0,
        0.0,
        0.0,
        0.0,
        0.0,
        0.0,
        1.0,
        0.0,
        0.0,
        0.2700098530415701,
        0.3926130382081931,
        0.0,
        1.0
    ],