{
    "upper_bound_presolve": -614.7060292726287,
    "x_ij_presolve": [
        0.0,
        0.11521918912246748,
        0.8750274203582966,
        0.0,
        0.0,
        0.0,
        1.748442816884816,
        0.0,
        0.0,
        0.0,
        0.0,
        0.0,
        0.0,
        0.0,
        0.0,
        0.0,
        0.0,
        0.0,
        0.0,
        0.0,
        0.7491828496788856,
        0.0,
        0.0,
        0.0,
        0.7221423911827342,
        0.2616366152697549,
        0.0,
        2.0,
        0.0,
        3.0,
        0.0,
        0.0,
        0.0,
        0.0,
        0.0,
        0.0,
        0.0,
        0.0,
        0.0,
        0.0,
        0.0,
        0.0,
        0.44255781340889394,
        0.3238403469296237,
        0.0,
        0.0,
        0.0,
        0.0,
        0.0,
        0.0,
        0.0,
        0.0,
        0.0,
        0.0,
        0.0,
        0.7240410566247382,
        0.0,
        2.3552843793746265,
        0.21059840380638067,
        1.7883746447223272,
        0.0,
        0.0,
        0.0,
        0.0,
        6.0,
        0.0,
        0.9206745640006365,
        0.0,
        0.0,
        0.7775081384586805,
        0.0,
        0.0,
        0.0,
        0.0,
        0.0,
        0.0,
        0.3564435300162431,
        0.9294448695997727,
        0.0,
        0.0,
        0.0,
        0.0,
        0.0,
        0.0,
        0.0,
        0.0,
        0.0,
        0.16915490542487402,
        0.0,
        0.0,
        0.0,
        1.0705551304002274,
        0.0,
        0.0,
        0.0,
        0.0,
        0.0,
        0.5736631801386172,
        0.0,
        0.0,
        0.0,
        0.0,
        0.0,
        0.0,
        0.0,
        0.0,
        0.0,
        0.0,
        0.0,
        0.0,
        0.20777848583622205,
        0.0,
        0.0,
        4.832440260678511,
        0.0,
        0.0
    ],
    "x_il_presolve": [
        0.0,
        0.0,
        0.0,
        3.0,
        2.8954208128771457,
        0.895113653098941,
        0.0,
        0.0,
        3.0,
        0.0,
        0.0,
        3.0,
        0.0,
        0.0,
        0.0,
        0.0,
        0.0,
        0.0,
        5.100651874631629,
        0.0,
        0.0,
        0.0,
        3.0,
        0.9597812534852666,
        2.0402187465147334,
        0.0,
        2.8993481253683697,
        0.0,
        2.2759589433752616,
        0.4341172168189925,
        0.0,
        0.0,
        0.0,
        0.0,
        0.0,
        0.0,
        0.0,
        0.0,
        0.0,
        1.1240244771700705,
        0.0,
        0.0,
        2.830845094575126,
        0.0,
        0.0,
        2.040218746514734,
        0.0,
        3.0,
        0.0,
        0.0,
        0.0,
        0.0,
        0.0,
        0.0,
        0.0,
        0.0,
        0.0,
        5.104579187122854,
        0.0,
        0.0,
        0.0,
        0.0,
        0.0,
        0.0,
        0.0,
        0.0,
        0.0,
        2.959781253485267,
        0.0,
        0.0,
        2.28592962304428
    ],
    "x_lj_presolve": [
        2.0,
        0.40995410021435086,
        0.0,
        1.0,
        0.25155718311518405,
        0.6435564699837569,
        0.0,
        0.0,
        1.277857608817266,
        0.16470020459162804,
        1.5574421865911061,
        1.6088218675022712,
        1.0,
        0.3911781324977289,
        1.8847808108775326,
        0.0,
        0.0,
        0.0,
        0.39117813249772887,
        0.0,
        0.0,
        2.0,
        1.0,
        0.2116253552776729,
        0.2224918615413196,
        0.0,
        2.724041056624737,
        5.2759589433752625,
        0.0,
        0.0,
        1.792221514163778,
        0.7894015961936187,
        0.41837688964260333,
        2.0,
        6.0,
        0.0,
        1.830845094575126,
        1.0,
        0.0,
        0.0,
        0.0,
        0.0,
        0.0,
        0.8011322327120797,
        5.0,
        2.1988677672879198,
        2.0,
        0.0,
        0.0,
        1.0,
        0.0,
        0.0,
        0.0
    ],
    "q_presolve": [
        0.0,
        0.0,
        0.0,
        1.0,
        0.3619276016096432,
        1.0,
        0.0,
        0.0,
        0.375,
        0.0,
        0.0,
        1.0,
        0.0,
        0.0,
        0.0,
        0.0,
        0.0,
        0.0,
        0.6375814843289537,
        0.0,
        1.0,
        0.0,
        1.0,
        0.31992708449508883,
        0.2550273433143417,
        0.0,
        0.3624185156710462,
        0.0,
        1.0,
        1.0,
        0.0,
        0.0,
        0.0,
        0.0,
        0.0,
        0.0,
        0.0,
        0.0,
        0.0,
        0.3296303833237562,
        0.0,
        0.0,
        1.0,
        0.0,
        0.0,
        0.6800729155049112,
        0.0,
        1.0,
        0.0,
        0.0,
        0.0,
        0.0,
        0.0,
        0.0,
        0.0,
        0.0,
        0.0,
        0.6380723983903568,
        0.0,
        0.0,
        0.0,
        0.0,
        0.0,
        0.0,
        0.0,
        0.0,
        0.0,
        0.3699726566856584,
        0.0,
        1.0,
        0.6703696166762437
    ],