{
    "upper_bound_presolve": -619.0392917156764,
    "x_ij_presolve": [
        0.0,
        0.10780010134338776,
        0.960497797488413,
        0.0,
        0.17881933823763388,
        0.0,
        1.2737238239359328,
        0.0,
        0.0,
        0.0,
        0.0,
        0.0,
        0.0,
        0.0,
        0.0,
        0.0,
        0.0,
        0.0,
        0.2473348961267713,
        0.0,
        0.0,
        0.0,
        0.0,
        0.0,
        0.0,
        0.0,
        0.0,
        2.0,
        0.0,
        0.0,
        0.0,
        0.0,
        0.0,
        0.0,
        0.0,
        0.0,
        0.0,
        0.0,
        0.0,
        0.0,
        0.0,
        0.0,
        0.0,
        0.4705614912251358,
        0.0,
        0.0,
        0.0,
        0.0,
        0.0,
        0.0,
        0.0,
        0.0,
        0.0,
        0.0,
        0.0,
        0.9114818590205059,
        0.0,
        0.7124301871447657,
        0.2940465800584557,
        2.0,
        0.0,
        0.0,
        0.0,
        0.0,
        6.0,
        0.0,
        0.0,
        0.0,
        0.0,
        0.7526651038732287,
        0.0,
        0.0,
        0.0,
        0.0,
        0.0,
        0.0,
        0.17030757707900163,
        0.7413710937402995,
        0.0,
        0.0,
        0.0,
        0.0,
        0.0,
        0.0,
        0.0,
        0.0,
        0.0,
        0.14373611305310194,
        0.0,
        0.0,
        0.43045813433994795,
        1.2586289062597007,
        0.0,
        0.0,
        0.0,
        0.0,
        0.0,
        0.0,
        0.0,
        0.0,
        0.0,
        0.0,
        0.0,
        0.0,
        0.0,
        0.8698049724760925,
        0.0,
        0.0,
        0.0,
        0.0,
        0.1385261749027464,
        0.0,
        0.0,
        2.4567641436391554,
        0.0,
        0.0
    ],
    "x_il_presolve": [
        0.0,
        0.0,
        0.0,
        2.2395181347650253,
        3.77657941050105,
        1.5559685989850658,
        0.0,
        0.0,
        0.0,
        0.7604818652349746,
        0.0,
        3.0,
        0.0,
        0.0,
        2.6872849086536927,
        0.0,
        0.0,
        0.0,
        7.529438508774864,
        0.0,
        0.0,
        0.0,
        3.0,
        1.008739754879296,
        1.9912602451207038,
        0.0,
        0.470561491225136,
        0.0,
        2.088518140979494,
        0.0,
        1.9935232327967785,
        0.0,
        0.0,
        0.0,
        0.0,
        0.0,
        0.0,
        0.0,
        2.2473348961267714,
        0.0,
        0.0,
        0.0,
        2.8562638869468984,
        0.0,
        0.0,
        1.9912602451207038,
        0.0,
        3.0,
        0.0,
        0.0,
        0.0,
        0.0,
        0.0,
        0.0,
        0.0,
        0.0,
        0.0,
        2.140165754266456,
        0.0,
        0.0,
        0.0,
        0.0,
        0.0,
        0.0,
        0.0,
        0.0,
        0.0,
        3.3214548462256035,
        2.083254835232494,
        0.0,
        5.763344996385988
    ],
    "x_lj_presolve": [
        1.8211806617623663,
        2.9421643346236213,
        0.0,
        1.0,
        0.7262761760640674,
        0.8296924229209984,
        0.0,
        0.0,
        2.0,
        1.0,
        0.0,
        1.8036817576771185,
        1.0,
        0.19631824232288167,
        1.8921998986566122,
        0.0,
        0.0,
        0.0,
        0.19631824232288161,
        0.0,
        0.0,
        2.0,
        1.0,
        0.0,
        0.0,
        0.0,
        5.287569812855234,
        2.712430187144766,
        0.0,
        0.0,
        0.9916688526211611,
        0.7059534199415443,
        1.3023777274372943,
        2.0,
        6.0,
        0.0,
        1.8562638869468981,
        1.0,
        0.0,
        0.0,
        0.0,
        0.0,
        0.0,
        0.5689407112864512,
        4.569541865660052,
        2.8615174230534968,
        1.569541865660052,
        0.0,
        0.0,
        1.430458134339948,
        2.0,
        2.24085812892355,
        0.0
    ],
    "q_presolve": [
        0.0,
        0.0,
        0.0,
        0.7465060449216752,
        0.47207242631263124,
        1.0,
        0.0,
        0.0,
        0.0,
        0.2534939550783249,
        0.0,
        1.0,
        0.0,
        0.0,
        0.3359106135817116,
        0.0,
        0.0,
        0.0,
        0.941179813596858,
        0.0,
        0.0,
        0.0,
        1.0,
        0.33624658495976534,
        0.2489075306400879,
        0.0,
        0.058820186403142,
        0.0,
        1.0,
        0.0,
        0.47007543572385224,
        0.0,
        0.0,
        0.0,
        0.0,
        0.0,
        0.0,
        0.0,
        0.5299245642761479,
        0.0,
        0.0,
        0.0,
        1.0,
        0.0,
        0.0,
        0.6637534150402347,
        0.0,
        1.0,
        0.0,
        0.0,
        0.0,
        0.0,
        0.0,
        0.0,
        0.0,
        1.0,
        0.0,
        0.26752071928330695,
        0.0,
        0.0,
        0.0,
        0.0,
        0.0,
        0.0,
        1.0,
        0.0,
        0.0,
        0.41518185577820044,
        0.26040685440406175,
        0.0,
        1.0
    ],