{
    "upper_bound_presolve": -638.5501885000463,
    "x_ij_presolve": [
        0.0,
        0.0,
        0.017749996191110697,
        0.0,
        1.0456208100678936,
        0.0,
        1.5359831944695654,
        0.0,
        0.0,
        0.0,
        0.0,
        0.0,
        0.0,
        0.0,
        0.0,
        0.0,
        0.0,
        0.0,
        0.2291802164874449,
        0.0,
        0.0,
        0.0,
        0.0,
        0.0,
        0.0,
        0.0,
        0.0,
        2.0,
        0.0,
        0.0,
        0.0,
        0.0,
        0.0,
        0.0,
        0.0,
        0.0,
        0.0,
        0.0,
        0.0,
        0.0,
        0.0,
        0.0,
        0.0,
        0.23755485665100123,
        0.0,
        0.0,
        0.0,
        0.0,
        0.0,
        0.0,
        0.0,
        0.0,
        0.0,
        0.0,
        0.0,
        0.22498417672315452,
        0.0,
        1.1895826752137724,
        0.15347884869183742,
        2.0,
        0.0,
        0.0,
        0.0,
        0.0,
        6.0,
        0.0,
        0.0,
        0.0,
        0.0,
        0.7708197835125552,
        0.0,
        0.0,
        0.0,
        0.0,
        0.0,
        0.0,
        0.44410614718991864,
        0.7013151675937254,
        0.0,
        0.0,
        0.0,
        0.0,
        0.0,
        0.0,
        0.0,
        0.0,
        0.0,
        0.0,
        0.0,
        0.0,
        0.0,
        0.0,
        1.012596738553369,
        0.0,
        0.0,
        0.0,
        0.0,
        0.0,
        0.0,
        0.26779535270952926,
        0.0,
        0.0,
        0.0,
        0.0,
        0.0,
        0.036739511462279655,
        0.0,
        0.0,
        0.0,
        0.0,
        0.0,
        0.0,
        0.0816598163231193,
        5.809781639845883,
        0.0,
        0.0
    ],
    "x_il_presolve": [
        0.0,
        0.0,
        0.0,
        2.315920119815663,
        2.399666578367127,
        1.019910658340516,
        0.0,
        0.0,
        1.1180936109278552,
        0.6840798801843373,
        0.0,
        2.143324360400036,
        0.0,
        0.0,
        3.0,
        0.0,
        0.0,
        0.0,
        7.762445143348999,
        0.0,
        0.0,
        0.0,
        3.0,
        1.2266521547588534,
        1.7733478452411466,
        0.0,
        0.23755485665100234,
        0.0,
        2.7750158232768456,
        0.0,
        1.6569384760943904,
        0.0,
        0.0,
        0.0,
        0.0,
        0.0,
        0.0,
        0.0,
        0.3430615239056095,
        0.0,
        0.0,
        0.0,
        3.0,
        0.0,
        0.0,
        1.7733478452411469,
        0.0,
        3.0,
        0.0,
        0.0,
        0.0,
        0.0,
        0.0,
        0.0,
        2.871521241915978,
        0.0,
        0.0,
        5.600333421632872,
        0.0,
        0.0,
        0.0,
        0.0,
        0.0,
        0.0,
        0.0,
        0.0,
        0.0,
        2.108558543830997,
        0.0,
        0.0,
        6.431278984380466
    ],
    "x_lj_presolve": [
        0.9543791899321066,
        4.744695147157889,
        0.0,
        0.7322046472904709,
        0.46401680553043456,
        0.5558938528100814,
        0.0,
        0.0,
        2.0,
        1.0,
        0.0,
        1.2249841767231548,
        0.9183401836768808,
        0.0,
        2.0,
        0.0,
        0.0,
        0.0,
        0.7750158232768453,
        0.0,
        0.0,
        2.0,
        1.0,
        0.0,
        0.0,
        0.0,
        4.810417324786227,
        3.1895826752137735,
        0.0,
        0.0,
        1.9632604885377203,
        0.8465211513081625,
        0.19021836015411692,
        2.0,
        6.0,
        0.0,
        2.0,
        1.0,
        0.0,
        0.0,
        1.2986848324062747,
        1.5728364095097032,
        0.0,
        1.7446951471578882,
        5.0,
        1.2553048528421114,
        2.0,
        0.0,
        0.0,
        1.0,
        2.0,
        0.0,
        0.0
    ],
    "q_presolve": [
        0.0,
        0.0,
        0.0,
        0.7719733732718876,
        0.2999583222958909,
        1.0,
        0.0,
        0.0,
        0.13976170136598193,
        0.22802662672811244,
        0.0,
        1.0,
        0.0,
        0.0,
        0.37500000000000006,
        0.0,
        0.0,
        0.0,
        0.9703056429186248,
        0.0,
        0.0,
        0.0,
        1.0,
        0.40888405158628444,
        0.22166848065514333,
        0.0,
        0.029694357081375293,
        0.0,
        1.0,
        1.0,
        0.8284692380471952,
        0.0,
        0.0,
        0.0,
        0.0,
        0.0,
        0.0,
        0.0,
        0.17153076195280476,
        0.0,
        0.0,
        0.0,
        1.0,
        0.0,
        0.0,
        0.5911159484137155,
        0.0,
        1.0,
        0.0,
        0.0,
        0.0,
        0.0,
        0.0,
        0.0,
        1.0,
        0.0,
        0.0,
        0.7000416777041091,
        0.0,
        0.0,
        0.0,
        0.0,
        0.0,
        0.0,
        0.0,
        0.0,
        0.0,
        0.26356981797887463,
        0.0,
        0.0,
        1.0
    ],